datetime,CicloActivo,ReiniciarCiclo,AbortarCiclo,FinCiclo,ID_Control,Nombre_Control,ID_EC,NombreCiclo

2026-02-01T02:33:12.037Z,false,false,false,false,,,,

2026-02-02T12:45:10.158Z,false,false,false,false,,,,

2026-02-02T12:45:57.534Z,false,false,false,false,,,,

2026-02-02T13:57:13.151Z,true,false,false,false,,,,

2026-02-02T13:57:33.358Z,true,false,false,false,,,,

2026-02-02T13:57:59.571Z,true,false,false,false,,,,

2026-02-02T13:58:10.678Z,true,false,false,false,"
",,,

2026-02-02T13:58:34.863Z,true,false,false,false,"
",,,

2026-02-02T15:14:29.958Z,true,false,true,false,,,,

2026-02-02T15:15:09.380Z,false,false,false,true,,,,

2026-02-02T15:15:52.629Z,false,false,false,false,,,,

2026-02-03T02:22:00.025Z,false,false,false,false,,,,

2026-02-04T12:00:15.447Z,false,false,false,false,,,,

2026-02-04T12:38:32.181Z,false,false,false,false,,,,

2026-02-04T18:36:11.289Z,true,false,false,false,,,,

2026-02-04T18:37:41.267Z,true,false,false,false,,,,

2026-02-04T18:41:08.441Z,true,true,false,false,,,,

2026-02-04T18:41:09.458Z,true,false,false,false,,,,

2026-02-04T18:50:41.355Z,true,false,true,false,,,,

2026-02-04T18:50:46.397Z,false,false,false,true,,,,

2026-02-04T18:55:15.284Z,false,false,false,false,,,,

2026-02-04T18:55:16.298Z,false,false,false,true,,,,

2026-02-04T19:21:56.846Z,false,false,false,false,,,,

2026-02-05T12:28:19.220Z,true,false,false,false,,,,

2026-02-05T12:33:22.674Z,true,false,false,false,,,,

2026-02-05T12:33:48.871Z,true,false,false,false,,,,

2026-02-05T12:38:04.903Z,true,false,false,false,,,,

2026-02-05T12:39:58.814Z,true,false,false,false,,,,

2026-02-05T12:40:09.880Z,true,false,false,false,,,,

2026-02-05T12:40:26.031Z,true,false,false,false,,,,

2026-02-05T12:40:42.160Z,true,false,false,false,,,,

2026-02-05T12:40:58.297Z,true,false,false,false,,,,

2026-02-05T12:41:34.542Z,true,false,false,false,,,,

2026-02-05T12:49:07.294Z,true,false,false,false,,,,

2026-02-05T12:50:20.907Z,true,false,false,false,,,,

2026-02-05T13:01:23.702Z,true,false,true,false,,,,

2026-02-05T13:01:41.884Z,false,false,false,true,,,,

2026-02-05T13:02:09.112Z,false,false,false,false,,,,

2026-02-05T13:47:51.131Z,true,false,false,false,,,,

2026-02-05T13:49:26.136Z,true,false,false,false,,,,

2026-02-05T13:49:52.459Z,true,false,false,false,,,,

2026-02-05T13:50:03.487Z,true,false,false,false,,,,

2026-02-05T13:50:27.712Z,true,false,false,false,,,,

2026-02-05T13:50:39.801Z,true,false,false,false,,,,

2026-02-05T13:50:51.928Z,true,false,false,false,,,,

2026-02-05T13:51:04.029Z,true,false,false,false,,,,

2026-02-05T13:51:16.094Z,true,false,false,false,,,,

2026-02-05T13:51:27.182Z,true,false,false,false,,,,

2026-02-05T13:51:37.253Z,true,false,false,false,,,,

2026-02-05T13:51:50.354Z,true,false,false,false,,,,

2026-02-05T13:52:02.465Z,true,false,false,false,,,,

2026-02-05T13:52:13.530Z,true,false,false,false,,,,

2026-02-05T13:52:24.637Z,true,false,false,false,,,,

2026-02-05T13:52:39.725Z,true,false,false,false,,,,

2026-02-05T13:52:49.810Z,true,false,false,false,,,,

2026-02-05T13:53:01.932Z,true,false,false,false,,,,

2026-02-05T13:53:14.036Z,true,false,false,false,,,,

2026-02-05T13:53:26.126Z,true,false,false,false,,,,

2026-02-05T13:53:40.229Z,true,false,false,false,,,,

2026-02-05T13:53:52.341Z,true,false,false,false,,,,

2026-02-05T13:54:04.429Z,true,false,false,false,,,,

2026-02-05T13:54:19.568Z,true,false,false,false,,,,

2026-02-05T13:54:29.647Z,true,false,false,false,,,,

2026-02-05T13:54:45.774Z,true,false,false,false,,,,

2026-02-05T13:55:01.890Z,true,false,false,false,,,,

2026-02-05T13:55:14.988Z,true,false,false,false,,,,

2026-02-05T13:55:29.118Z,true,false,false,false,,,,

2026-02-05T13:55:40.215Z,true,false,false,false,,,,

2026-02-05T13:55:54.298Z,true,false,false,false,,,,

2026-02-05T13:56:08.408Z,true,false,false,false,,,,

2026-02-05T13:56:22.526Z,true,false,false,false,,,,

2026-02-05T13:56:36.639Z,true,false,false,false,,,,

2026-02-05T13:56:50.755Z,true,false,false,false,,,,

2026-02-05T13:59:12.049Z,true,false,false,false,,,,

2026-02-05T13:59:25.160Z,true,false,false,false,,,,

2026-02-05T14:00:07.581Z,true,false,false,false,,,,

2026-02-05T14:00:19.709Z,true,false,false,false,,,,

2026-02-05T14:03:30.580Z,true,false,false,false,,,,

2026-02-05T14:03:41.719Z,true,false,false,false,,,,

2026-02-05T15:07:56.752Z,true,false,true,false,,,,

2026-02-05T15:08:12.920Z,false,false,false,true,,,,

2026-02-05T15:08:39.177Z,false,false,false,false,,,,

2026-02-05T15:09:03.451Z,true,false,false,false,,,,

2026-02-05T15:16:03.864Z,true,false,true,false,,,,

2026-02-05T15:16:22.017Z,false,false,false,true,,,,

2026-02-05T15:16:25.061Z,false,false,false,false,,,,

2026-02-05T15:19:15.929Z,true,false,false,false,,,,

2026-02-05T15:19:52.304Z,true,false,false,false,,,,

2026-02-05T15:20:38.752Z,true,false,false,false,,,,

2026-02-05T15:21:54.504Z,true,false,false,false,,,,

2026-02-05T15:22:45.045Z,true,false,false,false,,,,

2026-02-05T15:22:58.175Z,true,false,false,false,,,,

2026-02-05T15:23:11.316Z,true,false,false,false,,,,

2026-02-05T15:23:24.479Z,true,false,false,false,,,,

2026-02-05T15:23:38.589Z,true,false,false,false,,,,

2026-02-05T15:23:51.749Z,true,false,false,false,,,,

2026-02-05T15:24:04.818Z,true,false,false,false,,,,

2026-02-05T15:24:18.985Z,true,false,false,false,,,,

2026-02-05T15:24:32.102Z,true,false,false,false,,,,

2026-02-05T15:24:45.228Z,true,false,false,false,,,,

2026-02-05T15:24:59.377Z,true,false,false,false,,,,

2026-02-05T15:25:12.517Z,true,false,false,false,,,,

2026-02-05T15:28:08.308Z,true,false,false,false,,,,

2026-02-05T15:29:03.881Z,true,false,false,false,,,,

2026-02-05T15:29:13.988Z,false,false,false,true,,,,

2026-02-05T15:30:30.830Z,false,false,false,false,,,,

2026-02-05T18:10:25.123Z,true,false,false,false,,,,

2026-02-05T18:14:55.926Z,true,false,false,false,,,,

2026-02-05T18:15:40.398Z,true,false,false,false,,,,

2026-02-05T18:16:17.711Z,true,false,false,false,,,,

2026-02-05T18:16:28.819Z,true,false,false,false,,,,

2026-02-05T18:16:41.875Z,true,false,false,false,,,,

2026-02-05T18:16:53.966Z,true,false,false,false,,,,

2026-02-05T18:17:06.077Z,true,false,false,false,,,,

2026-02-05T18:17:18.210Z,true,false,false,false,,,,

2026-02-05T18:17:29.336Z,true,false,false,false,,,,

2026-02-05T18:17:42.423Z,true,false,false,false,,,,

2026-02-05T18:17:54.526Z,true,false,false,false,,,,

2026-02-05T18:18:05.626Z,true,false,false,false,,,,

2026-02-05T18:18:19.750Z,true,false,false,false,,,,

2026-02-05T18:18:30.850Z,true,false,false,false,,,,

2026-02-05T18:18:46.981Z,true,false,false,false,,,,

2026-02-05T18:19:02.129Z,true,false,false,false,,,,

2026-02-05T18:21:07.421Z,true,false,false,false,,,,

2026-02-05T18:21:20.545Z,true,false,false,false,,,,

2026-02-05T18:25:38.031Z,true,false,false,false,,,,

2026-02-05T18:26:11.350Z,true,false,false,false,,,,

2026-02-05T18:28:24.723Z,true,false,false,false,,,,

2026-02-05T18:29:07.064Z,true,false,false,false,,,,

2026-02-05T18:33:56.820Z,true,false,false,false,,,,

2026-02-05T18:34:55.351Z,true,false,false,false,,,,

2026-02-05T18:35:12.528Z,true,false,false,false,,,,

2026-02-05T18:36:09.109Z,true,false,false,false,,,,

2026-02-05T18:36:23.220Z,true,false,false,false,,,,

2026-02-05T18:45:20.588Z,true,false,false,false,,,,

2026-02-05T18:51:14.983Z,true,false,true,false,,,,

2026-02-05T18:51:56.385Z,false,false,false,true,,,,

2026-02-05T18:54:28.943Z,false,false,false,false,,,,

2026-02-05T19:38:37.998Z,false,false,false,false,,,,

2026-02-05T19:39:17.424Z,true,false,false,false,,,,

2026-02-05T19:41:15.596Z,true,false,true,false,,,,

2026-02-05T19:41:20.644Z,false,false,false,true,,,,

2026-02-05T19:41:23.685Z,false,false,false,false,,,,

2026-02-06T19:20:19.840Z,false,false,false,false,,,ED_IC,NombreCiclo

2026-02-06T20:53:46.966Z,false,false,false,false,,,ED_IC,NombreCiclo

2026-02-06T20:54:51.676Z,true,false,false,false,,,ID_EC1,NombreCiclo1

2026-02-06T20:57:58.679Z,true,false,false,false,13T,Rectitud EC,ID_EC1,NombreCiclo1

2026-02-06T20:58:21.917Z,true,false,true,false,,,ID_EC1,NombreCiclo1

2026-02-06T20:58:40.115Z,false,false,false,true,,,ID_EC1,NombreCiclo1

2026-02-06T21:55:12.759Z,false,false,false,false,,,ID_EC1,NombreCiclo1

2026-02-06T21:55:13.771Z,false,false,false,true,,,ID_EC1,NombreCiclo1

2026-02-06T22:14:14.857Z,false,false,false,false,,,ID_EC1,NombreCiclo1

2026-02-06T22:14:15.877Z,false,false,false,true,,,ID_EC1,NombreCiclo1

2026-02-06T22:14:59.390Z,false,false,false,false,,,ID_EC1,NombreCiclo1

2026-02-06T22:15:00.407Z,false,false,false,true,,,ID_EC1,NombreCiclo1

2026-02-06T22:34:40.089Z,false,false,false,false,,,ID_EC1,NombreCiclo1

2026-02-06T22:34:41.099Z,false,false,false,true,,,ID_EC1,NombreCiclo1

2026-02-06T23:15:29.895Z,false,false,false,false,,,ID_EC1,NombreCiclo1

2026-02-06T23:15:30.899Z,false,false,false,true,,,ID_EC1,NombreCiclo1

2026-02-06T23:53:43.860Z,false,false,false,false,,,ID_EC1,NombreCiclo1

2026-02-06T23:53:44.871Z,false,false,false,true,,,ID_EC1,NombreCiclo1

2026-02-07T01:13:00.067Z,false,false,false,false,,,ID_EC1,NombreCiclo1

2026-02-07T01:13:01.089Z,false,false,false,true,,,ID_EC1,NombreCiclo1

2026-02-07T02:11:51.988Z,false,false,false,false,,,ID_EC1,NombreCiclo1

2026-02-07T02:11:53.008Z,false,false,false,true,,,ID_EC1,NombreCiclo1

2026-02-07T03:19:30.734Z,false,false,false,false,,,ID_EC1,NombreCiclo1

2026-02-07T03:19:31.816Z,false,false,false,true,,,ID_EC1,NombreCiclo1

2026-02-07T04:32:50.913Z,false,false,false,false,,,ID_EC1,NombreCiclo1

2026-02-07T04:32:51.942Z,false,false,false,true,,,ID_EC1,NombreCiclo1

2026-02-07T05:10:43.499Z,false,false,false,false,,,ID_EC1,NombreCiclo1

2026-02-07T05:10:44.513Z,false,false,false,true,,,ID_EC1,NombreCiclo1

2026-02-07T05:23:24.700Z,false,false,false,false,,,ID_EC1,NombreCiclo1

2026-02-07T05:23:25.713Z,false,false,false,true,,,ID_EC1,NombreCiclo1

2026-02-07T06:15:33.647Z,false,false,false,false,,,ID_EC1,NombreCiclo1

2026-02-07T06:15:34.645Z,false,false,false,true,,,ID_EC1,NombreCiclo1

2026-02-07T06:49:39.978Z,false,false,false,false,,,ID_EC1,NombreCiclo1

2026-02-07T06:49:40.987Z,false,false,false,true,,,ID_EC1,NombreCiclo1

2026-02-07T07:53:38.038Z,false,false,false,false,,,ID_EC1,NombreCiclo1

2026-02-07T07:53:39.053Z,false,false,false,true,,,ID_EC1,NombreCiclo1

2026-02-07T08:04:08.945Z,false,false,false,false,,,ID_EC1,NombreCiclo1

2026-02-07T08:04:09.948Z,false,false,false,true,,,ID_EC1,NombreCiclo1

2026-02-07T08:28:05.354Z,false,false,false,false,,,ID_EC1,NombreCiclo1

2026-02-07T08:28:06.370Z,false,false,false,true,,,ID_EC1,NombreCiclo1

2026-02-07T09:10:23.979Z,false,false,false,false,,,ID_EC1,NombreCiclo1

2026-02-07T09:10:24.985Z,false,false,false,true,,,ID_EC1,NombreCiclo1

2026-02-07T10:12:40.014Z,false,false,false,false,,,ID_EC1,NombreCiclo1

2026-02-07T10:12:41.044Z,false,false,false,true,,,ID_EC1,NombreCiclo1

2026-02-08T12:00:03.347Z,false,false,false,false,,,ID_EC1,NombreCiclo1

2026-02-09T12:57:35.139Z,false,false,false,false,,,ID_EC1,NombreCiclo1

2026-02-09T13:14:04.553Z,true,false,false,false,,,A5,A5

2026-02-09T13:15:08.008Z,true,false,false,false,193L,-,A5,A5

2026-02-09T13:15:52.357Z,true,false,false,false,tesF,PURGA DE FOTO FRONTAL,A5,A5

2026-02-09T13:16:49.741Z,true,false,false,false,194F,Distancia entre SE - Perpendicularidad SE,A5,A5

2026-02-09T13:25:24.555Z,true,false,false,false,195F,Distancia entre SE - Perpendicularidad SE,A5,A5

2026-02-09T13:27:23.432Z,true,false,false,false,196F,Distancia entre SE - Perpendicularidad SE,A5,A5

2026-02-09T13:32:15.829Z,true,false,false,false,197F,Distancia entre SE - Perpendicularidad SE,A5,A5

2026-02-09T13:32:49.052Z,true,false,false,false,198F,Distancia entre SE - Perpendicularidad SE,A5,A5

2026-02-09T13:35:09.152Z,true,false,false,false,199F,Distancia entre SE - Perpendicularidad SE,A5,A5

2026-02-09T13:35:20.263Z,true,false,false,false,201F,Distancia entre SE - Perpendicularidad SE,A5,A5

2026-02-09T13:37:27.301Z,true,false,false,false,202F,Distancia entre SE - Perpendicularidad SE,A5,A5

2026-02-09T13:38:07.639Z,true,false,false,false,203F,Distancia entre SE - Perpendicularidad SE,A5,A5

2026-02-09T13:38:19.719Z,true,false,false,false,210F,Distancia entre SE - Perpendicularidad SE,A5,A5

2026-02-09T13:39:11.255Z,true,false,false,false,001F,Distancia entre SE,A5,A5

2026-02-09T13:40:05.626Z,true,false,false,false,002F,Distancia entre SE,A5,A5

2026-02-09T13:42:46.891Z,true,false,false,false,211F,Distancia entre SE,A5,A5

2026-02-09T14:02:07.363Z,true,false,false,false,003F,Distancia entre SE,A5,A5

2026-02-09T14:02:24.495Z,true,false,false,false,tesL,PURGA DE FOTO LATERAL,A5,A5

2026-02-09T14:02:36.563Z,true,false,false,false,212L,PURGA DE FOTO LATERAL,A5,A5

2026-02-09T14:04:27.418Z,true,false,false,false,213L,PURGA DE FOTO LATERAL,A5,A5

2026-02-09T14:04:47.574Z,true,false,false,false,214L,PURGA DE FOTO LATERAL,A5,A5

2026-02-09T14:10:14.621Z,true,false,false,false,tesF,PURGA DE FOTO FRONTAL,A5,A5

2026-02-09T14:10:35.839Z,true,false,false,false,216L,Presencia de soldadura TVS - Fisuras soldadura TVS,A5,A5

2026-02-09T14:11:33.155Z,true,false,false,false,217L,Presencia de soldadura TVS - Fisuras soldadura TVS,A5,A5

2026-02-09T14:11:49.298Z,true,false,false,false,218L,Presencia de soldadura TVS - Fisuras soldadura TVS,A5,A5

2026-02-09T14:13:11.821Z,true,false,false,false,tesF,PURGA DE FOTO FRONTAL,A5,A5

2026-02-09T14:13:58.276Z,true,false,false,false,0Z,PURGA DE FOTO FRONTAL,A5,A5

2026-02-09T14:14:20.390Z,true,false,false,false,0T,Rectitud EC,A5,A5

2026-02-09T14:14:38.558Z,true,false,false,false,222L,Rectitud EC,A5,A5

2026-02-09T14:18:03.298Z,true,false,false,false,223L,Rectitud EC,A5,A5

2026-02-09T14:18:16.412Z,true,false,false,false,224L,Rectitud EC,A5,A5

2026-02-09T14:18:29.538Z,true,false,false,false,225L,Rectitud EC,A5,A5

2026-02-09T14:18:42.704Z,true,false,false,false,226L,Rectitud EC,A5,A5

2026-02-09T14:18:54.771Z,true,false,false,false,227L,Rectitud EC,A5,A5

2026-02-09T14:19:07.924Z,true,false,false,false,tesF,PURGA DE FOTO FRONTAL,A5,A5

2026-02-09T14:19:35.273Z,true,false,false,false,228L,PURGA DE FOTO FRONTAL,A5,A5

2026-02-09T14:19:47.287Z,true,false,false,false,229L,PURGA DE FOTO FRONTAL,A5,A5

2026-02-09T14:19:57.373Z,true,false,true,false,,,A5,A5

2026-02-09T14:20:39.731Z,false,false,false,true,,,A5,A5

2026-02-09T14:21:00.856Z,false,false,false,false,,,A5,A5

2026-02-09T15:09:54.587Z,true,false,false,false,,,E03,A6

2026-02-09T15:11:41.446Z,true,false,false,false,193L,-,E03,A6

2026-02-09T15:12:43.897Z,true,false,false,false,tesF,PURGA DE FOTO FRONTAL,E03,A6

2026-02-09T15:12:58.041Z,true,false,false,false,194F,Distancia entre SE - Perpendicularidad SE,E03,A6

2026-02-09T15:40:33.296Z,true,false,true,false,,,E03,A6

2026-02-09T15:40:49.432Z,false,false,false,true,,,E03,A6

2026-02-09T15:40:51.451Z,false,false,false,false,,,E03,A6

2026-02-09T15:41:13.653Z,true,false,false,false,,,E001,A7

2026-02-09T15:41:49.962Z,true,false,false,false,193L,-,E001,A7

2026-02-09T15:42:34.370Z,true,false,false,false,tesF,PURGA DE FOTO FRONTAL,E001,A7

2026-02-09T15:42:51.477Z,true,false,false,false,194F,Distancia entre SE - Perpendicularidad SE,E001,A7

2026-02-09T15:43:16.683Z,true,false,false,false,195F,Distancia entre SE - Perpendicularidad SE,E001,A7

2026-02-09T15:43:28.802Z,true,false,false,false,196F,Distancia entre SE - Perpendicularidad SE,E001,A7

2026-02-09T15:43:41.904Z,true,false,false,false,197F,Distancia entre SE - Perpendicularidad SE,E001,A7

2026-02-09T15:43:54.007Z,true,false,false,false,198F,Distancia entre SE - Perpendicularidad SE,E001,A7

2026-02-09T15:44:09.164Z,true,false,false,false,199F,Distancia entre SE - Perpendicularidad SE,E001,A7

2026-02-09T15:44:20.301Z,true,false,false,false,201F,Distancia entre SE - Perpendicularidad SE,E001,A7

2026-02-09T15:44:47.509Z,true,false,false,false,202F,Distancia entre SE - Perpendicularidad SE,E001,A7

2026-02-09T15:45:10.700Z,true,false,false,false,203F,Distancia entre SE - Perpendicularidad SE,E001,A7

2026-02-09T15:45:24.856Z,true,false,false,false,001F,Distancia entre SE,E001,A7

2026-02-09T16:11:12.988Z,true,false,false,false,210F,Distancia entre SE,E001,A7

2026-02-09T16:12:19.591Z,true,false,false,false,002F,Distancia entre SE,E001,A7

2026-02-09T16:13:02.963Z,true,false,false,false,211F,Distancia entre SE,E001,A7

2026-02-09T16:15:32.324Z,true,false,false,false,003F,Distancia entre SE,E001,A7

2026-02-09T16:25:05.227Z,true,false,false,false,tesL,PURGA DE FOTO LATERAL,E001,A7

2026-02-09T16:25:48.589Z,true,false,false,false,212L,PURGA DE FOTO LATERAL,E001,A7

2026-02-09T16:26:56.172Z,true,false,false,false,213L,PURGA DE FOTO LATERAL,E001,A7

2026-02-09T16:27:41.581Z,true,false,false,false,214L,PURGA DE FOTO LATERAL,E001,A7

2026-02-09T16:37:38.579Z,true,false,false,false,tesL,PURGA DE FOTO LATERAL,E001,A7

2026-02-09T16:37:57.772Z,true,false,false,false,216L,Presencia de soldadura TVS - Fisuras soldadura TVS,E001,A7

2026-02-09T16:38:20.949Z,true,false,false,false,217L,Presencia de soldadura TVS - Fisuras soldadura TVS,E001,A7

2026-02-09T16:50:45.257Z,true,false,false,false,218L,Presencia de soldadura TVS - Fisuras soldadura TVS,E001,A7

2026-02-09T16:51:20.561Z,true,false,false,false,tesL,PURGA DE FOTO FRONTAL,E001,A7

2026-02-09T16:56:15.990Z,true,false,false,false,0Z,PURGA DE FOTO FRONTAL,E001,A7

2026-02-09T16:57:01.406Z,true,false,false,false,0T,Rectitud EC,E001,A7

2026-02-09T16:57:19.571Z,true,false,false,false,222L,Rectitud EC,E001,A7

2026-02-09T16:57:51.847Z,true,false,false,false,223L,Rectitud EC,E001,A7

2026-02-09T16:58:04.918Z,true,false,false,false,224L,Rectitud EC,E001,A7

2026-02-09T16:58:18.020Z,true,false,false,false,225L,Rectitud EC,E001,A7

2026-02-09T16:58:31.125Z,true,false,false,false,226L,Rectitud EC,E001,A7

2026-02-09T16:59:42.730Z,true,false,false,false,227L,Rectitud EC,E001,A7

2026-02-09T17:00:25.090Z,true,false,false,false,tesL,PURGA DE FOTO LATERAL,E001,A7

2026-02-09T17:01:24.610Z,true,false,false,false,228L,PURGA DE FOTO LATERAL,E001,A7

2026-02-09T17:02:25.085Z,true,false,false,false,229L,PURGA DE FOTO LATERAL,E001,A7

2026-02-09T17:02:46.229Z,true,false,false,false,230L,PURGA DE FOTO LATERAL,E001,A7

2026-02-09T17:03:05.372Z,true,false,false,false,231L,PURGA DE FOTO LATERAL,E001,A7

2026-02-09T17:03:28.551Z,true,false,false,false,232L,PURGA DE FOTO LATERAL,E001,A7

2026-02-09T17:03:49.769Z,true,false,false,false,233L,PURGA DE FOTO LATERAL,E001,A7

2026-02-09T17:04:11.957Z,true,false,false,false,tesF,PURGA DE FOTO FRONTAL,E001,A7

2026-02-09T17:05:27.574Z,true,false,true,false,,,E001,A7

2026-02-09T17:06:09.914Z,false,false,false,true,,,E001,A7

2026-02-09T17:06:34.145Z,false,false,false,false,,,E001,A7

2026-02-09T17:06:35.150Z,false,false,false,true,,,E001,A7

2026-02-09T17:07:28.539Z,false,false,false,false,,,E001,A7

2026-02-09T17:19:25.023Z,true,false,false,false,,,E002,A8

2026-02-09T17:19:55.324Z,true,false,false,false,193L,-,E002,A8

2026-02-09T17:20:49.732Z,true,false,false,false,tesF,PURGA DE FOTO FRONTAL,E002,A8

2026-02-09T17:21:08.909Z,true,false,false,false,194F,Distancia entre SE - Perpendicularidad SE,E002,A8

2026-02-09T17:21:21.015Z,true,false,false,false,195F,Distancia entre SE - Perpendicularidad SE,E002,A8

2026-02-09T17:21:34.107Z,true,false,false,false,196F,Distancia entre SE - Perpendicularidad SE,E002,A8

2026-02-09T17:21:46.203Z,true,false,false,false,197F,Distancia entre SE - Perpendicularidad SE,E002,A8

2026-02-09T17:21:58.324Z,true,false,false,false,198F,Distancia entre SE - Perpendicularidad SE,E002,A8

2026-02-09T17:22:11.428Z,true,false,false,false,199F,Distancia entre SE - Perpendicularidad SE,E002,A8

2026-02-09T17:22:22.516Z,true,false,false,false,201F,Distancia entre SE - Perpendicularidad SE,E002,A8

2026-02-09T17:22:37.650Z,true,false,false,false,202F,Distancia entre SE - Perpendicularidad SE,E002,A8

2026-02-09T17:22:49.758Z,true,false,false,false,203F,Distancia entre SE - Perpendicularidad SE,E002,A8

2026-02-09T17:23:24.013Z,true,false,false,false,001F,Distancia entre SE y PP,E002,A8

2026-02-09T17:24:57.813Z,true,false,false,false,210F,Distancia entre SE y PP,E002,A8

2026-02-09T17:25:10.926Z,true,false,false,false,002F,Distancia entre SE y PP,E002,A8

2026-02-09T17:25:28.078Z,true,false,false,false,211F,Distancia entre SE y PP,E002,A8

2026-02-09T17:30:59.900Z,true,false,false,false,003F,Distancia entre SE y PP,E002,A8

2026-02-09T17:31:54.379Z,true,false,false,false,tesL,PURGA DE FOTO LATERAL,E002,A8

2026-02-09T17:32:18.528Z,true,false,false,false,212L,PURGA DE FOTO LATERAL,E002,A8

2026-02-09T17:32:31.627Z,true,false,false,false,213L,PURGA DE FOTO LATERAL,E002,A8

2026-02-09T17:32:47.775Z,true,false,false,false,214L,PURGA DE FOTO LATERAL,E002,A8

2026-02-09T17:33:07.948Z,true,false,false,false,tesL,PURGA DE FOTO LATERAL,E002,A8

2026-02-09T17:33:24.062Z,true,false,false,false,216L,Presencia de soldadura TVS - Fisuras soldadura TVS,E002,A8

2026-02-09T17:33:39.208Z,true,false,false,false,217L,Presencia de soldadura TVS - Fisuras soldadura TVS,E002,A8

2026-02-09T17:33:55.333Z,true,false,false,false,218L,Presencia de soldadura TVS - Fisuras soldadura TVS,E002,A8

2026-02-09T17:34:11.441Z,true,false,false,false,tesL,PURGA DE FOTO LATERAL,E002,A8

2026-02-09T17:34:51.790Z,true,false,false,false,0Z,PURGA DE FOTO LATERAL,E002,A8

2026-02-09T17:35:11.969Z,true,false,false,false,0T,Rectitud EC,E002,A8

2026-02-09T17:35:26.074Z,true,false,false,false,222L,Rectitud EC,E002,A8

2026-02-09T17:35:39.161Z,true,false,false,false,223L,Rectitud EC,E002,A8

2026-02-09T17:35:52.337Z,true,false,false,false,224L,Rectitud EC,E002,A8

2026-02-09T17:36:07.413Z,true,false,false,false,225L,Rectitud EC,E002,A8

2026-02-09T17:36:21.500Z,true,false,false,false,226L,Rectitud EC,E002,A8

2026-02-09T17:36:34.614Z,true,false,false,false,227L,Rectitud EC,E002,A8

2026-02-09T17:36:54.786Z,true,false,false,false,tesL,PURGA DE FOTO LATERAL,E002,A8

2026-02-09T17:37:15.943Z,true,false,false,false,228L,PURGA DE FOTO LATERAL,E002,A8

2026-02-09T17:37:47.207Z,true,false,false,false,229L,PURGA DE FOTO LATERAL,E002,A8

2026-02-09T17:38:25.537Z,true,false,false,false,230L,PURGA DE FOTO LATERAL,E002,A8

2026-02-09T17:38:48.728Z,true,false,false,false,231L,PURGA DE FOTO LATERAL,E002,A8

2026-02-09T17:39:01.832Z,true,false,false,false,232L,PURGA DE FOTO LATERAL,E002,A8

2026-02-09T17:39:20.997Z,true,false,true,false,,,E002,A8

2026-02-09T17:40:03.389Z,false,false,false,true,,,E002,A8

2026-02-09T17:40:31.589Z,false,false,false,false,,,E002,A8

2026-02-09T17:40:32.591Z,false,false,false,true,,,E002,A8

2026-02-09T17:44:43.552Z,false,false,false,false,,,E002,A8

2026-02-11T17:17:09.614Z,false,false,false,false,,,E002,A8

2026-02-11T18:40:57.783Z,false,false,false,false,,,DDD,DDD

2026-02-12T12:30:14.670Z,true,false,false,false,,,ID,CICLOID

2026-02-12T12:31:02.173Z,true,false,false,false,tesF,PURGA DE FOTO FRONTAL,ID,CICLOID

2026-02-12T12:33:29.647Z,true,false,false,false,240F,PURGA DE FOTO FRONTAL,ID,CICLOID

2026-02-12T12:35:27.773Z,true,false,false,false,241F,PURGA DE FOTO FRONTAL,ID,CICLOID

2026-02-12T12:37:23.941Z,true,false,false,false,242F,PURGA DE FOTO FRONTAL,ID,CICLOID

2026-02-12T12:37:48.172Z,true,false,false,false,tesF,PURGA DE FOTO FRONTAL,ID,CICLOID

2026-02-12T12:40:23.799Z,true,false,true,false,,,ID,CICLOID

2026-02-12T12:41:07.305Z,false,false,false,true,,,ID,CICLOID

2026-02-12T12:43:54.090Z,false,false,false,false,,,ID,CICLOID

2026-02-12T12:46:37.942Z,true,false,false,false,,,1,CICLOFLECHA

2026-02-12T12:46:58.128Z,true,false,false,false,13T,Rectitud EC - SE 13,1,CICLOFLECHA

2026-02-12T12:47:24.422Z,true,false,false,false,12T,Rectitud EC - SE 12,1,CICLOFLECHA

2026-02-12T12:47:36.556Z,true,false,false,false,11T,Rectitud EC - SE 11,1,CICLOFLECHA

2026-02-12T12:47:48.684Z,true,false,false,false,10T,Rectitud EC - SE 10,1,CICLOFLECHA

2026-02-12T12:48:01.807Z,true,false,false,false,9T,Rectitud EC - SE 09,1,CICLOFLECHA

2026-02-12T12:48:15.975Z,true,false,false,false,8T,Rectitud EC - SE 08,1,CICLOFLECHA

2026-02-12T12:48:29.123Z,true,false,false,false,7T,Rectitud EC - SE 07,1,CICLOFLECHA

2026-02-12T12:48:42.244Z,true,false,false,false,6T,Rectitud EC - SE 06,1,CICLOFLECHA

2026-02-12T12:48:56.389Z,true,false,false,false,5T,Rectitud EC - SE 05,1,CICLOFLECHA

2026-02-12T12:49:09.566Z,true,false,false,false,4T,Rectitud EC - SE 04,1,CICLOFLECHA

2026-02-12T12:49:22.724Z,true,false,false,false,3T,Rectitud EC - SE 03,1,CICLOFLECHA

2026-02-12T12:49:36.888Z,true,false,false,false,2T,Rectitud EC - SE 02,1,CICLOFLECHA

2026-02-12T12:49:50.004Z,true,false,false,false,1T,Rectitud EC - SE 01,1,CICLOFLECHA

2026-02-12T12:50:04.163Z,true,false,false,false,0T,Rectitud EC - PP,1,CICLOFLECHA

2026-02-12T12:50:17.308Z,true,false,false,false,,,1,CICLOFLECHA

2026-02-12T12:51:24.090Z,false,false,false,true,,,1,CICLOFLECHA

2026-02-12T12:51:43.279Z,false,false,false,false,,,1,CICLOFLECHA

2026-02-12T18:37:10.097Z,false,false,false,false,,,1,CICLOFLECHA

2026-02-12T19:15:58.867Z,true,false,false,false,,,12,ID

2026-02-12T19:16:26.112Z,true,false,false,false,tesF,PURGA DE FOTO FRONTAL,12,ID

2026-02-12T19:17:16.664Z,true,false,false,false,240F,PURGA DE FOTO FRONTAL,12,ID

2026-02-12T19:17:28.808Z,true,false,false,false,241F,PURGA DE FOTO FRONTAL,12,ID

2026-02-12T19:17:39.925Z,true,false,false,false,242F,PURGA DE FOTO FRONTAL,12,ID

2026-02-12T19:17:50.054Z,true,false,false,false,tesF,PURGA DE FOTO FRONTAL,12,ID

2026-02-12T19:18:02.157Z,true,false,false,false,,,12,ID

2026-02-12T19:19:08.841Z,false,false,false,true,,,12,ID

2026-02-12T19:19:13.878Z,false,false,false,false,,,12,ID

2026-02-13T13:56:10.007Z,true,false,false,false,,,-,-

2026-02-13T13:57:25.775Z,true,false,false,false,13T,Rectitud EC - SE 13,-,-

2026-02-13T13:58:33.500Z,true,false,false,false,12T,Rectitud EC - SE 12,-,-

2026-02-13T13:59:08.867Z,true,false,false,false,11T,Rectitud EC - SE 11,-,-

2026-02-13T14:00:18.639Z,true,false,false,false,10T,Rectitud EC - SE 10,-,-

2026-02-13T14:01:42.448Z,true,false,false,false,9T,Rectitud EC - SE 09,-,-

2026-02-13T14:01:56.578Z,true,false,false,false,8T,Rectitud EC - SE 08,-,-

2026-02-13T14:02:09.740Z,true,false,false,false,7T,Rectitud EC - SE 07,-,-

2026-02-13T14:02:22.885Z,true,false,false,false,6T,Rectitud EC - SE 06,-,-

2026-02-13T14:02:36.995Z,true,false,false,false,5T,Rectitud EC - SE 05,-,-

2026-02-13T14:02:50.117Z,true,false,false,false,4T,Rectitud EC - SE 04,-,-

2026-02-13T14:03:03.296Z,true,false,false,false,3T,Rectitud EC - SE 03,-,-

2026-02-13T14:03:17.411Z,true,false,false,false,2T,Rectitud EC - SE 02,-,-

2026-02-13T14:03:30.556Z,true,false,false,false,1T,Rectitud EC - SE 01,-,-

2026-02-13T14:03:43.673Z,true,false,false,false,tesF,PURGA DE FOTO FRONTAL,-,-

2026-02-13T14:04:26.154Z,true,false,false,false,30F,PURGA DE FOTO FRONTAL,-,-

2026-02-13T14:11:17.336Z,true,false,false,false,31F,Distancia entre SE - Perpendicularidad SE,-,-

2026-02-13T14:11:42.557Z,true,false,false,false,32F,Distancia entre SE - Perpendicularidad SE,-,-

2026-02-13T14:12:10.787Z,true,false,false,false,33F,Distancia entre SE - Perpendicularidad SE,-,-

2026-02-13T14:12:53.244Z,true,false,false,false,34F,Distancia entre SE - Perpendicularidad SE,-,-

2026-02-13T14:13:21.468Z,true,false,false,false,36F,Distancia entre SE - Perpendicularidad SE,-,-

2026-02-13T14:18:37.770Z,true,false,false,false,37F,Distancia entre SE - Perpendicularidad SE,-,-

2026-02-13T14:18:49.896Z,true,false,false,false,38F,Distancia entre SE - Perpendicularidad SE,-,-

2026-02-13T15:12:05.187Z,true,false,true,false,,,-,-

2026-02-13T15:12:22.348Z,false,false,false,true,,,-,-

2026-02-13T15:12:26.383Z,false,false,false,false,,,-,-

2026-02-13T15:52:18.434Z,true,false,false,false,,,SDSD,WEWEWE

2026-02-13T15:52:51.741Z,true,false,false,false,13T,Rectitud EC - SE 13,SDSD,WEWEWE

2026-02-13T15:53:18.984Z,true,false,false,false,12T,Rectitud EC - SE 12,SDSD,WEWEWE

2026-02-13T15:53:30.083Z,true,false,false,false,11T,Rectitud EC - SE 11,SDSD,WEWEWE

2026-02-13T15:53:43.310Z,true,false,false,false,10T,Rectitud EC - SE 10,SDSD,WEWEWE

2026-02-13T15:53:56.355Z,true,false,false,false,9T,Rectitud EC - SE 09,SDSD,WEWEWE

2026-02-13T15:54:09.420Z,true,false,false,false,8T,Rectitud EC - SE 08,SDSD,WEWEWE

2026-02-13T15:58:12.716Z,true,false,true,false,,,SDSD,WEWEWE

2026-02-13T15:58:30.936Z,false,false,false,true,,,SDSD,WEWEWE

2026-02-13T15:58:40.997Z,false,false,false,false,,,SDSD,WEWEWE

2026-02-13T16:00:25.940Z,true,false,false,false,,,FGHFG,ERTER

2026-02-13T16:00:46.138Z,true,false,false,false,13T,Rectitud EC - SE 13,FGHFG,ERTER

2026-02-13T16:01:13.395Z,true,false,false,false,12T,Rectitud EC - SE 12,FGHFG,ERTER

2026-02-13T16:01:24.490Z,true,false,false,false,11T,Rectitud EC - SE 11,FGHFG,ERTER

2026-02-13T16:01:37.609Z,true,false,false,false,10T,Rectitud EC - SE 10,FGHFG,ERTER

2026-02-13T16:02:39.170Z,true,false,false,false,9T,Rectitud EC - SE 09,FGHFG,ERTER

2026-02-13T16:02:52.346Z,true,false,false,false,8T,Rectitud EC - SE 08,FGHFG,ERTER

2026-02-13T16:03:05.431Z,true,false,false,false,7T,Rectitud EC - SE 07,FGHFG,ERTER

2026-02-13T16:03:19.573Z,true,false,false,false,6T,Rectitud EC - SE 06,FGHFG,ERTER

2026-02-13T16:03:32.720Z,true,false,false,false,5T,Rectitud EC - SE 05,FGHFG,ERTER

2026-02-13T16:03:45.812Z,true,false,false,false,4T,Rectitud EC - SE 04,FGHFG,ERTER

2026-02-13T16:03:59.959Z,true,false,false,false,3T,Rectitud EC - SE 03,FGHFG,ERTER

2026-02-13T16:04:13.085Z,true,false,false,false,2T,Rectitud EC - SE 02,FGHFG,ERTER

2026-02-13T16:04:27.214Z,true,false,false,false,1T,Rectitud EC - SE 01,FGHFG,ERTER

2026-02-13T16:04:40.325Z,true,false,false,false,tesF,PURGA DE FOTO FRONTAL,FGHFG,ERTER

2026-02-13T16:05:05.564Z,true,false,false,false,30F,PURGA DE FOTO FRONTAL,FGHFG,ERTER

2026-02-13T16:12:44.837Z,true,false,false,false,31F,Distancia entre SE - Perpendicularidad SE,FGHFG,ERTER

2026-02-13T16:12:56.924Z,true,false,false,false,32F,Distancia entre SE - Perpendicularidad SE,FGHFG,ERTER

2026-02-13T16:13:11.041Z,true,false,false,false,33F,Distancia entre SE - Perpendicularidad SE,FGHFG,ERTER

2026-02-13T16:13:24.125Z,true,false,false,false,34F,Distancia entre SE - Perpendicularidad SE,FGHFG,ERTER

2026-02-13T16:13:35.197Z,true,false,false,false,36F,Distancia entre SE - Perpendicularidad SE,FGHFG,ERTER

2026-02-13T16:14:18.603Z,true,false,false,false,37F,Distancia entre SE - Perpendicularidad SE,FGHFG,ERTER

2026-02-13T16:14:30.725Z,true,false,false,false,38F,Distancia entre SE - Perpendicularidad SE,FGHFG,ERTER

2026-02-13T17:03:11.004Z,true,false,true,false,,,FGHFG,ERTER

2026-02-13T17:03:47.399Z,false,false,false,true,,,FGHFG,ERTER

2026-02-13T17:06:09.785Z,false,false,false,false,,,FGHFG,ERTER

2026-02-13T17:22:42.109Z,true,false,false,false,,,E,CicloCompleto

2026-02-13T17:23:02.336Z,true,false,false,false,13T,Rectitud EC,E,CicloCompleto

2026-02-13T17:23:28.546Z,true,false,false,false,AZ4-A,Rectitud EC,E,CicloCompleto

2026-02-13T17:25:13.466Z,true,false,true,false,,,E,CicloCompleto

2026-02-13T17:25:32.656Z,false,false,false,true,,,E,CicloCompleto

2026-02-13T17:25:36.697Z,false,false,false,false,,,E,CicloCompleto

2026-02-13T17:26:06.970Z,true,false,false,false,,,EEE1,CICLOCOMP

2026-02-13T17:26:27.120Z,true,false,false,false,13T,Rectitud EC,EEE1,CICLOCOMP

2026-02-13T17:26:53.363Z,true,false,false,false,AZ4-A,Rectitud EC,EEE1,CICLOCOMP

2026-02-13T17:32:30.369Z,true,false,true,false,,,EEE1,CICLOCOMP

2026-02-13T17:32:48.534Z,false,false,false,true,,,EEE1,CICLOCOMP

2026-02-13T17:35:15.845Z,false,false,false,false,,,EEE1,CICLOCOMP

2026-02-23T17:19:18.181Z,false,false,false,false,,,EEE1,CICLOCOMP

2026-02-23T19:20:46.827Z,true,false,false,false,,,ro,laza

2026-02-23T19:26:08.164Z,true,false,false,false,104F,Distancia entre SE - Perpendicularidad SE,ro,laza

2026-02-23T19:30:20.738Z,true,false,false,false,,,ro,laza

2026-02-23T19:31:46.570Z,false,false,false,true,,,ro,laza

2026-02-23T19:33:53.884Z,false,false,false,false,,,ro,laza

2026-02-23T19:46:11.350Z,false,false,true,false,,,ro,laza

2026-02-23T19:47:17.055Z,false,false,true,true,,,ro,laza

2026-02-23T19:47:21.044Z,false,false,true,false,,,ro,laza

2026-02-23T19:48:56.040Z,false,false,true,true,,,ro,laza

2026-02-23T19:49:00.027Z,false,false,true,false,,,ro,laza

2026-02-23T19:51:37.572Z,false,false,false,true,,,ro,laza

2026-02-23T19:51:40.609Z,false,false,false,false,,,ro,laza

2026-02-23T19:56:10.995Z,true,false,false,false,,,asikdj,esteabansd

2026-02-23T19:56:35.242Z,true,false,false,false,13T,Rectitud EC,asikdj,esteabansd

2026-02-23T19:58:39.526Z,true,false,false,false,tesL,PURGA DE FOTO LATERAL,asikdj,esteabansd

2026-02-23T20:01:18.212Z,true,false,true,false,,,asikdj,esteabansd

2026-02-23T20:21:01.786Z,false,false,false,true,,,asikdj,esteabansd

2026-02-23T20:21:06.835Z,false,false,false,false,,,asikdj,esteabansd

2026-02-23T20:27:37.583Z,true,false,false,false,,,asdasjhdak,asdasdfasdfsa

2026-02-23T20:27:56.790Z,true,false,false,false,13T,Rectitud EC,asdasjhdak,asdasdfasdfsa

2026-02-23T20:28:24.036Z,true,false,false,false,tesL,PURGA DE FOTO LATERAL,asdasjhdak,asdasdfasdfsa

2026-02-23T20:28:48.323Z,true,false,false,false,99L,PURGA DE FOTO LATERAL,asdasjhdak,asdasdfasdfsa

2026-02-23T20:28:59.425Z,true,false,false,false,100L,PURGA DE FOTO LATERAL,asdasjhdak,asdasdfasdfsa

2026-02-23T20:29:12.557Z,true,false,false,false,101L,PURGA DE FOTO LATERAL,asdasjhdak,asdasdfasdfsa

2026-02-23T20:29:26.717Z,true,false,false,false,102L,PURGA DE FOTO LATERAL,asdasjhdak,asdasdfasdfsa

2026-02-23T20:29:40.832Z,true,false,false,false,103L,PURGA DE FOTO LATERAL,asdasjhdak,asdasdfasdfsa

2026-02-23T20:29:54.987Z,true,false,false,false,tesF,PURGA DE FOTO FRONTAL,asdasjhdak,asdasdfasdfsa

2026-02-23T20:30:10.122Z,true,false,false,false,104F,Distancia entre SE - Perpendicularidad SE,asdasjhdak,asdasdfasdfsa

2026-02-23T20:30:21.228Z,true,false,false,false,,,asdasjhdak,asdasdfasdfsa

2026-02-23T20:31:55.175Z,false,false,false,true,,,asdasjhdak,asdasdfasdfsa

2026-02-23T20:34:47.836Z,false,false,false,false,,,asdasjhdak,asdasdfasdfsa

2026-02-24T12:27:56.015Z,true,false,false,false,,,SE1,FlechaSE1

2026-02-24T12:28:17.254Z,true,false,false,false,13T,Rectitud EC - SE 13,SE1,FlechaSE1

2026-02-24T12:28:43.551Z,true,false,false,false,12T,Rectitud EC - SE 12,SE1,FlechaSE1

2026-02-24T12:30:29.300Z,true,false,false,false,11T,Rectitud EC - SE 11,SE1,FlechaSE1

2026-02-24T12:30:42.501Z,true,false,false,false,10T,Rectitud EC - SE 10,SE1,FlechaSE1

2026-02-24T12:30:55.546Z,true,false,false,false,9T,Rectitud EC - SE 09,SE1,FlechaSE1

2026-02-24T12:31:08.717Z,true,false,false,false,8T,Rectitud EC - SE 08,SE1,FlechaSE1

2026-02-24T12:31:21.834Z,true,false,false,false,7T,Rectitud EC - SE 07,SE1,FlechaSE1

2026-02-24T12:31:35.965Z,true,false,false,false,6T,Rectitud EC - SE 06,SE1,FlechaSE1

2026-02-24T12:31:49.113Z,true,false,false,false,5T,Rectitud EC - SE 05,SE1,FlechaSE1

2026-02-24T12:32:03.263Z,true,false,false,false,4T,Rectitud EC - SE 04,SE1,FlechaSE1

2026-02-24T12:33:17.937Z,true,false,false,false,3T,Rectitud EC - SE 03,SE1,FlechaSE1

2026-02-24T12:33:31.051Z,true,false,false,false,2T,Rectitud EC - SE 02,SE1,FlechaSE1

2026-02-24T12:33:45.180Z,true,false,false,false,1T,Rectitud EC - SE 01,SE1,FlechaSE1

2026-02-24T12:34:25.579Z,true,false,false,false,tesF,PURGA DE FOTO FRONTAL,SE1,FlechaSE1

2026-02-24T12:40:40.078Z,true,false,false,false,194F,Distancia entre SE - Perpendicularidad SE,SE1,FlechaSE1

2026-02-24T12:49:02.684Z,true,false,false,false,195F,Distancia entre SE - Perpendicularidad SE,SE1,FlechaSE1

2026-02-24T12:51:11.732Z,true,false,false,false,196F,Distancia entre SE - Perpendicularidad SE,SE1,FlechaSE1

2026-02-24T13:10:55.851Z,true,false,true,false,,,SE1,FlechaSE1

2026-02-24T13:11:32.177Z,false,false,false,true,,,SE1,FlechaSE1

2026-02-24T13:11:36.214Z,false,false,false,false,,,SE1,FlechaSE1

2026-02-24T15:21:36.810Z,true,false,false,false,,,ASDASDW,FLECHASS

2026-02-24T15:23:33.602Z,true,false,false,false,5.1,Posicion 1,ASDASDW,FLECHASS

2026-02-24T15:23:50.756Z,true,false,false,false,12T,Rectitud EC - SE 12,ASDASDW,FLECHASS

2026-02-24T15:24:17.910Z,true,false,false,false,11T,Rectitud EC - SE 11,ASDASDW,FLECHASS

2026-02-24T15:24:29.976Z,true,false,false,false,10T,Rectitud EC - SE 10,ASDASDW,FLECHASS

2026-02-24T15:24:43.057Z,true,false,false,false,9T,Rectitud EC - SE 09,ASDASDW,FLECHASS

2026-02-24T15:24:57.110Z,true,false,false,false,8T,Rectitud EC - SE 08,ASDASDW,FLECHASS

2026-02-24T15:25:10.177Z,true,false,false,false,7T,Rectitud EC - SE 07,ASDASDW,FLECHASS

2026-02-24T15:25:24.287Z,true,false,false,false,6T,Rectitud EC - SE 06,ASDASDW,FLECHASS

2026-02-24T15:25:37.373Z,true,false,false,false,5T,Rectitud EC - SE 05,ASDASDW,FLECHASS

2026-02-24T15:25:51.451Z,true,false,false,false,4T,Rectitud EC - SE 04,ASDASDW,FLECHASS

2026-02-24T15:26:04.560Z,true,false,false,false,3T,Rectitud EC - SE 03,ASDASDW,FLECHASS

2026-02-24T15:26:17.628Z,true,false,false,false,2T,Rectitud EC - SE 02,ASDASDW,FLECHASS

2026-02-24T15:26:31.713Z,true,false,false,false,1T,Rectitud EC - SE 01,ASDASDW,FLECHASS

2026-02-24T15:26:44.808Z,true,false,false,false,tesF,PURGA DE FOTO FRONTAL,ASDASDW,FLECHASS

2026-02-24T15:27:33.143Z,true,false,false,false,194F,Distancia entre SE - Perpendicularidad SE,ASDASDW,FLECHASS

2026-02-24T15:27:49.258Z,true,false,false,false,195F,Distancia entre SE - Perpendicularidad SE,ASDASDW,FLECHASS

2026-02-24T15:28:04.362Z,true,false,false,false,196F,Distancia entre SE - Perpendicularidad SE,ASDASDW,FLECHASS

2026-02-24T15:28:19.429Z,true,false,false,false,197F,Distancia entre SE - Perpendicularidad SE,ASDASDW,FLECHASS

2026-02-24T15:28:31.467Z,true,false,false,false,198F,Distancia entre SE - Perpendicularidad SE,ASDASDW,FLECHASS

2026-02-24T15:28:50.582Z,true,false,false,false,199F,Distancia entre SE - Perpendicularidad SE,ASDASDW,FLECHASS

2026-02-24T15:29:42.918Z,true,false,false,false,201F,Distancia entre SE - Perpendicularidad SE,ASDASDW,FLECHASS

2026-02-24T15:29:55.004Z,true,false,false,false,202F,Distancia entre SE - Perpendicularidad SE,ASDASDW,FLECHASS

2026-02-24T15:30:07.078Z,true,false,false,false,203F,Distancia entre SE - Perpendicularidad SE,ASDASDW,FLECHASS

2026-02-24T15:30:18.131Z,true,false,false,false,0T,Rectitud EC PP,ASDASDW,FLECHASS

2026-02-24T15:34:09.901Z,true,false,false,false,001F,Distancia entre SE y PP,ASDASDW,FLECHASS

2026-02-24T15:34:59.267Z,true,false,false,false,210F,Distancia entre SE y PP,ASDASDW,FLECHASS

2026-02-24T15:35:17.358Z,true,false,false,false,002F,Distancia entre SE y PP,ASDASDW,FLECHASS

2026-02-24T15:35:33.567Z,true,false,false,false,211F,Distancia entre SE y PP,ASDASDW,FLECHASS

2026-02-24T15:35:55.600Z,true,false,false,false,003F,Distancia entre SE y PP,ASDASDW,FLECHASS

2026-02-24T15:36:23.820Z,true,false,false,false,199F,Distancia entre SE y PP,ASDASDW,FLECHASS

2026-02-24T15:36:40.934Z,true,false,false,false,,,ASDASDW,FLECHASS

2026-02-24T15:37:45.368Z,false,false,false,true,,,ASDASDW,FLECHASS

2026-02-24T15:37:48.393Z,false,false,false,false,,,ASDASDW,FLECHASS

2026-02-24T17:18:23.323Z,true,false,false,false,,,EEE2,Filmadora1

2026-02-24T17:18:44.513Z,true,false,false,false,240C,Posicionamiento separador 13,EEE2,Filmadora1

2026-02-24T17:19:12.755Z,true,false,false,false,241C,Separador 13,EEE2,Filmadora1

2026-02-24T17:19:32.993Z,true,false,false,false,242C,Posicionamiento separador 12,EEE2,Filmadora1

2026-02-24T17:19:36.020Z,true,false,false,false,243C,Separador 12,EEE2,Filmadora1

2026-02-24T17:19:57.132Z,true,false,false,false,244C,Posicionamiento separador 11,EEE2,Filmadora1

2026-02-24T17:20:01.192Z,true,false,false,false,245C,Separador 11,EEE2,Filmadora1

2026-02-24T17:20:21.326Z,true,false,false,false,246C,Posicionamiento separador 10,EEE2,Filmadora1

2026-02-24T17:20:25.346Z,true,false,false,false,247C,Separador 10,EEE2,Filmadora1

2026-02-24T17:20:46.510Z,true,false,false,false,248C,Posicionamiento separador 9,EEE2,Filmadora1

2026-02-24T17:20:51.533Z,true,false,false,false,249C,Separador 9,EEE2,Filmadora1

2026-02-24T17:21:11.713Z,true,false,false,false,250C,Posicionamiento separador 8,EEE2,Filmadora1

2026-02-24T17:21:16.739Z,true,false,false,false,251C,Separador 8,EEE2,Filmadora1

2026-02-24T17:21:36.898Z,true,false,false,false,252C,Posicionamiento separador 7,EEE2,Filmadora1

2026-02-24T17:21:41.998Z,true,false,false,false,253C,Separador 7,EEE2,Filmadora1

2026-02-24T17:22:03.122Z,true,false,false,false,254C,Posicionamiento separador 6,EEE2,Filmadora1

2026-02-24T17:22:07.143Z,true,false,false,false,255C,Separador 6,EEE2,Filmadora1

2026-02-24T17:22:28.331Z,true,false,false,false,256C,Posicionamiento separador 5,EEE2,Filmadora1

2026-02-24T17:22:32.349Z,true,false,false,false,257C,Separador 5,EEE2,Filmadora1

2026-02-24T17:22:53.507Z,true,false,false,false,258C,Posicionamiento separador 4,EEE2,Filmadora1

2026-02-24T17:22:58.546Z,true,false,false,false,259C,Separador 4,EEE2,Filmadora1

2026-02-24T17:23:18.747Z,true,false,false,false,260C,Posicionamiento separador 3,EEE2,Filmadora1

2026-02-24T17:23:23.781Z,true,false,false,false,261C,Separador 3,EEE2,Filmadora1

2026-02-24T17:23:43.995Z,true,false,false,false,262C,Posicionamiento separador 2,EEE2,Filmadora1

2026-02-24T17:23:49.001Z,true,false,false,false,263C,Separador 2,EEE2,Filmadora1

2026-02-24T17:24:10.118Z,true,false,false,false,264C,Posicionamiento separador 1,EEE2,Filmadora1

2026-02-24T17:24:14.154Z,true,false,false,false,265C,Separador 1,EEE2,Filmadora1

2026-02-24T17:24:35.393Z,true,false,false,false,266C,Posicionamiento placa portante,EEE2,Filmadora1

2026-02-24T17:24:40.416Z,true,false,false,false,267C,Placa portante,EEE2,Filmadora1

2026-02-24T17:25:00.593Z,true,false,false,false,,,EEE2,Filmadora1

2026-02-24T17:26:06.246Z,false,false,false,true,,,EEE2,Filmadora1

2026-02-24T17:29:40.056Z,false,false,false,false,,,EEE2,Filmadora1

2026-02-24T18:20:54.619Z,true,false,false,false,,,RRR1,FLECHA4

2026-02-24T18:21:23.816Z,true,false,false,false,,,TTT4,FLECHA5

2026-02-24T18:21:52.037Z,true,false,false,false,13T,Rectitud EC - SE 13,TTT4,FLECHA5

2026-02-24T18:22:18.160Z,true,false,false,false,12T,Rectitud EC - SE 12,TTT4,FLECHA5

2026-02-24T18:22:29.226Z,true,false,false,false,11T,Rectitud EC - SE 11,TTT4,FLECHA5

2026-02-24T18:22:42.305Z,true,false,false,false,10T,Rectitud EC - SE 10,TTT4,FLECHA5

2026-02-24T18:22:55.399Z,true,false,false,false,9T,Rectitud EC - SE 09,TTT4,FLECHA5

2026-02-24T18:23:09.463Z,true,false,false,false,8T,Rectitud EC - SE 08,TTT4,FLECHA5

2026-02-24T18:23:22.541Z,true,false,false,false,7T,Rectitud EC - SE 07,TTT4,FLECHA5

2026-02-24T18:23:35.619Z,true,false,false,false,6T,Rectitud EC - SE 06,TTT4,FLECHA5

2026-02-24T18:23:49.699Z,true,false,false,false,5T,Rectitud EC - SE 05,TTT4,FLECHA5

2026-02-24T18:24:02.744Z,true,false,false,false,4T,Rectitud EC - SE 04,TTT4,FLECHA5

2026-02-24T18:24:16.835Z,true,false,false,false,3T,Rectitud EC - SE 03,TTT4,FLECHA5

2026-02-24T18:24:29.904Z,true,false,false,false,2T,Rectitud EC - SE 02,TTT4,FLECHA5

2026-02-24T18:24:44.019Z,true,false,false,false,1T,Rectitud EC - SE 01,TTT4,FLECHA5

2026-02-24T18:25:09.119Z,true,false,false,false,tesF,PURGA DE FOTO FRONTAL,TTT4,FLECHA5

2026-02-24T18:28:22.224Z,true,false,false,false,194F,Distancia entre SE - Perpendicularidad SE,TTT4,FLECHA5

2026-02-24T18:30:08.853Z,true,false,false,false,195F,Distancia entre SE - Perpendicularidad SE,TTT4,FLECHA5

2026-02-24T18:35:33.818Z,true,false,false,false,196F,Distancia entre SE - Perpendicularidad SE,TTT4,FLECHA5

2026-02-24T18:37:27.376Z,true,false,false,false,197F,Distancia entre SE - Perpendicularidad SE,TTT4,FLECHA5

2026-02-24T18:39:29.076Z,true,false,false,false,198F,Distancia entre SE - Perpendicularidad SE,TTT4,FLECHA5

2026-02-24T18:39:42.178Z,true,false,false,false,199F,Distancia entre SE - Perpendicularidad SE,TTT4,FLECHA5

2026-02-24T18:39:53.239Z,true,false,false,false,201F,Distancia entre SE - Perpendicularidad SE,TTT4,FLECHA5

2026-02-24T18:40:06.335Z,true,false,false,false,202F,Distancia entre SE - Perpendicularidad SE,TTT4,FLECHA5

2026-02-24T18:40:18.418Z,true,false,false,false,203F,Distancia entre SE - Perpendicularidad SE,TTT4,FLECHA5

2026-02-24T18:40:29.469Z,true,false,false,false,0T,Rectitud EC PP,TTT4,FLECHA5

2026-02-24T18:40:44.551Z,true,false,false,false,001F,Distancia entre SE y PP,TTT4,FLECHA5

2026-02-24T18:46:32.612Z,true,false,false,false,210F,Distancia entre SE y PP,TTT4,FLECHA5

2026-02-24T18:49:55.778Z,true,false,false,false,002F,Distancia entre SE y PP,TTT4,FLECHA5

2026-02-24T18:51:36.378Z,true,false,false,false,211F,Distancia entre SE y PP,TTT4,FLECHA5

2026-02-24T18:53:29.030Z,true,false,false,false,003F,Distancia entre SE y PP,TTT4,FLECHA5

2026-02-25T12:06:17.065Z,false,false,false,false,,,-,-

2026-02-25T12:06:26.160Z,false,false,false,false,,,DDD,DDD

2026-02-25T14:02:40.474Z,false,false,false,false,,,-,-

2026-02-25T14:03:04.627Z,false,false,false,false,,,DDD,DDD

2026-02-25T14:26:47.141Z,false,false,false,false,,,-,-

2026-02-25T14:26:56.260Z,false,false,false,false,,,DDD,DDD

2026-02-25T14:32:01.458Z,false,false,false,false,,,-,-

2026-02-25T14:32:11.585Z,false,false,false,false,,,DDD,DDD

2026-02-25T14:46:01.204Z,false,false,false,false,,,-,-

2026-02-25T14:47:46.246Z,false,false,false,false,,,DDD,DDD

2026-02-25T14:55:45.313Z,false,false,false,false,,,-,-

2026-02-25T14:56:18.568Z,false,false,false,false,,,DDD,DDD

2026-02-25T17:40:13.543Z,false,false,false,false,,,-,-

2026-02-25T17:40:22.647Z,false,false,false,false,,,DDD,DDD

2026-02-25T17:49:59.592Z,false,false,false,false,,,-,-

2026-02-25T17:51:06.282Z,false,false,false,false,,,DDD,DDD

2026-02-25T17:55:53.105Z,false,false,false,false,,,-,-

2026-02-25T18:00:26.024Z,false,false,false,false,,,DDD,DDD

2026-02-25T20:54:49.407Z,false,false,false,false,,,-,-

2026-02-25T20:55:36.919Z,false,false,false,false,,,DDD,DDD

2026-02-25T21:26:33.922Z,false,false,false,false,,,-,-

2026-02-25T21:27:19.426Z,false,false,false,false,,,DDD,DDD

2026-02-27T03:10:40.756Z,true,false,false,false,211F,Distancia entre SE y PP,TTTTTT,FLECHA26

2026-02-27T12:27:37.602Z,true,false,true,false,,,TTTTTT,FLECHA26

2026-02-27T12:28:06.856Z,false,false,false,true,,,TTTTTT,FLECHA26

2026-02-27T12:29:36.484Z,false,false,false,false,,,TTTTTT,FLECHA26

2026-02-27T12:52:48.196Z,true,false,false,false,,,hggh,tbrfbytf

2026-02-27T12:54:45.989Z,true,false,false,false,13T,Rectitud EC - SE 13,hggh,tbrfbytf

2026-02-27T12:55:13.196Z,true,false,false,false,12T,Rectitud EC - SE 12,hggh,tbrfbytf

2026-02-27T12:55:26.296Z,true,false,false,false,11T,Rectitud EC - SE 11,hggh,tbrfbytf

2026-02-27T12:55:40.418Z,true,false,false,false,10T,Rectitud EC - SE 10,hggh,tbrfbytf

2026-02-27T12:55:54.502Z,true,false,false,false,9T,Rectitud EC - SE 09,hggh,tbrfbytf

2026-02-27T12:56:09.593Z,true,false,false,false,8T,Rectitud EC - SE 08,hggh,tbrfbytf

2026-02-27T12:56:24.716Z,true,false,false,false,7T,Rectitud EC - SE 07,hggh,tbrfbytf

2026-02-27T12:56:39.832Z,true,false,false,false,6T,Rectitud EC - SE 06,hggh,tbrfbytf

2026-02-27T12:56:54.934Z,true,false,false,false,5T,Rectitud EC - SE 05,hggh,tbrfbytf

2026-02-27T12:57:09.983Z,true,false,false,false,4T,Rectitud EC - SE 04,hggh,tbrfbytf

2026-02-27T12:57:25.074Z,true,false,false,false,3T,Rectitud EC - SE 03,hggh,tbrfbytf

2026-02-27T12:57:40.143Z,true,false,false,false,2T,Rectitud EC - SE 02,hggh,tbrfbytf

2026-02-27T12:57:55.240Z,true,false,false,false,1T,Rectitud EC - SE 01,hggh,tbrfbytf

2026-02-27T12:58:10.339Z,true,false,false,false,tesF,PURGA DE FOTO FRONTAL,hggh,tbrfbytf

2026-02-27T13:00:47.432Z,true,false,false,false,194F,Distancia entre SE - Perpendicularidad SE,hggh,tbrfbytf

2026-02-27T13:04:40.089Z,true,false,false,false,195F,Distancia entre SE - Perpendicularidad SE,hggh,tbrfbytf

2026-02-27T13:07:13.032Z,true,false,false,false,196F,Distancia entre SE - Perpendicularidad SE,hggh,tbrfbytf

2026-02-27T13:07:51.275Z,true,false,false,false,197F,Distancia entre SE - Perpendicularidad SE,hggh,tbrfbytf

2026-02-27T13:08:52.725Z,true,false,false,false,198F,Distancia entre SE - Perpendicularidad SE,hggh,tbrfbytf

2026-02-27T13:09:05.797Z,true,false,false,false,199F,Distancia entre SE - Perpendicularidad SE,hggh,tbrfbytf

2026-02-27T13:09:18.916Z,true,false,false,false,201F,Distancia entre SE - Perpendicularidad SE,hggh,tbrfbytf

2026-02-27T13:09:32.990Z,true,false,false,false,202F,Distancia entre SE - Perpendicularidad SE,hggh,tbrfbytf

2026-02-27T13:09:45.090Z,true,false,false,false,203F,Distancia entre SE - Perpendicularidad SE,hggh,tbrfbytf

2026-02-27T13:09:57.144Z,true,false,false,false,0T,Rectitud EC PP,hggh,tbrfbytf

2026-02-27T13:10:14.278Z,true,false,false,false,001F,Distancia entre SE y PP,hggh,tbrfbytf

2026-02-27T13:12:35.178Z,true,false,false,false,210F,Distancia entre SE y PP,hggh,tbrfbytf

2026-02-27T13:12:47.291Z,true,false,false,false,002F,Distancia entre SE y PP,hggh,tbrfbytf

2026-02-27T13:13:02.458Z,true,false,false,false,211F,Distancia entre SE y PP,hggh,tbrfbytf

2026-02-27T13:14:57.174Z,true,false,false,false,003F,Distancia entre SE y PP,hggh,tbrfbytf

2026-02-27T13:15:10.272Z,true,false,false,false,199F,Distancia entre SE y PP,hggh,tbrfbytf

2026-02-27T13:15:23.339Z,true,false,false,false,,,hggh,tbrfbytf

2026-02-27T13:16:38.887Z,false,false,false,true,,,hggh,tbrfbytf

2026-02-27T13:16:45.996Z,false,false,false,false,,,hggh,tbrfbytf

2026-02-27T16:54:19.302Z,true,false,false,false,,,fikfy,fdghfg

2026-02-27T16:56:53.373Z,true,false,false,false,13T,Rectitud EC - SE 13,fikfy,fdghfg

2026-02-27T16:58:20.838Z,true,false,true,false,,,fikfy,fdghfg

2026-02-27T17:21:14.612Z,false,false,false,true,,,fikfy,fdghfg

2026-02-27T17:21:18.637Z,false,false,false,false,,,fikfy,fdghfg

2026-02-27T17:27:26.336Z,true,false,false,false,,,dfgdfg,werwe

2026-02-27T17:27:39.539Z,true,false,false,false,13T,Rectitud EC - SE 13,dfgdfg,werwe

2026-02-27T17:28:06.766Z,true,false,false,false,12T,Rectitud EC - SE 12,dfgdfg,werwe

2026-02-27T17:28:18.895Z,true,false,false,false,11T,Rectitud EC - SE 11,dfgdfg,werwe

2026-02-27T17:28:33.049Z,true,false,false,false,10T,Rectitud EC - SE 10,dfgdfg,werwe

2026-02-27T17:28:47.242Z,true,false,false,false,9T,Rectitud EC - SE 09,dfgdfg,werwe

2026-02-27T17:29:02.422Z,true,false,false,false,8T,Rectitud EC - SE 08,dfgdfg,werwe

2026-02-27T17:29:17.600Z,true,false,false,false,7T,Rectitud EC - SE 07,dfgdfg,werwe

2026-02-27T17:29:32.707Z,true,false,false,false,6T,Rectitud EC - SE 06,dfgdfg,werwe

2026-02-27T17:29:47.837Z,true,false,false,false,5T,Rectitud EC - SE 05,dfgdfg,werwe

2026-02-27T17:30:02.966Z,true,false,false,false,4T,Rectitud EC - SE 04,dfgdfg,werwe

2026-02-27T17:30:18.105Z,true,false,false,false,3T,Rectitud EC - SE 03,dfgdfg,werwe

2026-02-27T17:30:33.233Z,true,false,false,false,2T,Rectitud EC - SE 02,dfgdfg,werwe

2026-02-27T17:30:48.376Z,true,false,false,false,1T,Rectitud EC - SE 01,dfgdfg,werwe

2026-02-27T17:31:02.530Z,true,false,false,false,tesF,PURGA DE FOTO FRONTAL,dfgdfg,werwe

2026-02-27T17:33:30.995Z,true,false,false,false,194F,Distancia entre SE - Perpendicularidad SE,dfgdfg,werwe

2026-02-27T17:34:09.334Z,true,false,false,false,195F,Distancia entre SE - Perpendicularidad SE,dfgdfg,werwe

2026-02-27T17:34:24.448Z,true,false,false,false,196F,Distancia entre SE - Perpendicularidad SE,dfgdfg,werwe

2026-02-27T17:34:37.564Z,true,false,false,false,197F,Distancia entre SE - Perpendicularidad SE,dfgdfg,werwe

2026-02-27T17:34:49.638Z,true,false,false,false,198F,Distancia entre SE - Perpendicularidad SE,dfgdfg,werwe

2026-02-27T17:35:04.748Z,true,false,false,false,199F,Distancia entre SE - Perpendicularidad SE,dfgdfg,werwe

2026-02-27T17:35:42.155Z,true,false,false,false,201F,Distancia entre SE - Perpendicularidad SE,dfgdfg,werwe

2026-02-27T17:35:56.246Z,true,false,false,false,202F,Distancia entre SE - Perpendicularidad SE,dfgdfg,werwe

2026-02-27T17:36:08.366Z,true,false,false,false,203F,Distancia entre SE - Perpendicularidad SE,dfgdfg,werwe

2026-02-27T17:36:20.536Z,true,false,false,false,0T,Rectitud EC PP,dfgdfg,werwe

2026-02-27T17:36:37.662Z,true,false,false,false,001F,Distancia entre SE y PP,dfgdfg,werwe

2026-02-27T17:39:10.115Z,true,false,false,false,210F,Distancia entre SE y PP,dfgdfg,werwe

2026-02-27T17:41:02.290Z,true,false,false,false,002F,Distancia entre SE y PP,dfgdfg,werwe

2026-02-27T17:42:18.069Z,true,false,false,false,211F,Distancia entre SE y PP,dfgdfg,werwe

2026-02-27T17:44:09.189Z,true,false,true,false,,,dfgdfg,werwe

2026-02-27T17:44:57.699Z,false,false,false,true,,,dfgdfg,werwe

2026-02-27T17:45:21.974Z,false,false,false,false,,,dfgdfg,werwe

2026-02-27T16:02:24Z,true,false,false,false,,,E07831,PRUEBACOMP

2026-02-27T16:02:24Z,true,false,false,false,001F,,E07831,PRUEBACOMP

2026-02-27T16:04:38Z,true,false,false,false,002F,,E07831,PRUEBACOMP

2026-02-27T16:07:35Z,true,false,false,false,003F,,E07831,PRUEBACOMP

2026-02-27T16:07:35Z,true,false,false,false,003F,,E07831,PRUEBACOMP

2026-02-27T15:44:38Z,true,false,false,false,100L,,E07831,PRUEBACOMP

2026-02-27T15:44:47Z,true,false,false,false,101L,,E07831,PRUEBACOMP

2026-02-27T15:44:56Z,true,false,false,false,102L,,E07831,PRUEBACOMP

2026-02-27T15:45:05Z,true,false,false,false,103L,,E07831,PRUEBACOMP

2026-02-27T15:45:21Z,true,false,false,false,104F,,E07831,PRUEBACOMP

2026-02-27T15:45:28Z,true,false,false,false,105F,,E07831,PRUEBACOMP

2026-02-27T15:45:35Z,true,false,false,false,106F,,E07831,PRUEBACOMP

2026-02-27T15:45:42Z,true,false,false,false,107F,,E07831,PRUEBACOMP

2026-02-27T15:45:49Z,true,false,false,false,108F,,E07831,PRUEBACOMP

2026-02-27T15:45:56Z,true,false,false,false,109F,,E07831,PRUEBACOMP

2026-02-27T15:23:22Z,true,false,false,false,10F,,E07831,PRUEBACOMP

2026-02-27T15:46:04Z,true,false,false,false,111F,,E07831,PRUEBACOMP

2026-02-27T15:46:10Z,true,false,false,false,112F,,E07831,PRUEBACOMP

2026-02-27T15:46:16Z,true,false,false,false,113F,,E07831,PRUEBACOMP

2026-02-27T15:46:43Z,true,false,false,false,114L,,E07831,PRUEBACOMP

2026-02-27T15:46:51Z,true,false,false,false,115L,,E07831,PRUEBACOMP

2026-02-27T15:47:00Z,true,false,false,false,116L,,E07831,PRUEBACOMP

2026-02-27T15:47:09Z,true,false,false,false,117L,,E07831,PRUEBACOMP

2026-02-27T15:47:18Z,true,false,false,false,118L,,E07831,PRUEBACOMP

2026-02-27T15:47:34Z,true,false,false,false,119F,,E07831,PRUEBACOMP

2026-02-27T15:23:34Z,true,false,false,false,11F,,E07831,PRUEBACOMP

2026-02-27T15:47:41Z,true,false,false,false,120F,,E07831,PRUEBACOMP

2026-02-27T15:47:41Z,true,false,false,false,120F,,E07831,PRUEBACOMP

2026-02-27T15:47:55Z,true,false,false,false,122F,,E07831,PRUEBACOMP

2026-02-27T15:48:02Z,true,false,false,false,123F,,E07831,PRUEBACOMP

2026-02-27T15:48:09Z,true,false,false,false,124F,,E07831,PRUEBACOMP

2026-02-27T15:48:16Z,true,false,false,false,126F,,E07831,PRUEBACOMP

2026-02-27T15:48:23Z,true,false,false,false,127F,,E07831,PRUEBACOMP

2026-02-27T15:48:29Z,true,false,false,false,128F,,E07831,PRUEBACOMP

2026-02-27T15:48:29Z,true,false,false,false,128F,,E07831,PRUEBACOMP

2026-02-27T15:48:55Z,true,false,false,false,129L,,E07831,PRUEBACOMP

2026-02-27T15:23:46Z,true,false,false,false,12F,,E07831,PRUEBACOMP

2026-02-27T15:49:03Z,true,false,false,false,130L,,E07831,PRUEBACOMP

2026-02-27T15:49:12Z,true,false,false,false,131L,,E07831,PRUEBACOMP

2026-02-27T15:49:22Z,true,false,false,false,132L,,E07831,PRUEBACOMP

2026-02-27T15:49:31Z,true,false,false,false,133L,,E07831,PRUEBACOMP

2026-02-27T15:49:47Z,true,false,false,false,134F,,E07831,PRUEBACOMP

2026-02-27T15:49:54Z,true,false,false,false,135F,,E07831,PRUEBACOMP

2026-02-27T15:50:01Z,true,false,false,false,136F,,E07831,PRUEBACOMP

2026-02-27T15:50:08Z,true,false,false,false,137F,,E07831,PRUEBACOMP

2026-02-27T15:50:15Z,true,false,false,false,138F,,E07831,PRUEBACOMP

2026-02-27T15:50:15Z,true,false,false,false,138F,,E07831,PRUEBACOMP

2026-02-27T15:24:12Z,true,false,false,false,13L,,E07831,PRUEBACOMP

2026-02-27T15:50:29Z,true,false,false,false,141F,,E07831,PRUEBACOMP

2026-02-27T15:50:36Z,true,false,false,false,142F,,E07831,PRUEBACOMP

2026-02-27T15:50:42Z,true,false,false,false,143F,,E07831,PRUEBACOMP

2026-02-27T15:51:08Z,true,false,false,false,144L,,E07831,PRUEBACOMP

2026-02-27T15:51:16Z,true,false,false,false,145L,,E07831,PRUEBACOMP

2026-02-27T15:51:25Z,true,false,false,false,146L,,E07831,PRUEBACOMP

2026-02-27T15:51:34Z,true,false,false,false,147L,,E07831,PRUEBACOMP

2026-02-27T15:51:43Z,true,false,false,false,148L,,E07831,PRUEBACOMP

2026-02-27T15:51:59Z,true,false,false,false,149F,,E07831,PRUEBACOMP

2026-02-27T15:24:26Z,true,false,false,false,14L,,E07831,PRUEBACOMP

2026-02-27T15:25:58Z,true,false,false,false,14L,,E07831,PRUEBACOMP

2026-02-27T15:52:07Z,true,false,false,false,150F,,E07831,PRUEBACOMP

2026-02-27T15:52:14Z,true,false,false,false,151F,,E07831,PRUEBACOMP

2026-02-27T15:52:21Z,true,false,false,false,152F,,E07831,PRUEBACOMP

2026-02-27T15:52:28Z,true,false,false,false,153F,,E07831,PRUEBACOMP

2026-02-27T15:52:34Z,true,false,false,false,154F,,E07831,PRUEBACOMP

2026-02-27T15:52:42Z,true,false,false,false,156F,,E07831,PRUEBACOMP

2026-02-27T15:52:48Z,true,false,false,false,157F,,E07831,PRUEBACOMP

2026-02-27T15:52:55Z,true,false,false,false,158F,,E07831,PRUEBACOMP

2026-02-27T15:53:21Z,true,false,false,false,159L,,E07831,PRUEBACOMP

2026-02-27T15:26:41Z,true,false,false,false,15L,,E07831,PRUEBACOMP

2026-02-27T15:53:29Z,true,false,false,false,160L,,E07831,PRUEBACOMP

2026-02-27T15:53:38Z,true,false,false,false,161L,,E07831,PRUEBACOMP

2026-02-27T15:53:47Z,true,false,false,false,162L,,E07831,PRUEBACOMP

2026-02-27T15:53:56Z,true,false,false,false,163L,,E07831,PRUEBACOMP

2026-02-27T15:54:12Z,true,false,false,false,164F,,E07831,PRUEBACOMP

2026-02-27T15:54:20Z,true,false,false,false,165F,,E07831,PRUEBACOMP

2026-02-27T15:54:27Z,true,false,false,false,166F,,E07831,PRUEBACOMP

2026-02-27T15:54:33Z,true,false,false,false,167F,,E07831,PRUEBACOMP

2026-02-27T15:54:41Z,true,false,false,false,168F,,E07831,PRUEBACOMP

2026-02-27T15:54:41Z,true,false,false,false,168F,,E07831,PRUEBACOMP

2026-02-27T15:26:54Z,true,false,false,false,16L,,E07831,PRUEBACOMP

2026-02-27T15:54:55Z,true,false,false,false,171F,,E07831,PRUEBACOMP

2026-02-27T15:55:01Z,true,false,false,false,172F,,E07831,PRUEBACOMP

2026-02-27T15:55:08Z,true,false,false,false,173F,,E07831,PRUEBACOMP

2026-02-27T15:56:22Z,true,false,false,false,174L,,E07831,PRUEBACOMP

2026-02-27T15:56:22Z,true,false,false,false,174L,,E07831,PRUEBACOMP

2026-02-27T15:56:39Z,true,false,false,false,176L,,E07831,PRUEBACOMP

2026-02-27T15:56:48Z,true,false,false,false,177L,,E07831,PRUEBACOMP

2026-02-27T15:56:57Z,true,false,false,false,178L,,E07831,PRUEBACOMP

2026-02-27T15:57:13Z,true,false,false,false,179F,,E07831,PRUEBACOMP

2026-02-27T15:27:09Z,true,false,false,false,17L,,E07831,PRUEBACOMP

2026-02-27T15:57:21Z,true,false,false,false,180F,,E07831,PRUEBACOMP

2026-02-27T15:57:28Z,true,false,false,false,181F,,E07831,PRUEBACOMP

2026-02-27T15:57:34Z,true,false,false,false,182F,,E07831,PRUEBACOMP

2026-02-27T15:57:42Z,true,false,false,false,183F,,E07831,PRUEBACOMP

2026-02-27T15:57:48Z,true,false,false,false,184F,,E07831,PRUEBACOMP

2026-02-27T15:57:56Z,true,false,false,false,186F,,E07831,PRUEBACOMP

2026-02-27T15:57:56Z,true,false,false,false,186F,,E07831,PRUEBACOMP

2026-02-27T15:58:09Z,true,false,false,false,188F,,E07831,PRUEBACOMP

2026-02-27T15:59:46Z,true,false,false,false,189L,,E07831,PRUEBACOMP

2026-02-27T15:27:22Z,true,false,false,false,18L,,E07831,PRUEBACOMP

2026-02-27T15:59:54Z,true,false,false,false,190L,,E07831,PRUEBACOMP

2026-02-27T16:00:03Z,true,false,false,false,191L,,E07831,PRUEBACOMP

2026-02-27T16:00:12Z,true,false,false,false,192L,,E07831,PRUEBACOMP

2026-02-27T16:00:21Z,true,false,false,false,193L,,E07831,PRUEBACOMP

2026-02-27T16:00:37Z,true,false,false,false,194F,,E07831,PRUEBACOMP

2026-02-27T16:00:37Z,true,false,false,false,194F,,E07831,PRUEBACOMP

2026-02-27T16:00:51Z,true,false,false,false,196F,,E07831,PRUEBACOMP

2026-02-27T16:00:58Z,true,false,false,false,197F,,E07831,PRUEBACOMP

2026-02-27T16:01:05Z,true,false,false,false,198F,,E07831,PRUEBACOMP

2026-02-27T16:01:30Z,true,false,false,false,199F,,E07831,PRUEBACOMP

2026-02-27T15:27:35Z,true,false,false,false,19L,,E07831,PRUEBACOMP

2026-02-27T15:12:42Z,true,false,false,false,1F,,E07831,PRUEBACOMP

2026-02-27T16:01:44Z,true,false,false,false,201F,,E07831,PRUEBACOMP

2026-02-27T16:01:44Z,true,false,false,false,201F,,E07831,PRUEBACOMP

2026-02-27T16:01:56Z,true,false,false,false,202F,,E07831,PRUEBACOMP

2026-02-27T16:02:08Z,true,false,false,false,203F,,E07831,PRUEBACOMP

2026-02-27T16:04:22Z,true,false,false,false,210F,,E07831,PRUEBACOMP

2026-02-27T16:06:44Z,true,false,false,false,211F,,E07831,PRUEBACOMP

2026-02-27T16:08:07Z,true,false,false,false,212L,,E07831,PRUEBACOMP

2026-02-27T16:08:29Z,true,false,false,false,213L,,E07831,PRUEBACOMP

2026-02-27T16:08:47Z,true,false,false,false,214L,,E07831,PRUEBACOMP

2026-02-27T16:08:47Z,true,false,false,false,214L,,E07831,PRUEBACOMP

2026-02-27T16:15:43Z,true,false,false,false,216L,,E07831,PRUEBACOMP

2026-02-27T16:16:37Z,true,false,false,false,216L,,E07831,PRUEBACOMP

2026-02-27T16:17:17Z,true,false,false,false,217L,,E07831,PRUEBACOMP

2026-02-27T16:17:44Z,true,false,false,false,218L,,E07831,PRUEBACOMP

2026-02-27T15:28:04Z,true,false,false,false,21F,,E07831,PRUEBACOMP

2026-02-27T16:19:39Z,true,false,false,false,222L,,E07831,PRUEBACOMP

2026-02-27T16:20:23Z,true,false,false,false,222L,,E07831,PRUEBACOMP

2026-02-27T16:20:38Z,true,false,false,false,223L,,E07831,PRUEBACOMP

2026-02-27T16:20:52Z,true,false,false,false,224L,,E07831,PRUEBACOMP

2026-02-27T16:21:06Z,true,false,false,false,225L,,E07831,PRUEBACOMP

2026-02-27T16:21:20Z,true,false,false,false,226L,,E07831,PRUEBACOMP

2026-02-27T16:21:34Z,true,false,false,false,227L,,E07831,PRUEBACOMP

2026-02-27T16:22:10Z,true,false,false,false,228L,,E07831,PRUEBACOMP

2026-02-27T16:22:43Z,true,false,false,false,228L,,E07831,PRUEBACOMP

2026-02-27T16:23:03Z,true,false,false,false,229L,,E07831,PRUEBACOMP

2026-02-27T15:28:21Z,true,false,false,false,22F,,E07831,PRUEBACOMP

2026-02-27T15:28:21Z,true,false,false,false,22F,,E07831,PRUEBACOMP

2026-02-27T16:23:17Z,true,false,false,false,230L,,E07831,PRUEBACOMP

2026-02-27T16:23:31Z,true,false,false,false,231L,,E07831,PRUEBACOMP

2026-02-27T16:23:45Z,true,false,false,false,232L,,E07831,PRUEBACOMP

2026-02-27T16:23:59Z,true,false,false,false,233L,,E07831,PRUEBACOMP

2026-02-27T15:28:38Z,true,false,false,false,23F,,E07831,PRUEBACOMP

2026-02-27T16:25:33Z,true,false,false,false,240F,,E07831,PRUEBACOMP

2026-02-27T16:25:52Z,true,false,false,false,241F,,E07831,PRUEBACOMP

2026-02-27T16:25:53Z,true,false,false,false,241F,,E07831,PRUEBACOMP

2026-02-27T16:26:15Z,true,false,false,false,242F,,E07831,PRUEBACOMP

2026-02-27T15:29:58Z,true,false,false,false,24L,,E07831,PRUEBACOMP

2026-02-27T15:30:53Z,true,false,false,false,25L,,E07831,PRUEBACOMP

2026-02-27T15:31:08Z,true,false,false,false,26L,,E07831,PRUEBACOMP

2026-02-27T15:31:23Z,true,false,false,false,27L,,E07831,PRUEBACOMP

2026-02-27T15:31:38Z,true,false,false,false,28L,,E07831,PRUEBACOMP

2026-02-27T15:31:38Z,true,false,false,false,28L,,E07831,PRUEBACOMP

2026-02-27T15:32:06Z,true,false,false,false,29F,,E07831,PRUEBACOMP

2026-02-27T15:21:53Z,true,false,false,false,2F,,E07831,PRUEBACOMP

2026-02-27T15:32:19Z,true,false,false,false,30F,,E07831,PRUEBACOMP

2026-02-27T15:32:20Z,true,false,false,false,30F,,E07831,PRUEBACOMP

2026-02-27T15:32:32Z,true,false,false,false,31F,,E07831,PRUEBACOMP

2026-02-27T15:32:45Z,true,false,false,false,32F,,E07831,PRUEBACOMP

2026-02-27T15:32:59Z,true,false,false,false,33F,,E07831,PRUEBACOMP

2026-02-27T15:33:05Z,true,false,false,false,34F,,E07831,PRUEBACOMP

2026-02-27T15:33:13Z,true,false,false,false,36F,,E07831,PRUEBACOMP

2026-02-27T15:33:19Z,true,false,false,false,37F,,E07831,PRUEBACOMP

2026-02-27T15:33:26Z,true,false,false,false,38F,,E07831,PRUEBACOMP

2026-02-27T15:33:52Z,true,false,false,false,39L,,E07831,PRUEBACOMP

2026-02-27T15:22:06Z,true,false,false,false,3F,,E07831,PRUEBACOMP

2026-02-27T15:22:06Z,true,false,false,false,3F,,E07831,PRUEBACOMP

2026-02-27T15:34:00Z,true,false,false,false,40L,,E07831,PRUEBACOMP

2026-02-27T15:34:09Z,true,false,false,false,41L,,E07831,PRUEBACOMP

2026-02-27T15:34:18Z,true,false,false,false,42L,,E07831,PRUEBACOMP

2026-02-27T15:34:27Z,true,false,false,false,43L,,E07831,PRUEBACOMP

2026-02-27T15:34:50Z,true,false,false,false,45F,,E07831,PRUEBACOMP

2026-02-27T15:34:57Z,true,false,false,false,46F,,E07831,PRUEBACOMP

2026-02-27T15:35:04Z,true,false,false,false,47F,,E07831,PRUEBACOMP

2026-02-27T15:35:11Z,true,false,false,false,48F,,E07831,PRUEBACOMP

2026-02-27T15:35:17Z,true,false,false,false,49F,,E07831,PRUEBACOMP

2026-02-27T15:22:19Z,true,false,false,false,4F,,E07831,PRUEBACOMP

2026-02-27T15:35:25Z,true,false,false,false,51F,,E07831,PRUEBACOMP

2026-02-27T15:35:32Z,true,false,false,false,52F,,E07831,PRUEBACOMP

2026-02-27T15:35:38Z,true,false,false,false,53F,,E07831,PRUEBACOMP

2026-02-27T15:36:04Z,true,false,false,false,54L,,E07831,PRUEBACOMP

2026-02-27T15:36:12Z,true,false,false,false,55L,,E07831,PRUEBACOMP

2026-02-27T15:36:21Z,true,false,false,false,56L,,E07831,PRUEBACOMP

2026-02-27T15:36:21Z,true,false,false,false,56L,,E07831,PRUEBACOMP

2026-02-27T15:36:39Z,true,false,false,false,58L,,E07831,PRUEBACOMP

2026-02-27T15:36:55Z,true,false,false,false,59F,,E07831,PRUEBACOMP

2026-02-27T15:36:55Z,true,false,false,false,59F,,E07831,PRUEBACOMP

2026-02-27T15:22:32Z,true,false,false,false,5F,,E07831,PRUEBACOMP

2026-02-27T15:37:09Z,true,false,false,false,61F,,E07831,PRUEBACOMP

2026-02-27T15:37:16Z,true,false,false,false,62F,,E07831,PRUEBACOMP

2026-02-27T15:37:23Z,true,false,false,false,63F,,E07831,PRUEBACOMP

2026-02-27T15:37:30Z,true,false,false,false,64F,,E07831,PRUEBACOMP

2026-02-27T15:37:38Z,true,false,false,false,66F,,E07831,PRUEBACOMP

2026-02-27T15:37:44Z,true,false,false,false,67F,,E07831,PRUEBACOMP

2026-02-27T15:37:50Z,true,false,false,false,68F,,E07831,PRUEBACOMP

2026-02-27T15:39:18Z,true,false,false,false,69L,,E07831,PRUEBACOMP

2026-02-27T15:22:43Z,true,false,false,false,6F,,E07831,PRUEBACOMP

2026-02-27T15:39:26Z,true,false,false,false,70L,,E07831,PRUEBACOMP

2026-02-27T15:39:35Z,true,false,false,false,71L,,E07831,PRUEBACOMP

2026-02-27T15:39:35Z,true,false,false,false,71L,,E07831,PRUEBACOMP

2026-02-27T15:39:53Z,true,false,false,false,73L,,E07831,PRUEBACOMP

2026-02-27T15:40:09Z,true,false,false,false,74F,,E07831,PRUEBACOMP

2026-02-27T15:40:16Z,true,false,false,false,75F,,E07831,PRUEBACOMP

2026-02-27T15:40:23Z,true,false,false,false,76F,,E07831,PRUEBACOMP

2026-02-27T15:40:30Z,true,false,false,false,77F,,E07831,PRUEBACOMP

2026-02-27T15:40:30Z,true,false,false,false,77F,,E07831,PRUEBACOMP

2026-02-27T15:40:44Z,true,false,false,false,79F,,E07831,PRUEBACOMP

2026-02-27T15:22:55Z,true,false,false,false,7F,,E07831,PRUEBACOMP

2026-02-27T15:40:52Z,true,false,false,false,81F,,E07831,PRUEBACOMP

2026-02-27T15:40:58Z,true,false,false,false,82F,,E07831,PRUEBACOMP

2026-02-27T15:40:58Z,true,false,false,false,82F,,E07831,PRUEBACOMP

2026-02-27T15:42:17Z,true,false,false,false,84L,,E07831,PRUEBACOMP

2026-02-27T15:42:25Z,true,false,false,false,85L,,E07831,PRUEBACOMP

2026-02-27T15:42:34Z,true,false,false,false,86L,,E07831,PRUEBACOMP

2026-02-27T15:42:43Z,true,false,false,false,87L,,E07831,PRUEBACOMP

2026-02-27T15:42:52Z,true,false,false,false,88L,,E07831,PRUEBACOMP

2026-02-27T15:43:16Z,true,false,false,false,90F,,E07831,PRUEBACOMP

2026-02-27T15:43:23Z,true,false,false,false,91F,,E07831,PRUEBACOMP

2026-02-27T15:43:29Z,true,false,false,false,92F,,E07831,PRUEBACOMP

2026-02-27T15:43:37Z,true,false,false,false,93F,,E07831,PRUEBACOMP

2026-02-27T15:43:43Z,true,false,false,false,94F,,E07831,PRUEBACOMP

2026-02-27T15:43:51Z,true,false,false,false,96F,,E07831,PRUEBACOMP

2026-02-27T15:43:57Z,true,false,false,false,97F,,E07831,PRUEBACOMP

2026-02-27T15:44:04Z,true,false,false,false,98F,,E07831,PRUEBACOMP

2026-02-27T15:44:30Z,true,false,false,false,99L,,E07831,PRUEBACOMP

2026-02-27T15:23:09Z,true,false,false,false,9F,,E07831,PRUEBACOMP

2026-02-27T15:11:39Z,true,false,false,false,tesF,,E07831,PRUEBACOMP

2026-02-27T15:27:51Z,true,false,false,false,tesF,,E07831,PRUEBACOMP

2026-02-27T15:31:54Z,true,false,false,false,tesF,,E07831,PRUEBACOMP

2026-02-27T15:34:36Z,true,false,false,false,tesF,,E07831,PRUEBACOMP

2026-02-27T15:34:36Z,true,false,false,false,tesF,,E07831,PRUEBACOMP

2026-02-27T15:36:49Z,true,false,false,false,tesF,,E07831,PRUEBACOMP

2026-02-27T15:40:03Z,true,false,false,false,tesF,,E07831,PRUEBACOMP

2026-02-27T15:43:02Z,true,false,false,false,tesF,,E07831,PRUEBACOMP

2026-02-27T15:43:02Z,true,false,false,false,tesF,,E07831,PRUEBACOMP

2026-02-27T15:45:15Z,true,false,false,false,tesF,,E07831,PRUEBACOMP

2026-02-27T15:47:27Z,true,false,false,false,tesF,,E07831,PRUEBACOMP

2026-02-27T15:49:40Z,true,false,false,false,tesF,,E07831,PRUEBACOMP

2026-02-27T15:51:53Z,true,false,false,false,tesF,,E07831,PRUEBACOMP

2026-02-27T15:54:06Z,true,false,false,false,tesF,,E07831,PRUEBACOMP

2026-02-27T15:57:07Z,true,false,false,false,tesF,,E07831,PRUEBACOMP

2026-02-27T16:00:31Z,true,false,false,false,tesF,,E07831,PRUEBACOMP

2026-02-27T16:24:13Z,true,false,false,false,tesF,,E07831,PRUEBACOMP

2026-02-27T16:26:26Z,true,false,false,false,tesF,,E07831,PRUEBACOMP

2026-02-27T15:24:02Z,true,false,false,false,tesL,,E07831,PRUEBACOMP

2026-02-27T15:29:07Z,true,false,false,false,tesL,,E07831,PRUEBACOMP

2026-02-27T15:33:45Z,true,false,false,false,tesL,,E07831,PRUEBACOMP

2026-02-27T15:35:58Z,true,false,false,false,tesL,,E07831,PRUEBACOMP

2026-02-27T15:42:11Z,true,false,false,false,tesL,,E07831,PRUEBACOMP

2026-02-27T15:44:24Z,true,false,false,false,tesL,,E07831,PRUEBACOMP

2026-02-27T15:46:36Z,true,false,false,false,tesL,,E07831,PRUEBACOMP

2026-02-27T15:48:49Z,true,false,false,false,tesL,,E07831,PRUEBACOMP

2026-02-27T15:51:02Z,true,false,false,false,tesL,,E07831,PRUEBACOMP

2026-02-27T15:53:15Z,true,false,false,false,tesL,,E07831,PRUEBACOMP

2026-02-27T15:56:16Z,true,false,false,false,tesL,,E07831,PRUEBACOMP

2026-02-27T15:59:39Z,true,false,false,false,tesL,,E07831,PRUEBACOMP

2026-02-27T16:07:51Z,true,false,false,false,tesL,,E07831,PRUEBACOMP

2026-02-27T16:09:04Z,true,false,false,false,tesL,,E07831,PRUEBACOMP

2026-02-27T16:09:51Z,true,false,false,false,tesL,,E07831,PRUEBACOMP

2026-02-27T16:10:26Z,true,false,false,false,tesL,,E07831,PRUEBACOMP

2026-02-27T16:11:15Z,true,false,false,false,tesL,,E07831,PRUEBACOMP

2026-02-27T16:11:37Z,true,false,false,false,tesL,,E07831,PRUEBACOMP

2026-02-27T16:12:06Z,true,false,false,false,tesL,,E07831,PRUEBACOMP

2026-02-27T16:12:17Z,true,false,false,false,tesL,,E07831,PRUEBACOMP

2026-02-27T16:15:03Z,true,false,false,false,tesL,,E07831,PRUEBACOMP

2026-02-27T16:15:12Z,true,false,false,false,tesL,,E07831,PRUEBACOMP

2026-02-27T16:18:04Z,true,false,false,false,tesL,,E07831,PRUEBACOMP

2026-02-27T16:18:58Z,true,false,false,false,tesL,,E07831,PRUEBACOMP

2026-02-27T16:21:49Z,true,false,false,false,tesL,,E07831,PRUEBACOMP

2026-02-27T16:21:49Z,false,false,false,true,,,E07831,PRUEBACOMP

2026-02-27T19:27:02.274Z,true,false,false,false,,,E07831,PRUEBACOMPLETA

2026-02-27T19:28:20.080Z,false,false,false,true,,,E07831,PRUEBACOMPLETA

2026-02-27T19:28:27.179Z,false,false,false,false,,,E07831,PRUEBACOMPLETA

2026-03-01T21:19:14.351Z,false,false,false,false,,,E07831,PRUEBACOMPLETA

2026-03-03T00:40:30.685Z,false,false,false,false,,,E07831,PRUEBACOMPLETA

2026-03-04T01:03:27.293Z,false,false,false,false,,,-,-

2026-03-04T01:03:37.391Z,false,false,false,false,,,DDD,DDD

2026-03-04T16:19:36.524Z,false,false,false,false,,,-,-

2026-03-04T16:20:04.822Z,false,false,false,false,,,DDD,DDD

2026-03-04T17:43:31.632Z,true,false,false,false,,,1443,04-03-26

2026-03-04T17:43:48.809Z,true,false,false,false,5.1,Posicion 1,1443,04-03-26

2026-03-04T17:43:53.844Z,true,false,false,false,AZ3-A,Zapata tipo I/II 4,1443,04-03-26

2026-03-04T17:43:54.840Z,true,false,false,false,AZ1-B,Zapata tipo I/II 1,1443,04-03-26

2026-03-04T17:43:55.852Z,true,false,false,false,tesF,PURGA DE FOTO FRONTAL,1443,04-03-26

2026-03-04T17:50:17.859Z,true,false,false,false,1F,PURGA DE FOTO FRONTAL,1443,04-03-26

2026-03-04T17:59:17.424Z,true,false,false,false,2F,PURGA DE FOTO FRONTAL,1443,04-03-26

2026-03-04T18:01:39.026Z,true,false,false,false,3F,Distancia entre SE - Perpendicularidad SE,1443,04-03-26

2026-03-04T18:02:53.813Z,true,false,false,false,4F,Distancia entre SE - Perpendicularidad SE,1443,04-03-26

2026-03-04T18:04:19.675Z,true,false,false,false,5F,Distancia entre SE - Perpendicularidad SE,1443,04-03-26

2026-03-04T18:05:35.385Z,true,false,false,false,6F,Distancia entre SE - Perpendicularidad SE,1443,04-03-26

2026-03-04T18:07:47.779Z,true,false,false,false,7F,Distancia entre SE - Perpendicularidad SE,1443,04-03-26

2026-03-04T18:08:03.936Z,true,false,false,false,9F,Distancia entre SE - Perpendicularidad SE,1443,04-03-26

2026-03-04T18:12:14.648Z,true,false,false,false,10F,Distancia entre SE - Perpendicularidad SE,1443,04-03-26

2026-03-04T18:13:33.338Z,true,false,false,false,11F,Distancia entre SE - Perpendicularidad SE,1443,04-03-26

2026-03-04T18:13:43.434Z,true,false,false,false,12F,Distancia entre SE - Perpendicularidad SE,1443,04-03-26

2026-03-04T18:13:59.651Z,true,false,false,false,tesL,PURGA DE FOTO LATERAL,1443,04-03-26

2026-03-04T18:16:47.327Z,true,false,false,false,13L,PURGA DE FOTO LATERAL,1443,04-03-26

2026-03-04T18:17:56.073Z,true,false,false,false,14L,PURGA DE FOTO LATERAL,1443,04-03-26

2026-03-04T18:18:19.346Z,true,false,false,false,15L,PURGA DE FOTO LATERAL,1443,04-03-26

2026-03-04T18:18:31.492Z,true,false,false,false,16L,PURGA DE FOTO LATERAL,1443,04-03-26

2026-03-04T18:18:45.653Z,true,false,false,false,17L,PURGA DE FOTO LATERAL,1443,04-03-26

2026-03-04T18:18:56.760Z,true,false,false,false,18L,PURGA DE FOTO LATERAL,1443,04-03-26

2026-03-04T18:19:04.845Z,true,false,false,false,19L,PURGA DE FOTO LATERAL,1443,04-03-26

2026-03-04T18:19:14.936Z,true,false,false,false,tesF,PURGA DE FOTO FRONTAL,1443,04-03-26

2026-03-04T18:19:35.138Z,true,false,false,false,21F,PURGA DE FOTO FRONTAL,1443,04-03-26

2026-03-04T18:19:46.256Z,true,false,false,false,22F,PURGA DE FOTO FRONTAL,1443,04-03-26

2026-03-04T18:19:58.382Z,true,false,false,false,23F,PURGA DE FOTO FRONTAL,1443,04-03-26

2026-03-04T18:20:11.511Z,true,false,false,false,12T,Rectitud EC,1443,04-03-26

2026-03-04T18:20:20.631Z,true,false,false,false,tesL,PURGA DE FOTO LATERAL,1443,04-03-26

2026-03-04T18:20:36.797Z,true,false,false,false,24L,PURGA DE FOTO LATERAL,1443,04-03-26

2026-03-04T18:20:53.976Z,true,false,false,false,25L,PURGA DE FOTO LATERAL,1443,04-03-26

2026-03-04T18:21:03.082Z,true,false,false,false,26L,PURGA DE FOTO LATERAL,1443,04-03-26

2026-03-04T18:21:14.244Z,true,false,false,false,27L,PURGA DE FOTO LATERAL,1443,04-03-26

2026-03-04T18:21:24.338Z,true,false,false,false,28L,PURGA DE FOTO LATERAL,1443,04-03-26

2026-03-04T18:22:13.842Z,true,false,false,false,tesF,PURGA DE FOTO FRONTAL,1443,04-03-26

2026-03-04T18:22:35.076Z,true,false,false,false,29F,Distancia entre SE - Perpendicularidad SE,1443,04-03-26

2026-03-04T18:22:52.287Z,true,false,false,false,30F,Distancia entre SE - Perpendicularidad SE,1443,04-03-26

2026-03-04T18:25:05.671Z,true,false,false,false,31F,Distancia entre SE - Perpendicularidad SE,1443,04-03-26

2026-03-04T18:25:20.838Z,true,false,false,false,32F,Distancia entre SE - Perpendicularidad SE,1443,04-03-26

2026-03-04T18:26:53.866Z,true,false,false,false,33F,Distancia entre SE - Perpendicularidad SE,1443,04-03-26

2026-03-04T18:27:11.072Z,true,false,false,false,34F,Distancia entre SE - Perpendicularidad SE,1443,04-03-26

2026-03-04T18:27:56.542Z,true,false,false,false,36F,Distancia entre SE - Perpendicularidad SE,1443,04-03-26

2026-03-04T18:28:43.059Z,true,false,false,false,37F,Distancia entre SE - Perpendicularidad SE,1443,04-03-26

2026-03-04T18:29:08.327Z,true,false,false,false,38F,Distancia entre SE - Perpendicularidad SE,1443,04-03-26

2026-03-04T18:31:09.688Z,true,false,false,false,11T,Rectitud EC,1443,04-03-26

2026-03-04T18:31:31.929Z,true,false,false,false,tesL,PURGA DE FOTO LATERAL,1443,04-03-26

2026-03-04T18:31:44.068Z,true,false,false,false,39L,PURGA DE FOTO LATERAL,1443,04-03-26

2026-03-04T18:31:51.133Z,true,false,false,false,40L,PURGA DE FOTO LATERAL,1443,04-03-26

2026-03-04T18:32:01.266Z,true,false,false,false,41L,PURGA DE FOTO LATERAL,1443,04-03-26

2026-03-04T18:32:11.384Z,true,false,false,false,42L,PURGA DE FOTO LATERAL,1443,04-03-26

2026-03-04T18:32:24.468Z,true,false,false,false,43L,PURGA DE FOTO LATERAL,1443,04-03-26

2026-03-04T18:32:34.634Z,true,false,false,false,tesF,PURGA DE FOTO FRONTAL,1443,04-03-26

2026-03-04T18:32:54.807Z,true,false,false,false,44F,Distancia entre SE - Perpendicularidad SE,1443,04-03-26

2026-03-04T18:33:19.054Z,true,false,false,false,45F,Distancia entre SE - Perpendicularidad SE,1443,04-03-26

2026-03-04T18:33:28.138Z,true,false,false,false,46F,Distancia entre SE - Perpendicularidad SE,1443,04-03-26

2026-03-04T18:33:40.292Z,true,false,false,false,47F,Distancia entre SE - Perpendicularidad SE,1443,04-03-26

2026-03-04T18:33:50.416Z,true,false,false,false,48F,Distancia entre SE - Perpendicularidad SE,1443,04-03-26

2026-03-04T18:33:59.517Z,true,false,false,false,49F,Distancia entre SE - Perpendicularidad SE,1443,04-03-26

2026-03-04T18:34:06.654Z,true,false,false,false,51F,Distancia entre SE - Perpendicularidad SE,1443,04-03-26

2026-03-04T18:34:17.746Z,true,false,false,false,52F,Distancia entre SE - Perpendicularidad SE,1443,04-03-26

2026-03-04T18:34:28.830Z,true,false,false,false,53F,Distancia entre SE - Perpendicularidad SE,1443,04-03-26

2026-03-04T18:34:40.954Z,true,false,false,false,10T,Rectitud EC,1443,04-03-26

2026-03-04T18:34:57.120Z,true,false,false,false,tesL,PURGA DE FOTO LATERAL,1443,04-03-26

2026-03-04T18:35:15.318Z,true,false,false,false,54L,PURGA DE FOTO LATERAL,1443,04-03-26

2026-03-04T18:35:22.401Z,true,false,false,false,55L,PURGA DE FOTO LATERAL,1443,04-03-26

2026-03-04T18:35:31.505Z,true,false,false,false,56L,PURGA DE FOTO LATERAL,1443,04-03-26

2026-03-04T18:35:41.647Z,true,false,false,false,57L,PURGA DE FOTO LATERAL,1443,04-03-26

2026-03-04T18:35:56.768Z,true,false,false,false,58L,PURGA DE FOTO LATERAL,1443,04-03-26

2026-03-04T18:36:07.928Z,true,false,false,false,tesF,PURGA DE FOTO FRONTAL,1443,04-03-26

2026-03-04T18:36:59.478Z,true,false,false,false,59F,Distancia entre SE - Perpendicularidad SE,1443,04-03-26

2026-03-04T18:37:12.633Z,true,false,false,false,60F,Distancia entre SE - Perpendicularidad SE,1443,04-03-26

2026-03-04T18:37:20.690Z,true,false,false,false,61F,Distancia entre SE - Perpendicularidad SE,1443,04-03-26

2026-03-04T18:37:38.870Z,true,false,false,false,62F,Distancia entre SE - Perpendicularidad SE,1443,04-03-26

2026-03-04T18:37:50.987Z,true,false,false,false,63F,Distancia entre SE - Perpendicularidad SE,1443,04-03-26

2026-03-04T18:37:59.091Z,true,false,false,false,64F,Distancia entre SE - Perpendicularidad SE,1443,04-03-26

2026-03-04T18:38:09.207Z,true,false,false,false,66F,Distancia entre SE - Perpendicularidad SE,1443,04-03-26

2026-03-04T18:38:18.309Z,true,false,false,false,67F,Distancia entre SE - Perpendicularidad SE,1443,04-03-26

2026-03-04T18:38:29.418Z,true,false,false,false,68F,Distancia entre SE - Perpendicularidad SE,1443,04-03-26

2026-03-04T18:38:37.529Z,true,false,false,false,9T,Rectitud EC,1443,04-03-26

2026-03-04T18:38:48.653Z,true,false,false,false,tesL,PURGA DE FOTO LATERAL,1443,04-03-26

2026-03-04T18:38:59.756Z,true,false,false,false,69L,PURGA DE FOTO LATERAL,1443,04-03-26

2026-03-04T18:39:06.820Z,true,false,false,false,70L,PURGA DE FOTO LATERAL,1443,04-03-26

2026-03-04T18:39:15.940Z,true,false,false,false,71L,PURGA DE FOTO LATERAL,1443,04-03-26

2026-03-04T18:39:26.023Z,true,false,false,false,72L,PURGA DE FOTO LATERAL,1443,04-03-26

2026-03-04T18:39:36.162Z,true,false,false,false,73L,PURGA DE FOTO LATERAL,1443,04-03-26

2026-03-04T18:39:46.250Z,true,false,false,false,tesF,PURGA DE FOTO FRONTAL,1443,04-03-26

2026-03-04T18:39:56.371Z,true,false,false,false,74F,Distancia entre SE - Perpendicularidad SE,1443,04-03-26

2026-03-04T18:40:03.459Z,true,false,false,false,75F,Distancia entre SE - Perpendicularidad SE,1443,04-03-26

2026-03-04T18:40:12.548Z,true,false,false,false,76F,Distancia entre SE - Perpendicularidad SE,1443,04-03-26

2026-03-04T18:40:19.674Z,true,false,false,false,77F,Distancia entre SE - Perpendicularidad SE,1443,04-03-26

2026-03-04T18:40:27.692Z,true,false,false,false,78F,Distancia entre SE - Perpendicularidad SE,1443,04-03-26

2026-03-04T18:40:35.792Z,true,false,false,false,79F,Distancia entre SE - Perpendicularidad SE,1443,04-03-26

2026-03-04T18:40:43.890Z,true,false,false,false,81F,Distancia entre SE - Perpendicularidad SE,1443,04-03-26

2026-03-04T18:40:51.978Z,true,false,false,false,82F,Distancia entre SE - Perpendicularidad SE,1443,04-03-26

2026-03-04T18:41:00.087Z,true,false,false,false,83F,Distancia entre SE - Perpendicularidad SE,1443,04-03-26

2026-03-04T18:41:07.145Z,true,false,false,false,8T,Rectitud EC,1443,04-03-26

2026-03-04T18:41:18.310Z,true,false,false,false,tesL,PURGA DE FOTO LATERAL,1443,04-03-26

2026-03-04T18:41:29.415Z,true,false,false,false,84L,PURGA DE FOTO LATERAL,1443,04-03-26

2026-03-04T18:41:36.487Z,true,false,false,false,85L,PURGA DE FOTO LATERAL,1443,04-03-26

2026-03-04T18:41:45.633Z,true,false,false,false,86L,PURGA DE FOTO LATERAL,1443,04-03-26

2026-03-04T18:41:55.689Z,true,false,false,false,87L,PURGA DE FOTO LATERAL,1443,04-03-26

2026-03-04T18:42:05.805Z,true,false,false,false,88L,PURGA DE FOTO LATERAL,1443,04-03-26

2026-03-04T18:42:15.919Z,true,false,false,false,tesF,PURGA DE FOTO FRONTAL,1443,04-03-26

2026-03-04T18:42:26.020Z,true,false,false,false,89F,Distancia entre SE - Perpendicularidad SE,1443,04-03-26

2026-03-04T18:42:33.114Z,true,false,false,false,90F,Distancia entre SE - Perpendicularidad SE,1443,04-03-26

2026-03-04T18:42:42.178Z,true,false,false,false,91F,Distancia entre SE - Perpendicularidad SE,1443,04-03-26

2026-03-04T18:42:49.277Z,true,false,false,false,92F,Distancia entre SE - Perpendicularidad SE,1443,04-03-26

2026-03-04T18:42:57.350Z,true,false,false,false,93F,Distancia entre SE - Perpendicularidad SE,1443,04-03-26

2026-03-04T18:43:05.443Z,true,false,false,false,94F,Distancia entre SE - Perpendicularidad SE,1443,04-03-26

2026-03-04T18:43:13.551Z,true,false,false,false,96F,Distancia entre SE - Perpendicularidad SE,1443,04-03-26

2026-03-04T18:43:21.620Z,true,false,false,false,97F,Distancia entre SE - Perpendicularidad SE,1443,04-03-26

2026-03-04T18:43:29.685Z,true,false,false,false,98F,Distancia entre SE - Perpendicularidad SE,1443,04-03-26

2026-03-04T18:43:36.798Z,true,false,false,false,7T,Rectitud EC,1443,04-03-26

2026-03-04T18:43:47.922Z,true,false,false,false,tesL,PURGA DE FOTO LATERAL,1443,04-03-26

2026-03-04T18:43:59.020Z,true,false,false,false,99L,PURGA DE FOTO LATERAL,1443,04-03-26

2026-03-04T18:44:06.097Z,true,false,false,false,100L,PURGA DE FOTO LATERAL,1443,04-03-26

2026-03-04T18:44:15.220Z,true,false,false,false,101L,PURGA DE FOTO LATERAL,1443,04-03-26

2026-03-04T18:44:25.334Z,true,false,false,false,102L,PURGA DE FOTO LATERAL,1443,04-03-26

2026-03-04T18:44:35.447Z,true,false,false,false,103L,PURGA DE FOTO LATERAL,1443,04-03-26

2026-03-04T18:44:45.578Z,true,false,false,false,tesF,PURGA DE FOTO FRONTAL,1443,04-03-26

2026-03-04T18:44:55.679Z,true,false,false,false,104F,Distancia entre SE - Perpendicularidad SE,1443,04-03-26

2026-03-04T18:45:02.766Z,true,false,false,false,105F,Distancia entre SE - Perpendicularidad SE,1443,04-03-26

2026-03-04T18:45:11.867Z,true,false,false,false,106F,Distancia entre SE - Perpendicularidad SE,1443,04-03-26

2026-03-04T18:47:02.085Z,true,false,false,false,107F,Distancia entre SE - Perpendicularidad SE,1443,04-03-26

2026-03-04T18:47:36.465Z,true,false,false,false,108F,Distancia entre SE - Perpendicularidad SE,1443,04-03-26

2026-03-04T18:47:39.476Z,true,false,false,false,109F,Distancia entre SE - Perpendicularidad SE,1443,04-03-26

2026-03-04T18:47:42.526Z,true,false,false,false,111F,Distancia entre SE - Perpendicularidad SE,1443,04-03-26

2026-03-04T18:47:46.552Z,true,false,false,false,112F,Distancia entre SE - Perpendicularidad SE,1443,04-03-26

2026-03-04T18:47:48.582Z,true,false,false,false,113F,Distancia entre SE - Perpendicularidad SE,1443,04-03-26

2026-03-04T18:47:51.647Z,true,false,false,false,6T,Rectitud EC,1443,04-03-26

2026-03-04T18:47:58.658Z,true,false,false,false,tesL,PURGA DE FOTO LATERAL,1443,04-03-26

2026-03-04T18:48:03.729Z,true,false,false,false,114L,PURGA DE FOTO LATERAL,1443,04-03-26

2026-03-04T18:48:06.727Z,true,false,false,false,115L,PURGA DE FOTO LATERAL,1443,04-03-26

2026-03-04T18:48:10.773Z,true,false,false,false,116L,PURGA DE FOTO LATERAL,1443,04-03-26

2026-03-04T18:48:15.812Z,true,false,false,false,117L,PURGA DE FOTO LATERAL,1443,04-03-26

2026-03-04T18:48:21.856Z,true,false,false,false,118L,PURGA DE FOTO LATERAL,1443,04-03-26

2026-03-04T18:48:26.918Z,true,false,false,false,tesF,PURGA DE FOTO FRONTAL,1443,04-03-26

2026-03-04T18:48:32.972Z,true,false,false,false,119F,Distancia entre SE - Perpendicularidad SE,1443,04-03-26

2026-03-04T18:48:34.994Z,true,false,false,false,120F,Distancia entre SE - Perpendicularidad SE,1443,04-03-26

2026-03-04T18:48:39.058Z,true,false,false,false,121F,Distancia entre SE - Perpendicularidad SE,1443,04-03-26

2026-03-04T18:48:42.104Z,true,false,false,false,122F,Distancia entre SE - Perpendicularidad SE,1443,04-03-26

2026-03-04T18:48:45.108Z,true,false,false,false,123F,Distancia entre SE - Perpendicularidad SE,1443,04-03-26

2026-03-04T18:48:48.128Z,true,false,false,false,124F,Distancia entre SE - Perpendicularidad SE,1443,04-03-26

2026-03-04T18:48:51.168Z,true,false,false,false,126F,Distancia entre SE - Perpendicularidad SE,1443,04-03-26

2026-03-04T18:48:55.223Z,true,false,false,false,127F,Distancia entre SE - Perpendicularidad SE,1443,04-03-26

2026-03-04T18:48:57.263Z,true,false,false,false,128F,Distancia entre SE - Perpendicularidad SE,1443,04-03-26

2026-03-04T18:49:00.283Z,true,false,false,false,5T,Rectitud EC,1443,04-03-26

2026-03-04T18:49:06.354Z,true,false,false,false,tesL,PURGA DE FOTO LATERAL,1443,04-03-26

2026-03-04T18:49:12.424Z,true,false,false,false,129L,PURGA DE FOTO LATERAL,1443,04-03-26

2026-03-04T18:49:15.458Z,true,false,false,false,130L,PURGA DE FOTO LATERAL,1443,04-03-26

2026-03-04T18:49:19.502Z,true,false,false,false,131L,PURGA DE FOTO LATERAL,1443,04-03-26

2026-03-04T18:49:24.565Z,true,false,false,false,132L,PURGA DE FOTO LATERAL,1443,04-03-26

2026-03-04T18:49:29.653Z,true,false,false,false,133L,PURGA DE FOTO LATERAL,1443,04-03-26

2026-03-04T18:49:34.674Z,true,false,false,false,tesF,PURGA DE FOTO FRONTAL,1443,04-03-26

2026-03-04T18:49:40.700Z,true,false,false,false,134F,Distancia entre SE - Perpendicularidad SE,1443,04-03-26

2026-03-04T18:49:43.734Z,true,false,false,false,135F,Distancia entre SE - Perpendicularidad SE,1443,04-03-26

2026-03-04T18:49:46.761Z,true,false,false,false,136F,Distancia entre SE - Perpendicularidad SE,1443,04-03-26

2026-03-04T18:49:49.805Z,true,false,false,false,137F,Distancia entre SE - Perpendicularidad SE,1443,04-03-26

2026-03-04T18:49:52.825Z,true,false,false,false,138F,Distancia entre SE - Perpendicularidad SE,1443,04-03-26

2026-03-04T18:49:56.873Z,true,false,false,false,139F,Distancia entre SE - Perpendicularidad SE,1443,04-03-26

2026-03-04T18:49:58.878Z,true,false,false,false,141F,Distancia entre SE - Perpendicularidad SE,1443,04-03-26

2026-03-04T18:50:02.920Z,true,false,false,false,142F,Distancia entre SE - Perpendicularidad SE,1443,04-03-26

2026-03-04T18:50:05.956Z,true,false,false,false,143F,Distancia entre SE - Perpendicularidad SE,1443,04-03-26

2026-03-04T18:50:07.952Z,true,false,false,false,4T,Rectitud EC,1443,04-03-26

2026-03-04T18:50:15.021Z,true,false,false,false,tesL,PURGA DE FOTO LATERAL,1443,04-03-26

2026-03-04T18:50:21.085Z,true,false,false,false,144L,PURGA DE FOTO LATERAL,1443,04-03-26

2026-03-04T18:50:23.098Z,true,false,false,false,145L,PURGA DE FOTO LATERAL,1443,04-03-26

2026-03-04T18:50:27.125Z,true,false,false,false,146L,PURGA DE FOTO LATERAL,1443,04-03-26

2026-03-04T18:50:33.185Z,true,false,false,false,147L,PURGA DE FOTO LATERAL,1443,04-03-26

2026-03-04T18:50:38.244Z,true,false,false,false,148L,PURGA DE FOTO LATERAL,1443,04-03-26

2026-03-04T18:50:43.273Z,true,false,false,false,tesF,PURGA DE FOTO FRONTAL,1443,04-03-26

2026-03-04T18:50:49.345Z,true,false,false,false,149F,Distancia entre SE - Perpendicularidad SE,1443,04-03-26

2026-03-04T18:50:51.372Z,true,false,false,false,150F,Distancia entre SE - Perpendicularidad SE,1443,04-03-26

2026-03-04T18:50:55.425Z,true,false,false,false,151F,Distancia entre SE - Perpendicularidad SE,1443,04-03-26

2026-03-04T18:50:58.467Z,true,false,false,false,152F,Distancia entre SE - Perpendicularidad SE,1443,04-03-26

2026-03-04T18:51:01.472Z,true,false,false,false,153F,Distancia entre SE - Perpendicularidad SE,1443,04-03-26

2026-03-04T18:51:05.524Z,true,false,false,false,154F,Distancia entre SE - Perpendicularidad SE,1443,04-03-26

2026-03-04T18:51:07.535Z,true,false,false,false,156F,Distancia entre SE - Perpendicularidad SE,1443,04-03-26

2026-03-04T18:51:11.642Z,true,false,false,false,157F,Distancia entre SE - Perpendicularidad SE,1443,04-03-26

2026-03-04T18:51:14.665Z,true,false,false,false,158F,Distancia entre SE - Perpendicularidad SE,1443,04-03-26

2026-03-04T18:51:16.666Z,true,false,false,false,3T,Rectitud EC,1443,04-03-26

2026-03-04T18:51:23.742Z,true,false,false,false,tesL,PURGA DE FOTO LATERAL,1443,04-03-26

2026-03-04T18:51:28.809Z,true,false,false,false,159L,PURGA DE FOTO LATERAL,1443,04-03-26

2026-03-04T18:51:31.807Z,true,false,false,false,160L,PURGA DE FOTO LATERAL,1443,04-03-26

2026-03-04T18:51:35.837Z,true,false,false,false,161L,PURGA DE FOTO LATERAL,1443,04-03-26

2026-03-04T18:51:40.921Z,true,false,false,false,162L,PURGA DE FOTO LATERAL,1443,04-03-26

2026-03-04T18:51:46.985Z,true,false,false,false,163L,PURGA DE FOTO LATERAL,1443,04-03-26

2026-03-04T18:51:52.054Z,true,false,false,false,tesF,PURGA DE FOTO FRONTAL,1443,04-03-26

2026-03-04T18:51:57.115Z,true,false,false,false,164F,Distancia entre SE - Perpendicularidad SE,1443,04-03-26

2026-03-04T18:52:00.140Z,true,false,false,false,165F,Distancia entre SE - Perpendicularidad SE,1443,04-03-26

2026-03-04T18:52:04.178Z,true,false,false,false,166F,Distancia entre SE - Perpendicularidad SE,1443,04-03-26

2026-03-04T18:52:07.240Z,true,false,false,false,167F,Distancia entre SE - Perpendicularidad SE,1443,04-03-26

2026-03-04T18:52:10.262Z,true,false,false,false,168F,Distancia entre SE - Perpendicularidad SE,1443,04-03-26

2026-03-04T18:52:13.288Z,true,false,false,false,169F,Distancia entre SE - Perpendicularidad SE,1443,04-03-26

2026-03-04T18:52:16.341Z,true,false,false,false,171F,Distancia entre SE - Perpendicularidad SE,1443,04-03-26

2026-03-04T18:52:20.353Z,true,false,false,false,172F,Distancia entre SE - Perpendicularidad SE,1443,04-03-26

2026-03-04T18:52:22.375Z,true,false,false,false,173F,Distancia entre SE - Perpendicularidad SE,1443,04-03-26

2026-03-04T18:52:25.432Z,true,false,false,false,2T,Rectitud EC,1443,04-03-26

2026-03-04T18:52:31.464Z,true,false,false,false,tesL,PURGA DE FOTO LATERAL,1443,04-03-26

2026-03-04T18:52:37.501Z,true,false,false,false,174L,PURGA DE FOTO LATERAL,1443,04-03-26

2026-03-04T18:52:40.541Z,true,false,false,false,175L,PURGA DE FOTO LATERAL,1443,04-03-26

2026-03-04T18:52:44.572Z,true,false,false,false,176L,PURGA DE FOTO LATERAL,1443,04-03-26

2026-03-04T18:52:49.653Z,true,false,false,false,177L,PURGA DE FOTO LATERAL,1443,04-03-26

2026-03-04T18:52:54.687Z,true,false,false,false,178L,PURGA DE FOTO LATERAL,1443,04-03-26

2026-03-04T18:52:59.753Z,true,false,false,false,tesF,PURGA DE FOTO FRONTAL,1443,04-03-26

2026-03-04T18:53:05.782Z,true,false,false,false,179F,Distancia entre SE - Perpendicularidad SE,1443,04-03-26

2026-03-04T18:53:08.824Z,true,false,false,false,180F,Distancia entre SE - Perpendicularidad SE,1443,04-03-26

2026-03-04T18:53:11.859Z,true,false,false,false,181F,Distancia entre SE - Perpendicularidad SE,1443,04-03-26

2026-03-04T18:53:14.895Z,true,false,false,false,182F,Distancia entre SE - Perpendicularidad SE,1443,04-03-26

2026-03-04T18:53:17.954Z,true,false,false,false,183F,Distancia entre SE - Perpendicularidad SE,1443,04-03-26

2026-03-04T18:53:21.979Z,true,false,false,false,184F,Distancia entre SE - Perpendicularidad SE,1443,04-03-26

2026-03-04T18:53:24.008Z,true,false,false,false,186F,Distancia entre SE - Perpendicularidad SE,1443,04-03-26

2026-03-04T18:53:28.024Z,true,false,false,false,187F,Distancia entre SE - Perpendicularidad SE,1443,04-03-26

2026-03-04T18:53:31.056Z,true,false,false,false,188F,Distancia entre SE - Perpendicularidad SE,1443,04-03-26

2026-03-04T18:53:33.084Z,true,false,false,false,1T,Rectitud EC,1443,04-03-26

2026-03-04T18:53:40.158Z,true,false,false,false,tesL,PURGA DE FOTO LATERAL,1443,04-03-26

2026-03-04T18:53:46.243Z,true,false,false,false,189L,PURGA DE FOTO LATERAL,1443,04-03-26

2026-03-04T18:53:48.269Z,true,false,false,false,190L,PURGA DE FOTO LATERAL,1443,04-03-26

2026-03-04T18:54:49.854Z,true,false,false,false,191L,PURGA DE FOTO LATERAL,1443,04-03-26

2026-03-04T18:55:08.061Z,true,false,false,false,192L,PURGA DE FOTO LATERAL,1443,04-03-26

2026-03-04T18:55:26.274Z,true,false,false,false,193L,PURGA DE FOTO LATERAL,1443,04-03-26

2026-03-04T18:55:38.381Z,true,false,false,false,tesF,PURGA DE FOTO FRONTAL,1443,04-03-26

2026-03-04T18:56:43.032Z,true,false,false,false,194F,Distancia entre SE - Perpendicularidad SE,1443,04-03-26

2026-03-04T18:57:32.451Z,true,false,false,false,195F,Distancia entre SE - Perpendicularidad SE,1443,04-03-26

2026-03-04T18:58:28.026Z,true,false,false,false,196F,Distancia entre SE - Perpendicularidad SE,1443,04-03-26

2026-03-04T18:58:39.135Z,true,false,false,false,197F,Distancia entre SE - Perpendicularidad SE,1443,04-03-26

2026-03-04T18:59:11.454Z,true,false,false,false,198F,Distancia entre SE - Perpendicularidad SE,1443,04-03-26

2026-03-04T18:59:22.560Z,true,false,false,false,199F,Distancia entre SE - Perpendicularidad SE,1443,04-03-26

2026-03-04T19:00:05.962Z,true,false,false,false,201F,Distancia entre SE - Perpendicularidad SE,1443,04-03-26

2026-03-04T19:00:42.320Z,true,false,false,false,202F,Distancia entre SE - Perpendicularidad SE,1443,04-03-26

2026-03-04T19:00:52.423Z,true,false,false,false,203F,Distancia entre SE - Perpendicularidad SE,1443,04-03-26

2026-03-04T19:01:38.920Z,true,false,false,false,001F,Distancia entre SE y PP,1443,04-03-26

2026-03-04T19:01:56.107Z,true,false,false,false,210F,Distancia entre SE y PP,1443,04-03-26

2026-03-04T19:05:41.415Z,true,false,false,false,002F,Distancia entre SE y PP,1443,04-03-26

2026-03-04T19:05:54.564Z,true,false,false,false,211F,Distancia entre SE y PP,1443,04-03-26

2026-03-04T19:06:09.721Z,true,false,false,false,003F,Distancia entre SE y PP,1443,04-03-26

2026-03-04T19:06:22.830Z,true,false,false,false,tesL,PURGA DE FOTO LATERAL,1443,04-03-26

2026-03-04T19:06:47.080Z,true,false,false,false,212L,PURGA DE FOTO LATERAL,1443,04-03-26

2026-03-04T19:06:55.169Z,true,false,false,false,213L,PURGA DE FOTO LATERAL,1443,04-03-26

2026-03-04T19:07:09.347Z,true,false,false,false,214L,PURGA DE FOTO LATERAL,1443,04-03-26

2026-03-04T19:07:28.503Z,true,false,false,false,tesL,PURGA DE FOTO LATERAL,1443,04-03-26

2026-03-04T19:07:43.679Z,true,false,false,false,216L,Presencia de soldadura TVS - Fisuras soldadura TVS,1443,04-03-26

2026-03-04T19:12:09.660Z,true,false,false,false,217L,Presencia de soldadura TVS - Fisuras soldadura TVS,1443,04-03-26

2026-03-04T19:12:32.843Z,true,false,false,false,218L,Presencia de soldadura TVS - Fisuras soldadura TVS,1443,04-03-26

2026-03-04T19:12:54.068Z,true,false,false,false,tesL,PURGA DE FOTO LATERAL,1443,04-03-26

2026-03-04T19:13:31.447Z,true,false,false,false,0T,Rectitud EC PP,1443,04-03-26

2026-03-04T19:14:00.779Z,true,false,false,false,0Z,Rectitud EC PP,1443,04-03-26

2026-03-04T19:14:21.991Z,true,false,false,false,222L,Rectitud EC PP,1443,04-03-26

2026-03-04T19:14:37.137Z,true,false,false,false,223L,Rectitud EC PP,1443,04-03-26

2026-03-04T19:14:51.307Z,true,false,false,false,224L,Rectitud EC PP,1443,04-03-26

2026-03-04T19:15:03.403Z,true,false,false,false,225L,Rectitud EC PP,1443,04-03-26

2026-03-04T19:15:14.534Z,true,false,false,false,226L,Rectitud EC PP,1443,04-03-26

2026-03-04T19:15:25.689Z,true,false,false,false,227L,Rectitud EC PP,1443,04-03-26

2026-03-04T19:15:36.822Z,true,false,false,false,tesL,PURGA DE FOTO LATERAL,1443,04-03-26

2026-03-04T19:15:50.926Z,true,false,false,false,228L,PURGA DE FOTO LATERAL,1443,04-03-26

2026-03-04T19:16:15.178Z,true,false,false,false,229L,PURGA DE FOTO LATERAL,1443,04-03-26

2026-03-04T19:16:27.307Z,true,false,false,false,230L,PURGA DE FOTO LATERAL,1443,04-03-26

2026-03-04T19:16:38.414Z,true,false,false,false,231L,PURGA DE FOTO LATERAL,1443,04-03-26

2026-03-04T19:17:09.773Z,true,false,false,false,232L,PURGA DE FOTO LATERAL,1443,04-03-26

2026-03-04T19:17:20.859Z,true,false,false,false,233L,PURGA DE FOTO LATERAL,1443,04-03-26

2026-03-04T19:17:31.972Z,true,false,false,false,tesF,PURGA DE FOTO FRONTAL,1443,04-03-26

2026-03-04T19:17:42.091Z,true,false,false,false,241F,PURGA DE FOTO FRONTAL,1443,04-03-26

2026-03-04T19:17:43.091Z,true,false,false,false,tesF,PURGA DE FOTO FRONTAL,1443,04-03-26

2026-03-04T19:17:51.207Z,true,false,false,false,,,1443,04-03-26

2026-03-04T19:19:07.893Z,false,false,false,true,,,1443,04-03-26

2026-03-04T19:19:11.947Z,false,false,false,false,,,1443,04-03-26

2026-03-04T19:25:23.939Z,true,false,false,false,,,1625,040326

2026-03-04T19:25:51.194Z,true,false,false,false,5.1,Posicion 1,1625,040326

2026-03-04T19:26:02.312Z,true,false,true,false,,,1625,040326

2026-03-04T19:26:03.333Z,false,false,false,true,,,1625,040326

2026-03-04T19:26:07.360Z,false,false,false,false,,,1625,040326

2026-03-04T19:26:43.720Z,true,false,false,false,,,1443,040326

2026-03-04T19:27:10.036Z,true,false,false,false,5.1,Posicion 1,1443,040326

2026-03-04T19:27:24.184Z,true,false,false,false,AZ4-A,Rectitud EC,1443,040326

2026-03-04T19:27:25.198Z,true,false,false,false,AZ2-B,Zapata tipo I/II 2,1443,040326

2026-03-04T19:27:26.210Z,true,false,false,false,AZ56-A,Zapata tipo I/II 6,1443,040326

2026-03-04T19:27:27.242Z,true,false,false,false,tesF,PURGA DE FOTO FRONTAL,1443,040326

2026-03-04T19:27:38.307Z,true,false,false,false,1F,PURGA DE FOTO FRONTAL,1443,040326

2026-03-04T19:27:47.396Z,true,false,false,false,2F,PURGA DE FOTO FRONTAL,1443,040326

2026-03-04T19:27:57.473Z,true,false,false,false,3F,Distancia entre SE - Perpendicularidad SE,1443,040326

2026-03-04T19:28:07.653Z,true,false,false,false,4F,Distancia entre SE - Perpendicularidad SE,1443,040326

2026-03-04T19:28:17.710Z,true,false,false,false,5F,Distancia entre SE - Perpendicularidad SE,1443,040326

2026-03-04T19:28:26.805Z,true,false,false,false,6F,Distancia entre SE - Perpendicularidad SE,1443,040326

2026-03-04T19:28:34.897Z,true,false,false,false,7F,Distancia entre SE - Perpendicularidad SE,1443,040326

2026-03-04T19:28:45.018Z,true,false,false,false,9F,Distancia entre SE - Perpendicularidad SE,1443,040326

2026-03-04T19:28:55.147Z,true,false,false,false,10F,Distancia entre SE - Perpendicularidad SE,1443,040326

2026-03-04T19:29:05.242Z,true,false,false,false,11F,Distancia entre SE - Perpendicularidad SE,1443,040326

2026-03-04T19:29:14.350Z,true,false,false,false,12F,Distancia entre SE - Perpendicularidad SE,1443,040326

2026-03-04T19:29:22.451Z,true,false,false,false,tesL,PURGA DE FOTO LATERAL,1443,040326

2026-03-04T19:29:35.639Z,true,false,false,false,13L,PURGA DE FOTO LATERAL,1443,040326

2026-03-04T19:29:42.666Z,true,false,false,false,14L,PURGA DE FOTO LATERAL,1443,040326

2026-03-04T19:29:53.738Z,true,false,false,false,15L,PURGA DE FOTO LATERAL,1443,040326

2026-03-04T19:30:03.841Z,true,false,false,false,16L,PURGA DE FOTO LATERAL,1443,040326

2026-03-04T19:30:13.938Z,true,false,false,false,17L,PURGA DE FOTO LATERAL,1443,040326

2026-03-04T19:30:26.058Z,true,false,false,false,18L,PURGA DE FOTO LATERAL,1443,040326

2026-03-04T19:30:35.154Z,true,false,false,false,19L,PURGA DE FOTO LATERAL,1443,040326

2026-03-04T19:30:45.277Z,true,false,false,false,tesF,PURGA DE FOTO FRONTAL,1443,040326

2026-03-04T19:30:58.395Z,true,false,false,false,21F,PURGA DE FOTO FRONTAL,1443,040326

2026-03-04T19:31:08.491Z,true,false,false,false,22F,PURGA DE FOTO FRONTAL,1443,040326

2026-03-04T19:31:22.641Z,true,false,false,false,23F,PURGA DE FOTO FRONTAL,1443,040326

2026-03-04T19:31:36.788Z,true,false,false,false,12T,Rectitud EC,1443,040326

2026-03-04T19:31:46.858Z,true,false,false,false,tesL,PURGA DE FOTO LATERAL,1443,040326

2026-03-04T19:32:01.037Z,true,false,false,false,24L,PURGA DE FOTO LATERAL,1443,040326

2026-03-04T19:32:10.107Z,true,false,false,false,25L,PURGA DE FOTO LATERAL,1443,040326

2026-03-04T19:32:21.220Z,true,false,false,false,26L,PURGA DE FOTO LATERAL,1443,040326

2026-03-04T19:32:33.340Z,true,false,false,false,27L,PURGA DE FOTO LATERAL,1443,040326

2026-03-04T19:32:45.469Z,true,false,false,false,28L,PURGA DE FOTO LATERAL,1443,040326

2026-03-04T19:32:56.641Z,true,false,false,false,tesF,PURGA DE FOTO FRONTAL,1443,040326

2026-03-04T19:33:09.736Z,true,false,false,false,29F,Distancia entre SE - Perpendicularidad SE,1443,040326

2026-03-04T19:33:18.824Z,true,false,false,false,30F,Distancia entre SE - Perpendicularidad SE,1443,040326

2026-03-04T19:33:28.938Z,true,false,false,false,31F,Distancia entre SE - Perpendicularidad SE,1443,040326

2026-03-04T19:33:39.040Z,true,false,false,false,32F,Distancia entre SE - Perpendicularidad SE,1443,040326

2026-03-04T19:33:49.167Z,true,false,false,false,33F,Distancia entre SE - Perpendicularidad SE,1443,040326

2026-03-04T19:33:59.254Z,true,false,false,false,34F,Distancia entre SE - Perpendicularidad SE,1443,040326

2026-03-04T19:34:08.360Z,true,false,false,false,36F,Distancia entre SE - Perpendicularidad SE,1443,040326

2026-03-04T19:34:19.484Z,true,false,false,false,37F,Distancia entre SE - Perpendicularidad SE,1443,040326

2026-03-04T19:34:28.654Z,true,false,false,false,38F,Distancia entre SE - Perpendicularidad SE,1443,040326

2026-03-04T19:34:37.700Z,true,false,false,false,11T,Rectitud EC,1443,040326

2026-03-04T19:34:50.850Z,true,false,false,false,tesL,PURGA DE FOTO LATERAL,1443,040326

2026-03-04T19:35:02.960Z,true,false,false,false,39L,PURGA DE FOTO LATERAL,1443,040326

2026-03-04T19:35:12.052Z,true,false,false,false,40L,PURGA DE FOTO LATERAL,1443,040326

2026-03-04T19:35:23.163Z,true,false,false,false,41L,PURGA DE FOTO LATERAL,1443,040326

2026-03-04T19:35:35.279Z,true,false,false,false,42L,PURGA DE FOTO LATERAL,1443,040326

2026-03-04T19:36:57.164Z,true,false,true,false,,,1443,040326

2026-03-04T19:37:06.279Z,false,false,false,true,,,1443,040326

2026-03-04T19:37:10.337Z,false,false,false,false,,,1443,040326

2026-03-04T14:43:44Z,True,False,False,False,tesF,,A2026,04MAR

2026-03-04T14:57:26Z,True,False,False,False,1F,,A2026,04MAR

2026-03-04T14:59:34Z,True,False,False,False,2F,,A2026,04MAR

2026-03-04T15:01:26Z,True,False,False,False,3F,,A2026,04MAR

2026-03-04T15:02:43Z,True,False,False,False,4F,,A2026,04MAR

2026-03-04T15:04:35Z,True,False,False,False,4F,,A2026,04MAR

2026-03-04T15:05:02Z,True,False,False,False,4F,,A2026,04MAR

2026-03-04T15:05:16Z,True,False,False,False,4F,,A2026,04MAR

2026-03-04T15:05:21Z,True,False,False,False,4F,,A2026,04MAR

2026-03-04T15:05:34Z,True,False,False,False,4F,,A2026,04MAR

2026-03-04T15:06:02Z,True,False,False,False,4F,,A2026,04MAR

2026-03-04T15:07:05Z,True,False,False,False,7F,,A2026,04MAR

2026-03-04T15:10:42Z,True,False,False,False,9F,,A2026,04MAR

2026-03-04T15:12:29Z,True,False,False,False,10F,,A2026,04MAR

2026-03-04T15:12:51Z,True,False,False,False,11F,,A2026,04MAR

2026-03-04T15:13:00Z,True,False,False,False,12F,,A2026,04MAR

2026-03-04T15:13:20Z,True,False,False,False,tesL,,A2026,04MAR

2026-03-04T15:14:32Z,True,False,False,False,tesL,,A2026,04MAR

2026-03-04T15:15:39Z,True,False,False,False,tesL,,A2026,04MAR

2026-03-04T15:16:42Z,True,False,False,False,13L,,A2026,04MAR

2026-03-04T15:17:15Z,True,False,False,False,14L,,A2026,04MAR

2026-03-04T15:17:37Z,True,False,False,False,15L,,A2026,04MAR

2026-03-04T15:17:50Z,True,False,False,False,16L,,A2026,04MAR

2026-03-04T15:18:06Z,True,False,False,False,17L,,A2026,04MAR

2026-03-04T15:18:15Z,True,False,False,False,18L,,A2026,04MAR

2026-03-04T15:18:23Z,True,False,False,False,19L,,A2026,04MAR

2026-03-04T15:18:35Z,True,False,False,False,tesF,,A2026,04MAR

2026-03-04T15:18:54Z,True,False,False,False,21F,,A2026,04MAR

2026-03-04T15:19:09Z,True,False,False,False,22F,,A2026,04MAR

2026-03-04T15:19:22Z,True,False,False,False,23F,,A2026,04MAR

2026-03-04T15:19:42Z,True,False,False,False,tesL,,A2026,04MAR

2026-03-04T15:19:55Z,True,False,False,False,24L,,A2026,04MAR

2026-03-04T15:20:13Z,True,False,False,False,25L,,A2026,04MAR

2026-03-04T15:20:24Z,True,False,False,False,26L,,A2026,04MAR

2026-03-04T15:20:35Z,True,False,False,False,27L,,A2026,04MAR

2026-03-04T15:20:45Z,True,False,False,False,28L,,A2026,04MAR

2026-03-04T15:20:45Z,True,False,False,False,28L,,A2026,04MAR

2026-03-04T15:21:36Z,True,False,False,False,tesF,,A2026,04MAR

2026-03-04T15:21:53Z,True,False,False,False,29F,,A2026,04MAR

2026-03-04T15:23:45Z,True,False,False,False,30F,,A2026,04MAR

2026-03-04T15:24:24Z,True,False,False,False,31F,,A2026,04MAR

2026-03-04T15:25:34Z,True,False,False,False,32F,,A2026,04MAR

2026-03-04T15:26:13Z,True,False,False,False,33F,,A2026,04MAR

2026-03-04T15:26:29Z,True,False,False,False,34F,,A2026,04MAR

2026-03-04T15:27:16Z,True,False,False,False,36F,,A2026,04MAR

2026-03-04T15:28:01Z,True,False,False,False,37F,,A2026,04MAR

2026-03-04T15:28:26Z,True,False,False,False,38F,,A2026,04MAR

2026-03-04T15:30:53Z,True,False,False,False,tesL,,A2026,04MAR

2026-03-04T15:31:01Z,True,False,False,False,39L,,A2026,04MAR

2026-03-04T15:31:11Z,True,False,False,False,40L,,A2026,04MAR

2026-03-04T15:31:22Z,True,False,False,False,41L,,A2026,04MAR

2026-03-04T15:31:22Z,True,False,False,False,41L,,A2026,04MAR

2026-03-04T15:31:34Z,True,False,False,False,42L,,A2026,04MAR

2026-03-04T15:31:45Z,True,False,False,False,43L,,A2026,04MAR

2026-03-04T15:31:55Z,True,False,False,False,tesF,,A2026,04MAR

2026-03-04T15:32:13Z,True,False,False,False,44F,,A2026,04MAR

2026-03-04T15:32:38Z,True,False,False,False,45F,,A2026,04MAR

2026-03-04T15:32:47Z,True,False,False,False,46F,,A2026,04MAR

2026-03-04T15:32:59Z,True,False,False,False,47F,,A2026,04MAR

2026-03-04T15:33:09Z,True,False,False,False,48F,,A2026,04MAR

2026-03-04T15:33:17Z,True,False,False,False,49F,,A2026,04MAR

2026-03-04T15:33:27Z,True,False,False,False,51F,,A2026,04MAR

2026-03-04T15:33:35Z,True,False,False,False,52F,,A2026,04MAR

2026-03-04T15:33:35Z,True,False,False,False,52F,,A2026,04MAR

2026-03-04T15:33:46Z,True,False,False,False,53F,,A2026,04MAR

2026-03-04T15:34:18Z,True,False,False,False,tesL,,A2026,04MAR

2026-03-04T15:34:33Z,True,False,False,False,54L,,A2026,04MAR

2026-03-04T15:34:42Z,True,False,False,False,55L,,A2026,04MAR

2026-03-04T15:34:52Z,True,False,False,False,56L,,A2026,04MAR

2026-03-04T15:35:02Z,True,False,False,False,57L,,A2026,04MAR

2026-03-04T15:35:17Z,True,False,False,False,58L,,A2026,04MAR

2026-03-04T15:35:29Z,True,False,False,False,tesF,,A2026,04MAR

2026-03-04T15:36:22Z,True,False,False,False,59F,,A2026,04MAR

2026-03-04T15:36:31Z,True,False,False,False,60F,,A2026,04MAR

2026-03-04T15:36:39Z,True,False,False,False,61F,,A2026,04MAR

2026-03-04T15:36:57Z,True,False,False,False,62F,,A2026,04MAR

2026-03-04T15:37:09Z,True,False,False,False,63F,,A2026,04MAR

2026-03-04T15:37:17Z,True,False,False,False,64F,,A2026,04MAR

2026-03-04T15:37:28Z,True,False,False,False,66F,,A2026,04MAR

2026-03-04T15:37:36Z,True,False,False,False,67F,,A2026,04MAR

2026-03-04T15:37:47Z,True,False,False,False,68F,,A2026,04MAR

2026-03-04T15:38:10Z,True,False,False,False,tesL,,A2026,04MAR

2026-03-04T15:38:17Z,True,False,False,False,69L,,A2026,04MAR

2026-03-04T15:38:26Z,True,False,False,False,70L,,A2026,04MAR

2026-03-04T15:38:36Z,True,False,False,False,71L,,A2026,04MAR

2026-03-04T15:38:46Z,True,False,False,False,72L,,A2026,04MAR

2026-03-04T15:38:56Z,True,False,False,False,73L,,A2026,04MAR

2026-03-04T15:39:07Z,True,False,False,False,tesF,,A2026,04MAR

2026-03-04T15:39:14Z,True,False,False,False,74F,,A2026,04MAR

2026-03-04T15:39:23Z,True,False,False,False,75F,,A2026,04MAR

2026-03-04T15:39:30Z,True,False,False,False,76F,,A2026,04MAR

2026-03-04T15:39:38Z,True,False,False,False,77F,,A2026,04MAR

2026-03-04T15:39:38Z,True,False,False,False,77F,,A2026,04MAR

2026-03-04T15:39:54Z,True,False,False,False,79F,,A2026,04MAR

2026-03-04T15:40:03Z,True,False,False,False,81F,,A2026,04MAR

2026-03-04T15:40:10Z,True,False,False,False,82F,,A2026,04MAR

2026-03-04T15:40:17Z,True,False,False,False,83F,,A2026,04MAR

2026-03-04T15:40:39Z,True,False,False,False,tesL,,A2026,04MAR

2026-03-04T15:40:47Z,True,False,False,False,84L,,A2026,04MAR

2026-03-04T15:40:56Z,True,False,False,False,85L,,A2026,04MAR

2026-03-04T15:41:06Z,True,False,False,False,86L,,A2026,04MAR

2026-03-04T15:41:16Z,True,False,False,False,87L,,A2026,04MAR

2026-03-04T15:41:26Z,True,False,False,False,88L,,A2026,04MAR

2026-03-04T15:41:36Z,True,False,False,False,tesF,,A2026,04MAR

2026-03-04T15:41:44Z,True,False,False,False,89F,,A2026,04MAR

2026-03-04T15:41:52Z,True,False,False,False,90F,,A2026,04MAR

2026-03-04T15:41:52Z,True,False,False,False,90F,,A2026,04MAR

2026-03-04T15:42:00Z,True,False,False,False,91F,,A2026,04MAR

2026-03-04T15:42:08Z,True,False,False,False,92F,,A2026,04MAR

2026-03-04T15:42:16Z,True,False,False,False,93F,,A2026,04MAR

2026-03-04T15:42:24Z,True,False,False,False,94F,,A2026,04MAR

2026-03-04T15:42:32Z,True,False,False,False,96F,,A2026,04MAR

2026-03-04T15:42:40Z,True,False,False,False,97F,,A2026,04MAR

2026-03-04T15:42:47Z,True,False,False,False,98F,,A2026,04MAR

2026-03-04T15:43:09Z,True,False,False,False,tesL,,A2026,04MAR

2026-03-04T15:43:16Z,True,False,False,False,99L,,A2026,04MAR

2026-03-04T15:43:25Z,True,False,False,False,100L,,A2026,04MAR

2026-03-04T15:43:36Z,True,False,False,False,101L,,A2026,04MAR

2026-03-04T15:43:46Z,True,False,False,False,102L,,A2026,04MAR

2026-03-04T15:43:56Z,True,False,False,False,103L,,A2026,04MAR

2026-03-04T15:44:06Z,True,False,False,False,tesF,,A2026,04MAR

2026-03-04T15:44:14Z,True,False,False,False,104F,,A2026,04MAR

2026-03-04T15:44:22Z,True,False,False,False,105F,,A2026,04MAR

2026-03-04T15:44:30Z,True,False,False,False,106F,,A2026,04MAR

2026-03-04T15:46:51Z,True,False,False,False,107F,,A2026,04MAR

2026-03-04T15:46:55Z,True,False,False,False,108F,,A2026,04MAR

2026-03-04T15:47:02Z,True,False,False,False,111F,,A2026,04MAR

2026-03-04T15:47:07Z,True,False,False,False,113F,,A2026,04MAR

2026-03-04T15:47:19Z,True,False,False,False,tesL,,A2026,04MAR

2026-03-04T15:47:22Z,True,False,False,False,114L,,A2026,04MAR

2026-03-04T15:47:31Z,True,False,False,False,116L,,A2026,04MAR

2026-03-04T15:47:37Z,True,False,False,False,117L,,A2026,04MAR

2026-03-04T15:47:42Z,True,False,False,False,118L,,A2026,04MAR

2026-03-04T15:47:48Z,True,False,False,False,tesF,,A2026,04MAR

2026-03-04T15:47:50Z,True,False,False,False,119F,,A2026,04MAR

2026-03-04T15:48:00Z,True,False,False,False,122F,,A2026,04MAR

2026-03-04T15:48:04Z,True,False,False,False,123F,,A2026,04MAR

2026-03-04T15:48:10Z,True,False,False,False,126F,,A2026,04MAR

2026-03-04T15:48:13Z,True,False,False,False,127F,,A2026,04MAR

2026-03-04T15:48:28Z,True,False,False,False,tesL,,A2026,04MAR

2026-03-04T15:48:30Z,True,False,False,False,129L,,A2026,04MAR

2026-03-04T15:48:40Z,True,False,False,False,131L,,A2026,04MAR

2026-03-04T15:48:45Z,True,False,False,False,132L,,A2026,04MAR

2026-03-04T15:48:50Z,True,False,False,False,133L,,A2026,04MAR

2026-03-04T15:48:56Z,True,False,False,False,tesF,,A2026,04MAR

2026-03-04T15:48:59Z,True,False,False,False,134F,,A2026,04MAR

2026-03-04T15:49:08Z,True,False,False,False,137F,,A2026,04MAR

2026-03-04T15:49:12Z,True,False,False,False,138F,,A2026,04MAR

2026-03-04T15:49:19Z,True,False,False,False,141F,,A2026,04MAR

2026-03-04T15:49:24Z,True,False,False,False,143F,,A2026,04MAR

2026-03-04T15:49:36Z,True,False,False,False,tesL,,A2026,04MAR

2026-03-04T15:49:39Z,True,False,False,False,144L,,A2026,04MAR

2026-03-04T15:49:48Z,True,False,False,False,146L,,A2026,04MAR

2026-03-04T15:49:53Z,True,False,False,False,147L,,A2026,04MAR

2026-03-04T15:49:59Z,True,False,False,False,148L,,A2026,04MAR

2026-03-04T15:50:04Z,True,False,False,False,tesF,,A2026,04MAR

2026-03-04T15:50:07Z,True,False,False,False,149F,,A2026,04MAR

2026-03-04T15:50:17Z,True,False,False,False,152F,,A2026,04MAR

2026-03-04T15:50:20Z,True,False,False,False,153F,,A2026,04MAR

2026-03-04T15:50:27Z,True,False,False,False,156F,,A2026,04MAR

2026-03-04T15:50:29Z,True,False,False,False,157F,,A2026,04MAR

2026-03-04T15:50:44Z,True,False,False,False,tesL,,A2026,04MAR

2026-03-04T15:50:47Z,True,False,False,False,159L,,A2026,04MAR

2026-03-04T15:50:56Z,True,False,False,False,161L,,A2026,04MAR

2026-03-04T15:51:02Z,True,False,False,False,162L,,A2026,04MAR

2026-03-04T15:51:07Z,True,False,False,False,163L,,A2026,04MAR

2026-03-04T15:51:13Z,True,False,False,False,tesF,,A2026,04MAR

2026-03-04T15:51:15Z,True,False,False,False,164F,,A2026,04MAR

2026-03-04T15:51:25Z,True,False,False,False,167F,,A2026,04MAR

2026-03-04T15:51:29Z,True,False,False,False,168F,,A2026,04MAR

2026-03-04T15:51:35Z,True,False,False,False,171F,,A2026,04MAR

2026-03-04T15:51:40Z,True,False,False,False,173F,,A2026,04MAR

2026-03-04T15:51:53Z,True,False,False,False,tesL,,A2026,04MAR

2026-03-04T15:51:55Z,True,False,False,False,174L,,A2026,04MAR

2026-03-04T15:52:05Z,True,False,False,False,176L,,A2026,04MAR

2026-03-04T15:52:10Z,True,False,False,False,177L,,A2026,04MAR

2026-03-04T15:52:15Z,True,False,False,False,178L,,A2026,04MAR

2026-03-04T15:52:21Z,True,False,False,False,tesF,,A2026,04MAR

2026-03-04T15:52:24Z,True,False,False,False,179F,,A2026,04MAR

2026-03-04T15:52:33Z,True,False,False,False,182F,,A2026,04MAR

2026-03-04T15:52:37Z,True,False,False,False,183F,,A2026,04MAR

2026-03-04T15:52:44Z,True,False,False,False,186F,,A2026,04MAR

2026-03-04T15:52:49Z,True,False,False,False,188F,,A2026,04MAR

2026-03-04T15:53:01Z,True,False,False,False,tesL,,A2026,04MAR

2026-03-04T15:53:04Z,True,False,False,False,189L,,A2026,04MAR

2026-03-04T15:53:58Z,True,False,False,False,190L,,A2026,04MAR

2026-03-04T15:54:10Z,True,False,False,False,191L,,A2026,04MAR

2026-03-04T15:54:29Z,True,False,False,False,192L,,A2026,04MAR

2026-03-04T15:54:46Z,True,False,False,False,193L,,A2026,04MAR

2026-03-04T15:54:59Z,True,False,False,False,tesF,,A2026,04MAR

2026-03-04T15:56:06Z,True,False,False,False,194F,,A2026,04MAR

2026-03-04T15:56:51Z,True,False,False,False,195F,,A2026,04MAR

2026-03-04T15:57:46Z,True,False,False,False,196F,,A2026,04MAR

2026-03-04T15:57:57Z,True,False,False,False,197F,,A2026,04MAR

2026-03-04T15:57:57Z,True,False,False,False,197F,,A2026,04MAR

2026-03-04T15:58:31Z,True,False,False,False,198F,,A2026,04MAR

2026-03-04T15:58:41Z,True,False,False,False,199F,,A2026,04MAR

2026-03-04T15:59:25Z,True,False,False,False,201F,,A2026,04MAR

2026-03-04T15:59:25Z,True,False,False,False,201F,,A2026,04MAR

2026-03-04T16:00:00Z,True,False,False,False,202F,,A2026,04MAR

2026-03-04T16:00:10Z,True,False,False,False,203F,,A2026,04MAR

2026-03-04T16:01:00Z,True,False,False,False,,,A2026,04MAR

2026-03-04T16:01:00Z,True,False,False,False,001F,,A2026,04MAR

2026-03-04T16:03:48Z,True,False,False,False,210F,,A2026,04MAR

2026-03-04T16:05:02Z,True,False,False,False,002F,,A2026,04MAR

2026-03-04T16:05:15Z,True,False,False,False,211F,,A2026,04MAR

2026-03-04T16:05:30Z,True,False,False,False,003F,,A2026,04MAR

2026-03-04T16:05:44Z,True,False,False,False,tesL,,A2026,04MAR

2026-03-04T16:06:03Z,True,False,False,False,212L,,A2026,04MAR

2026-03-04T16:06:17Z,True,False,False,False,213L,,A2026,04MAR

2026-03-04T16:06:18Z,True,False,False,False,213L,,A2026,04MAR

2026-03-04T16:06:32Z,True,False,False,False,214L,,A2026,04MAR

2026-03-04T16:06:51Z,True,False,False,False,tesL,,A2026,04MAR

2026-03-04T16:10:52Z,True,False,False,False,216L,,A2026,04MAR

2026-03-04T16:11:33Z,True,False,False,False,217L,,A2026,04MAR

2026-03-04T16:11:55Z,True,False,False,False,218L,,A2026,04MAR

2026-03-04T16:12:20Z,True,False,False,False,tesL,,A2026,04MAR

2026-03-04T16:13:41Z,True,False,False,False,222L,,A2026,04MAR

2026-03-04T16:13:57Z,True,False,False,False,223L,,A2026,04MAR

2026-03-04T16:14:11Z,True,False,False,False,224L,,A2026,04MAR

2026-03-04T16:14:23Z,True,False,False,False,225L,,A2026,04MAR

2026-03-04T16:14:34Z,True,False,False,False,226L,,A2026,04MAR

2026-03-04T16:14:45Z,True,False,False,False,227L,,A2026,04MAR

2026-03-04T16:14:58Z,False,False,False,True,,,A2026,04MAR

2026-03-04T16:14:58Z,True,False,False,False,tesL,,A2026,04MAR

2026-03-04T16:15:16Z,True,False,False,False,228L,,A2026,04MAR

2026-03-04T16:15:16Z,True,False,False,False,228L,,A2026,04MAR

2026-03-04T16:15:34Z,True,False,False,False,229L,,A2026,04MAR

2026-03-04T16:15:47Z,True,False,False,False,230L,,A2026,04MAR

2026-03-04T16:15:58Z,True,False,False,False,231L,,A2026,04MAR

2026-03-04T16:16:29Z,True,False,False,False,232L,,A2026,04MAR

2026-03-04T16:16:29Z,True,False,False,False,232L,,A2026,04MAR

2026-03-04T16:16:40Z,True,False,False,False,233L,,A2026,04MAR

2026-03-04T16:16:51Z,True,False,False,False,tesF,,A2026,04MAR

2026-03-04T16:16:59Z,True,False,False,False,tesF,,A2026,04MAR

2026-03-04T17:01:23.099Z,false,false,false,false,,,1443,040326

2026-03-09T12:40:42.339Z,false,false,false,false,,,1443,040326

2026-03-09T12:59:49.356Z,true,false,false,false,,,0950,09MAR1

2026-03-09T13:00:09.525Z,true,false,false,false,13T,Rectitud EC,0950,09MAR1

2026-03-09T13:00:55.831Z,true,false,false,false,AZ4-B,Zapata tipo I/II 4,0950,09MAR1

2026-03-09T13:00:56.828Z,true,false,false,false,AZ12-A,Zapata tipo I/II 2,0950,09MAR1

2026-03-09T13:00:57.850Z,true,false,false,false,tesF,PURGA DE FOTO FRONTAL,0950,09MAR1

2026-03-09T13:40:39.955Z,true,false,false,false,1F,PURGA DE FOTO FRONTAL,0950,09MAR1

2026-03-09T13:53:13.642Z,true,false,false,false,2F,PURGA DE FOTO FRONTAL,0950,09MAR1

2026-03-09T13:53:45.902Z,true,false,false,false,3F,Distancia entre SE - Perpendicularidad SE,0950,09MAR1

2026-03-09T13:53:58.018Z,true,false,false,false,4F,Distancia entre SE - Perpendicularidad SE,0950,09MAR1

2026-03-09T13:56:21.392Z,true,false,false,false,5F,Distancia entre SE - Perpendicularidad SE,0950,09MAR1

2026-03-09T13:56:50.631Z,true,false,false,false,6F,Distancia entre SE - Perpendicularidad SE,0950,09MAR1

2026-03-09T13:57:15.849Z,true,false,false,false,7F,Distancia entre SE - Perpendicularidad SE,0950,09MAR1

2026-03-09T13:58:39.648Z,true,false,false,false,9F,Distancia entre SE - Perpendicularidad SE,0950,09MAR1

2026-03-09T14:01:12.934Z,true,false,false,false,10F,Distancia entre SE - Perpendicularidad SE,0950,09MAR1

2026-03-09T14:01:22.023Z,true,false,false,false,11F,Distancia entre SE - Perpendicularidad SE,0950,09MAR1

2026-03-09T15:08:54.502Z,true,false,false,false,11F,Distancia entre SE - Perpendicularidad SE,0950,09MAR1

2026-03-09T15:41:15.953Z,true,false,false,false,12F,Distancia entre SE - Perpendicularidad SE,0950,09MAR1

2026-03-09T15:42:54.636Z,true,false,false,false,tesL,PURGA DE FOTO LATERAL,0950,09MAR1

2026-03-09T15:44:54.379Z,true,false,false,false,13L,PURGA DE FOTO LATERAL,0950,09MAR1

2026-03-09T15:45:00.408Z,true,false,false,false,14L,PURGA DE FOTO LATERAL,0950,09MAR1

2026-03-09T15:45:10.477Z,true,false,false,false,15L,PURGA DE FOTO LATERAL,0950,09MAR1

2026-03-09T15:45:21.557Z,true,false,false,false,16L,PURGA DE FOTO LATERAL,0950,09MAR1

2026-03-09T15:45:33.634Z,true,false,false,false,17L,PURGA DE FOTO LATERAL,0950,09MAR1

2026-03-09T15:45:47.715Z,true,false,false,false,18L,PURGA DE FOTO LATERAL,0950,09MAR1

2026-03-09T15:45:58.807Z,true,false,false,false,19L,PURGA DE FOTO LATERAL,0950,09MAR1

2026-03-09T15:46:09.853Z,true,false,false,false,tesF,PURGA DE FOTO FRONTAL,0950,09MAR1

2026-03-09T15:46:27.941Z,true,false,false,false,21F,PURGA DE FOTO FRONTAL,0950,09MAR1

2026-03-09T15:46:40.007Z,true,false,false,false,22F,PURGA DE FOTO FRONTAL,0950,09MAR1

2026-03-09T15:46:53.096Z,true,false,false,false,23F,PURGA DE FOTO FRONTAL,0950,09MAR1

2026-03-09T15:47:06.164Z,true,false,false,false,12T,Rectitud EC,0950,09MAR1

2026-03-09T15:47:19.218Z,true,false,false,false,tesL,PURGA DE FOTO LATERAL,0950,09MAR1

2026-03-09T15:47:28.263Z,true,false,false,false,24L,PURGA DE FOTO LATERAL,0950,09MAR1

2026-03-09T15:47:34.384Z,true,false,false,false,25L,PURGA DE FOTO LATERAL,0950,09MAR1

2026-03-09T15:47:42.381Z,true,false,false,false,26L,PURGA DE FOTO LATERAL,0950,09MAR1

2026-03-09T15:47:51.457Z,true,false,false,false,27L,PURGA DE FOTO LATERAL,0950,09MAR1

2026-03-09T15:48:00.556Z,true,false,false,false,28L,PURGA DE FOTO LATERAL,0950,09MAR1

2026-03-09T15:48:09.640Z,true,false,false,false,tesF,PURGA DE FOTO FRONTAL,0950,09MAR1

2026-03-09T15:48:18.717Z,true,false,false,false,29F,Distancia entre SE - Perpendicularidad SE,0950,09MAR1

2026-03-09T15:48:24.781Z,true,false,false,false,30F,Distancia entre SE - Perpendicularidad SE,0950,09MAR1

2026-03-09T15:51:36.090Z,true,false,false,false,31F,Distancia entre SE - Perpendicularidad SE,0950,09MAR1

2026-03-09T15:51:54.168Z,true,false,false,false,32F,Distancia entre SE - Perpendicularidad SE,0950,09MAR1

2026-03-09T15:52:23.393Z,true,false,false,false,33F,Distancia entre SE - Perpendicularidad SE,0950,09MAR1

2026-03-09T15:52:44.435Z,true,false,false,false,34F,Distancia entre SE - Perpendicularidad SE,0950,09MAR1

2026-03-09T15:52:59.555Z,true,false,false,false,36F,Distancia entre SE - Perpendicularidad SE,0950,09MAR1

2026-03-09T15:53:12.645Z,true,false,false,false,37F,Distancia entre SE - Perpendicularidad SE,0950,09MAR1

2026-03-09T15:53:19.677Z,true,false,false,false,38F,Distancia entre SE - Perpendicularidad SE,0950,09MAR1

2026-03-09T15:53:57.900Z,true,false,false,false,11T,Rectitud EC,0950,09MAR1

2026-03-09T15:54:10.942Z,true,false,false,false,tesL,PURGA DE FOTO LATERAL,0950,09MAR1

2026-03-09T15:56:50.916Z,true,false,false,false,39L,PURGA DE FOTO LATERAL,0950,09MAR1

2026-03-09T15:57:01.000Z,true,false,false,false,40L,PURGA DE FOTO LATERAL,0950,09MAR1

2026-03-09T15:57:09.056Z,true,false,false,false,41L,PURGA DE FOTO LATERAL,0950,09MAR1

2026-03-09T15:57:18.125Z,true,false,false,false,42L,PURGA DE FOTO LATERAL,0950,09MAR1

2026-03-09T15:57:27.185Z,true,false,false,false,43L,PURGA DE FOTO LATERAL,0950,09MAR1

2026-03-09T15:57:36.243Z,true,false,false,false,tesF,PURGA DE FOTO FRONTAL,0950,09MAR1

2026-03-09T15:57:45.377Z,true,false,false,false,44F,Distancia entre SE - Perpendicularidad SE,0950,09MAR1

2026-03-09T15:57:52.383Z,true,false,false,false,45F,Distancia entre SE - Perpendicularidad SE,0950,09MAR1

2026-03-09T15:57:59.422Z,true,false,false,false,46F,Distancia entre SE - Perpendicularidad SE,0950,09MAR1

2026-03-09T15:58:06.433Z,true,false,false,false,47F,Distancia entre SE - Perpendicularidad SE,0950,09MAR1

2026-03-09T15:58:13.472Z,true,false,false,false,48F,Distancia entre SE - Perpendicularidad SE,0950,09MAR1

2026-03-09T15:58:20.514Z,true,false,false,false,49F,Distancia entre SE - Perpendicularidad SE,0950,09MAR1

2026-03-09T15:58:26.566Z,true,false,false,false,51F,Distancia entre SE - Perpendicularidad SE,0950,09MAR1

2026-03-09T15:58:34.630Z,true,false,false,false,52F,Distancia entre SE - Perpendicularidad SE,0950,09MAR1

2026-03-09T15:58:40.684Z,true,false,false,false,53F,Distancia entre SE - Perpendicularidad SE,0950,09MAR1

2026-03-09T15:58:47.731Z,true,false,false,false,10T,Rectitud EC,0950,09MAR1

2026-03-09T16:00:36.457Z,true,false,false,false,tesL,PURGA DE FOTO LATERAL,0950,09MAR1

2026-03-09T16:00:45.526Z,true,false,false,false,54L,PURGA DE FOTO LATERAL,0950,09MAR1

2026-03-09T16:00:52.570Z,true,false,false,false,55L,PURGA DE FOTO LATERAL,0950,09MAR1

2026-03-09T16:00:59.619Z,true,false,false,false,56L,PURGA DE FOTO LATERAL,0950,09MAR1

2026-03-09T16:01:08.681Z,true,false,false,false,57L,PURGA DE FOTO LATERAL,0950,09MAR1

2026-03-09T16:01:17.721Z,true,false,false,false,58L,PURGA DE FOTO LATERAL,0950,09MAR1

2026-03-09T16:01:27.793Z,true,false,false,false,tesF,PURGA DE FOTO FRONTAL,0950,09MAR1

2026-03-09T16:01:36.861Z,true,false,false,false,59F,Distancia entre SE - Perpendicularidad SE,0950,09MAR1

2026-03-09T16:01:42.909Z,true,false,false,false,60F,Distancia entre SE - Perpendicularidad SE,0950,09MAR1

2026-03-09T16:01:49.938Z,true,false,false,false,61F,Distancia entre SE - Perpendicularidad SE,0950,09MAR1

2026-03-09T16:01:56.982Z,true,false,false,false,62F,Distancia entre SE - Perpendicularidad SE,0950,09MAR1

2026-03-09T16:02:04.041Z,true,false,false,false,63F,Distancia entre SE - Perpendicularidad SE,0950,09MAR1

2026-03-09T16:02:11.107Z,true,false,false,false,64F,Distancia entre SE - Perpendicularidad SE,0950,09MAR1

2026-03-09T16:02:18.134Z,true,false,false,false,66F,Distancia entre SE - Perpendicularidad SE,0950,09MAR1

2026-03-09T16:02:25.163Z,true,false,false,false,67F,Distancia entre SE - Perpendicularidad SE,0950,09MAR1

2026-03-09T16:02:32.213Z,true,false,false,false,68F,Distancia entre SE - Perpendicularidad SE,0950,09MAR1

2026-03-09T16:02:38.258Z,true,false,false,false,9T,Rectitud EC,0950,09MAR1

2026-03-09T16:02:48.294Z,true,false,false,false,tesL,PURGA DE FOTO LATERAL,0950,09MAR1

2026-03-09T16:02:58.385Z,true,false,false,false,69L,PURGA DE FOTO LATERAL,0950,09MAR1

2026-03-09T16:03:04.426Z,true,false,false,false,70L,PURGA DE FOTO LATERAL,0950,09MAR1

2026-03-09T16:03:12.458Z,true,false,false,false,71L,PURGA DE FOTO LATERAL,0950,09MAR1

2026-03-09T16:03:21.528Z,true,false,false,false,72L,PURGA DE FOTO LATERAL,0950,09MAR1

2026-03-09T16:03:33.584Z,true,false,true,false,,,0950,09MAR1

2026-03-09T16:03:47.671Z,false,false,false,true,,,0950,09MAR1

2026-03-09T16:03:53.713Z,false,false,false,false,,,0950,09MAR1

2026-03-09T16:06:31.713Z,true,false,false,false,,,1305,09MAR2

2026-03-09T16:06:52.840Z,true,false,false,false,13T,Rectitud EC,1305,09MAR2

2026-03-09T16:07:13.999Z,true,false,false,false,AZ3-A,Zapata tipo I/II 4,1305,09MAR2

2026-03-09T16:07:14.996Z,true,false,false,false,AZ6-B,Zapata tipo I/II 6,1305,09MAR2

2026-03-09T16:07:15.998Z,true,false,false,false,tesF,PURGA DE FOTO FRONTAL,1305,09MAR2

2026-03-09T16:07:37.144Z,true,false,false,false,1F,PURGA DE FOTO FRONTAL,1305,09MAR2

2026-03-09T16:07:44.184Z,true,false,false,false,2F,PURGA DE FOTO FRONTAL,1305,09MAR2

2026-03-09T16:07:50.230Z,true,false,false,false,3F,Distancia entre SE - Perpendicularidad SE,1305,09MAR2

2026-03-09T16:07:57.258Z,true,false,false,false,4F,Distancia entre SE - Perpendicularidad SE,1305,09MAR2

2026-03-09T16:08:04.300Z,true,false,false,false,5F,Distancia entre SE - Perpendicularidad SE,1305,09MAR2

2026-03-09T16:08:11.412Z,true,false,false,false,6F,Distancia entre SE - Perpendicularidad SE,1305,09MAR2

2026-03-09T16:08:16.428Z,true,false,false,false,7F,Distancia entre SE - Perpendicularidad SE,1305,09MAR2

2026-03-09T16:08:22.471Z,true,false,false,false,9F,Distancia entre SE - Perpendicularidad SE,1305,09MAR2

2026-03-09T16:08:30.500Z,true,false,false,false,10F,Distancia entre SE - Perpendicularidad SE,1305,09MAR2

2026-03-09T16:08:36.537Z,true,false,false,false,11F,Distancia entre SE - Perpendicularidad SE,1305,09MAR2

2026-03-09T16:08:42.615Z,true,false,false,false,12F,Distancia entre SE - Perpendicularidad SE,1305,09MAR2

2026-03-09T16:08:48.658Z,true,false,false,false,tesL,PURGA DE FOTO LATERAL,1305,09MAR2

2026-03-09T16:08:58.744Z,true,false,false,false,13L,PURGA DE FOTO LATERAL,1305,09MAR2

2026-03-09T16:09:03.791Z,true,false,false,false,14L,PURGA DE FOTO LATERAL,1305,09MAR2

2026-03-09T16:09:11.844Z,true,false,false,false,15L,PURGA DE FOTO LATERAL,1305,09MAR2

2026-03-09T16:09:17.877Z,true,false,false,false,16L,PURGA DE FOTO LATERAL,1305,09MAR2

2026-03-09T16:09:24.915Z,true,false,false,false,17L,PURGA DE FOTO LATERAL,1305,09MAR2

2026-03-09T16:09:33.971Z,true,false,false,false,18L,PURGA DE FOTO LATERAL,1305,09MAR2

2026-03-09T16:09:41.030Z,true,false,false,false,19L,PURGA DE FOTO LATERAL,1305,09MAR2

2026-03-09T16:09:48.098Z,true,false,false,false,tesF,PURGA DE FOTO FRONTAL,1305,09MAR2

2026-03-09T16:09:57.170Z,true,false,false,false,21F,PURGA DE FOTO FRONTAL,1305,09MAR2

2026-03-09T16:10:04.196Z,true,false,false,false,22F,PURGA DE FOTO FRONTAL,1305,09MAR2

2026-03-09T16:10:16.271Z,true,false,false,false,23F,PURGA DE FOTO FRONTAL,1305,09MAR2

2026-03-09T16:10:27.382Z,true,false,false,false,12T,Rectitud EC,1305,09MAR2

2026-03-09T16:10:35.405Z,true,false,false,false,tesL,PURGA DE FOTO LATERAL,1305,09MAR2

2026-03-09T16:10:43.425Z,true,false,false,false,24L,PURGA DE FOTO LATERAL,1305,09MAR2

2026-03-09T16:10:50.457Z,true,false,false,false,25L,PURGA DE FOTO LATERAL,1305,09MAR2

2026-03-09T16:10:58.492Z,true,false,false,false,26L,PURGA DE FOTO LATERAL,1305,09MAR2

2026-03-09T16:11:07.576Z,true,false,false,false,27L,PURGA DE FOTO LATERAL,1305,09MAR2

2026-03-09T16:11:16.616Z,true,false,false,false,28L,PURGA DE FOTO LATERAL,1305,09MAR2

2026-03-09T16:11:25.658Z,true,false,false,false,tesF,PURGA DE FOTO FRONTAL,1305,09MAR2

2026-03-09T16:11:34.731Z,true,false,false,false,29F,Distancia entre SE - Perpendicularidad SE,1305,09MAR2

2026-03-09T16:11:40.771Z,true,false,false,false,30F,Distancia entre SE - Perpendicularidad SE,1305,09MAR2

2026-03-09T16:11:48.836Z,true,false,false,false,31F,Distancia entre SE - Perpendicularidad SE,1305,09MAR2

2026-03-09T16:11:54.867Z,true,false,false,false,32F,Distancia entre SE - Perpendicularidad SE,1305,09MAR2

2026-03-09T16:12:01.935Z,true,false,false,false,33F,Distancia entre SE - Perpendicularidad SE,1305,09MAR2

2026-03-09T16:12:10.016Z,true,false,false,false,34F,Distancia entre SE - Perpendicularidad SE,1305,09MAR2

2026-03-09T16:12:16.028Z,true,false,false,false,36F,Distancia entre SE - Perpendicularidad SE,1305,09MAR2

2026-03-09T16:12:24.080Z,true,false,false,false,37F,Distancia entre SE - Perpendicularidad SE,1305,09MAR2

2026-03-09T16:12:30.123Z,true,false,false,false,38F,Distancia entre SE - Perpendicularidad SE,1305,09MAR2

2026-03-09T16:12:36.161Z,true,false,false,false,11T,Rectitud EC,1305,09MAR2

2026-03-09T16:12:46.232Z,true,false,false,false,tesL,PURGA DE FOTO LATERAL,1305,09MAR2

2026-03-09T16:15:36.535Z,true,false,false,false,57L,PURGA DE FOTO LATERAL,1305,09MAR2

2026-03-09T16:15:40.585Z,true,false,false,false,58L,PURGA DE FOTO LATERAL,1305,09MAR2

2026-03-09T16:15:49.674Z,true,false,false,false,tesF,PURGA DE FOTO FRONTAL,1305,09MAR2

2026-03-09T16:15:59.750Z,true,false,false,false,59F,Distancia entre SE - Perpendicularidad SE,1305,09MAR2

2026-03-09T16:16:05.885Z,true,false,false,false,60F,Distancia entre SE - Perpendicularidad SE,1305,09MAR2

2026-03-09T16:16:12.953Z,true,false,false,false,61F,Distancia entre SE - Perpendicularidad SE,1305,09MAR2

2026-03-09T16:16:20.026Z,true,false,false,false,62F,Distancia entre SE - Perpendicularidad SE,1305,09MAR2

2026-03-09T16:16:27.075Z,true,false,false,false,63F,Distancia entre SE - Perpendicularidad SE,1305,09MAR2

2026-03-09T16:16:34.165Z,true,false,false,false,64F,Distancia entre SE - Perpendicularidad SE,1305,09MAR2

2026-03-09T16:16:40.225Z,true,false,false,false,66F,Distancia entre SE - Perpendicularidad SE,1305,09MAR2

2026-03-09T16:16:48.300Z,true,false,false,false,67F,Distancia entre SE - Perpendicularidad SE,1305,09MAR2

2026-03-09T16:16:54.349Z,true,false,false,false,68F,Distancia entre SE - Perpendicularidad SE,1305,09MAR2

2026-03-09T16:17:01.380Z,true,false,false,false,9T,Rectitud EC,1305,09MAR2

2026-03-09T16:17:11.488Z,true,false,false,false,tesL,PURGA DE FOTO LATERAL,1305,09MAR2

2026-03-09T16:17:20.574Z,true,false,false,false,69L,PURGA DE FOTO LATERAL,1305,09MAR2

2026-03-09T16:17:27.638Z,true,false,false,false,70L,PURGA DE FOTO LATERAL,1305,09MAR2

2026-03-09T16:17:35.702Z,true,false,false,false,71L,PURGA DE FOTO LATERAL,1305,09MAR2

2026-03-09T16:17:44.881Z,true,false,false,false,72L,PURGA DE FOTO LATERAL,1305,09MAR2

2026-03-09T16:17:53.906Z,true,false,false,false,73L,PURGA DE FOTO LATERAL,1305,09MAR2

2026-03-09T16:18:02.983Z,true,false,false,false,tesF,PURGA DE FOTO FRONTAL,1305,09MAR2

2026-03-09T16:18:16.076Z,true,false,true,false,,,1305,09MAR2

2026-03-09T16:18:30.216Z,false,false,false,true,,,1305,09MAR2

2026-03-09T16:18:34.249Z,false,false,false,false,,,1305,09MAR2

2026-03-09T16:31:11.579Z,true,false,false,false,,,H1330,MAR093

2026-03-09T16:31:38.769Z,true,false,false,false,13T,Rectitud EC,H1330,MAR093

2026-03-09T16:31:59.916Z,true,false,false,false,AZ3-A,Zapata tipo I/II 4,H1330,MAR093

2026-03-09T16:32:00.932Z,true,false,false,false,AZ1-B,Zapata tipo I/II 1,H1330,MAR093

2026-03-09T16:32:01.920Z,true,false,false,false,tesF,PURGA DE FOTO FRONTAL,H1330,MAR093

2026-03-09T16:32:35.159Z,true,false,false,false,1F,PURGA DE FOTO FRONTAL,H1330,MAR093

2026-03-09T16:32:49.261Z,true,false,false,false,2F,PURGA DE FOTO FRONTAL,H1330,MAR093

2026-03-09T16:33:15.439Z,true,false,false,false,3F,Distancia entre SE - Perpendicularidad SE,H1330,MAR093

2026-03-09T17:10:48.120Z,true,false,false,false,4F,Distancia entre SE - Perpendicularidad SE,H1330,MAR093

2026-03-09T17:11:10.298Z,true,false,false,false,5F,Distancia entre SE - Perpendicularidad SE,H1330,MAR093

2026-03-09T17:11:54.608Z,true,false,false,false,6F,Distancia entre SE - Perpendicularidad SE,H1330,MAR093

2026-03-09T17:12:35.949Z,true,false,false,false,7F,Distancia entre SE - Perpendicularidad SE,H1330,MAR093

2026-03-09T17:12:58.147Z,true,false,false,false,9F,Distancia entre SE - Perpendicularidad SE,H1330,MAR093

2026-03-09T17:13:11.287Z,true,false,false,false,10F,Distancia entre SE - Perpendicularidad SE,H1330,MAR093

2026-03-09T17:13:23.378Z,true,false,false,false,11F,Distancia entre SE - Perpendicularidad SE,H1330,MAR093

2026-03-09T17:27:46.246Z,true,false,false,false,12F,Distancia entre SE - Perpendicularidad SE,H1330,MAR093

2026-03-09T17:27:57.333Z,true,false,false,false,tesL,PURGA DE FOTO LATERAL,H1330,MAR093

2026-03-09T17:28:17.502Z,true,false,false,false,13L,PURGA DE FOTO LATERAL,H1330,MAR093

2026-03-09T17:28:40.711Z,true,false,false,false,14L,PURGA DE FOTO LATERAL,H1330,MAR093

2026-03-09T17:28:54.814Z,true,false,false,false,15L,PURGA DE FOTO LATERAL,H1330,MAR093

2026-03-09T17:29:04.923Z,true,false,false,false,16L,PURGA DE FOTO LATERAL,H1330,MAR093

2026-03-09T17:29:14.018Z,true,false,false,false,17L,PURGA DE FOTO LATERAL,H1330,MAR093

2026-03-09T17:29:26.141Z,true,false,false,false,18L,PURGA DE FOTO LATERAL,H1330,MAR093

2026-03-09T17:29:35.222Z,true,false,false,false,19L,PURGA DE FOTO LATERAL,H1330,MAR093

2026-03-09T17:29:45.301Z,true,false,false,false,tesF,PURGA DE FOTO FRONTAL,H1330,MAR093

2026-03-09T17:29:58.440Z,true,false,false,false,21F,PURGA DE FOTO FRONTAL,H1330,MAR093

2026-03-09T17:30:06.544Z,true,false,false,false,22F,PURGA DE FOTO FRONTAL,H1330,MAR093

2026-03-09T17:30:18.651Z,true,false,false,false,23F,PURGA DE FOTO FRONTAL,H1330,MAR093

2026-03-09T17:30:33.805Z,true,false,false,false,12T,Rectitud EC,H1330,MAR093

2026-03-09T17:30:45.923Z,true,false,false,false,tesL,PURGA DE FOTO LATERAL,H1330,MAR093

2026-03-09T17:31:11.112Z,true,false,false,false,24L,PURGA DE FOTO LATERAL,H1330,MAR093

2026-03-09T17:32:55.107Z,true,false,false,false,25L,PURGA DE FOTO LATERAL,H1330,MAR093

2026-03-09T17:33:06.216Z,true,false,false,false,26L,PURGA DE FOTO LATERAL,H1330,MAR093

2026-03-09T17:33:16.303Z,true,false,false,false,27L,PURGA DE FOTO LATERAL,H1330,MAR093

2026-03-09T17:33:51.607Z,true,false,false,false,28L,PURGA DE FOTO LATERAL,H1330,MAR093

2026-03-09T17:34:06.700Z,true,false,false,false,tesF,PURGA DE FOTO FRONTAL,H1330,MAR093

2026-03-09T17:34:20.908Z,true,false,false,false,29F,Distancia entre SE - Perpendicularidad SE,H1330,MAR093

2026-03-09T17:34:32.959Z,true,false,false,false,30F,Distancia entre SE - Perpendicularidad SE,H1330,MAR093

2026-03-09T17:34:59.210Z,true,false,false,false,31F,Distancia entre SE - Perpendicularidad SE,H1330,MAR093

2026-03-09T17:35:10.322Z,true,false,false,false,32F,Distancia entre SE - Perpendicularidad SE,H1330,MAR093

2026-03-09T17:35:22.394Z,true,false,false,false,33F,Distancia entre SE - Perpendicularidad SE,H1330,MAR093

2026-03-09T17:35:31.500Z,true,false,false,false,34F,Distancia entre SE - Perpendicularidad SE,H1330,MAR093

2026-03-09T17:35:54.749Z,true,false,false,false,36F,Distancia entre SE - Perpendicularidad SE,H1330,MAR093

2026-03-09T17:42:33.909Z,true,false,false,false,37F,Distancia entre SE - Perpendicularidad SE,H1330,MAR093

2026-03-09T17:42:47.958Z,true,false,false,false,38F,Distancia entre SE - Perpendicularidad SE,H1330,MAR093

2026-03-09T17:44:53.085Z,true,false,false,false,11T,Rectitud EC,H1330,MAR093

2026-03-09T17:45:06.190Z,true,false,false,false,tesL,PURGA DE FOTO LATERAL,H1330,MAR093

2026-03-09T17:45:19.298Z,true,false,false,false,39L,PURGA DE FOTO LATERAL,H1330,MAR093

2026-03-09T17:45:28.395Z,true,false,false,false,40L,PURGA DE FOTO LATERAL,H1330,MAR093

2026-03-09T17:46:05.697Z,true,false,false,false,41L,PURGA DE FOTO LATERAL,H1330,MAR093

2026-03-09T17:46:10.757Z,true,false,false,false,42L,PURGA DE FOTO LATERAL,H1330,MAR093

2026-03-09T17:46:15.801Z,true,false,false,false,43L,PURGA DE FOTO LATERAL,H1330,MAR093

2026-03-09T17:46:20.908Z,true,false,false,false,tesF,PURGA DE FOTO FRONTAL,H1330,MAR093

2026-03-09T17:46:26.929Z,true,false,false,false,44F,Distancia entre SE - Perpendicularidad SE,H1330,MAR093

2026-03-09T17:46:28.927Z,true,false,false,false,45F,Distancia entre SE - Perpendicularidad SE,H1330,MAR093

2026-03-09T17:46:32.984Z,true,false,false,false,46F,Distancia entre SE - Perpendicularidad SE,H1330,MAR093

2026-03-09T17:46:36.019Z,true,false,false,false,47F,Distancia entre SE - Perpendicularidad SE,H1330,MAR093

2026-03-09T17:46:39.044Z,true,false,false,false,48F,Distancia entre SE - Perpendicularidad SE,H1330,MAR093

2026-03-09T17:46:43.101Z,true,false,false,false,49F,Distancia entre SE - Perpendicularidad SE,H1330,MAR093

2026-03-09T17:46:45.122Z,true,false,false,false,51F,Distancia entre SE - Perpendicularidad SE,H1330,MAR093

2026-03-09T17:46:49.185Z,true,false,false,false,52F,Distancia entre SE - Perpendicularidad SE,H1330,MAR093

2026-03-09T17:46:52.203Z,true,false,false,false,53F,Distancia entre SE - Perpendicularidad SE,H1330,MAR093

2026-03-09T17:46:54.230Z,true,false,false,false,10T,Rectitud EC,H1330,MAR093

2026-03-09T17:47:00.270Z,true,false,false,false,tesL,PURGA DE FOTO LATERAL,H1330,MAR093

2026-03-09T17:47:06.346Z,true,false,false,false,54L,PURGA DE FOTO LATERAL,H1330,MAR093

2026-03-09T17:47:09.352Z,true,false,false,false,55L,PURGA DE FOTO LATERAL,H1330,MAR093

2026-03-09T17:47:13.399Z,true,false,false,false,56L,PURGA DE FOTO LATERAL,H1330,MAR093

2026-03-09T17:47:18.451Z,true,false,false,false,57L,PURGA DE FOTO LATERAL,H1330,MAR093

2026-03-09T17:47:23.506Z,true,false,false,false,58L,PURGA DE FOTO LATERAL,H1330,MAR093

2026-03-09T17:47:29.568Z,true,false,false,false,tesF,PURGA DE FOTO FRONTAL,H1330,MAR093

2026-03-09T17:47:34.601Z,true,false,false,false,59F,Distancia entre SE - Perpendicularidad SE,H1330,MAR093

2026-03-09T17:47:37.619Z,true,false,false,false,60F,Distancia entre SE - Perpendicularidad SE,H1330,MAR093

2026-03-09T17:47:40.663Z,true,false,false,false,61F,Distancia entre SE - Perpendicularidad SE,H1330,MAR093

2026-03-09T17:47:43.694Z,true,false,false,false,62F,Distancia entre SE - Perpendicularidad SE,H1330,MAR093

2026-03-09T17:47:46.711Z,true,false,false,false,63F,Distancia entre SE - Perpendicularidad SE,H1330,MAR093

2026-03-09T17:47:50.767Z,true,false,false,false,64F,Distancia entre SE - Perpendicularidad SE,H1330,MAR093

2026-03-09T17:47:52.792Z,true,false,false,false,66F,Distancia entre SE - Perpendicularidad SE,H1330,MAR093

2026-03-09T17:47:56.851Z,true,false,false,false,67F,Distancia entre SE - Perpendicularidad SE,H1330,MAR093

2026-03-09T17:47:59.913Z,true,false,false,false,68F,Distancia entre SE - Perpendicularidad SE,H1330,MAR093

2026-03-09T17:48:01.915Z,true,false,false,false,9T,Rectitud EC,H1330,MAR093

2026-03-09T17:48:08.972Z,true,false,false,false,tesL,PURGA DE FOTO LATERAL,H1330,MAR093

2026-03-09T17:48:15.032Z,true,false,false,false,69L,PURGA DE FOTO LATERAL,H1330,MAR093

2026-03-09T17:48:17.053Z,true,false,false,false,70L,PURGA DE FOTO LATERAL,H1330,MAR093

2026-03-09T17:48:21.093Z,true,false,false,false,71L,PURGA DE FOTO LATERAL,H1330,MAR093

2026-03-09T17:48:27.189Z,true,false,false,false,72L,PURGA DE FOTO LATERAL,H1330,MAR093

2026-03-09T17:48:32.241Z,true,false,false,false,73L,PURGA DE FOTO LATERAL,H1330,MAR093

2026-03-09T17:48:37.292Z,true,false,false,false,tesF,PURGA DE FOTO FRONTAL,H1330,MAR093

2026-03-09T17:48:43.332Z,true,false,false,false,74F,Distancia entre SE - Perpendicularidad SE,H1330,MAR093

2026-03-09T17:48:45.365Z,true,false,false,false,75F,Distancia entre SE - Perpendicularidad SE,H1330,MAR093

2026-03-09T17:48:49.398Z,true,false,false,false,76F,Distancia entre SE - Perpendicularidad SE,H1330,MAR093

2026-03-09T17:48:52.423Z,true,false,false,false,77F,Distancia entre SE - Perpendicularidad SE,H1330,MAR093

2026-03-09T17:48:55.453Z,true,false,false,false,78F,Distancia entre SE - Perpendicularidad SE,H1330,MAR093

2026-03-09T17:48:58.475Z,true,false,false,false,79F,Distancia entre SE - Perpendicularidad SE,H1330,MAR093

2026-03-09T17:49:01.500Z,true,false,false,false,81F,Distancia entre SE - Perpendicularidad SE,H1330,MAR093

2026-03-09T17:49:05.537Z,true,false,false,false,82F,Distancia entre SE - Perpendicularidad SE,H1330,MAR093

2026-03-09T17:49:07.544Z,true,false,false,false,83F,Distancia entre SE - Perpendicularidad SE,H1330,MAR093

2026-03-09T17:49:10.565Z,true,false,false,false,8T,Rectitud EC,H1330,MAR093

2026-03-09T17:49:17.631Z,true,false,false,false,tesL,PURGA DE FOTO LATERAL,H1330,MAR093

2026-03-09T17:49:22.649Z,true,false,false,false,84L,PURGA DE FOTO LATERAL,H1330,MAR093

2026-03-09T17:49:25.656Z,true,false,false,false,85L,PURGA DE FOTO LATERAL,H1330,MAR093

2026-03-09T17:49:29.699Z,true,false,false,false,86L,PURGA DE FOTO LATERAL,H1330,MAR093

2026-03-09T17:49:34.772Z,true,false,false,false,87L,PURGA DE FOTO LATERAL,H1330,MAR093

2026-03-09T17:49:39.807Z,true,false,false,false,88L,PURGA DE FOTO LATERAL,H1330,MAR093

2026-03-09T17:49:45.913Z,true,false,false,false,tesF,PURGA DE FOTO FRONTAL,H1330,MAR093

2026-03-09T17:49:50.960Z,true,false,false,false,89F,Distancia entre SE - Perpendicularidad SE,H1330,MAR093

2026-03-09T17:49:53.979Z,true,false,false,false,90F,Distancia entre SE - Perpendicularidad SE,H1330,MAR093

2026-03-09T17:49:57.008Z,true,false,false,false,91F,Distancia entre SE - Perpendicularidad SE,H1330,MAR093

2026-03-09T17:50:00.047Z,true,false,false,false,92F,Distancia entre SE - Perpendicularidad SE,H1330,MAR093

2026-03-09T17:50:03.087Z,true,false,false,false,93F,Distancia entre SE - Perpendicularidad SE,H1330,MAR093

2026-03-09T17:50:07.125Z,true,false,false,false,94F,Distancia entre SE - Perpendicularidad SE,H1330,MAR093

2026-03-09T17:50:09.152Z,true,false,false,false,96F,Distancia entre SE - Perpendicularidad SE,H1330,MAR093

2026-03-09T17:50:14.218Z,true,false,false,false,97F,Distancia entre SE - Perpendicularidad SE,H1330,MAR093

2026-03-09T17:50:16.227Z,true,false,false,false,98F,Distancia entre SE - Perpendicularidad SE,H1330,MAR093

2026-03-09T17:50:19.278Z,true,false,false,false,7T,Rectitud EC,H1330,MAR093

2026-03-09T17:50:25.340Z,true,false,false,false,tesL,PURGA DE FOTO LATERAL,H1330,MAR093

2026-03-09T17:50:31.389Z,true,false,false,false,99L,PURGA DE FOTO LATERAL,H1330,MAR093

2026-03-09T17:50:33.393Z,true,false,false,false,100L,PURGA DE FOTO LATERAL,H1330,MAR093

2026-03-09T17:50:37.423Z,true,false,false,false,101L,PURGA DE FOTO LATERAL,H1330,MAR093

2026-03-09T17:50:43.496Z,true,false,false,false,102L,PURGA DE FOTO LATERAL,H1330,MAR093

2026-03-09T17:50:48.556Z,true,false,false,false,103L,PURGA DE FOTO LATERAL,H1330,MAR093

2026-03-09T17:50:53.588Z,true,false,false,false,tesF,PURGA DE FOTO FRONTAL,H1330,MAR093

2026-03-09T17:50:59.606Z,true,false,false,false,104F,Distancia entre SE - Perpendicularidad SE,H1330,MAR093

2026-03-09T17:51:01.628Z,true,false,false,false,105F,Distancia entre SE - Perpendicularidad SE,H1330,MAR093

2026-03-09T17:51:05.672Z,true,false,false,false,106F,Distancia entre SE - Perpendicularidad SE,H1330,MAR093

2026-03-09T17:51:08.702Z,true,false,false,false,107F,Distancia entre SE - Perpendicularidad SE,H1330,MAR093

2026-03-09T17:51:11.729Z,true,false,false,false,108F,Distancia entre SE - Perpendicularidad SE,H1330,MAR093

2026-03-09T17:51:15.754Z,true,false,false,false,109F,Distancia entre SE - Perpendicularidad SE,H1330,MAR093

2026-03-09T17:51:17.759Z,true,false,false,false,111F,Distancia entre SE - Perpendicularidad SE,H1330,MAR093

2026-03-09T17:51:21.812Z,true,false,false,false,112F,Distancia entre SE - Perpendicularidad SE,H1330,MAR093

2026-03-09T17:51:24.840Z,true,false,false,false,113F,Distancia entre SE - Perpendicularidad SE,H1330,MAR093

2026-03-09T17:51:26.909Z,true,false,false,false,6T,Rectitud EC,H1330,MAR093

2026-03-09T17:51:33.979Z,true,false,false,false,tesL,PURGA DE FOTO LATERAL,H1330,MAR093

2026-03-09T17:51:40.009Z,true,false,false,false,114L,PURGA DE FOTO LATERAL,H1330,MAR093

2026-03-09T17:51:42.003Z,true,false,false,false,115L,PURGA DE FOTO LATERAL,H1330,MAR093

2026-03-09T17:51:46.045Z,true,false,false,false,116L,PURGA DE FOTO LATERAL,H1330,MAR093

2026-03-09T17:51:52.081Z,true,false,false,false,117L,PURGA DE FOTO LATERAL,H1330,MAR093

2026-03-09T17:51:57.100Z,true,false,false,false,118L,PURGA DE FOTO LATERAL,H1330,MAR093

2026-03-09T17:52:02.154Z,true,false,false,false,tesF,PURGA DE FOTO FRONTAL,H1330,MAR093

2026-03-09T17:52:08.212Z,true,false,false,false,119F,Distancia entre SE - Perpendicularidad SE,H1330,MAR093

2026-03-09T17:52:10.218Z,true,false,false,false,120F,Distancia entre SE - Perpendicularidad SE,H1330,MAR093

2026-03-09T17:52:14.256Z,true,false,false,false,121F,Distancia entre SE - Perpendicularidad SE,H1330,MAR093

2026-03-09T17:52:17.288Z,true,false,false,false,122F,Distancia entre SE - Perpendicularidad SE,H1330,MAR093

2026-03-09T17:52:20.323Z,true,false,false,false,123F,Distancia entre SE - Perpendicularidad SE,H1330,MAR093

2026-03-09T17:52:23.338Z,true,false,false,false,124F,Distancia entre SE - Perpendicularidad SE,H1330,MAR093

2026-03-09T17:52:26.370Z,true,false,false,false,126F,Distancia entre SE - Perpendicularidad SE,H1330,MAR093

2026-03-09T17:52:30.387Z,true,false,false,false,127F,Distancia entre SE - Perpendicularidad SE,H1330,MAR093

2026-03-09T17:52:33.409Z,true,false,false,false,128F,Distancia entre SE - Perpendicularidad SE,H1330,MAR093

2026-03-09T17:52:35.425Z,true,false,false,false,5T,Rectitud EC,H1330,MAR093

2026-03-09T17:52:42.489Z,true,false,false,false,tesL,PURGA DE FOTO LATERAL,H1330,MAR093

2026-03-09T17:52:47.546Z,true,false,false,false,129L,PURGA DE FOTO LATERAL,H1330,MAR093

2026-03-09T17:52:50.568Z,true,false,false,false,130L,PURGA DE FOTO LATERAL,H1330,MAR093

2026-03-09T17:52:54.610Z,true,false,false,false,131L,PURGA DE FOTO LATERAL,H1330,MAR093

2026-03-09T17:52:59.639Z,true,false,false,false,132L,PURGA DE FOTO LATERAL,H1330,MAR093

2026-03-09T17:53:05.703Z,true,false,false,false,133L,PURGA DE FOTO LATERAL,H1330,MAR093

2026-03-09T17:53:10.742Z,true,false,false,false,tesF,PURGA DE FOTO FRONTAL,H1330,MAR093

2026-03-09T17:53:16.792Z,true,false,true,false,,,H1330,MAR093

2026-03-09T17:53:47.083Z,false,false,false,true,,,H1330,MAR093

2026-03-09T17:53:49.085Z,false,false,false,false,,,H1330,MAR093

2026-03-09T17:54:39.575Z,true,false,false,false,,,H1454,MAR094

2026-03-09T17:55:07.755Z,true,false,false,false,13T,Rectitud EC,H1454,MAR094

2026-03-09T17:55:24.968Z,true,false,false,false,AZ3-B,Zapata tipo I/II 3,H1454,MAR094

2026-03-09T17:55:25.955Z,true,false,false,false,tesF,PURGA DE FOTO FRONTAL,H1454,MAR094

2026-03-09T17:55:43.131Z,true,false,false,false,1F,PURGA DE FOTO FRONTAL,H1454,MAR094

2026-03-09T17:55:46.172Z,true,false,false,false,2F,PURGA DE FOTO FRONTAL,H1454,MAR094

2026-03-09T17:55:48.204Z,true,false,false,false,3F,Distancia entre SE - Perpendicularidad SE,H1454,MAR094

2026-03-09T17:55:51.223Z,true,false,false,false,4F,Distancia entre SE - Perpendicularidad SE,H1454,MAR094

2026-03-09T17:55:54.239Z,true,false,false,false,5F,Distancia entre SE - Perpendicularidad SE,H1454,MAR094

2026-03-09T17:55:57.283Z,true,false,false,false,6F,Distancia entre SE - Perpendicularidad SE,H1454,MAR094

2026-03-09T17:55:58.289Z,true,false,false,false,7F,Distancia entre SE - Perpendicularidad SE,H1454,MAR094

2026-03-09T17:56:00.296Z,true,false,false,false,9F,Distancia entre SE - Perpendicularidad SE,H1454,MAR094

2026-03-09T17:56:04.332Z,true,false,false,false,10F,Distancia entre SE - Perpendicularidad SE,H1454,MAR094

2026-03-09T17:56:06.343Z,true,false,false,false,11F,Distancia entre SE - Perpendicularidad SE,H1454,MAR094

2026-03-09T17:56:08.374Z,true,false,false,false,12F,Distancia entre SE - Perpendicularidad SE,H1454,MAR094

2026-03-09T17:56:10.402Z,true,false,false,false,tesL,PURGA DE FOTO LATERAL,H1454,MAR094

2026-03-09T17:56:16.474Z,true,false,false,false,14L,PURGA DE FOTO LATERAL,H1454,MAR094

2026-03-09T17:56:20.506Z,true,false,false,false,15L,PURGA DE FOTO LATERAL,H1454,MAR094

2026-03-09T17:56:23.564Z,true,false,false,false,16L,PURGA DE FOTO LATERAL,H1454,MAR094

2026-03-09T17:56:26.594Z,true,false,false,false,17L,PURGA DE FOTO LATERAL,H1454,MAR094

2026-03-09T17:56:31.622Z,true,false,false,false,18L,PURGA DE FOTO LATERAL,H1454,MAR094

2026-03-09T17:56:33.642Z,true,false,false,false,19L,PURGA DE FOTO LATERAL,H1454,MAR094

2026-03-09T17:56:36.689Z,true,false,false,false,tesF,PURGA DE FOTO FRONTAL,H1454,MAR094

2026-03-09T17:56:42.730Z,true,false,false,false,21F,PURGA DE FOTO FRONTAL,H1454,MAR094

2026-03-09T17:56:45.757Z,true,false,false,false,22F,PURGA DE FOTO FRONTAL,H1454,MAR094

2026-03-09T17:56:52.837Z,true,false,false,false,23F,PURGA DE FOTO FRONTAL,H1454,MAR094

2026-03-09T17:56:59.919Z,true,false,false,false,12T,Rectitud EC,H1454,MAR094

2026-03-09T17:57:03.955Z,true,false,false,false,tesL,PURGA DE FOTO LATERAL,H1454,MAR094

2026-03-09T17:57:08.977Z,true,false,false,false,24L,PURGA DE FOTO LATERAL,H1454,MAR094

2026-03-09T17:57:10.981Z,true,false,false,false,25L,PURGA DE FOTO LATERAL,H1454,MAR094

2026-03-09T17:57:15.001Z,true,false,false,false,26L,PURGA DE FOTO LATERAL,H1454,MAR094

2026-03-09T17:57:20.062Z,true,false,false,false,27L,PURGA DE FOTO LATERAL,H1454,MAR094

2026-03-09T17:57:25.126Z,true,false,false,false,28L,PURGA DE FOTO LATERAL,H1454,MAR094

2026-03-09T17:57:29.180Z,true,false,false,false,tesF,PURGA DE FOTO FRONTAL,H1454,MAR094

2026-03-09T17:57:35.228Z,true,false,false,false,29F,Distancia entre SE - Perpendicularidad SE,H1454,MAR094

2026-03-09T17:57:37.243Z,true,false,false,false,30F,Distancia entre SE - Perpendicularidad SE,H1454,MAR094

2026-03-09T17:57:40.257Z,true,false,false,false,31F,Distancia entre SE - Perpendicularidad SE,H1454,MAR094

2026-03-09T17:57:43.292Z,true,false,false,false,32F,Distancia entre SE - Perpendicularidad SE,H1454,MAR094

2026-03-09T17:57:46.329Z,true,false,false,false,33F,Distancia entre SE - Perpendicularidad SE,H1454,MAR094

2026-03-09T17:57:49.358Z,true,false,false,false,34F,Distancia entre SE - Perpendicularidad SE,H1454,MAR094

2026-03-09T17:57:52.392Z,true,false,false,false,36F,Distancia entre SE - Perpendicularidad SE,H1454,MAR094

2026-03-09T17:57:55.413Z,true,false,false,false,37F,Distancia entre SE - Perpendicularidad SE,H1454,MAR094

2026-03-09T17:57:58.454Z,true,false,false,false,38F,Distancia entre SE - Perpendicularidad SE,H1454,MAR094

2026-03-09T17:58:00.492Z,true,false,false,false,11T,Rectitud EC,H1454,MAR094

2026-03-09T17:58:05.556Z,true,false,false,false,tesL,PURGA DE FOTO LATERAL,H1454,MAR094

2026-03-09T17:58:11.603Z,true,false,false,false,39L,PURGA DE FOTO LATERAL,H1454,MAR094

2026-03-09T17:58:14.638Z,true,false,false,false,40L,PURGA DE FOTO LATERAL,H1454,MAR094

2026-03-09T17:58:17.677Z,true,false,false,false,41L,PURGA DE FOTO LATERAL,H1454,MAR094

2026-03-09T17:58:22.704Z,true,false,false,false,42L,PURGA DE FOTO LATERAL,H1454,MAR094

2026-03-09T17:58:27.740Z,true,false,false,false,43L,PURGA DE FOTO LATERAL,H1454,MAR094

2026-03-09T17:58:32.788Z,true,false,false,false,tesF,PURGA DE FOTO FRONTAL,H1454,MAR094

2026-03-09T17:58:38.829Z,true,false,false,false,44F,Distancia entre SE - Perpendicularidad SE,H1454,MAR094

2026-03-09T17:58:40.920Z,true,false,false,false,45F,Distancia entre SE - Perpendicularidad SE,H1454,MAR094

2026-03-09T17:58:43.922Z,true,false,false,false,46F,Distancia entre SE - Perpendicularidad SE,H1454,MAR094

2026-03-09T17:58:46.953Z,true,false,false,false,47F,Distancia entre SE - Perpendicularidad SE,H1454,MAR094

2026-03-09T17:58:49.956Z,true,false,false,false,48F,Distancia entre SE - Perpendicularidad SE,H1454,MAR094

2026-03-09T17:58:52.994Z,true,false,false,false,49F,Distancia entre SE - Perpendicularidad SE,H1454,MAR094

2026-03-09T17:58:54.990Z,true,false,false,false,51F,Distancia entre SE - Perpendicularidad SE,H1454,MAR094

2026-03-09T17:58:59.048Z,true,false,false,false,52F,Distancia entre SE - Perpendicularidad SE,H1454,MAR094

2026-03-09T17:59:01.062Z,true,false,false,false,53F,Distancia entre SE - Perpendicularidad SE,H1454,MAR094

2026-03-09T17:59:03.058Z,true,false,false,false,10T,Rectitud EC,H1454,MAR094

2026-03-09T17:59:09.110Z,true,false,false,false,tesL,PURGA DE FOTO LATERAL,H1454,MAR094

2026-03-09T17:59:15.144Z,true,false,false,false,54L,PURGA DE FOTO LATERAL,H1454,MAR094

2026-03-09T17:59:17.151Z,true,false,false,false,55L,PURGA DE FOTO LATERAL,H1454,MAR094

2026-03-09T17:59:21.194Z,true,false,false,false,56L,PURGA DE FOTO LATERAL,H1454,MAR094

2026-03-09T17:59:26.205Z,true,false,false,false,57L,PURGA DE FOTO LATERAL,H1454,MAR094

2026-03-09T17:59:31.247Z,true,false,false,false,58L,PURGA DE FOTO LATERAL,H1454,MAR094

2026-03-09T17:59:36.293Z,true,false,false,false,tesF,PURGA DE FOTO FRONTAL,H1454,MAR094

2026-03-09T17:59:41.335Z,true,false,false,false,59F,Distancia entre SE - Perpendicularidad SE,H1454,MAR094

2026-03-09T17:59:43.365Z,true,false,false,false,60F,Distancia entre SE - Perpendicularidad SE,H1454,MAR094

2026-03-09T17:59:47.414Z,true,false,false,false,61F,Distancia entre SE - Perpendicularidad SE,H1454,MAR094

2026-03-09T17:59:50.445Z,true,false,false,false,62F,Distancia entre SE - Perpendicularidad SE,H1454,MAR094

2026-03-09T17:59:52.475Z,true,false,false,false,63F,Distancia entre SE - Perpendicularidad SE,H1454,MAR094

2026-03-09T17:59:56.498Z,true,false,false,false,64F,Distancia entre SE - Perpendicularidad SE,H1454,MAR094

2026-03-09T17:59:58.530Z,true,false,false,false,66F,Distancia entre SE - Perpendicularidad SE,H1454,MAR094

2026-03-09T18:00:02.562Z,true,false,false,false,67F,Distancia entre SE - Perpendicularidad SE,H1454,MAR094

2026-03-09T18:00:04.586Z,true,false,false,false,68F,Distancia entre SE - Perpendicularidad SE,H1454,MAR094

2026-03-09T18:00:06.588Z,true,false,false,false,9T,Rectitud EC,H1454,MAR094

2026-03-09T18:00:13.675Z,true,false,false,false,tesL,PURGA DE FOTO LATERAL,H1454,MAR094

2026-03-09T18:00:17.723Z,true,false,true,false,,,H1454,MAR094

2026-03-09T18:00:36.956Z,false,false,false,true,,,H1454,MAR094

2026-03-09T18:01:33.416Z,false,false,false,false,,,H1454,MAR094

2026-03-09T18:05:56.593Z,true,false,false,false,,,H1505,MAR095

2026-03-09T18:06:16.810Z,true,false,false,false,tesL,PURGA DE FOTO LATERAL,H1505,MAR095

2026-03-09T18:07:06.293Z,true,false,false,false,174L,PURGA DE FOTO LATERAL,H1505,MAR095

2026-03-09T18:08:04.834Z,true,false,false,false,175L,PURGA DE FOTO LATERAL,H1505,MAR095

2026-03-09T18:08:26.034Z,true,false,false,false,176L,PURGA DE FOTO LATERAL,H1505,MAR095

2026-03-09T18:08:39.137Z,true,false,false,false,177L,PURGA DE FOTO LATERAL,H1505,MAR095

2026-03-09T18:09:03.392Z,true,false,false,false,178L,PURGA DE FOTO LATERAL,H1505,MAR095

2026-03-09T18:09:21.550Z,true,false,false,false,tesF,PURGA DE FOTO FRONTAL,H1505,MAR095

2026-03-09T18:09:46.805Z,true,false,false,false,179F,Distancia entre SE - Perpendicularidad SE,H1505,MAR095

2026-03-09T18:09:59.931Z,true,false,false,false,180F,Distancia entre SE - Perpendicularidad SE,H1505,MAR095

2026-03-09T18:10:12.022Z,true,false,false,false,181F,Distancia entre SE - Perpendicularidad SE,H1505,MAR095

2026-03-09T18:10:23.117Z,true,false,false,false,182F,Distancia entre SE - Perpendicularidad SE,H1505,MAR095

2026-03-09T18:10:42.298Z,true,false,false,false,183F,Distancia entre SE - Perpendicularidad SE,H1505,MAR095

2026-03-09T18:10:54.395Z,true,false,false,false,184F,Distancia entre SE - Perpendicularidad SE,H1505,MAR095

2026-03-09T18:11:10.551Z,true,false,false,false,186F,Distancia entre SE - Perpendicularidad SE,H1505,MAR095

2026-03-09T18:11:25.693Z,true,false,false,false,187F,Distancia entre SE - Perpendicularidad SE,H1505,MAR095

2026-03-09T18:11:37.785Z,true,false,false,false,188F,Distancia entre SE - Perpendicularidad SE,H1505,MAR095

2026-03-09T18:11:56.951Z,true,false,false,false,1T,Rectitud EC,H1505,MAR095

2026-03-09T18:12:14.114Z,true,false,false,false,tesL,PURGA DE FOTO LATERAL,H1505,MAR095

2026-03-09T18:12:30.237Z,true,false,false,false,189L,PURGA DE FOTO LATERAL,H1505,MAR095

2026-03-09T18:12:45.360Z,true,false,false,false,190L,PURGA DE FOTO LATERAL,H1505,MAR095

2026-03-09T18:13:01.518Z,true,false,false,false,191L,PURGA DE FOTO LATERAL,H1505,MAR095

2026-03-09T18:13:13.609Z,true,false,false,false,192L,PURGA DE FOTO LATERAL,H1505,MAR095

2026-03-09T18:13:26.728Z,true,false,false,false,193L,PURGA DE FOTO LATERAL,H1505,MAR095

2026-03-09T18:13:39.923Z,true,false,false,false,tesF,PURGA DE FOTO FRONTAL,H1505,MAR095

2026-03-09T18:14:03.093Z,true,false,false,false,194F,Distancia entre SE - Perpendicularidad SE,H1505,MAR095

2026-03-09T18:14:24.309Z,true,false,false,false,195F,Distancia entre SE - Perpendicularidad SE,H1505,MAR095

2026-03-09T18:14:53.551Z,true,false,false,false,196F,Distancia entre SE - Perpendicularidad SE,H1505,MAR095

2026-03-09T18:15:05.684Z,true,false,false,false,197F,Distancia entre SE - Perpendicularidad SE,H1505,MAR095

2026-03-09T18:15:33.955Z,true,false,false,false,198F,Distancia entre SE - Perpendicularidad SE,H1505,MAR095

2026-03-09T18:15:48.096Z,true,false,false,false,199F,Distancia entre SE - Perpendicularidad SE,H1505,MAR095

2026-03-09T18:16:05.261Z,true,false,false,false,201F,Distancia entre SE - Perpendicularidad SE,H1505,MAR095

2026-03-09T18:17:16.930Z,true,false,false,false,202F,Distancia entre SE - Perpendicularidad SE,H1505,MAR095

2026-03-09T18:17:29.048Z,true,false,false,false,203F,Distancia entre SE - Perpendicularidad SE,H1505,MAR095

2026-03-09T18:18:04.355Z,true,false,false,false,001F,Distancia entre SE y PP,H1505,MAR095

2026-03-09T18:18:32.630Z,true,false,false,false,210F,Distancia entre SE y PP,H1505,MAR095

2026-03-09T18:18:54.930Z,true,false,false,false,002F,Distancia entre SE y PP,H1505,MAR095

2026-03-09T18:19:11.045Z,true,false,false,false,211F,Distancia entre SE y PP,H1505,MAR095

2026-03-09T18:22:43.048Z,true,false,false,false,003F,Distancia entre SE y PP,H1505,MAR095

2026-03-09T18:23:03.243Z,true,false,false,false,tesL,PURGA DE FOTO LATERAL,H1505,MAR095

2026-03-09T18:23:22.405Z,true,false,false,false,212L,PURGA DE FOTO LATERAL,H1505,MAR095

2026-03-09T18:23:33.512Z,true,false,false,false,213L,PURGA DE FOTO LATERAL,H1505,MAR095

2026-03-09T18:23:51.667Z,true,false,false,false,214L,PURGA DE FOTO LATERAL,H1505,MAR095

2026-03-09T18:24:15.927Z,true,false,false,false,tesL,PURGA DE FOTO LATERAL,H1505,MAR095

2026-03-09T18:24:34.100Z,true,false,false,false,216L,Presencia de soldadura TVS - Fisuras soldadura TVS,H1505,MAR095

2026-03-09T18:24:53.257Z,true,false,false,false,217L,Presencia de soldadura TVS - Fisuras soldadura TVS,H1505,MAR095

2026-03-09T18:25:12.412Z,true,false,false,false,218L,Presencia de soldadura TVS - Fisuras soldadura TVS,H1505,MAR095

2026-03-09T18:25:26.558Z,true,false,false,false,tesL,PURGA DE FOTO LATERAL,H1505,MAR095

2026-03-09T18:25:53.798Z,true,false,false,false,0T,Rectitud EC PP,H1505,MAR095

2026-03-09T18:26:24.100Z,true,false,false,false,0Z,Rectitud EC PP,H1505,MAR095

2026-03-09T18:27:04.466Z,true,false,false,false,222L,Rectitud EC PP,H1505,MAR095

2026-03-09T18:29:49.940Z,true,false,false,false,223L,Rectitud EC PP,H1505,MAR095

2026-03-09T18:30:01.000Z,true,false,false,false,224L,Rectitud EC PP,H1505,MAR095

2026-03-09T18:30:13.102Z,true,false,false,false,225L,Rectitud EC PP,H1505,MAR095

2026-03-09T18:30:24.208Z,true,false,false,false,226L,Rectitud EC PP,H1505,MAR095

2026-03-09T18:30:42.362Z,true,false,false,false,227L,Rectitud EC PP,H1505,MAR095

2026-03-09T18:30:53.464Z,true,false,false,false,tesL,PURGA DE FOTO LATERAL,H1505,MAR095

2026-03-09T18:31:22.776Z,true,false,false,false,228L,PURGA DE FOTO LATERAL,H1505,MAR095

2026-03-09T18:31:59.125Z,true,false,false,false,229L,PURGA DE FOTO LATERAL,H1505,MAR095

2026-03-09T18:32:13.233Z,true,false,false,false,230L,PURGA DE FOTO LATERAL,H1505,MAR095

2026-03-09T18:32:26.351Z,true,false,false,false,231L,PURGA DE FOTO LATERAL,H1505,MAR095

2026-03-09T18:33:10.667Z,true,false,false,false,232L,PURGA DE FOTO LATERAL,H1505,MAR095

2026-03-09T18:33:25.786Z,true,false,false,false,233L,PURGA DE FOTO LATERAL,H1505,MAR095

2026-03-09T18:33:44.970Z,true,false,false,false,tesF,PURGA DE FOTO FRONTAL,H1505,MAR095

2026-03-09T18:34:00.068Z,true,false,false,false,241F,PURGA DE FOTO FRONTAL,H1505,MAR095

2026-03-09T18:34:01.090Z,true,false,false,false,tesF,PURGA DE FOTO FRONTAL,H1505,MAR095

2026-03-09T18:34:48.484Z,true,false,false,false,,,H1505,MAR095

2026-03-09T18:36:04.962Z,false,false,false,true,,,H1505,MAR095

2026-03-09T18:36:08.978Z,false,false,false,false,,,H1505,MAR095

2026-03-09T18:41:40.966Z,true,false,false,false,,,H1541,9MAR5

2026-03-09T18:42:07.170Z,true,false,false,false,2T,Rectitud EC,H1541,9MAR5

2026-03-09T18:42:59.506Z,true,false,false,false,tesL,PURGA DE FOTO LATERAL,H1541,9MAR5

2026-03-09T18:43:11.578Z,true,false,false,false,174L,PURGA DE FOTO LATERAL,H1541,9MAR5

2026-03-09T18:43:23.659Z,true,false,false,false,175L,PURGA DE FOTO LATERAL,H1541,9MAR5

2026-03-09T18:43:37.780Z,true,false,false,false,176L,PURGA DE FOTO LATERAL,H1541,9MAR5

2026-03-09T18:43:52.854Z,true,false,false,false,177L,PURGA DE FOTO LATERAL,H1541,9MAR5

2026-03-09T18:44:07.972Z,true,false,false,false,178L,PURGA DE FOTO LATERAL,H1541,9MAR5

2026-03-09T18:44:23.115Z,true,false,false,false,tesF,PURGA DE FOTO FRONTAL,H1541,9MAR5

2026-03-09T18:44:38.176Z,true,false,false,false,179F,Distancia entre SE - Perpendicularidad SE,H1541,9MAR5

2026-03-09T18:44:50.262Z,true,false,false,false,180F,Distancia entre SE - Perpendicularidad SE,H1541,9MAR5

2026-03-09T18:45:03.343Z,true,false,false,false,181F,Distancia entre SE - Perpendicularidad SE,H1541,9MAR5

2026-03-09T18:45:16.410Z,true,false,false,false,182F,Distancia entre SE - Perpendicularidad SE,H1541,9MAR5

2026-03-09T18:45:29.487Z,true,false,false,false,183F,Distancia entre SE - Perpendicularidad SE,H1541,9MAR5

2026-03-09T18:45:42.566Z,true,false,false,false,184F,Distancia entre SE - Perpendicularidad SE,H1541,9MAR5

2026-03-09T18:45:54.654Z,true,false,false,false,186F,Distancia entre SE - Perpendicularidad SE,H1541,9MAR5

2026-03-09T18:46:08.785Z,true,false,false,false,187F,Distancia entre SE - Perpendicularidad SE,H1541,9MAR5

2026-03-09T18:46:20.837Z,true,false,false,false,188F,Distancia entre SE - Perpendicularidad SE,H1541,9MAR5

2026-03-09T18:46:32.945Z,true,false,false,false,1T,Rectitud EC,H1541,9MAR5

2026-03-09T18:46:50.021Z,true,false,false,false,tesL,PURGA DE FOTO LATERAL,H1541,9MAR5

2026-03-09T18:47:05.152Z,true,false,false,false,189L,PURGA DE FOTO LATERAL,H1541,9MAR5

2026-03-09T18:47:17.263Z,true,false,false,false,190L,PURGA DE FOTO LATERAL,H1541,9MAR5

2026-03-09T18:47:31.354Z,true,false,false,false,191L,PURGA DE FOTO LATERAL,H1541,9MAR5

2026-03-09T18:47:46.450Z,true,false,false,false,192L,PURGA DE FOTO LATERAL,H1541,9MAR5

2026-03-09T18:48:01.582Z,true,false,false,false,193L,PURGA DE FOTO LATERAL,H1541,9MAR5

2026-03-09T18:48:16.658Z,true,false,false,false,tesF,PURGA DE FOTO FRONTAL,H1541,9MAR5

2026-03-09T18:48:31.808Z,true,false,false,false,194F,Distancia entre SE - Perpendicularidad SE,H1541,9MAR5

2026-03-09T18:48:43.940Z,true,false,false,false,195F,Distancia entre SE - Perpendicularidad SE,H1541,9MAR5

2026-03-09T18:48:56.968Z,true,false,false,false,196F,Distancia entre SE - Perpendicularidad SE,H1541,9MAR5

2026-03-09T18:49:10.037Z,true,false,false,false,197F,Distancia entre SE - Perpendicularidad SE,H1541,9MAR5

2026-03-09T18:49:23.127Z,true,false,false,false,198F,Distancia entre SE - Perpendicularidad SE,H1541,9MAR5

2026-03-09T18:49:36.227Z,true,false,false,false,199F,Distancia entre SE - Perpendicularidad SE,H1541,9MAR5

2026-03-09T18:49:48.299Z,true,false,false,false,201F,Distancia entre SE - Perpendicularidad SE,H1541,9MAR5

2026-03-09T18:50:02.384Z,true,false,false,false,202F,Distancia entre SE - Perpendicularidad SE,H1541,9MAR5

2026-03-09T18:50:14.459Z,true,false,false,false,203F,Distancia entre SE - Perpendicularidad SE,H1541,9MAR5

2026-03-09T18:50:26.570Z,true,false,false,false,001F,Distancia entre SE y PP,H1541,9MAR5

2026-03-09T18:50:41.657Z,true,false,false,false,210F,Distancia entre SE y PP,H1541,9MAR5

2026-03-09T18:50:54.718Z,true,false,false,false,002F,Distancia entre SE y PP,H1541,9MAR5

2026-03-09T18:51:09.837Z,true,false,false,false,211F,Distancia entre SE y PP,H1541,9MAR5

2026-03-09T18:51:25.947Z,true,false,false,false,003F,Distancia entre SE y PP,H1541,9MAR5

2026-03-09T18:51:40.985Z,true,false,false,false,tesL,PURGA DE FOTO LATERAL,H1541,9MAR5

2026-03-09T18:52:00.136Z,true,false,false,false,212L,PURGA DE FOTO LATERAL,H1541,9MAR5

2026-03-09T18:52:11.218Z,true,false,false,false,213L,PURGA DE FOTO LATERAL,H1541,9MAR5

2026-03-09T18:52:29.375Z,true,false,false,false,214L,PURGA DE FOTO LATERAL,H1541,9MAR5

2026-03-09T18:52:54.577Z,true,false,false,false,tesL,PURGA DE FOTO LATERAL,H1541,9MAR5

2026-03-09T18:53:11.654Z,true,false,false,false,216L,Presencia de soldadura TVS - Fisuras soldadura TVS,H1541,9MAR5

2026-03-09T18:53:26.734Z,true,false,false,false,217L,Presencia de soldadura TVS - Fisuras soldadura TVS,H1541,9MAR5

2026-03-09T18:53:49.938Z,true,false,false,false,218L,Presencia de soldadura TVS - Fisuras soldadura TVS,H1541,9MAR5

2026-03-09T18:54:09.994Z,true,false,false,false,tesL,PURGA DE FOTO LATERAL,H1541,9MAR5

2026-03-09T18:54:30.093Z,true,false,false,false,0T,Rectitud EC PP,H1541,9MAR5

2026-03-09T18:54:55.261Z,true,false,false,false,0Z,Rectitud EC PP,H1541,9MAR5

2026-03-09T18:55:08.349Z,true,false,false,false,222L,Rectitud EC PP,H1541,9MAR5

2026-03-09T18:55:29.519Z,true,false,false,false,223L,Rectitud EC PP,H1541,9MAR5

2026-03-09T18:55:43.641Z,true,false,false,false,224L,Rectitud EC PP,H1541,9MAR5

2026-03-09T18:55:57.743Z,true,false,false,false,225L,Rectitud EC PP,H1541,9MAR5

2026-03-09T18:56:10.836Z,true,false,false,false,226L,Rectitud EC PP,H1541,9MAR5

2026-03-09T18:56:28.955Z,true,false,false,false,227L,Rectitud EC PP,H1541,9MAR5

2026-03-09T18:56:43.079Z,true,false,false,false,tesL,PURGA DE FOTO LATERAL,H1541,9MAR5

2026-03-09T18:56:59.154Z,true,false,false,false,228L,PURGA DE FOTO LATERAL,H1541,9MAR5

2026-03-09T18:57:19.272Z,true,false,false,false,229L,PURGA DE FOTO LATERAL,H1541,9MAR5

2026-03-09T18:57:33.373Z,true,false,false,false,230L,PURGA DE FOTO LATERAL,H1541,9MAR5

2026-03-09T18:57:47.462Z,true,false,false,false,231L,PURGA DE FOTO LATERAL,H1541,9MAR5

2026-03-09T18:58:00.593Z,true,false,false,false,232L,PURGA DE FOTO LATERAL,H1541,9MAR5

2026-03-09T18:58:14.689Z,true,false,false,false,233L,PURGA DE FOTO LATERAL,H1541,9MAR5

2026-03-09T18:58:28.812Z,true,false,false,false,tesF,PURGA DE FOTO FRONTAL,H1541,9MAR5

2026-03-09T18:58:41.939Z,true,false,false,false,240F,PURGA DE FOTO FRONTAL,H1541,9MAR5

2026-03-09T18:58:42.937Z,true,false,false,false,tesF,PURGA DE FOTO FRONTAL,H1541,9MAR5

2026-03-09T18:58:54.013Z,true,false,false,false,,,H1541,9MAR5

2026-03-09T19:00:11.429Z,false,false,false,true,,,H1541,9MAR5

2026-03-09T19:00:24.495Z,false,false,false,false,,,H1541,9MAR5

2026-03-09T19:03:55.942Z,true,false,false,false,,,H1603,9MAR6

2026-03-09T19:04:23.029Z,true,false,false,false,2T,Rectitud EC,H1603,9MAR6

2026-03-09T19:05:14.333Z,true,false,false,false,tesL,PURGA DE FOTO LATERAL,H1603,9MAR6

2026-03-09T19:05:27.447Z,true,false,false,false,174L,PURGA DE FOTO LATERAL,H1603,9MAR6

2026-03-09T19:05:39.501Z,true,false,false,false,175L,PURGA DE FOTO LATERAL,H1603,9MAR6

2026-03-09T19:05:53.575Z,true,false,false,false,176L,PURGA DE FOTO LATERAL,H1603,9MAR6

2026-03-09T19:06:08.637Z,true,false,false,false,177L,PURGA DE FOTO LATERAL,H1603,9MAR6

2026-03-09T19:06:22.742Z,true,false,false,false,178L,PURGA DE FOTO LATERAL,H1603,9MAR6

2026-03-09T19:06:37.833Z,true,false,false,false,tesF,PURGA DE FOTO FRONTAL,H1603,9MAR6

2026-03-09T19:06:53.973Z,true,false,false,false,179F,Distancia entre SE - Perpendicularidad SE,H1603,9MAR6

2026-03-09T19:07:06.038Z,true,false,false,false,180F,Distancia entre SE - Perpendicularidad SE,H1603,9MAR6

2026-03-09T19:07:19.156Z,true,false,false,false,181F,Distancia entre SE - Perpendicularidad SE,H1603,9MAR6

2026-03-09T19:07:32.277Z,true,false,false,false,182F,Distancia entre SE - Perpendicularidad SE,H1603,9MAR6

2026-03-09T19:07:44.342Z,true,false,false,false,183F,Distancia entre SE - Perpendicularidad SE,H1603,9MAR6

2026-03-09T19:07:58.419Z,true,false,false,false,184F,Distancia entre SE - Perpendicularidad SE,H1603,9MAR6

2026-03-09T19:08:10.472Z,true,false,false,false,186F,Distancia entre SE - Perpendicularidad SE,H1603,9MAR6

2026-03-09T19:08:24.574Z,true,false,false,false,187F,Distancia entre SE - Perpendicularidad SE,H1603,9MAR6

2026-03-09T19:08:36.640Z,true,false,false,false,188F,Distancia entre SE - Perpendicularidad SE,H1603,9MAR6

2026-03-09T19:08:48.715Z,true,false,false,false,1T,Rectitud EC,H1603,9MAR6

2026-03-09T19:09:04.817Z,true,false,false,false,tesL,PURGA DE FOTO LATERAL,H1603,9MAR6

2026-03-09T19:09:20.945Z,true,false,false,false,189L,PURGA DE FOTO LATERAL,H1603,9MAR6

2026-03-09T19:09:32.976Z,true,false,false,false,190L,PURGA DE FOTO LATERAL,H1603,9MAR6

2026-03-09T19:09:47.040Z,true,false,false,false,191L,PURGA DE FOTO LATERAL,H1603,9MAR6

2026-03-09T19:10:01.167Z,true,false,false,false,192L,PURGA DE FOTO LATERAL,H1603,9MAR6

2026-03-09T19:10:16.259Z,true,false,false,false,193L,PURGA DE FOTO LATERAL,H1603,9MAR6

2026-03-09T19:10:31.400Z,true,false,false,false,tesF,PURGA DE FOTO FRONTAL,H1603,9MAR6

2026-03-09T19:10:47.516Z,true,false,false,false,194F,Distancia entre SE - Perpendicularidad SE,H1603,9MAR6

2026-03-09T19:10:59.611Z,true,false,false,false,195F,Distancia entre SE - Perpendicularidad SE,H1603,9MAR6

2026-03-09T19:11:12.718Z,true,false,false,false,196F,Distancia entre SE - Perpendicularidad SE,H1603,9MAR6

2026-03-09T19:11:25.820Z,true,false,false,false,197F,Distancia entre SE - Perpendicularidad SE,H1603,9MAR6

2026-03-09T19:11:37.944Z,true,false,false,false,198F,Distancia entre SE - Perpendicularidad SE,H1603,9MAR6

2026-03-09T19:11:52.006Z,true,false,false,false,199F,Distancia entre SE - Perpendicularidad SE,H1603,9MAR6

2026-03-09T19:12:04.130Z,true,false,false,false,201F,Distancia entre SE - Perpendicularidad SE,H1603,9MAR6

2026-03-09T19:12:17.222Z,true,false,false,false,202F,Distancia entre SE - Perpendicularidad SE,H1603,9MAR6

2026-03-09T19:12:30.329Z,true,false,false,false,203F,Distancia entre SE - Perpendicularidad SE,H1603,9MAR6

2026-03-09T19:12:42.416Z,true,false,false,false,001F,Distancia entre SE y PP,H1603,9MAR6

2026-03-09T19:12:57.531Z,true,false,false,false,210F,Distancia entre SE y PP,H1603,9MAR6

2026-03-09T19:13:09.622Z,true,false,false,false,002F,Distancia entre SE y PP,H1603,9MAR6

2026-03-09T19:13:24.740Z,true,false,false,false,211F,Distancia entre SE y PP,H1603,9MAR6

2026-03-09T19:13:40.945Z,true,false,false,false,003F,Distancia entre SE y PP,H1603,9MAR6

2026-03-09T19:13:56.031Z,true,false,false,false,tesL,PURGA DE FOTO LATERAL,H1603,9MAR6

2026-03-09T19:14:12.177Z,true,false,false,false,212L,PURGA DE FOTO LATERAL,H1603,9MAR6

2026-03-09T19:14:22.258Z,true,false,false,false,213L,PURGA DE FOTO LATERAL,H1603,9MAR6

2026-03-09T19:14:39.418Z,true,false,false,false,214L,PURGA DE FOTO LATERAL,H1603,9MAR6

2026-03-09T19:14:56.543Z,true,false,false,false,tesL,PURGA DE FOTO LATERAL,H1603,9MAR6

2026-03-09T19:15:13.732Z,true,false,false,false,216L,Presencia de soldadura TVS - Fisuras soldadura TVS,H1603,9MAR6

2026-03-09T19:15:27.940Z,true,false,false,false,217L,Presencia de soldadura TVS - Fisuras soldadura TVS,H1603,9MAR6

2026-03-09T19:15:45.016Z,true,false,false,false,218L,Presencia de soldadura TVS - Fisuras soldadura TVS,H1603,9MAR6

2026-03-09T19:16:02.153Z,true,false,false,false,tesL,PURGA DE FOTO LATERAL,H1603,9MAR6

2026-03-09T19:16:23.335Z,true,false,false,false,0T,Rectitud EC PP,H1603,9MAR6

2026-03-09T19:16:36.440Z,true,false,false,false,0Z,Rectitud EC PP,H1603,9MAR6

2026-03-09T19:16:49.575Z,true,false,false,false,222L,Rectitud EC PP,H1603,9MAR6

2026-03-09T19:17:02.671Z,true,false,false,false,223L,Rectitud EC PP,H1603,9MAR6

2026-03-09T19:17:16.817Z,true,false,false,false,224L,Rectitud EC PP,H1603,9MAR6

2026-03-09T19:17:29.949Z,true,false,false,false,225L,Rectitud EC PP,H1603,9MAR6

2026-03-09T19:17:44.065Z,true,false,false,false,226L,Rectitud EC PP,H1603,9MAR6

2026-03-09T19:17:58.188Z,true,false,false,false,227L,Rectitud EC PP,H1603,9MAR6

2026-03-09T19:18:11.328Z,true,false,false,false,tesL,PURGA DE FOTO LATERAL,H1603,9MAR6

2026-03-09T19:18:27.477Z,true,false,false,false,228L,PURGA DE FOTO LATERAL,H1603,9MAR6

2026-03-09T19:18:47.640Z,true,false,false,false,229L,PURGA DE FOTO LATERAL,H1603,9MAR6

2026-03-09T19:19:01.765Z,true,false,false,false,230L,PURGA DE FOTO LATERAL,H1603,9MAR6

2026-03-09T19:19:15.852Z,true,false,false,false,231L,PURGA DE FOTO LATERAL,H1603,9MAR6

2026-03-09T19:19:28.969Z,true,false,false,false,232L,PURGA DE FOTO LATERAL,H1603,9MAR6

2026-03-09T19:19:43.083Z,true,false,false,false,233L,PURGA DE FOTO LATERAL,H1603,9MAR6

2026-03-09T19:19:57.197Z,true,false,false,false,tesF,PURGA DE FOTO FRONTAL,H1603,9MAR6

2026-03-09T19:20:10.317Z,true,false,false,false,240F,PURGA DE FOTO FRONTAL,H1603,9MAR6

2026-03-09T19:20:11.332Z,true,false,false,false,tesF,PURGA DE FOTO FRONTAL,H1603,9MAR6

2026-03-09T19:20:22.433Z,true,false,false,false,,,H1603,9MAR6

2026-03-09T19:21:40.031Z,false,false,false,true,,,H1603,9MAR6

2026-03-09T19:22:44.551Z,false,false,false,false,,,H1603,9MAR6

2026-03-09T19:22:45.556Z,false,false,false,true,,,H1603,9MAR6

2026-03-09T19:28:21.440Z,false,false,false,false,,,H1603,9MAR6

2026-03-09T19:28:22.445Z,false,false,false,true,,,H1603,9MAR6

2026-03-09T19:36:24.669Z,false,false,false,false,,,H1603,9MAR6

2026-03-10T17:35:05.700Z,false,false,false,false,,,H1603,9MAR6

2026-03-10T17:38:52.228Z,false,false,false,false,,,H1603,9MAR6

2026-03-11T18:18:22.210Z,false,false,false,false,,,H1603,9MAR6

2026-03-14T11:38:27.314Z,false,false,false,false,,,H1603,9MAR6

2026-03-17T17:27:06.547Z,false,false,false,false,,,DDD,DDD

2026-03-18T06:23:34.256Z,false,false,false,false,,,DDD,DDD

2026-03-18T06:33:30.187Z,false,false,false,false,,,DDD,DDD

2026-03-18T13:16:52.973Z,true,false,false,false,,,H1016,18MAR1

2026-03-18T13:17:19.255Z,true,false,false,false,tesL,PURGA DE FOTO LATERAL,H1016,18MAR1

2026-03-18T13:20:23.072Z,true,false,false,false,174L,PURGA DE FOTO LATERAL,H1016,18MAR1

2026-03-18T13:20:35.125Z,true,false,false,false,175L,PURGA DE FOTO LATERAL,H1016,18MAR1

2026-03-18T13:20:49.237Z,true,false,false,false,176L,PURGA DE FOTO LATERAL,H1016,18MAR1

2026-03-18T13:21:04.361Z,true,false,false,false,177L,PURGA DE FOTO LATERAL,H1016,18MAR1

2026-03-18T13:21:19.498Z,true,false,false,false,178L,PURGA DE FOTO LATERAL,H1016,18MAR1

2026-03-18T13:21:34.617Z,true,false,false,false,tesF,PURGA DE FOTO FRONTAL,H1016,18MAR1

2026-03-18T13:21:49.770Z,true,false,false,false,179F,Distancia entre SE - Perpendicularidad SE,H1016,18MAR1

2026-03-18T13:22:01.860Z,true,false,false,false,180F,Distancia entre SE - Perpendicularidad SE,H1016,18MAR1

2026-03-18T13:23:41.860Z,true,false,false,false,181F,Distancia entre SE - Perpendicularidad SE,H1016,18MAR1

2026-03-18T13:27:15.995Z,true,false,false,false,182F,Distancia entre SE - Perpendicularidad SE,H1016,18MAR1

2026-03-18T13:27:36.119Z,true,false,false,false,183F,Distancia entre SE - Perpendicularidad SE,H1016,18MAR1

2026-03-18T13:27:51.245Z,true,false,false,false,184F,Distancia entre SE - Perpendicularidad SE,H1016,18MAR1

2026-03-18T13:28:01.328Z,true,false,false,false,186F,Distancia entre SE - Perpendicularidad SE,H1016,18MAR1

2026-03-18T13:28:33.628Z,true,false,false,false,187F,Distancia entre SE - Perpendicularidad SE,H1016,18MAR1

2026-03-18T13:28:45.722Z,true,false,false,false,188F,Distancia entre SE - Perpendicularidad SE,H1016,18MAR1

2026-03-18T13:29:26.116Z,true,false,false,false,1T,Rectitud EC,H1016,18MAR1

2026-03-18T13:29:36.208Z,true,false,false,false,tesL,PURGA DE FOTO LATERAL,H1016,18MAR1

2026-03-18T13:29:48.336Z,true,false,false,false,189L,PURGA DE FOTO LATERAL,H1016,18MAR1

2026-03-18T13:29:54.388Z,true,false,false,false,190L,PURGA DE FOTO LATERAL,H1016,18MAR1

2026-03-18T13:30:02.463Z,true,false,false,false,191L,PURGA DE FOTO LATERAL,H1016,18MAR1

2026-03-18T13:30:11.537Z,true,false,false,false,192L,PURGA DE FOTO LATERAL,H1016,18MAR1

2026-03-18T13:30:20.607Z,true,false,false,false,193L,PURGA DE FOTO LATERAL,H1016,18MAR1

2026-03-18T13:30:29.713Z,true,false,false,false,tesF,PURGA DE FOTO FRONTAL,H1016,18MAR1

2026-03-18T13:30:38.765Z,true,false,false,false,194F,Distancia entre SE - Perpendicularidad SE,H1016,18MAR1

2026-03-18T13:30:50.819Z,true,false,false,false,195F,Distancia entre SE - Perpendicularidad SE,H1016,18MAR1

2026-03-18T13:33:14.301Z,true,false,false,false,196F,Distancia entre SE - Perpendicularidad SE,H1016,18MAR1

2026-03-18T13:33:24.395Z,true,false,false,false,197F,Distancia entre SE - Perpendicularidad SE,H1016,18MAR1

2026-03-18T13:34:20.971Z,true,false,false,false,198F,Distancia entre SE - Perpendicularidad SE,H1016,18MAR1

2026-03-18T13:34:33.062Z,true,false,false,false,199F,Distancia entre SE - Perpendicularidad SE,H1016,18MAR1

2026-03-18T13:34:55.253Z,true,false,false,false,201F,Distancia entre SE - Perpendicularidad SE,H1016,18MAR1

2026-03-18T13:35:21.509Z,true,false,false,false,202F,Distancia entre SE - Perpendicularidad SE,H1016,18MAR1

2026-03-18T13:35:38.645Z,true,false,false,false,203F,Distancia entre SE - Perpendicularidad SE,H1016,18MAR1

2026-03-18T13:36:01.836Z,true,false,false,false,001F,Distancia entre SE y PP,H1016,18MAR1

2026-03-18T13:36:14.980Z,true,false,false,false,210F,Distancia entre SE y PP,H1016,18MAR1

2026-03-18T13:36:29.071Z,true,false,false,false,002F,Distancia entre SE y PP,H1016,18MAR1

2026-03-18T13:36:42.162Z,true,false,false,false,211F,Distancia entre SE y PP,H1016,18MAR1

2026-03-18T13:37:15.471Z,true,false,false,false,003F,Distancia entre SE y PP,H1016,18MAR1

2026-03-18T13:37:29.604Z,true,false,false,false,tesL,PURGA DE FOTO LATERAL,H1016,18MAR1

2026-03-18T13:38:17.043Z,true,false,false,false,212L,PURGA DE FOTO LATERAL,H1016,18MAR1

2026-03-18T13:38:33.226Z,true,false,false,false,213L,PURGA DE FOTO LATERAL,H1016,18MAR1

2026-03-18T13:38:53.418Z,true,false,false,false,214L,PURGA DE FOTO LATERAL,H1016,18MAR1

2026-03-18T13:39:09.576Z,true,false,false,false,tesL,PURGA DE FOTO LATERAL,H1016,18MAR1

2026-03-18T13:39:20.672Z,true,false,false,false,216L,Presencia de soldadura TVS - Fisuras soldadura TVS,H1016,18MAR1

2026-03-18T13:39:49.978Z,true,false,false,false,217L,Presencia de soldadura TVS - Fisuras soldadura TVS,H1016,18MAR1

2026-03-18T13:40:05.120Z,true,false,false,false,218L,Presencia de soldadura TVS - Fisuras soldadura TVS,H1016,18MAR1

2026-03-18T13:40:20.213Z,true,false,false,false,tesL,PURGA DE FOTO LATERAL,H1016,18MAR1

2026-03-18T13:40:40.376Z,true,false,false,false,0T,Rectitud EC PP,H1016,18MAR1

2026-03-18T13:41:00.579Z,true,false,false,false,0Z,Rectitud EC PP,H1016,18MAR1

2026-03-18T13:41:30.988Z,true,false,false,false,222L,Rectitud EC PP,H1016,18MAR1

2026-03-18T13:41:44.057Z,true,false,false,false,223L,Rectitud EC PP,H1016,18MAR1

2026-03-18T13:41:53.112Z,true,false,false,false,224L,Rectitud EC PP,H1016,18MAR1

2026-03-18T13:42:03.179Z,true,false,false,false,225L,Rectitud EC PP,H1016,18MAR1

2026-03-18T13:42:12.269Z,true,false,false,false,226L,Rectitud EC PP,H1016,18MAR1

2026-03-18T13:42:31.450Z,true,false,false,false,227L,Rectitud EC PP,H1016,18MAR1

2026-03-18T13:42:42.541Z,true,false,false,false,tesL,PURGA DE FOTO LATERAL,H1016,18MAR1

2026-03-18T13:42:56.635Z,true,false,false,false,228L,PURGA DE FOTO LATERAL,H1016,18MAR1

2026-03-18T13:43:19.842Z,true,false,false,false,229L,PURGA DE FOTO LATERAL,H1016,18MAR1

2026-03-18T13:43:29.978Z,true,false,false,false,230L,PURGA DE FOTO LATERAL,H1016,18MAR1

2026-03-18T13:43:41.033Z,true,false,false,false,231L,PURGA DE FOTO LATERAL,H1016,18MAR1

2026-03-18T13:43:54.118Z,true,false,false,false,232L,PURGA DE FOTO LATERAL,H1016,18MAR1

2026-03-18T13:44:10.243Z,true,false,false,false,233L,PURGA DE FOTO LATERAL,H1016,18MAR1

2026-03-18T13:49:08.311Z,true,false,false,false,tesF,PURGA DE FOTO FRONTAL,H1016,18MAR1

2026-03-18T13:50:39.378Z,true,false,false,false,,,H1016,18MAR1

2026-03-18T13:51:56.120Z,false,false,false,true,,,H1016,18MAR1

2026-03-18T13:52:25.434Z,false,false,false,false,,,H1016,18MAR1

2026-03-18T15:01:30.651Z,true,false,false,false,,,H1200,18MAR2

2026-03-18T15:01:56.947Z,true,false,false,false,tesL,PURGA DE FOTO LATERAL,H1200,18MAR2

2026-03-18T15:06:21.688Z,true,false,false,false,174L,PURGA DE FOTO LATERAL,H1200,18MAR2

2026-03-18T15:06:27.754Z,true,false,false,false,175L,PURGA DE FOTO LATERAL,H1200,18MAR2

2026-03-18T15:06:41.900Z,true,false,false,false,176L,PURGA DE FOTO LATERAL,H1200,18MAR2

2026-03-18T15:06:54.051Z,true,false,false,false,177L,PURGA DE FOTO LATERAL,H1200,18MAR2

2026-03-18T15:07:07.176Z,true,false,false,false,178L,PURGA DE FOTO LATERAL,H1200,18MAR2

2026-03-18T15:07:19.333Z,true,false,false,false,tesF,PURGA DE FOTO FRONTAL,H1200,18MAR2

2026-03-18T15:07:31.443Z,true,false,false,false,179F,Distancia entre SE - Perpendicularidad SE,H1200,18MAR2

2026-03-18T15:07:41.509Z,true,false,false,false,180F,Distancia entre SE - Perpendicularidad SE,H1200,18MAR2

2026-03-18T15:08:06.741Z,true,false,false,false,181F,Distancia entre SE - Perpendicularidad SE,H1200,18MAR2

2026-03-18T15:08:16.800Z,true,false,false,false,182F,Distancia entre SE - Perpendicularidad SE,H1200,18MAR2

2026-03-18T15:08:40.051Z,true,false,false,false,183F,Distancia entre SE - Perpendicularidad SE,H1200,18MAR2

2026-03-18T15:08:52.138Z,true,false,false,false,184F,Distancia entre SE - Perpendicularidad SE,H1200,18MAR2

2026-03-18T15:09:08.260Z,true,false,false,false,186F,Distancia entre SE - Perpendicularidad SE,H1200,18MAR2

2026-03-18T15:11:44.759Z,true,false,false,false,187F,Distancia entre SE - Perpendicularidad SE,H1200,18MAR2

2026-03-18T15:11:50.804Z,true,false,false,false,188F,Distancia entre SE - Perpendicularidad SE,H1200,18MAR2

2026-03-18T15:20:02.786Z,true,false,false,false,1T,Rectitud EC,H1200,18MAR2

2026-03-18T15:20:20.016Z,true,false,false,false,tesL,PURGA DE FOTO LATERAL,H1200,18MAR2

2026-03-18T15:20:33.058Z,true,false,false,false,189L,PURGA DE FOTO LATERAL,H1200,18MAR2

2026-03-18T15:20:43.136Z,true,false,false,false,190L,PURGA DE FOTO LATERAL,H1200,18MAR2

2026-03-18T15:21:02.257Z,true,false,false,false,191L,PURGA DE FOTO LATERAL,H1200,18MAR2

2026-03-18T15:21:15.401Z,true,false,false,false,192L,PURGA DE FOTO LATERAL,H1200,18MAR2

2026-03-18T15:21:26.476Z,true,false,false,false,193L,PURGA DE FOTO LATERAL,H1200,18MAR2

2026-03-18T15:21:41.616Z,true,false,false,false,tesF,PURGA DE FOTO FRONTAL,H1200,18MAR2

2026-03-18T15:21:53.710Z,true,false,false,false,194F,Distancia entre SE - Perpendicularidad SE,H1200,18MAR2

2026-03-18T15:22:01.787Z,true,false,false,false,195F,Distancia entre SE - Perpendicularidad SE,H1200,18MAR2

2026-03-18T15:22:20.011Z,true,false,false,false,196F,Distancia entre SE - Perpendicularidad SE,H1200,18MAR2

2026-03-18T15:22:32.051Z,true,false,false,false,197F,Distancia entre SE - Perpendicularidad SE,H1200,18MAR2

2026-03-18T15:22:47.157Z,true,false,false,false,198F,Distancia entre SE - Perpendicularidad SE,H1200,18MAR2

2026-03-18T15:22:58.252Z,true,false,false,false,199F,Distancia entre SE - Perpendicularidad SE,H1200,18MAR2

2026-03-18T15:23:22.464Z,true,false,false,false,201F,Distancia entre SE - Perpendicularidad SE,H1200,18MAR2

2026-03-18T15:25:23.615Z,true,false,false,false,202F,Distancia entre SE - Perpendicularidad SE,H1200,18MAR2

2026-03-18T15:25:32.667Z,true,false,false,false,203F,Distancia entre SE - Perpendicularidad SE,H1200,18MAR2

2026-03-18T15:26:00.971Z,true,false,false,false,001F,Distancia entre SE y PP,H1200,18MAR2

2026-03-18T15:26:10.060Z,true,false,false,false,210F,Distancia entre SE y PP,H1200,18MAR2

2026-03-18T15:26:20.115Z,true,false,false,false,002F,Distancia entre SE y PP,H1200,18MAR2

2026-03-18T15:26:33.247Z,true,false,false,false,211F,Distancia entre SE y PP,H1200,18MAR2

2026-03-18T15:26:46.364Z,true,false,false,false,003F,Distancia entre SE y PP,H1200,18MAR2

2026-03-18T15:26:57.454Z,true,false,false,false,tesL,PURGA DE FOTO LATERAL,H1200,18MAR2

2026-03-18T15:27:18.583Z,true,false,false,false,212L,PURGA DE FOTO LATERAL,H1200,18MAR2

2026-03-18T15:27:27.663Z,true,false,false,false,213L,PURGA DE FOTO LATERAL,H1200,18MAR2

2026-03-18T15:27:43.819Z,true,false,false,false,214L,PURGA DE FOTO LATERAL,H1200,18MAR2

2026-03-18T15:27:55.940Z,true,false,false,false,tesL,PURGA DE FOTO LATERAL,H1200,18MAR2

2026-03-18T15:28:12.063Z,true,false,false,false,216L,Presencia de soldadura TVS - Fisuras soldadura TVS,H1200,18MAR2

2026-03-18T15:28:30.213Z,true,false,false,false,217L,Presencia de soldadura TVS - Fisuras soldadura TVS,H1200,18MAR2

2026-03-18T15:28:47.353Z,true,false,false,false,218L,Presencia de soldadura TVS - Fisuras soldadura TVS,H1200,18MAR2

2026-03-18T15:29:00.449Z,true,false,false,false,tesL,PURGA DE FOTO LATERAL,H1200,18MAR2

2026-03-18T15:29:17.625Z,true,false,false,false,0T,Rectitud EC PP,H1200,18MAR2

2026-03-18T15:29:34.763Z,true,false,false,false,0Z,Rectitud EC PP,H1200,18MAR2

2026-03-18T15:30:06.103Z,true,false,false,false,222L,Rectitud EC PP,H1200,18MAR2

2026-03-18T15:30:17.199Z,true,false,false,false,223L,Rectitud EC PP,H1200,18MAR2

2026-03-18T15:30:28.298Z,true,false,false,false,224L,Rectitud EC PP,H1200,18MAR2

2026-03-18T15:30:39.370Z,true,false,false,false,225L,Rectitud EC PP,H1200,18MAR2

2026-03-18T15:30:51.458Z,true,false,false,false,226L,Rectitud EC PP,H1200,18MAR2

2026-03-18T15:31:01.511Z,true,false,false,false,227L,Rectitud EC PP,H1200,18MAR2

2026-03-18T15:31:11.598Z,true,false,false,false,tesL,PURGA DE FOTO LATERAL,H1200,18MAR2

2026-03-18T15:31:21.673Z,true,false,false,false,228L,PURGA DE FOTO LATERAL,H1200,18MAR2

2026-03-18T15:31:35.778Z,true,false,false,false,229L,PURGA DE FOTO LATERAL,H1200,18MAR2

2026-03-18T15:31:43.848Z,true,false,false,false,230L,PURGA DE FOTO LATERAL,H1200,18MAR2

2026-03-18T15:31:51.860Z,true,false,false,false,231L,PURGA DE FOTO LATERAL,H1200,18MAR2

2026-03-18T15:31:58.909Z,true,false,false,false,232L,PURGA DE FOTO LATERAL,H1200,18MAR2

2026-03-18T15:32:07.031Z,true,false,false,false,233L,PURGA DE FOTO LATERAL,H1200,18MAR2

2026-03-18T15:32:15.026Z,true,false,false,false,tesF,PURGA DE FOTO FRONTAL,H1200,18MAR2

2026-03-18T15:32:28.125Z,true,false,false,false,,,H1200,18MAR2

2026-03-18T15:33:44.920Z,false,false,false,true,,,H1200,18MAR2

2026-03-18T15:33:50.021Z,false,false,false,false,,,H1200,18MAR2

2026-03-18T17:17:10.113Z,true,false,false,false,,,H1417,18MAR3

2026-03-18T17:17:36.337Z,true,false,false,false,tesL,PURGA DE FOTO LATERAL,H1417,18MAR3

2026-03-18T17:21:18.602Z,true,false,false,false,174L,PURGA DE FOTO LATERAL,H1417,18MAR3

2026-03-18T17:21:28.712Z,true,false,false,false,175L,PURGA DE FOTO LATERAL,H1417,18MAR3

2026-03-18T17:21:55.961Z,true,false,false,false,176L,PURGA DE FOTO LATERAL,H1417,18MAR3

2026-03-18T17:22:08.088Z,true,false,false,false,177L,PURGA DE FOTO LATERAL,H1417,18MAR3

2026-03-18T17:22:21.235Z,true,false,false,false,178L,PURGA DE FOTO LATERAL,H1417,18MAR3

2026-03-18T17:22:38.416Z,true,false,false,false,tesF,PURGA DE FOTO FRONTAL,H1417,18MAR3

2026-03-18T17:22:53.592Z,true,false,false,false,179F,Distancia entre SE - Perpendicularidad SE,H1417,18MAR3

2026-03-18T17:23:03.656Z,true,false,false,false,180F,Distancia entre SE - Perpendicularidad SE,H1417,18MAR3

2026-03-18T17:23:14.739Z,true,false,false,false,181F,Distancia entre SE - Perpendicularidad SE,H1417,18MAR3

2026-03-18T17:23:29.897Z,true,false,false,false,182F,Distancia entre SE - Perpendicularidad SE,H1417,18MAR3

2026-03-18T17:23:35.960Z,true,false,false,false,183F,Distancia entre SE - Perpendicularidad SE,H1417,18MAR3

2026-03-18T17:23:53.152Z,true,false,false,false,184F,Distancia entre SE - Perpendicularidad SE,H1417,18MAR3

2026-03-18T17:24:06.286Z,true,false,false,false,186F,Distancia entre SE - Perpendicularidad SE,H1417,18MAR3

2026-03-18T17:24:22.475Z,true,false,false,false,187F,Distancia entre SE - Perpendicularidad SE,H1417,18MAR3

2026-03-18T17:24:33.555Z,true,false,false,false,188F,Distancia entre SE - Perpendicularidad SE,H1417,18MAR3

2026-03-18T17:26:22.630Z,true,false,false,false,1T,Rectitud EC,H1417,18MAR3

2026-03-18T17:26:32.725Z,true,false,false,false,tesL,PURGA DE FOTO LATERAL,H1417,18MAR3

2026-03-18T17:26:44.878Z,true,false,false,false,189L,PURGA DE FOTO LATERAL,H1417,18MAR3

2026-03-18T17:26:52.961Z,true,false,false,false,190L,PURGA DE FOTO LATERAL,H1417,18MAR3

2026-03-18T17:27:02.064Z,true,false,false,false,191L,PURGA DE FOTO LATERAL,H1417,18MAR3

2026-03-18T17:27:11.118Z,true,false,false,false,192L,PURGA DE FOTO LATERAL,H1417,18MAR3

2026-03-18T17:27:20.218Z,true,false,false,false,193L,PURGA DE FOTO LATERAL,H1417,18MAR3

2026-03-18T17:27:29.325Z,true,false,false,false,tesF,PURGA DE FOTO FRONTAL,H1417,18MAR3

2026-03-18T17:27:41.465Z,true,false,false,false,194F,Distancia entre SE - Perpendicularidad SE,H1417,18MAR3

2026-03-18T17:27:53.550Z,true,false,false,false,195F,Distancia entre SE - Perpendicularidad SE,H1417,18MAR3

2026-03-18T17:28:05.691Z,true,false,false,false,196F,Distancia entre SE - Perpendicularidad SE,H1417,18MAR3

2026-03-18T17:28:15.792Z,true,false,false,false,197F,Distancia entre SE - Perpendicularidad SE,H1417,18MAR3

2026-03-18T17:28:27.898Z,true,false,false,false,198F,Distancia entre SE - Perpendicularidad SE,H1417,18MAR3

2026-03-18T17:28:39.062Z,true,false,false,false,199F,Distancia entre SE - Perpendicularidad SE,H1417,18MAR3

2026-03-18T17:28:48.065Z,true,false,false,false,201F,Distancia entre SE - Perpendicularidad SE,H1417,18MAR3

2026-03-18T17:29:01.161Z,true,false,false,false,202F,Distancia entre SE - Perpendicularidad SE,H1417,18MAR3

2026-03-18T17:29:12.255Z,true,false,false,false,203F,Distancia entre SE - Perpendicularidad SE,H1417,18MAR3

2026-03-18T17:29:27.442Z,true,false,false,false,001F,Distancia entre SE y PP,H1417,18MAR3

2026-03-18T17:29:40.572Z,true,false,false,false,210F,Distancia entre SE y PP,H1417,18MAR3

2026-03-18T17:29:50.727Z,true,false,false,false,002F,Distancia entre SE y PP,H1417,18MAR3

2026-03-18T17:30:02.838Z,true,false,false,false,211F,Distancia entre SE y PP,H1417,18MAR3

2026-03-18T17:30:16.993Z,true,false,false,false,003F,Distancia entre SE y PP,H1417,18MAR3

2026-03-18T17:30:30.157Z,true,false,false,false,tesL,PURGA DE FOTO LATERAL,H1417,18MAR3

2026-03-18T17:30:44.317Z,true,false,false,false,212L,PURGA DE FOTO LATERAL,H1417,18MAR3

2026-03-18T17:30:52.416Z,true,false,false,false,213L,PURGA DE FOTO LATERAL,H1417,18MAR3

2026-03-18T17:31:05.547Z,true,false,false,false,214L,PURGA DE FOTO LATERAL,H1417,18MAR3

2026-03-18T17:31:18.705Z,true,false,false,false,tesL,PURGA DE FOTO LATERAL,H1417,18MAR3

2026-03-18T17:31:31.843Z,true,false,false,false,216L,Presencia de soldadura TVS - Fisuras soldadura TVS,H1417,18MAR3

2026-03-18T17:31:49.085Z,true,false,false,false,217L,Presencia de soldadura TVS - Fisuras soldadura TVS,H1417,18MAR3

2026-03-18T17:32:03.203Z,true,false,false,false,218L,Presencia de soldadura TVS - Fisuras soldadura TVS,H1417,18MAR3

2026-03-18T17:32:17.340Z,true,false,false,false,tesL,PURGA DE FOTO LATERAL,H1417,18MAR3

2026-03-18T17:32:34.515Z,true,false,false,false,0T,Rectitud EC PP,H1417,18MAR3

2026-03-18T17:32:43.616Z,true,false,false,false,0Z,Rectitud EC PP,H1417,18MAR3

2026-03-18T17:32:50.696Z,true,false,false,false,222L,Rectitud EC PP,H1417,18MAR3

2026-03-18T17:33:00.794Z,true,false,false,false,223L,Rectitud EC PP,H1417,18MAR3

2026-03-18T17:33:10.867Z,true,false,false,false,224L,Rectitud EC PP,H1417,18MAR3

2026-03-18T17:33:25.075Z,true,false,false,false,225L,Rectitud EC PP,H1417,18MAR3

2026-03-18T17:33:37.133Z,true,false,false,false,226L,Rectitud EC PP,H1417,18MAR3

2026-03-18T17:33:49.249Z,true,false,false,false,227L,Rectitud EC PP,H1417,18MAR3

2026-03-18T17:34:03.421Z,true,false,false,false,tesL,PURGA DE FOTO LATERAL,H1417,18MAR3

2026-03-18T17:34:18.558Z,true,false,false,false,228L,PURGA DE FOTO LATERAL,H1417,18MAR3

2026-03-18T17:34:34.711Z,true,false,false,false,229L,PURGA DE FOTO LATERAL,H1417,18MAR3

2026-03-18T17:34:50.871Z,true,false,false,false,230L,PURGA DE FOTO LATERAL,H1417,18MAR3

2026-03-18T17:35:04.016Z,true,false,false,false,231L,PURGA DE FOTO LATERAL,H1417,18MAR3

2026-03-18T17:35:15.097Z,true,false,false,false,232L,PURGA DE FOTO LATERAL,H1417,18MAR3

2026-03-18T17:35:25.213Z,true,false,false,false,233L,PURGA DE FOTO LATERAL,H1417,18MAR3

2026-03-18T17:35:36.318Z,true,false,false,false,tesF,PURGA DE FOTO FRONTAL,H1417,18MAR3

2026-03-18T17:36:23.815Z,true,false,false,false,,,H1417,18MAR3

2026-03-18T17:37:40.614Z,false,false,false,true,,,H1417,18MAR3

2026-03-18T17:37:45.687Z,false,false,false,false,,,H1417,18MAR3

2026-03-18T19:54:36.884Z,true,false,false,false,,,H1654,18MAR4

2026-03-18T19:55:03.147Z,true,false,false,false,tesL,PURGA DE FOTO LATERAL,H1654,18MAR4

2026-03-18T19:55:48.651Z,true,false,false,false,174L,PURGA DE FOTO LATERAL,H1654,18MAR4

2026-03-18T19:55:52.678Z,true,false,false,false,175L,PURGA DE FOTO LATERAL,H1654,18MAR4

2026-03-18T19:55:58.759Z,true,false,false,false,176L,PURGA DE FOTO LATERAL,H1654,18MAR4

2026-03-18T19:56:05.845Z,true,false,false,false,177L,PURGA DE FOTO LATERAL,H1654,18MAR4

2026-03-18T19:56:12.903Z,true,false,false,false,178L,PURGA DE FOTO LATERAL,H1654,18MAR4

2026-03-18T19:56:19.973Z,true,false,false,false,tesF,PURGA DE FOTO FRONTAL,H1654,18MAR4

2026-03-18T19:56:27.050Z,true,false,false,false,179F,Distancia entre SE - Perpendicularidad SE,H1654,18MAR4

2026-03-18T19:56:31.123Z,true,false,false,false,180F,Distancia entre SE - Perpendicularidad SE,H1654,18MAR4

2026-03-18T19:56:36.149Z,true,false,false,false,181F,Distancia entre SE - Perpendicularidad SE,H1654,18MAR4

2026-03-18T19:56:41.213Z,true,false,false,false,182F,Distancia entre SE - Perpendicularidad SE,H1654,18MAR4

2026-03-18T19:56:46.261Z,true,false,false,false,183F,Distancia entre SE - Perpendicularidad SE,H1654,18MAR4

2026-03-18T19:56:51.307Z,true,false,false,false,184F,Distancia entre SE - Perpendicularidad SE,H1654,18MAR4

2026-03-18T19:56:55.358Z,true,false,false,false,186F,Distancia entre SE - Perpendicularidad SE,H1654,18MAR4

2026-03-18T19:57:01.466Z,true,false,false,false,187F,Distancia entre SE - Perpendicularidad SE,H1654,18MAR4

2026-03-18T19:57:05.482Z,true,false,false,false,188F,Distancia entre SE - Perpendicularidad SE,H1654,18MAR4

2026-03-18T19:57:09.507Z,true,false,false,false,1T,Rectitud EC,H1654,18MAR4

2026-03-18T19:57:18.615Z,true,false,false,false,tesL,PURGA DE FOTO LATERAL,H1654,18MAR4

2026-03-18T19:57:25.704Z,true,false,false,false,189L,PURGA DE FOTO LATERAL,H1654,18MAR4

2026-03-18T19:57:29.749Z,true,false,false,false,190L,PURGA DE FOTO LATERAL,H1654,18MAR4

2026-03-18T19:57:35.804Z,true,false,false,false,191L,PURGA DE FOTO LATERAL,H1654,18MAR4

2026-03-18T19:57:42.883Z,true,false,false,false,192L,PURGA DE FOTO LATERAL,H1654,18MAR4

2026-03-18T19:57:49.949Z,true,false,false,false,193L,PURGA DE FOTO LATERAL,H1654,18MAR4

2026-03-18T19:57:57.009Z,true,false,false,false,tesF,PURGA DE FOTO FRONTAL,H1654,18MAR4

2026-03-18T19:58:04.122Z,true,false,false,false,194F,Distancia entre SE - Perpendicularidad SE,H1654,18MAR4

2026-03-18T19:58:08.138Z,true,false,false,false,195F,Distancia entre SE - Perpendicularidad SE,H1654,18MAR4

2026-03-18T19:58:14.179Z,true,false,false,false,196F,Distancia entre SE - Perpendicularidad SE,H1654,18MAR4

2026-03-18T19:58:18.242Z,true,false,false,false,197F,Distancia entre SE - Perpendicularidad SE,H1654,18MAR4

2026-03-18T19:58:23.297Z,true,false,false,false,198F,Distancia entre SE - Perpendicularidad SE,H1654,18MAR4

2026-03-18T19:58:28.347Z,true,false,false,false,199F,Distancia entre SE - Perpendicularidad SE,H1654,18MAR4

2026-03-18T19:58:33.408Z,true,false,false,false,201F,Distancia entre SE - Perpendicularidad SE,H1654,18MAR4

2026-03-18T19:58:38.470Z,true,false,false,false,202F,Distancia entre SE - Perpendicularidad SE,H1654,18MAR4

2026-03-18T19:58:42.523Z,true,false,false,false,203F,Distancia entre SE - Perpendicularidad SE,H1654,18MAR4

2026-03-18T19:58:47.568Z,true,false,false,false,001F,Distancia entre SE y PP,H1654,18MAR4

2026-03-18T19:58:54.647Z,true,false,false,false,210F,Distancia entre SE y PP,H1654,18MAR4

2026-03-18T19:58:58.679Z,true,false,false,false,002F,Distancia entre SE y PP,H1654,18MAR4

2026-03-18T19:59:06.761Z,true,false,false,false,211F,Distancia entre SE y PP,H1654,18MAR4

2026-03-18T19:59:13.847Z,true,false,false,false,003F,Distancia entre SE y PP,H1654,18MAR4

2026-03-18T19:59:21.949Z,true,false,false,false,tesL,PURGA DE FOTO LATERAL,H1654,18MAR4

2026-03-18T19:59:29.018Z,true,false,false,false,212L,PURGA DE FOTO LATERAL,H1654,18MAR4

2026-03-18T19:59:31.046Z,true,false,false,false,213L,PURGA DE FOTO LATERAL,H1654,18MAR4

2026-03-18T19:59:41.150Z,true,false,false,false,214L,PURGA DE FOTO LATERAL,H1654,18MAR4

2026-03-18T19:59:50.226Z,true,false,false,false,tesL,PURGA DE FOTO LATERAL,H1654,18MAR4

2026-03-18T19:59:59.329Z,true,false,false,false,216L,Presencia de soldadura TVS - Fisuras soldadura TVS,H1654,18MAR4

2026-03-18T20:00:05.362Z,true,false,false,false,217L,Presencia de soldadura TVS - Fisuras soldadura TVS,H1654,18MAR4

2026-03-18T20:00:14.455Z,true,false,false,false,218L,Presencia de soldadura TVS - Fisuras soldadura TVS,H1654,18MAR4

2026-03-18T20:00:23.506Z,true,false,false,false,tesL,PURGA DE FOTO LATERAL,H1654,18MAR4

2026-03-18T20:00:35.661Z,true,false,false,false,0T,Rectitud EC PP,H1654,18MAR4

2026-03-18T20:00:40.700Z,true,false,false,false,0Z,Rectitud EC PP,H1654,18MAR4

2026-03-18T20:00:45.758Z,true,false,false,false,222L,Rectitud EC PP,H1654,18MAR4

2026-03-18T20:00:51.807Z,true,false,false,false,223L,Rectitud EC PP,H1654,18MAR4

2026-03-18T20:00:56.874Z,true,false,false,false,224L,Rectitud EC PP,H1654,18MAR4

2026-03-18T20:01:02.915Z,true,false,false,false,225L,Rectitud EC PP,H1654,18MAR4

2026-03-18T20:01:08.969Z,true,false,false,false,226L,Rectitud EC PP,H1654,18MAR4

2026-03-18T20:01:15.052Z,true,false,false,false,227L,Rectitud EC PP,H1654,18MAR4

2026-03-18T20:01:20.135Z,true,false,false,false,tesL,PURGA DE FOTO LATERAL,H1654,18MAR4

2026-03-18T20:01:28.178Z,true,false,false,false,228L,PURGA DE FOTO LATERAL,H1654,18MAR4

2026-03-18T20:01:40.307Z,true,false,false,false,229L,PURGA DE FOTO LATERAL,H1654,18MAR4

2026-03-18T20:01:46.380Z,true,false,false,false,230L,PURGA DE FOTO LATERAL,H1654,18MAR4

2026-03-18T20:01:52.472Z,true,false,false,false,231L,PURGA DE FOTO LATERAL,H1654,18MAR4

2026-03-18T20:01:58.512Z,true,false,false,false,232L,PURGA DE FOTO LATERAL,H1654,18MAR4

2026-03-18T20:02:04.570Z,true,false,false,false,233L,PURGA DE FOTO LATERAL,H1654,18MAR4

2026-03-18T20:02:09.617Z,true,false,false,false,tesF,PURGA DE FOTO FRONTAL,H1654,18MAR4

2026-03-18T20:02:18.748Z,true,false,false,false,,,H1654,18MAR4

2026-03-18T20:03:36.588Z,false,false,false,true,,,H1654,18MAR4

2026-03-18T20:04:04.879Z,false,false,false,false,,,H1654,18MAR4

2026-03-18T20:12:54.821Z,true,false,false,false,,,H1712,18MAR5

2026-03-18T20:13:22.153Z,true,false,false,false,tesL,PURGA DE FOTO LATERAL,H1712,18MAR5

2026-03-18T20:14:03.568Z,true,false,false,false,174L,PURGA DE FOTO LATERAL,H1712,18MAR5

2026-03-18T20:14:07.588Z,true,false,false,false,175L,PURGA DE FOTO LATERAL,H1712,18MAR5

2026-03-18T20:14:11.627Z,true,false,false,false,176L,PURGA DE FOTO LATERAL,H1712,18MAR5

2026-03-18T20:14:17.715Z,true,false,false,false,177L,PURGA DE FOTO LATERAL,H1712,18MAR5

2026-03-18T20:14:23.776Z,true,false,false,false,178L,PURGA DE FOTO LATERAL,H1712,18MAR5

2026-03-18T20:14:29.850Z,true,false,false,false,tesF,PURGA DE FOTO FRONTAL,H1712,18MAR5

2026-03-18T20:14:36.916Z,true,false,false,false,179F,Distancia entre SE - Perpendicularidad SE,H1712,18MAR5

2026-03-18T20:14:39.948Z,true,false,false,false,180F,Distancia entre SE - Perpendicularidad SE,H1712,18MAR5

2026-03-18T20:14:43.984Z,true,false,false,false,181F,Distancia entre SE - Perpendicularidad SE,H1712,18MAR5

2026-03-18T20:14:48.032Z,true,false,false,false,182F,Distancia entre SE - Perpendicularidad SE,H1712,18MAR5

2026-03-18T20:14:52.131Z,true,false,false,false,183F,Distancia entre SE - Perpendicularidad SE,H1712,18MAR5

2026-03-18T20:14:56.124Z,true,false,false,false,184F,Distancia entre SE - Perpendicularidad SE,H1712,18MAR5

2026-03-18T20:14:59.153Z,true,false,false,false,186F,Distancia entre SE - Perpendicularidad SE,H1712,18MAR5

2026-03-18T20:15:04.207Z,true,false,false,false,187F,Distancia entre SE - Perpendicularidad SE,H1712,18MAR5

2026-03-18T20:15:07.242Z,true,false,false,false,188F,Distancia entre SE - Perpendicularidad SE,H1712,18MAR5

2026-03-18T20:15:10.295Z,true,false,false,false,1T,Rectitud EC,H1712,18MAR5

2026-03-18T20:15:18.368Z,true,false,false,false,tesL,PURGA DE FOTO LATERAL,H1712,18MAR5

2026-03-18T20:15:24.417Z,true,false,false,false,189L,PURGA DE FOTO LATERAL,H1712,18MAR5

2026-03-18T20:15:27.459Z,true,false,false,false,190L,PURGA DE FOTO LATERAL,H1712,18MAR5

2026-03-18T20:15:32.516Z,true,false,false,false,191L,PURGA DE FOTO LATERAL,H1712,18MAR5

2026-03-18T20:15:38.595Z,true,false,false,false,192L,PURGA DE FOTO LATERAL,H1712,18MAR5

2026-03-18T20:15:44.665Z,true,false,false,false,193L,PURGA DE FOTO LATERAL,H1712,18MAR5

2026-03-18T20:15:50.748Z,true,false,false,false,tesF,PURGA DE FOTO FRONTAL,H1712,18MAR5

2026-03-18T20:15:56.807Z,true,false,false,false,194F,Distancia entre SE - Perpendicularidad SE,H1712,18MAR5

2026-03-18T20:16:00.853Z,true,false,false,false,195F,Distancia entre SE - Perpendicularidad SE,H1712,18MAR5

2026-03-18T20:16:04.890Z,true,false,false,false,196F,Distancia entre SE - Perpendicularidad SE,H1712,18MAR5

2026-03-18T20:16:08.933Z,true,false,false,false,197F,Distancia entre SE - Perpendicularidad SE,H1712,18MAR5

2026-03-18T20:16:11.954Z,true,false,false,false,198F,Distancia entre SE - Perpendicularidad SE,H1712,18MAR5

2026-03-18T20:16:17.009Z,true,false,false,false,199F,Distancia entre SE - Perpendicularidad SE,H1712,18MAR5

2026-03-18T20:16:20.037Z,true,false,false,false,201F,Distancia entre SE - Perpendicularidad SE,H1712,18MAR5

2026-03-18T20:16:25.130Z,true,false,false,false,202F,Distancia entre SE - Perpendicularidad SE,H1712,18MAR5

2026-03-18T20:16:28.151Z,true,false,false,false,203F,Distancia entre SE - Perpendicularidad SE,H1712,18MAR5

2026-03-18T20:16:31.163Z,true,false,false,false,001F,Distancia entre SE y PP,H1712,18MAR5

2026-03-18T20:16:37.264Z,true,false,false,false,210F,Distancia entre SE y PP,H1712,18MAR5

2026-03-18T20:16:40.297Z,true,false,false,false,002F,Distancia entre SE y PP,H1712,18MAR5

2026-03-18T20:16:47.371Z,true,false,false,false,211F,Distancia entre SE y PP,H1712,18MAR5

2026-03-18T20:16:53.415Z,true,false,false,false,003F,Distancia entre SE y PP,H1712,18MAR5

2026-03-18T20:17:00.504Z,true,false,false,false,tesL,PURGA DE FOTO LATERAL,H1712,18MAR5

2026-03-18T20:17:06.555Z,true,false,false,false,212L,PURGA DE FOTO LATERAL,H1712,18MAR5

2026-03-18T20:17:08.574Z,true,false,false,false,213L,PURGA DE FOTO LATERAL,H1712,18MAR5

2026-03-18T20:17:16.671Z,true,false,false,false,214L,PURGA DE FOTO LATERAL,H1712,18MAR5

2026-03-18T20:17:24.757Z,true,false,false,false,tesL,PURGA DE FOTO LATERAL,H1712,18MAR5

2026-03-18T20:17:32.855Z,true,false,false,false,216L,Presencia de soldadura TVS - Fisuras soldadura TVS,H1712,18MAR5

2026-03-18T20:17:37.897Z,true,false,false,false,217L,Presencia de soldadura TVS - Fisuras soldadura TVS,H1712,18MAR5

2026-03-18T20:17:45.975Z,true,false,false,false,218L,Presencia de soldadura TVS - Fisuras soldadura TVS,H1712,18MAR5

2026-03-18T20:17:55.135Z,true,false,false,false,tesL,PURGA DE FOTO LATERAL,H1712,18MAR5

2026-03-18T20:18:06.219Z,true,false,false,false,0T,Rectitud EC PP,H1712,18MAR5

2026-03-18T20:18:10.284Z,true,false,false,false,0Z,Rectitud EC PP,H1712,18MAR5

2026-03-18T20:18:14.301Z,true,false,false,false,222L,Rectitud EC PP,H1712,18MAR5

2026-03-18T20:18:18.346Z,true,false,false,false,223L,Rectitud EC PP,H1712,18MAR5

2026-03-18T20:18:23.393Z,true,false,false,false,224L,Rectitud EC PP,H1712,18MAR5

2026-03-18T20:18:28.459Z,true,false,false,false,225L,Rectitud EC PP,H1712,18MAR5

2026-03-18T20:18:33.525Z,true,false,false,false,226L,Rectitud EC PP,H1712,18MAR5

2026-03-18T20:18:37.569Z,true,false,false,false,227L,Rectitud EC PP,H1712,18MAR5

2026-03-18T20:18:42.616Z,true,false,false,false,tesL,PURGA DE FOTO LATERAL,H1712,18MAR5

2026-03-18T20:18:49.700Z,true,false,false,false,228L,PURGA DE FOTO LATERAL,H1712,18MAR5

2026-03-18T20:19:00.841Z,true,false,false,false,229L,PURGA DE FOTO LATERAL,H1712,18MAR5

2026-03-18T20:19:05.886Z,true,false,false,false,230L,PURGA DE FOTO LATERAL,H1712,18MAR5

2026-03-18T20:19:10.955Z,true,false,false,false,231L,PURGA DE FOTO LATERAL,H1712,18MAR5

2026-03-18T20:19:14.990Z,true,false,false,false,232L,PURGA DE FOTO LATERAL,H1712,18MAR5

2026-03-18T20:19:20.023Z,true,false,false,false,233L,PURGA DE FOTO LATERAL,H1712,18MAR5

2026-03-18T20:19:25.126Z,true,false,false,false,tesF,PURGA DE FOTO FRONTAL,H1712,18MAR5

2026-03-18T20:19:32.167Z,true,false,false,false,,,H1712,18MAR5

2026-03-18T20:20:48.985Z,false,false,false,true,,,H1712,18MAR5

2026-03-18T20:22:02.769Z,false,false,false,false,,,H1712,18MAR5

2026-03-18T20:23:02.379Z,true,false,false,false,,,32423,KJSDA

2026-03-18T20:23:28.664Z,true,false,false,false,tesL,PURGA DE FOTO LATERAL,32423,KJSDA

2026-03-18T20:24:11.125Z,true,false,false,false,174L,PURGA DE FOTO LATERAL,32423,KJSDA

2026-03-18T20:24:14.154Z,true,false,false,false,175L,PURGA DE FOTO LATERAL,32423,KJSDA

2026-03-18T20:24:19.217Z,true,false,false,false,176L,PURGA DE FOTO LATERAL,32423,KJSDA

2026-03-18T20:24:25.262Z,true,false,false,false,177L,PURGA DE FOTO LATERAL,32423,KJSDA

2026-03-18T20:24:31.358Z,true,false,false,false,178L,PURGA DE FOTO LATERAL,32423,KJSDA

2026-03-18T20:24:37.414Z,true,false,false,false,tesF,PURGA DE FOTO FRONTAL,32423,KJSDA

2026-03-18T20:24:44.486Z,true,false,false,false,179F,Distancia entre SE - Perpendicularidad SE,32423,KJSDA

2026-03-18T20:24:47.523Z,true,false,false,false,180F,Distancia entre SE - Perpendicularidad SE,32423,KJSDA

2026-03-18T20:24:51.577Z,true,false,false,false,181F,Distancia entre SE - Perpendicularidad SE,32423,KJSDA

2026-03-18T20:24:55.585Z,true,false,false,false,182F,Distancia entre SE - Perpendicularidad SE,32423,KJSDA

2026-03-18T20:24:58.628Z,true,false,false,false,183F,Distancia entre SE - Perpendicularidad SE,32423,KJSDA

2026-03-18T20:25:03.657Z,true,false,false,false,184F,Distancia entre SE - Perpendicularidad SE,32423,KJSDA

2026-03-18T20:25:06.695Z,true,false,false,false,186F,Distancia entre SE - Perpendicularidad SE,32423,KJSDA

2026-03-18T20:25:11.746Z,true,false,false,false,187F,Distancia entre SE - Perpendicularidad SE,32423,KJSDA

2026-03-18T20:25:14.774Z,true,false,false,false,188F,Distancia entre SE - Perpendicularidad SE,32423,KJSDA

2026-03-18T20:25:17.811Z,true,false,false,false,1T,Rectitud EC,32423,KJSDA

2026-03-18T20:25:25.858Z,true,false,false,false,tesL,PURGA DE FOTO LATERAL,32423,KJSDA

2026-03-18T20:25:31.935Z,true,false,false,false,189L,PURGA DE FOTO LATERAL,32423,KJSDA

2026-03-18T20:25:34.974Z,true,false,false,false,190L,PURGA DE FOTO LATERAL,32423,KJSDA

2026-03-18T20:25:40.027Z,true,false,false,false,191L,PURGA DE FOTO LATERAL,32423,KJSDA

2026-03-18T20:25:46.142Z,true,false,false,false,192L,PURGA DE FOTO LATERAL,32423,KJSDA

2026-03-18T20:25:52.173Z,true,false,false,false,193L,PURGA DE FOTO LATERAL,32423,KJSDA

2026-03-18T20:25:58.181Z,true,false,false,false,tesF,PURGA DE FOTO FRONTAL,32423,KJSDA

2026-03-18T20:26:04.260Z,true,false,false,false,194F,Distancia entre SE - Perpendicularidad SE,32423,KJSDA

2026-03-18T20:36:10.321Z,true,false,false,false,195F,Distancia entre SE - Perpendicularidad SE,32423,KJSDA

2026-03-18T20:36:13.329Z,true,false,false,false,196F,Distancia entre SE - Perpendicularidad SE,32423,KJSDA

2026-03-18T20:36:16.350Z,true,false,false,false,197F,Distancia entre SE - Perpendicularidad SE,32423,KJSDA

2026-03-18T20:36:19.386Z,true,false,false,false,198F,Distancia entre SE - Perpendicularidad SE,32423,KJSDA

2026-03-18T20:36:22.398Z,true,false,false,false,199F,Distancia entre SE - Perpendicularidad SE,32423,KJSDA

2026-03-18T20:36:24.439Z,true,false,false,false,201F,Distancia entre SE - Perpendicularidad SE,32423,KJSDA

2026-03-18T20:36:28.467Z,true,false,false,false,202F,Distancia entre SE - Perpendicularidad SE,32423,KJSDA

2026-03-18T20:36:31.517Z,true,false,false,false,203F,Distancia entre SE - Perpendicularidad SE,32423,KJSDA

2026-03-18T20:36:33.527Z,true,false,false,false,001F,Distancia entre SE y PP,32423,KJSDA

2026-03-18T20:36:38.568Z,true,false,false,false,210F,Distancia entre SE y PP,32423,KJSDA

2026-03-18T20:36:40.594Z,true,false,false,false,002F,Distancia entre SE y PP,32423,KJSDA

2026-03-18T20:36:46.668Z,true,false,false,false,211F,Distancia entre SE y PP,32423,KJSDA

2026-03-18T20:36:51.694Z,true,false,false,false,003F,Distancia entre SE y PP,32423,KJSDA

2026-03-18T20:36:57.757Z,true,false,false,false,tesL,PURGA DE FOTO LATERAL,32423,KJSDA

2026-03-18T20:37:02.829Z,true,false,false,false,212L,PURGA DE FOTO LATERAL,32423,KJSDA

2026-03-18T20:37:03.821Z,true,false,false,false,213L,PURGA DE FOTO LATERAL,32423,KJSDA

2026-03-18T20:37:10.887Z,true,false,false,false,214L,PURGA DE FOTO LATERAL,32423,KJSDA

2026-03-18T20:37:17.981Z,true,false,false,false,tesL,PURGA DE FOTO LATERAL,32423,KJSDA

2026-03-18T20:37:25.069Z,true,false,false,false,216L,Presencia de soldadura TVS - Fisuras soldadura TVS,32423,KJSDA

2026-03-18T20:37:30.155Z,true,false,false,false,217L,Presencia de soldadura TVS - Fisuras soldadura TVS,32423,KJSDA

2026-03-18T20:37:37.221Z,true,false,false,false,218L,Presencia de soldadura TVS - Fisuras soldadura TVS,32423,KJSDA

2026-03-18T20:37:44.273Z,true,false,false,false,tesL,PURGA DE FOTO LATERAL,32423,KJSDA

2026-03-18T20:37:54.379Z,true,false,false,false,0T,Rectitud EC PP,32423,KJSDA

2026-03-18T20:37:57.410Z,true,false,false,false,0Z,Rectitud EC PP,32423,KJSDA

2026-03-18T20:38:00.459Z,true,false,false,false,222L,Rectitud EC PP,32423,KJSDA

2026-03-18T20:38:04.495Z,true,false,false,false,223L,Rectitud EC PP,32423,KJSDA

2026-03-18T20:38:07.532Z,true,false,false,false,224L,Rectitud EC PP,32423,KJSDA

2026-03-18T20:38:11.578Z,true,false,false,false,225L,Rectitud EC PP,32423,KJSDA

2026-03-18T20:38:15.604Z,true,false,false,false,226L,Rectitud EC PP,32423,KJSDA

2026-03-18T20:38:19.646Z,true,false,false,false,227L,Rectitud EC PP,32423,KJSDA

2026-03-18T20:38:23.678Z,true,false,false,false,tesL,PURGA DE FOTO LATERAL,32423,KJSDA

2026-03-18T20:38:28.749Z,true,false,false,false,228L,PURGA DE FOTO LATERAL,32423,KJSDA

2026-03-18T20:38:39.853Z,true,false,false,false,229L,PURGA DE FOTO LATERAL,32423,KJSDA

2026-03-18T20:38:43.898Z,true,false,false,false,230L,PURGA DE FOTO LATERAL,32423,KJSDA

2026-03-18T20:38:46.929Z,true,false,false,false,231L,PURGA DE FOTO LATERAL,32423,KJSDA

2026-03-18T20:38:50.980Z,true,false,false,false,232L,PURGA DE FOTO LATERAL,32423,KJSDA

2026-03-18T20:38:55.038Z,true,false,false,false,233L,PURGA DE FOTO LATERAL,32423,KJSDA

2026-03-18T20:38:59.133Z,true,false,false,false,tesF,PURGA DE FOTO FRONTAL,32423,KJSDA

2026-03-18T20:39:02.145Z,true,false,false,false,240F,PURGA DE FOTO FRONTAL,32423,KJSDA

2026-03-18T20:39:03.168Z,true,false,false,false,tesF,PURGA DE FOTO FRONTAL,32423,KJSDA

2026-03-18T20:39:04.160Z,true,false,false,false,,,32423,KJSDA

2026-03-18T20:40:20.962Z,false,false,false,true,,,32423,KJSDA

2026-03-18T20:43:00.608Z,false,false,false,false,,,32423,KJSDA

2026-03-18T20:44:08.263Z,true,false,false,false,,,DFSDF,RFGTERG

2026-03-18T20:44:35.567Z,true,false,false,false,tesL,PURGA DE FOTO LATERAL,DFSDF,RFGTERG

2026-03-18T20:45:15.022Z,true,false,false,false,174L,PURGA DE FOTO LATERAL,DFSDF,RFGTERG

2026-03-18T20:47:25.333Z,true,false,false,false,175L,PURGA DE FOTO LATERAL,DFSDF,RFGTERG

2026-03-18T20:47:29.392Z,true,false,false,false,176L,PURGA DE FOTO LATERAL,DFSDF,RFGTERG

2026-03-18T20:47:34.452Z,true,false,false,false,177L,PURGA DE FOTO LATERAL,DFSDF,RFGTERG

2026-03-18T20:47:39.518Z,true,false,false,false,178L,PURGA DE FOTO LATERAL,DFSDF,RFGTERG

2026-03-18T20:47:44.547Z,true,false,false,false,tesF,PURGA DE FOTO FRONTAL,DFSDF,RFGTERG

2026-03-18T20:47:49.598Z,true,false,false,false,179F,Distancia entre SE - Perpendicularidad SE,DFSDF,RFGTERG

2026-03-18T20:47:51.601Z,true,false,false,false,180F,Distancia entre SE - Perpendicularidad SE,DFSDF,RFGTERG

2026-03-18T20:47:55.661Z,true,false,false,false,181F,Distancia entre SE - Perpendicularidad SE,DFSDF,RFGTERG

2026-03-18T20:47:57.678Z,true,false,false,false,182F,Distancia entre SE - Perpendicularidad SE,DFSDF,RFGTERG

2026-03-18T20:48:00.716Z,true,false,false,false,183F,Distancia entre SE - Perpendicularidad SE,DFSDF,RFGTERG

2026-03-18T20:48:03.754Z,true,false,false,false,184F,Distancia entre SE - Perpendicularidad SE,DFSDF,RFGTERG

2026-03-18T20:48:06.766Z,true,false,false,false,186F,Distancia entre SE - Perpendicularidad SE,DFSDF,RFGTERG

2026-03-18T20:48:09.809Z,true,false,false,false,187F,Distancia entre SE - Perpendicularidad SE,DFSDF,RFGTERG

2026-03-18T20:48:12.835Z,true,false,false,false,188F,Distancia entre SE - Perpendicularidad SE,DFSDF,RFGTERG

2026-03-18T20:48:14.868Z,true,false,false,false,1T,Rectitud EC,DFSDF,RFGTERG

2026-03-18T20:48:20.928Z,true,false,false,false,tesL,PURGA DE FOTO LATERAL,DFSDF,RFGTERG

2026-03-18T20:48:26.994Z,true,false,false,false,189L,PURGA DE FOTO LATERAL,DFSDF,RFGTERG

2026-03-18T20:49:22.513Z,true,false,false,false,190L,PURGA DE FOTO LATERAL,DFSDF,RFGTERG

2026-03-18T20:49:26.567Z,true,false,false,false,191L,PURGA DE FOTO LATERAL,DFSDF,RFGTERG

2026-03-18T20:49:31.603Z,true,false,false,false,192L,PURGA DE FOTO LATERAL,DFSDF,RFGTERG

2026-03-18T20:49:36.668Z,true,false,false,false,193L,PURGA DE FOTO LATERAL,DFSDF,RFGTERG

2026-03-18T20:49:41.708Z,true,false,false,false,tesF,PURGA DE FOTO FRONTAL,DFSDF,RFGTERG

2026-03-18T20:49:46.769Z,true,false,false,false,194F,Distancia entre SE - Perpendicularidad SE,DFSDF,RFGTERG

2026-03-18T20:49:48.787Z,true,false,false,false,195F,Distancia entre SE - Perpendicularidad SE,DFSDF,RFGTERG

2026-03-18T20:49:52.827Z,true,false,false,false,196F,Distancia entre SE - Perpendicularidad SE,DFSDF,RFGTERG

2026-03-18T20:49:54.867Z,true,false,false,false,197F,Distancia entre SE - Perpendicularidad SE,DFSDF,RFGTERG

2026-03-18T20:49:57.878Z,true,false,false,false,198F,Distancia entre SE - Perpendicularidad SE,DFSDF,RFGTERG

2026-03-18T20:50:00.915Z,true,false,false,false,199F,Distancia entre SE - Perpendicularidad SE,DFSDF,RFGTERG

2026-03-18T20:50:03.948Z,true,false,false,false,201F,Distancia entre SE - Perpendicularidad SE,DFSDF,RFGTERG

2026-03-18T20:50:06.966Z,true,false,false,false,202F,Distancia entre SE - Perpendicularidad SE,DFSDF,RFGTERG

2026-03-18T20:50:09.993Z,true,false,false,false,203F,Distancia entre SE - Perpendicularidad SE,DFSDF,RFGTERG

2026-03-18T20:50:12.006Z,true,false,false,false,001F,Distancia entre SE y PP,DFSDF,RFGTERG

2026-03-18T20:50:17.031Z,true,false,false,false,210F,Distancia entre SE y PP,DFSDF,RFGTERG

2026-03-18T20:50:19.066Z,true,false,false,false,002F,Distancia entre SE y PP,DFSDF,RFGTERG

2026-03-18T20:50:25.150Z,true,false,false,false,211F,Distancia entre SE y PP,DFSDF,RFGTERG

2026-03-18T20:50:30.197Z,true,false,false,false,003F,Distancia entre SE y PP,DFSDF,RFGTERG

2026-03-18T20:50:36.241Z,true,false,false,false,tesL,PURGA DE FOTO LATERAL,DFSDF,RFGTERG

2026-03-18T20:50:41.277Z,true,false,false,false,212L,PURGA DE FOTO LATERAL,DFSDF,RFGTERG

2026-03-18T20:50:42.288Z,true,false,false,false,213L,PURGA DE FOTO LATERAL,DFSDF,RFGTERG

2026-03-18T20:50:49.369Z,true,false,false,false,214L,PURGA DE FOTO LATERAL,DFSDF,RFGTERG

2026-03-18T20:50:56.462Z,true,false,false,false,tesL,PURGA DE FOTO LATERAL,DFSDF,RFGTERG

2026-03-18T20:51:03.565Z,true,false,false,false,216L,Presencia de soldadura TVS - Fisuras soldadura TVS,DFSDF,RFGTERG

2026-03-18T20:51:08.562Z,true,false,false,false,217L,Presencia de soldadura TVS - Fisuras soldadura TVS,DFSDF,RFGTERG

2026-03-18T20:51:15.634Z,true,false,false,false,218L,Presencia de soldadura TVS - Fisuras soldadura TVS,DFSDF,RFGTERG

2026-03-18T20:51:22.719Z,true,false,false,false,tesL,PURGA DE FOTO LATERAL,DFSDF,RFGTERG

2026-03-18T20:51:32.854Z,true,false,false,false,0T,Rectitud EC PP,DFSDF,RFGTERG

2026-03-18T20:51:35.868Z,true,false,false,false,0Z,Rectitud EC PP,DFSDF,RFGTERG

2026-03-18T20:51:38.894Z,true,false,false,false,222L,Rectitud EC PP,DFSDF,RFGTERG

2026-03-18T20:51:42.938Z,true,false,false,false,223L,Rectitud EC PP,DFSDF,RFGTERG

2026-03-18T20:51:46.980Z,true,false,false,false,224L,Rectitud EC PP,DFSDF,RFGTERG

2026-03-18T20:51:50.014Z,true,false,false,false,225L,Rectitud EC PP,DFSDF,RFGTERG

2026-03-18T20:51:54.061Z,true,false,false,false,226L,Rectitud EC PP,DFSDF,RFGTERG

2026-03-18T20:51:58.136Z,true,false,false,false,227L,Rectitud EC PP,DFSDF,RFGTERG

2026-03-18T20:52:02.157Z,true,false,false,false,tesL,PURGA DE FOTO LATERAL,DFSDF,RFGTERG

2026-03-18T20:52:07.206Z,true,false,false,false,228L,PURGA DE FOTO LATERAL,DFSDF,RFGTERG

2026-03-18T20:52:18.304Z,true,false,false,false,229L,PURGA DE FOTO LATERAL,DFSDF,RFGTERG

2026-03-18T20:52:22.298Z,true,false,false,false,230L,PURGA DE FOTO LATERAL,DFSDF,RFGTERG

2026-03-18T20:52:26.336Z,true,false,false,false,231L,PURGA DE FOTO LATERAL,DFSDF,RFGTERG

2026-03-18T20:52:29.390Z,true,false,false,false,232L,PURGA DE FOTO LATERAL,DFSDF,RFGTERG

2026-03-18T20:52:33.421Z,true,false,false,false,233L,PURGA DE FOTO LATERAL,DFSDF,RFGTERG

2026-03-18T20:52:37.477Z,true,false,false,false,tesF,PURGA DE FOTO FRONTAL,DFSDF,RFGTERG

2026-03-18T20:52:42.529Z,true,false,false,false,,,DFSDF,RFGTERG

2026-03-18T20:54:39.752Z,true,false,true,false,,,DFSDF,RFGTERG

2026-03-18T20:55:31.352Z,false,false,false,true,,,DFSDF,RFGTERG

2026-03-18T20:56:13.736Z,false,false,false,false,,,DFSDF,RFGTERG

2026-03-19T14:17:38.376Z,false,false,false,false,,,DFSDF,RFGTERG

2026-03-19T15:35:24.382Z,true,false,false,false,,,H1235,19MAR1

2026-03-19T15:35:51.612Z,true,false,false,false,2T,Rectitud EC,H1235,19MAR1

2026-03-19T15:36:32.982Z,true,false,false,false,tesL,PURGA DE FOTO LATERAL,H1235,19MAR1

2026-03-19T15:36:34.989Z,true,false,false,false,174L,PURGA DE FOTO LATERAL,H1235,19MAR1

2026-03-19T15:37:53.705Z,true,false,false,false,175L,PURGA DE FOTO LATERAL,H1235,19MAR1

2026-03-19T15:37:57.738Z,true,false,false,false,176L,PURGA DE FOTO LATERAL,H1235,19MAR1

2026-03-19T15:38:02.774Z,true,false,false,false,177L,PURGA DE FOTO LATERAL,H1235,19MAR1

2026-03-19T15:38:07.815Z,true,false,false,false,178L,PURGA DE FOTO LATERAL,H1235,19MAR1

2026-03-19T15:38:12.867Z,true,false,false,false,tesF,PURGA DE FOTO FRONTAL,H1235,19MAR1

2026-03-19T15:38:17.898Z,true,false,false,false,179F,Distancia entre SE - Perpendicularidad SE,H1235,19MAR1

2026-03-19T15:38:19.918Z,true,false,false,false,180F,Distancia entre SE - Perpendicularidad SE,H1235,19MAR1

2026-03-19T15:38:23.940Z,true,false,false,false,181F,Distancia entre SE - Perpendicularidad SE,H1235,19MAR1

2026-03-19T15:38:25.970Z,true,false,false,false,182F,Distancia entre SE - Perpendicularidad SE,H1235,19MAR1

2026-03-19T15:38:29.001Z,true,false,false,false,183F,Distancia entre SE - Perpendicularidad SE,H1235,19MAR1

2026-03-19T15:38:33.022Z,true,false,false,false,184F,Distancia entre SE - Perpendicularidad SE,H1235,19MAR1

2026-03-19T15:38:35.037Z,true,false,false,false,186F,Distancia entre SE - Perpendicularidad SE,H1235,19MAR1

2026-03-19T15:38:39.076Z,true,false,false,false,187F,Distancia entre SE - Perpendicularidad SE,H1235,19MAR1

2026-03-19T15:38:41.138Z,true,false,false,false,188F,Distancia entre SE - Perpendicularidad SE,H1235,19MAR1

2026-03-19T15:50:55.145Z,true,false,false,false,1T,Rectitud EC,H1235,19MAR1

2026-03-19T15:51:02.189Z,true,false,false,false,tesL,PURGA DE FOTO LATERAL,H1235,19MAR1

2026-03-19T15:51:07.241Z,true,false,false,false,189L,PURGA DE FOTO LATERAL,H1235,19MAR1

2026-03-19T15:51:10.244Z,true,false,false,false,190L,PURGA DE FOTO LATERAL,H1235,19MAR1

2026-03-19T15:51:13.282Z,true,false,false,false,191L,PURGA DE FOTO LATERAL,H1235,19MAR1

2026-03-19T15:51:19.297Z,true,false,false,false,192L,PURGA DE FOTO LATERAL,H1235,19MAR1

2026-03-19T15:51:24.327Z,true,false,false,false,193L,PURGA DE FOTO LATERAL,H1235,19MAR1

2026-03-19T15:51:29.347Z,true,false,false,false,tesF,PURGA DE FOTO FRONTAL,H1235,19MAR1

2026-03-19T15:51:34.396Z,true,false,false,false,194F,Distancia entre SE - Perpendicularidad SE,H1235,19MAR1

2026-03-19T15:51:36.400Z,true,false,false,false,195F,Distancia entre SE - Perpendicularidad SE,H1235,19MAR1

2026-03-19T15:51:40.430Z,true,false,false,false,196F,Distancia entre SE - Perpendicularidad SE,H1235,19MAR1

2026-03-19T15:51:43.435Z,true,false,false,false,197F,Distancia entre SE - Perpendicularidad SE,H1235,19MAR1

2026-03-19T15:51:45.447Z,true,false,false,false,198F,Distancia entre SE - Perpendicularidad SE,H1235,19MAR1

2026-03-19T15:51:49.479Z,true,false,false,false,199F,Distancia entre SE - Perpendicularidad SE,H1235,19MAR1

2026-03-19T15:51:51.488Z,true,false,false,false,201F,Distancia entre SE - Perpendicularidad SE,H1235,19MAR1

2026-03-19T15:51:55.508Z,true,false,false,false,202F,Distancia entre SE - Perpendicularidad SE,H1235,19MAR1

2026-03-19T15:51:57.515Z,true,false,false,false,203F,Distancia entre SE - Perpendicularidad SE,H1235,19MAR1

2026-03-19T15:51:59.536Z,true,false,false,false,001F,Distancia entre SE y PP,H1235,19MAR1

2026-03-19T15:55:35.429Z,true,false,false,false,210F,Distancia entre SE y PP,H1235,19MAR1

2026-03-19T15:59:02.348Z,true,false,false,false,002F,Distancia entre SE y PP,H1235,19MAR1

2026-03-19T15:59:07.387Z,true,false,false,false,211F,Distancia entre SE y PP,H1235,19MAR1

2026-03-19T15:59:13.444Z,true,false,false,false,003F,Distancia entre SE y PP,H1235,19MAR1

2026-03-19T16:02:55.243Z,true,false,false,false,tesL,PURGA DE FOTO LATERAL,H1235,19MAR1

2026-03-19T16:03:13.413Z,true,false,false,false,212L,PURGA DE FOTO LATERAL,H1235,19MAR1

2026-03-19T16:03:20.448Z,true,false,false,false,213L,PURGA DE FOTO LATERAL,H1235,19MAR1

2026-03-19T16:03:32.545Z,true,false,false,false,214L,PURGA DE FOTO LATERAL,H1235,19MAR1

2026-03-19T16:03:44.651Z,true,false,false,false,tesL,PURGA DE FOTO LATERAL,H1235,19MAR1

2026-03-19T16:04:02.809Z,true,false,false,false,216L,Presencia de soldadura TVS - Fisuras soldadura TVS,H1235,19MAR1

2026-03-19T16:04:30.072Z,true,false,false,false,217L,Presencia de soldadura TVS - Fisuras soldadura TVS,H1235,19MAR1

2026-03-19T16:04:44.157Z,true,false,false,false,218L,Presencia de soldadura TVS - Fisuras soldadura TVS,H1235,19MAR1

2026-03-19T16:04:58.280Z,true,false,false,false,tesL,PURGA DE FOTO LATERAL,H1235,19MAR1

2026-03-19T16:05:21.499Z,true,false,false,false,0T,Rectitud EC PP,H1235,19MAR1

2026-03-19T16:05:34.643Z,true,false,false,false,0Z,Rectitud EC PP,H1235,19MAR1

2026-03-19T16:05:40.711Z,true,false,false,false,222L,Rectitud EC PP,H1235,19MAR1

2026-03-19T16:05:52.803Z,true,false,false,false,223L,Rectitud EC PP,H1235,19MAR1

2026-03-19T16:07:40.646Z,true,false,false,false,224L,Rectitud EC PP,H1235,19MAR1

2026-03-19T16:07:52.698Z,true,false,false,false,225L,Rectitud EC PP,H1235,19MAR1

2026-03-19T16:08:11.846Z,true,false,false,false,226L,Rectitud EC PP,H1235,19MAR1

2026-03-19T16:08:23.947Z,true,false,false,false,227L,Rectitud EC PP,H1235,19MAR1

2026-03-19T16:08:32.025Z,true,false,false,false,tesL,PURGA DE FOTO LATERAL,H1235,19MAR1

2026-03-19T16:08:42.157Z,true,false,false,false,228L,PURGA DE FOTO LATERAL,H1235,19MAR1

2026-03-19T16:09:25.420Z,true,false,false,false,229L,PURGA DE FOTO LATERAL,H1235,19MAR1

2026-03-19T16:09:38.584Z,true,false,false,false,230L,PURGA DE FOTO LATERAL,H1235,19MAR1

2026-03-19T16:10:03.723Z,true,false,false,false,231L,PURGA DE FOTO LATERAL,H1235,19MAR1

2026-03-19T16:10:12.799Z,true,false,false,false,232L,PURGA DE FOTO LATERAL,H1235,19MAR1

2026-03-19T16:10:25.874Z,true,false,false,false,233L,PURGA DE FOTO LATERAL,H1235,19MAR1

2026-03-19T16:10:35.936Z,true,false,false,false,tesF,PURGA DE FOTO FRONTAL,H1235,19MAR1

2026-03-19T16:10:51.033Z,true,false,false,false,242F,PURGA DE FOTO FRONTAL,H1235,19MAR1

2026-03-19T16:10:52.047Z,true,false,false,false,tesF,PURGA DE FOTO FRONTAL,H1235,19MAR1

2026-03-19T16:10:55.076Z,true,false,false,false,,,H1235,19MAR1

2026-03-19T16:12:12.751Z,false,false,false,true,,,H1235,19MAR1

2026-03-19T16:15:16.201Z,false,false,false,false,,,H1235,19MAR1

2026-03-19T16:28:30.095Z,true,false,false,false,,,H1328,19MAR2

2026-03-19T16:28:57.291Z,true,false,false,false,13T,Rectitud EC,H1328,19MAR2

2026-03-19T16:29:19.488Z,true,false,false,false,AZ2-B,Zapata tipo I/II 2,H1328,19MAR2

2026-03-19T16:29:20.505Z,true,false,false,false,tesF,PURGA DE FOTO FRONTAL,H1328,19MAR2

2026-03-19T16:34:38.695Z,true,false,false,false,1F,PURGA DE FOTO FRONTAL,H1328,19MAR2

2026-03-19T16:35:54.272Z,true,false,false,false,2F,PURGA DE FOTO FRONTAL,H1328,19MAR2

2026-03-19T16:38:13.338Z,true,false,false,false,3F,Distancia entre SE - Perpendicularidad SE,H1328,19MAR2

2026-03-19T16:38:38.571Z,true,false,false,false,4F,Distancia entre SE - Perpendicularidad SE,H1328,19MAR2

2026-03-19T16:38:50.708Z,true,false,false,false,5F,Distancia entre SE - Perpendicularidad SE,H1328,19MAR2

2026-03-19T16:38:58.778Z,true,false,false,false,6F,Distancia entre SE - Perpendicularidad SE,H1328,19MAR2

2026-03-19T16:44:52.370Z,true,false,false,false,7F,Distancia entre SE - Perpendicularidad SE,H1328,19MAR2

2026-03-19T16:45:45.761Z,true,false,false,false,9F,Distancia entre SE - Perpendicularidad SE,H1328,19MAR2

2026-03-19T16:59:43.180Z,true,false,false,false,10F,Distancia entre SE - Perpendicularidad SE,H1328,19MAR2

2026-03-19T17:02:37.354Z,true,false,false,false,11F,Distancia entre SE - Perpendicularidad SE,H1328,19MAR2

2026-03-19T17:05:58.017Z,true,false,false,false,12F,Distancia entre SE - Perpendicularidad SE,H1328,19MAR2

2026-03-19T17:11:50.558Z,true,false,false,false,tesL,PURGA DE FOTO LATERAL,H1328,19MAR2

2026-03-19T17:12:04.714Z,true,false,false,false,13L,PURGA DE FOTO LATERAL,H1328,19MAR2

2026-03-19T17:12:22.856Z,true,false,false,false,14L,PURGA DE FOTO LATERAL,H1328,19MAR2

2026-03-19T17:12:31.935Z,true,false,false,false,15L,PURGA DE FOTO LATERAL,H1328,19MAR2

2026-03-19T17:12:39.992Z,true,false,false,false,16L,PURGA DE FOTO LATERAL,H1328,19MAR2

2026-03-19T17:12:52.057Z,true,false,false,false,17L,PURGA DE FOTO LATERAL,H1328,19MAR2

2026-03-19T17:13:05.181Z,true,false,false,false,18L,PURGA DE FOTO LATERAL,H1328,19MAR2

2026-03-19T17:13:18.309Z,true,false,false,false,19L,PURGA DE FOTO LATERAL,H1328,19MAR2

2026-03-19T17:13:25.365Z,true,false,false,false,tesF,PURGA DE FOTO FRONTAL,H1328,19MAR2

2026-03-19T17:13:36.452Z,true,false,false,false,21F,PURGA DE FOTO FRONTAL,H1328,19MAR2

2026-03-19T17:23:50.414Z,true,false,false,false,22F,PURGA DE FOTO FRONTAL,H1328,19MAR2

2026-03-19T17:24:00.527Z,true,false,false,false,23F,PURGA DE FOTO FRONTAL,H1328,19MAR2

2026-03-19T17:24:13.616Z,true,false,false,false,12T,Rectitud EC,H1328,19MAR2

2026-03-19T17:24:22.717Z,true,false,false,false,tesL,PURGA DE FOTO LATERAL,H1328,19MAR2

2026-03-19T17:24:32.807Z,true,false,false,false,24L,PURGA DE FOTO LATERAL,H1328,19MAR2

2026-03-19T17:24:40.853Z,true,false,false,false,25L,PURGA DE FOTO LATERAL,H1328,19MAR2

2026-03-19T17:24:48.926Z,true,false,false,false,26L,PURGA DE FOTO LATERAL,H1328,19MAR2

2026-03-19T17:24:59.028Z,true,false,false,false,27L,PURGA DE FOTO LATERAL,H1328,19MAR2

2026-03-19T17:25:09.092Z,true,false,false,false,28L,PURGA DE FOTO LATERAL,H1328,19MAR2

2026-03-19T17:25:19.204Z,true,false,false,false,tesF,PURGA DE FOTO FRONTAL,H1328,19MAR2

2026-03-19T17:25:29.251Z,true,false,false,false,29F,Distancia entre SE - Perpendicularidad SE,H1328,19MAR2

2026-03-19T17:25:38.328Z,true,false,false,false,30F,Distancia entre SE - Perpendicularidad SE,H1328,19MAR2

2026-03-19T17:25:46.382Z,true,false,false,false,31F,Distancia entre SE - Perpendicularidad SE,H1328,19MAR2

2026-03-19T17:25:53.453Z,true,false,false,false,32F,Distancia entre SE - Perpendicularidad SE,H1328,19MAR2

2026-03-19T17:26:02.516Z,true,false,false,false,33F,Distancia entre SE - Perpendicularidad SE,H1328,19MAR2

2026-03-19T17:26:12.595Z,true,false,false,false,34F,Distancia entre SE - Perpendicularidad SE,H1328,19MAR2

2026-03-19T17:26:19.620Z,true,false,false,false,36F,Distancia entre SE - Perpendicularidad SE,H1328,19MAR2

2026-03-19T17:37:31.689Z,true,false,false,false,37F,Distancia entre SE - Perpendicularidad SE,H1328,19MAR2

2026-03-19T17:38:38.255Z,true,false,false,false,38F,Distancia entre SE - Perpendicularidad SE,H1328,19MAR2

2026-03-19T17:38:55.380Z,true,false,false,false,11T,Rectitud EC,H1328,19MAR2

2026-03-19T17:39:05.485Z,true,false,false,false,tesL,PURGA DE FOTO LATERAL,H1328,19MAR2

2026-03-19T17:39:16.548Z,true,false,false,false,39L,PURGA DE FOTO LATERAL,H1328,19MAR2

2026-03-19T17:39:23.586Z,true,false,false,false,40L,PURGA DE FOTO LATERAL,H1328,19MAR2

2026-03-19T17:39:32.641Z,true,false,false,false,41L,PURGA DE FOTO LATERAL,H1328,19MAR2

2026-03-19T17:39:42.682Z,true,false,false,false,42L,PURGA DE FOTO LATERAL,H1328,19MAR2

2026-03-19T17:39:51.740Z,true,false,false,false,43L,PURGA DE FOTO LATERAL,H1328,19MAR2

2026-03-19T17:40:01.827Z,true,false,false,false,tesF,PURGA DE FOTO FRONTAL,H1328,19MAR2

2026-03-19T17:40:12.925Z,true,false,false,false,44F,Distancia entre SE - Perpendicularidad SE,H1328,19MAR2

2026-03-19T17:40:19.972Z,true,false,false,false,45F,Distancia entre SE - Perpendicularidad SE,H1328,19MAR2

2026-03-19T17:40:28.055Z,true,false,false,false,46F,Distancia entre SE - Perpendicularidad SE,H1328,19MAR2

2026-03-19T17:40:36.188Z,true,false,false,false,47F,Distancia entre SE - Perpendicularidad SE,H1328,19MAR2

2026-03-19T17:40:44.191Z,true,false,false,false,48F,Distancia entre SE - Perpendicularidad SE,H1328,19MAR2

2026-03-19T17:40:53.222Z,true,false,false,false,49F,Distancia entre SE - Perpendicularidad SE,H1328,19MAR2

2026-03-19T17:42:57.197Z,true,false,false,false,51F,Distancia entre SE - Perpendicularidad SE,H1328,19MAR2

2026-03-19T17:49:44.228Z,true,false,false,false,52F,Distancia entre SE - Perpendicularidad SE,H1328,19MAR2

2026-03-19T17:49:51.258Z,true,false,false,false,53F,Distancia entre SE - Perpendicularidad SE,H1328,19MAR2

2026-03-19T17:49:58.288Z,true,false,false,false,10T,Rectitud EC,H1328,19MAR2

2026-03-19T17:50:09.398Z,true,false,false,false,tesL,PURGA DE FOTO LATERAL,H1328,19MAR2

2026-03-19T17:50:19.464Z,true,false,false,false,54L,PURGA DE FOTO LATERAL,H1328,19MAR2

2026-03-19T17:50:27.539Z,true,false,false,false,55L,PURGA DE FOTO LATERAL,H1328,19MAR2

2026-03-19T17:50:35.572Z,true,false,false,false,56L,PURGA DE FOTO LATERAL,H1328,19MAR2

2026-03-19T17:50:45.639Z,true,false,false,false,57L,PURGA DE FOTO LATERAL,H1328,19MAR2

2026-03-19T17:50:55.737Z,true,false,false,false,58L,PURGA DE FOTO LATERAL,H1328,19MAR2

2026-03-19T17:51:05.826Z,true,false,false,false,tesF,PURGA DE FOTO FRONTAL,H1328,19MAR2

2026-03-19T17:51:16.892Z,true,false,false,false,59F,Distancia entre SE - Perpendicularidad SE,H1328,19MAR2

2026-03-19T17:51:49.205Z,true,false,false,false,60F,Distancia entre SE - Perpendicularidad SE,H1328,19MAR2

2026-03-19T17:52:02.302Z,true,false,false,false,61F,Distancia entre SE - Perpendicularidad SE,H1328,19MAR2

2026-03-19T17:52:10.347Z,true,false,false,false,62F,Distancia entre SE - Perpendicularidad SE,H1328,19MAR2

2026-03-19T17:52:20.448Z,true,false,false,false,63F,Distancia entre SE - Perpendicularidad SE,H1328,19MAR2

2026-03-19T17:52:28.509Z,true,false,false,false,64F,Distancia entre SE - Perpendicularidad SE,H1328,19MAR2

2026-03-19T17:52:36.541Z,true,false,false,false,66F,Distancia entre SE - Perpendicularidad SE,H1328,19MAR2

2026-03-19T17:53:21.906Z,true,false,false,false,67F,Distancia entre SE - Perpendicularidad SE,H1328,19MAR2

2026-03-19T17:53:28.959Z,true,false,false,false,68F,Distancia entre SE - Perpendicularidad SE,H1328,19MAR2

2026-03-19T17:53:36.024Z,true,false,false,false,9T,Rectitud EC,H1328,19MAR2

2026-03-19T17:53:52.217Z,true,false,false,false,tesL,PURGA DE FOTO LATERAL,H1328,19MAR2

2026-03-19T17:54:03.237Z,true,false,false,false,69L,PURGA DE FOTO LATERAL,H1328,19MAR2

2026-03-19T17:54:10.289Z,true,false,false,false,70L,PURGA DE FOTO LATERAL,H1328,19MAR2

2026-03-19T17:54:19.343Z,true,false,false,false,71L,PURGA DE FOTO LATERAL,H1328,19MAR2

2026-03-19T17:54:28.429Z,true,false,false,false,72L,PURGA DE FOTO LATERAL,H1328,19MAR2

2026-03-19T17:54:38.487Z,true,false,false,false,73L,PURGA DE FOTO LATERAL,H1328,19MAR2

2026-03-19T17:54:48.550Z,true,false,false,false,tesF,PURGA DE FOTO FRONTAL,H1328,19MAR2

2026-03-19T17:54:59.640Z,true,false,false,false,74F,Distancia entre SE - Perpendicularidad SE,H1328,19MAR2

2026-03-19T17:55:06.674Z,true,false,false,false,75F,Distancia entre SE - Perpendicularidad SE,H1328,19MAR2

2026-03-19T17:55:19.817Z,true,false,false,false,76F,Distancia entre SE - Perpendicularidad SE,H1328,19MAR2

2026-03-19T17:55:27.852Z,true,false,false,false,77F,Distancia entre SE - Perpendicularidad SE,H1328,19MAR2

2026-03-19T17:55:35.919Z,true,false,false,false,78F,Distancia entre SE - Perpendicularidad SE,H1328,19MAR2

2026-03-19T17:55:43.996Z,true,false,false,false,79F,Distancia entre SE - Perpendicularidad SE,H1328,19MAR2

2026-03-19T17:55:51.033Z,true,false,false,false,81F,Distancia entre SE - Perpendicularidad SE,H1328,19MAR2

2026-03-19T17:56:26.260Z,true,false,false,false,82F,Distancia entre SE - Perpendicularidad SE,H1328,19MAR2

2026-03-19T17:56:33.326Z,true,false,false,false,83F,Distancia entre SE - Perpendicularidad SE,H1328,19MAR2

2026-03-19T17:56:40.351Z,true,false,false,false,8T,Rectitud EC,H1328,19MAR2

2026-03-19T17:56:52.442Z,true,false,false,false,tesL,PURGA DE FOTO LATERAL,H1328,19MAR2

2026-03-19T17:57:02.510Z,true,false,false,false,84L,PURGA DE FOTO LATERAL,H1328,19MAR2

2026-03-19T17:57:10.572Z,true,false,false,false,85L,PURGA DE FOTO LATERAL,H1328,19MAR2

2026-03-19T17:57:18.634Z,true,false,false,false,86L,PURGA DE FOTO LATERAL,H1328,19MAR2

2026-03-19T17:57:28.699Z,true,false,false,false,87L,PURGA DE FOTO LATERAL,H1328,19MAR2

2026-03-19T17:57:38.797Z,true,false,false,false,88L,PURGA DE FOTO LATERAL,H1328,19MAR2

2026-03-19T17:57:48.873Z,true,false,false,false,tesF,PURGA DE FOTO FRONTAL,H1328,19MAR2

2026-03-19T17:57:58.946Z,true,false,false,false,89F,Distancia entre SE - Perpendicularidad SE,H1328,19MAR2

2026-03-19T17:58:06.999Z,true,false,false,false,90F,Distancia entre SE - Perpendicularidad SE,H1328,19MAR2

2026-03-19T17:58:20.066Z,true,false,false,false,91F,Distancia entre SE - Perpendicularidad SE,H1328,19MAR2

2026-03-19T17:58:28.137Z,true,false,false,false,92F,Distancia entre SE - Perpendicularidad SE,H1328,19MAR2

2026-03-19T17:58:36.194Z,true,false,false,false,93F,Distancia entre SE - Perpendicularidad SE,H1328,19MAR2

2026-03-19T17:58:44.242Z,true,false,false,false,94F,Distancia entre SE - Perpendicularidad SE,H1328,19MAR2

2026-03-19T17:58:51.297Z,true,false,false,false,96F,Distancia entre SE - Perpendicularidad SE,H1328,19MAR2

2026-03-19T17:59:10.458Z,true,false,false,false,97F,Distancia entre SE - Perpendicularidad SE,H1328,19MAR2

2026-03-19T17:59:17.529Z,true,false,false,false,98F,Distancia entre SE - Perpendicularidad SE,H1328,19MAR2

2026-03-19T17:59:24.581Z,true,false,false,false,7T,Rectitud EC,H1328,19MAR2

2026-03-19T17:59:35.669Z,true,false,false,false,tesL,PURGA DE FOTO LATERAL,H1328,19MAR2

2026-03-19T17:59:46.760Z,true,false,false,false,99L,PURGA DE FOTO LATERAL,H1328,19MAR2

2026-03-19T17:59:53.799Z,true,false,false,false,100L,PURGA DE FOTO LATERAL,H1328,19MAR2

2026-03-19T18:00:02.855Z,true,false,false,false,101L,PURGA DE FOTO LATERAL,H1328,19MAR2

2026-03-19T18:00:12.928Z,true,false,false,false,102L,PURGA DE FOTO LATERAL,H1328,19MAR2

2026-03-19T18:00:21.977Z,true,false,false,false,103L,PURGA DE FOTO LATERAL,H1328,19MAR2

2026-03-19T18:00:32.052Z,true,false,false,false,tesF,PURGA DE FOTO FRONTAL,H1328,19MAR2

2026-03-19T18:00:43.109Z,true,false,false,false,104F,Distancia entre SE - Perpendicularidad SE,H1328,19MAR2

2026-03-19T18:00:50.200Z,true,false,false,false,105F,Distancia entre SE - Perpendicularidad SE,H1328,19MAR2

2026-03-19T18:00:58.245Z,true,false,false,false,106F,Distancia entre SE - Perpendicularidad SE,H1328,19MAR2

2026-03-19T18:01:06.296Z,true,false,false,false,107F,Distancia entre SE - Perpendicularidad SE,H1328,19MAR2

2026-03-19T18:01:14.344Z,true,false,false,false,108F,Distancia entre SE - Perpendicularidad SE,H1328,19MAR2

2026-03-19T18:01:22.381Z,true,false,false,false,109F,Distancia entre SE - Perpendicularidad SE,H1328,19MAR2

2026-03-19T18:01:30.450Z,true,false,false,false,111F,Distancia entre SE - Perpendicularidad SE,H1328,19MAR2

2026-03-19T18:01:45.560Z,true,false,false,false,112F,Distancia entre SE - Perpendicularidad SE,H1328,19MAR2

2026-03-19T18:01:52.607Z,true,false,false,false,113F,Distancia entre SE - Perpendicularidad SE,H1328,19MAR2

2026-03-19T18:01:59.665Z,true,false,false,false,6T,Rectitud EC,H1328,19MAR2

2026-03-19T18:03:59.158Z,true,false,false,false,124F,Distancia entre SE - Perpendicularidad SE,H1328,19MAR2

2026-03-19T18:04:05.199Z,true,false,false,false,126F,Distancia entre SE - Perpendicularidad SE,H1328,19MAR2

2026-03-19T18:04:14.295Z,true,false,false,false,127F,Distancia entre SE - Perpendicularidad SE,H1328,19MAR2

2026-03-19T18:04:21.362Z,true,false,false,false,128F,Distancia entre SE - Perpendicularidad SE,H1328,19MAR2

2026-03-19T18:04:28.422Z,true,false,false,false,5T,Rectitud EC,H1328,19MAR2

2026-03-19T18:04:40.539Z,true,false,false,false,tesL,PURGA DE FOTO LATERAL,H1328,19MAR2

2026-03-19T18:04:50.642Z,true,false,false,false,129L,PURGA DE FOTO LATERAL,H1328,19MAR2

2026-03-19T18:04:57.705Z,true,false,false,false,130L,PURGA DE FOTO LATERAL,H1328,19MAR2

2026-03-19T18:05:06.770Z,true,false,false,false,131L,PURGA DE FOTO LATERAL,H1328,19MAR2

2026-03-19T18:05:16.855Z,true,false,false,false,132L,PURGA DE FOTO LATERAL,H1328,19MAR2

2026-03-19T18:05:26.951Z,true,false,false,false,133L,PURGA DE FOTO LATERAL,H1328,19MAR2

2026-03-19T18:05:37.077Z,true,false,false,false,tesF,PURGA DE FOTO FRONTAL,H1328,19MAR2

2026-03-19T18:05:47.162Z,true,false,false,false,134F,Distancia entre SE - Perpendicularidad SE,H1328,19MAR2

2026-03-19T18:05:54.227Z,true,false,false,false,135F,Distancia entre SE - Perpendicularidad SE,H1328,19MAR2

2026-03-19T18:06:02.362Z,true,false,false,false,136F,Distancia entre SE - Perpendicularidad SE,H1328,19MAR2

2026-03-19T18:06:10.397Z,true,false,false,false,137F,Distancia entre SE - Perpendicularidad SE,H1328,19MAR2

2026-03-19T18:06:18.494Z,true,false,false,false,138F,Distancia entre SE - Perpendicularidad SE,H1328,19MAR2

2026-03-19T18:06:26.548Z,true,false,false,false,139F,Distancia entre SE - Perpendicularidad SE,H1328,19MAR2

2026-03-19T18:06:33.609Z,true,false,false,false,141F,Distancia entre SE - Perpendicularidad SE,H1328,19MAR2

2026-03-19T18:06:42.702Z,true,false,false,false,142F,Distancia entre SE - Perpendicularidad SE,H1328,19MAR2

2026-03-19T18:06:49.755Z,true,false,false,false,143F,Distancia entre SE - Perpendicularidad SE,H1328,19MAR2

2026-03-19T18:06:56.838Z,true,false,false,false,4T,Rectitud EC,H1328,19MAR2

2026-03-19T18:07:07.964Z,true,false,false,false,tesL,PURGA DE FOTO LATERAL,H1328,19MAR2

2026-03-19T18:07:19.051Z,true,false,false,false,144L,PURGA DE FOTO LATERAL,H1328,19MAR2

2026-03-19T18:07:26.102Z,true,false,false,false,145L,PURGA DE FOTO LATERAL,H1328,19MAR2

2026-03-19T18:07:35.166Z,true,false,false,false,146L,PURGA DE FOTO LATERAL,H1328,19MAR2

2026-03-19T18:07:45.217Z,true,false,false,false,147L,PURGA DE FOTO LATERAL,H1328,19MAR2

2026-03-19T18:07:55.345Z,true,false,false,false,148L,PURGA DE FOTO LATERAL,H1328,19MAR2

2026-03-19T18:08:05.404Z,true,false,false,false,tesF,PURGA DE FOTO FRONTAL,H1328,19MAR2

2026-03-19T18:08:15.454Z,true,false,false,false,149F,Distancia entre SE - Perpendicularidad SE,H1328,19MAR2

2026-03-19T18:08:22.521Z,true,false,false,false,150F,Distancia entre SE - Perpendicularidad SE,H1328,19MAR2

2026-03-19T18:08:30.635Z,true,false,false,false,151F,Distancia entre SE - Perpendicularidad SE,H1328,19MAR2

2026-03-19T18:08:47.732Z,true,false,false,false,152F,Distancia entre SE - Perpendicularidad SE,H1328,19MAR2

2026-03-19T18:08:55.794Z,true,false,false,false,153F,Distancia entre SE - Perpendicularidad SE,H1328,19MAR2

2026-03-19T18:09:03.880Z,true,false,false,false,154F,Distancia entre SE - Perpendicularidad SE,H1328,19MAR2

2026-03-19T18:09:10.930Z,true,false,false,false,156F,Distancia entre SE - Perpendicularidad SE,H1328,19MAR2

2026-03-19T18:09:20.019Z,true,false,false,false,157F,Distancia entre SE - Perpendicularidad SE,H1328,19MAR2

2026-03-19T18:09:27.081Z,true,false,false,false,158F,Distancia entre SE - Perpendicularidad SE,H1328,19MAR2

2026-03-19T18:09:35.162Z,true,false,false,false,3T,Rectitud EC,H1328,19MAR2

2026-03-19T18:09:46.283Z,true,false,false,false,tesL,PURGA DE FOTO LATERAL,H1328,19MAR2

2026-03-19T18:09:57.368Z,true,false,false,false,159L,PURGA DE FOTO LATERAL,H1328,19MAR2

2026-03-19T18:10:18.522Z,true,false,false,false,160L,PURGA DE FOTO LATERAL,H1328,19MAR2

2026-03-19T18:10:23.552Z,true,false,false,false,161L,PURGA DE FOTO LATERAL,H1328,19MAR2

2026-03-19T18:10:29.578Z,true,false,false,false,162L,PURGA DE FOTO LATERAL,H1328,19MAR2

2026-03-19T18:10:35.622Z,true,false,false,false,163L,PURGA DE FOTO LATERAL,H1328,19MAR2

2026-03-19T18:10:41.697Z,true,false,false,false,tesF,PURGA DE FOTO FRONTAL,H1328,19MAR2

2026-03-19T18:10:47.734Z,true,false,false,false,164F,Distancia entre SE - Perpendicularidad SE,H1328,19MAR2

2026-03-19T18:10:50.753Z,true,false,false,false,165F,Distancia entre SE - Perpendicularidad SE,H1328,19MAR2

2026-03-19T18:10:55.796Z,true,false,false,false,166F,Distancia entre SE - Perpendicularidad SE,H1328,19MAR2

2026-03-19T18:10:58.827Z,true,false,false,false,167F,Distancia entre SE - Perpendicularidad SE,H1328,19MAR2

2026-03-19T18:11:02.870Z,true,false,false,false,168F,Distancia entre SE - Perpendicularidad SE,H1328,19MAR2

2026-03-19T18:11:07.906Z,true,false,false,false,169F,Distancia entre SE - Perpendicularidad SE,H1328,19MAR2

2026-03-19T18:11:10.916Z,true,false,false,false,171F,Distancia entre SE - Perpendicularidad SE,H1328,19MAR2

2026-03-19T18:11:15.955Z,true,false,false,false,172F,Distancia entre SE - Perpendicularidad SE,H1328,19MAR2

2026-03-19T18:11:18.988Z,true,false,false,false,173F,Distancia entre SE - Perpendicularidad SE,H1328,19MAR2

2026-03-19T18:11:21.992Z,true,false,false,false,2T,Rectitud EC,H1328,19MAR2

2026-03-19T18:11:29.078Z,true,false,false,false,tesL,PURGA DE FOTO LATERAL,H1328,19MAR2

2026-03-19T18:11:36.124Z,true,false,false,false,174L,PURGA DE FOTO LATERAL,H1328,19MAR2

2026-03-19T18:11:39.149Z,true,false,false,false,175L,PURGA DE FOTO LATERAL,H1328,19MAR2

2026-03-19T18:11:44.185Z,true,false,false,false,176L,PURGA DE FOTO LATERAL,H1328,19MAR2

2026-03-19T18:11:50.221Z,true,false,false,false,177L,PURGA DE FOTO LATERAL,H1328,19MAR2

2026-03-19T18:11:56.259Z,true,false,false,false,178L,PURGA DE FOTO LATERAL,H1328,19MAR2

2026-03-19T18:12:02.351Z,true,false,false,false,tesF,PURGA DE FOTO FRONTAL,H1328,19MAR2

2026-03-19T18:12:08.382Z,true,false,false,false,179F,Distancia entre SE - Perpendicularidad SE,H1328,19MAR2

2026-03-19T18:12:12.410Z,true,false,false,false,180F,Distancia entre SE - Perpendicularidad SE,H1328,19MAR2

2026-03-19T18:12:16.469Z,true,false,false,false,181F,Distancia entre SE - Perpendicularidad SE,H1328,19MAR2

2026-03-19T18:12:20.499Z,true,false,false,false,182F,Distancia entre SE - Perpendicularidad SE,H1328,19MAR2

2026-03-19T18:12:23.526Z,true,false,false,false,183F,Distancia entre SE - Perpendicularidad SE,H1328,19MAR2

2026-03-19T18:12:28.576Z,true,false,false,false,184F,Distancia entre SE - Perpendicularidad SE,H1328,19MAR2

2026-03-19T18:12:31.585Z,true,false,false,false,186F,Distancia entre SE - Perpendicularidad SE,H1328,19MAR2

2026-03-19T18:12:36.652Z,true,false,false,false,187F,Distancia entre SE - Perpendicularidad SE,H1328,19MAR2

2026-03-19T18:12:39.639Z,true,false,false,false,188F,Distancia entre SE - Perpendicularidad SE,H1328,19MAR2

2026-03-19T18:12:42.668Z,true,false,false,false,1T,Rectitud EC,H1328,19MAR2

2026-03-19T18:12:49.738Z,true,false,false,false,tesL,PURGA DE FOTO LATERAL,H1328,19MAR2

2026-03-19T18:12:56.814Z,true,false,false,false,189L,PURGA DE FOTO LATERAL,H1328,19MAR2

2026-03-19T18:12:59.825Z,true,false,false,false,190L,PURGA DE FOTO LATERAL,H1328,19MAR2

2026-03-19T18:13:04.883Z,true,false,false,false,191L,PURGA DE FOTO LATERAL,H1328,19MAR2

2026-03-19T18:13:10.918Z,true,false,false,false,192L,PURGA DE FOTO LATERAL,H1328,19MAR2

2026-03-19T18:13:16.973Z,true,false,false,false,193L,PURGA DE FOTO LATERAL,H1328,19MAR2

2026-03-19T18:13:23.008Z,true,false,false,false,tesF,PURGA DE FOTO FRONTAL,H1328,19MAR2

2026-03-19T18:13:30.045Z,true,false,false,false,194F,Distancia entre SE - Perpendicularidad SE,H1328,19MAR2

2026-03-19T18:13:33.085Z,true,false,false,false,195F,Distancia entre SE - Perpendicularidad SE,H1328,19MAR2

2026-03-19T18:13:37.112Z,true,false,false,false,196F,Distancia entre SE - Perpendicularidad SE,H1328,19MAR2

2026-03-19T18:13:41.159Z,true,false,false,false,197F,Distancia entre SE - Perpendicularidad SE,H1328,19MAR2

2026-03-19T18:13:45.179Z,true,false,false,false,198F,Distancia entre SE - Perpendicularidad SE,H1328,19MAR2

2026-03-19T18:13:49.215Z,true,false,false,false,199F,Distancia entre SE - Perpendicularidad SE,H1328,19MAR2

2026-03-19T18:13:52.224Z,true,false,false,false,201F,Distancia entre SE - Perpendicularidad SE,H1328,19MAR2

2026-03-19T18:13:57.289Z,true,false,false,false,202F,Distancia entre SE - Perpendicularidad SE,H1328,19MAR2

2026-03-19T18:14:00.286Z,true,false,false,false,203F,Distancia entre SE - Perpendicularidad SE,H1328,19MAR2

2026-03-19T18:14:03.350Z,true,false,false,false,001F,Distancia entre SE y PP,H1328,19MAR2

2026-03-19T18:14:10.385Z,true,false,false,false,210F,Distancia entre SE y PP,H1328,19MAR2

2026-03-19T18:14:13.394Z,true,false,false,false,002F,Distancia entre SE y PP,H1328,19MAR2

2026-03-19T18:14:19.439Z,true,false,false,false,211F,Distancia entre SE y PP,H1328,19MAR2

2026-03-19T18:14:26.496Z,true,false,false,false,003F,Distancia entre SE y PP,H1328,19MAR2

2026-03-19T18:14:32.540Z,true,false,false,false,tesL,PURGA DE FOTO LATERAL,H1328,19MAR2

2026-03-19T18:14:39.583Z,true,false,false,false,212L,PURGA DE FOTO LATERAL,H1328,19MAR2

2026-03-19T18:14:40.596Z,true,false,false,false,213L,PURGA DE FOTO LATERAL,H1328,19MAR2

2026-03-19T18:14:49.627Z,true,false,false,false,214L,PURGA DE FOTO LATERAL,H1328,19MAR2

2026-03-19T18:14:57.695Z,true,false,false,false,tesL,PURGA DE FOTO LATERAL,H1328,19MAR2

2026-03-19T18:15:05.748Z,true,false,false,false,216L,Presencia de soldadura TVS - Fisuras soldadura TVS,H1328,19MAR2

2026-03-19T18:15:10.797Z,true,false,false,false,217L,Presencia de soldadura TVS - Fisuras soldadura TVS,H1328,19MAR2

2026-03-19T18:15:18.851Z,true,false,false,false,218L,Presencia de soldadura TVS - Fisuras soldadura TVS,H1328,19MAR2

2026-03-19T18:15:26.955Z,true,false,false,false,tesL,PURGA DE FOTO LATERAL,H1328,19MAR2

2026-03-19T18:15:39.053Z,true,false,false,false,0T,Rectitud EC PP,H1328,19MAR2

2026-03-19T18:15:43.094Z,true,false,false,false,0Z,Rectitud EC PP,H1328,19MAR2

2026-03-19T18:15:47.104Z,true,false,false,false,222L,Rectitud EC PP,H1328,19MAR2

2026-03-19T18:15:51.115Z,true,false,false,false,223L,Rectitud EC PP,H1328,19MAR2

2026-03-19T18:15:56.160Z,true,false,false,false,224L,Rectitud EC PP,H1328,19MAR2

2026-03-19T18:16:01.197Z,true,false,false,false,225L,Rectitud EC PP,H1328,19MAR2

2026-03-19T18:16:06.232Z,true,false,false,false,226L,Rectitud EC PP,H1328,19MAR2

2026-03-19T18:16:10.289Z,true,false,false,false,227L,Rectitud EC PP,H1328,19MAR2

2026-03-19T18:16:15.358Z,true,false,false,false,tesL,PURGA DE FOTO LATERAL,H1328,19MAR2

2026-03-19T18:16:22.376Z,true,false,false,false,228L,PURGA DE FOTO LATERAL,H1328,19MAR2

2026-03-19T18:16:33.471Z,true,false,false,false,229L,PURGA DE FOTO LATERAL,H1328,19MAR2

2026-03-19T18:16:38.509Z,true,false,false,false,230L,PURGA DE FOTO LATERAL,H1328,19MAR2

2026-03-19T18:16:43.557Z,true,false,false,false,231L,PURGA DE FOTO LATERAL,H1328,19MAR2

2026-03-19T18:16:48.612Z,true,false,false,false,232L,PURGA DE FOTO LATERAL,H1328,19MAR2

2026-03-19T18:16:52.677Z,true,false,false,false,233L,PURGA DE FOTO LATERAL,H1328,19MAR2

2026-03-19T18:16:57.715Z,true,false,false,false,tesF,PURGA DE FOTO FRONTAL,H1328,19MAR2

2026-03-19T18:17:04.782Z,true,false,false,false,,,H1328,19MAR2

2026-03-19T18:18:21.495Z,false,false,false,true,,,H1328,19MAR2

2026-03-19T18:18:46.728Z,false,false,false,false,,,H1328,19MAR2

2026-03-19T18:21:40.890Z,true,false,false,false,,,H1521,19MAR3

2026-03-19T18:22:07.024Z,true,false,false,false,13T,Rectitud EC,H1521,19MAR3

2026-03-19T18:22:26.106Z,true,false,false,false,AZ12-A,Zapata tipo I/II 2,H1521,19MAR3

2026-03-19T18:22:27.109Z,true,false,false,false,tesF,PURGA DE FOTO FRONTAL,H1521,19MAR3

2026-03-19T18:22:45.226Z,true,false,false,false,1F,PURGA DE FOTO FRONTAL,H1521,19MAR3

2026-03-19T18:22:48.243Z,true,false,false,false,2F,PURGA DE FOTO FRONTAL,H1521,19MAR3

2026-03-19T18:22:52.290Z,true,false,false,false,3F,Distancia entre SE - Perpendicularidad SE,H1521,19MAR3

2026-03-19T18:22:56.354Z,true,false,false,false,4F,Distancia entre SE - Perpendicularidad SE,H1521,19MAR3

2026-03-19T18:23:00.374Z,true,false,false,false,5F,Distancia entre SE - Perpendicularidad SE,H1521,19MAR3

2026-03-19T18:23:03.389Z,true,false,false,false,6F,Distancia entre SE - Perpendicularidad SE,H1521,19MAR3

2026-03-19T18:23:06.392Z,true,false,false,false,7F,Distancia entre SE - Perpendicularidad SE,H1521,19MAR3

2026-03-19T18:23:09.414Z,true,false,false,false,9F,Distancia entre SE - Perpendicularidad SE,H1521,19MAR3

2026-03-19T18:23:14.472Z,true,false,false,false,10F,Distancia entre SE - Perpendicularidad SE,H1521,19MAR3

2026-03-19T18:23:17.493Z,true,false,false,false,11F,Distancia entre SE - Perpendicularidad SE,H1521,19MAR3

2026-03-19T18:23:20.503Z,true,false,false,false,12F,Distancia entre SE - Perpendicularidad SE,H1521,19MAR3

2026-03-19T18:23:23.521Z,true,false,false,false,tesL,PURGA DE FOTO LATERAL,H1521,19MAR3

2026-03-19T18:23:29.596Z,true,false,false,false,13L,PURGA DE FOTO LATERAL,H1521,19MAR3

2026-03-19T18:23:31.601Z,true,false,false,false,14L,PURGA DE FOTO LATERAL,H1521,19MAR3

2026-03-19T18:23:36.630Z,true,false,false,false,15L,PURGA DE FOTO LATERAL,H1521,19MAR3

2026-03-19T18:23:40.653Z,true,false,false,false,16L,PURGA DE FOTO LATERAL,H1521,19MAR3

2026-03-19T18:23:43.661Z,true,false,false,false,17L,PURGA DE FOTO LATERAL,H1521,19MAR3

2026-03-19T18:23:49.712Z,true,false,false,false,18L,PURGA DE FOTO LATERAL,H1521,19MAR3

2026-03-19T18:23:53.733Z,true,false,false,false,19L,PURGA DE FOTO LATERAL,H1521,19MAR3

2026-03-19T18:23:57.742Z,true,false,false,false,tesF,PURGA DE FOTO FRONTAL,H1521,19MAR3

2026-03-19T18:24:03.789Z,true,false,false,false,21F,PURGA DE FOTO FRONTAL,H1521,19MAR3

2026-03-19T18:24:07.832Z,true,false,false,false,22F,PURGA DE FOTO FRONTAL,H1521,19MAR3

2026-03-19T18:24:15.898Z,true,false,false,false,23F,PURGA DE FOTO FRONTAL,H1521,19MAR3

2026-03-19T18:24:24.982Z,true,false,false,false,12T,Rectitud EC,H1521,19MAR3

2026-03-19T18:24:28.984Z,true,false,false,false,tesL,PURGA DE FOTO LATERAL,H1521,19MAR3

2026-03-19T18:24:36.019Z,true,false,false,false,24L,PURGA DE FOTO LATERAL,H1521,19MAR3

2026-03-19T18:24:39.053Z,true,false,false,false,25L,PURGA DE FOTO LATERAL,H1521,19MAR3

2026-03-19T18:24:44.107Z,true,false,false,false,26L,PURGA DE FOTO LATERAL,H1521,19MAR3

2026-03-19T18:24:50.142Z,true,false,false,false,27L,PURGA DE FOTO LATERAL,H1521,19MAR3

2026-03-19T18:24:56.184Z,true,false,false,false,28L,PURGA DE FOTO LATERAL,H1521,19MAR3

2026-03-19T18:25:02.226Z,true,false,false,false,tesF,PURGA DE FOTO FRONTAL,H1521,19MAR3

2026-03-19T18:25:08.255Z,true,false,false,false,29F,Distancia entre SE - Perpendicularidad SE,H1521,19MAR3

2026-03-19T18:25:12.301Z,true,false,false,false,30F,Distancia entre SE - Perpendicularidad SE,H1521,19MAR3

2026-03-19T18:25:16.355Z,true,false,false,false,31F,Distancia entre SE - Perpendicularidad SE,H1521,19MAR3

2026-03-19T18:25:20.357Z,true,false,false,false,32F,Distancia entre SE - Perpendicularidad SE,H1521,19MAR3

2026-03-19T18:25:23.359Z,true,false,false,false,33F,Distancia entre SE - Perpendicularidad SE,H1521,19MAR3

2026-03-19T18:25:28.381Z,true,false,false,false,34F,Distancia entre SE - Perpendicularidad SE,H1521,19MAR3

2026-03-19T18:25:31.402Z,true,false,false,false,36F,Distancia entre SE - Perpendicularidad SE,H1521,19MAR3

2026-03-19T18:25:36.427Z,true,false,false,false,37F,Distancia entre SE - Perpendicularidad SE,H1521,19MAR3

2026-03-19T18:25:39.462Z,true,false,false,false,38F,Distancia entre SE - Perpendicularidad SE,H1521,19MAR3

2026-03-19T18:25:42.482Z,true,false,false,false,11T,Rectitud EC,H1521,19MAR3

2026-03-19T18:25:49.550Z,true,false,false,false,tesL,PURGA DE FOTO LATERAL,H1521,19MAR3

2026-03-19T18:25:55.603Z,true,false,false,false,39L,PURGA DE FOTO LATERAL,H1521,19MAR3

2026-03-19T18:25:58.608Z,true,false,false,false,40L,PURGA DE FOTO LATERAL,H1521,19MAR3

2026-03-19T18:26:03.653Z,true,false,false,false,41L,PURGA DE FOTO LATERAL,H1521,19MAR3

2026-03-19T18:26:09.704Z,true,false,false,false,42L,PURGA DE FOTO LATERAL,H1521,19MAR3

2026-03-19T18:26:15.738Z,true,false,false,false,43L,PURGA DE FOTO LATERAL,H1521,19MAR3

2026-03-19T18:26:21.794Z,true,false,false,false,tesF,PURGA DE FOTO FRONTAL,H1521,19MAR3

2026-03-19T18:26:27.845Z,true,false,false,false,44F,Distancia entre SE - Perpendicularidad SE,H1521,19MAR3

2026-03-19T18:26:30.897Z,true,false,false,false,45F,Distancia entre SE - Perpendicularidad SE,H1521,19MAR3

2026-03-19T18:26:35.909Z,true,false,false,false,46F,Distancia entre SE - Perpendicularidad SE,H1521,19MAR3

2026-03-19T18:26:39.917Z,true,false,false,false,47F,Distancia entre SE - Perpendicularidad SE,H1521,19MAR3

2026-03-19T18:26:42.928Z,true,false,false,false,48F,Distancia entre SE - Perpendicularidad SE,H1521,19MAR3

2026-03-19T18:26:47.960Z,true,false,false,false,49F,Distancia entre SE - Perpendicularidad SE,H1521,19MAR3

2026-03-19T18:26:50.965Z,true,false,false,false,51F,Distancia entre SE - Perpendicularidad SE,H1521,19MAR3

2026-03-19T18:26:55.996Z,true,false,false,false,52F,Distancia entre SE - Perpendicularidad SE,H1521,19MAR3

2026-03-19T18:26:59.021Z,true,false,false,false,53F,Distancia entre SE - Perpendicularidad SE,H1521,19MAR3

2026-03-19T18:27:02.045Z,true,false,false,false,10T,Rectitud EC,H1521,19MAR3

2026-03-19T18:27:09.111Z,true,false,false,false,tesL,PURGA DE FOTO LATERAL,H1521,19MAR3

2026-03-19T18:27:15.185Z,true,false,false,false,54L,PURGA DE FOTO LATERAL,H1521,19MAR3

2026-03-19T18:27:19.213Z,true,false,false,false,55L,PURGA DE FOTO LATERAL,H1521,19MAR3

2026-03-19T18:27:24.224Z,true,false,false,false,56L,PURGA DE FOTO LATERAL,H1521,19MAR3

2026-03-19T18:27:29.291Z,true,false,false,false,57L,PURGA DE FOTO LATERAL,H1521,19MAR3

2026-03-19T18:27:35.350Z,true,false,false,false,58L,PURGA DE FOTO LATERAL,H1521,19MAR3

2026-03-19T18:27:41.369Z,true,false,false,false,tesF,PURGA DE FOTO FRONTAL,H1521,19MAR3

2026-03-19T18:27:48.423Z,true,false,false,false,59F,Distancia entre SE - Perpendicularidad SE,H1521,19MAR3

2026-03-19T18:27:51.431Z,true,false,false,false,60F,Distancia entre SE - Perpendicularidad SE,H1521,19MAR3

2026-03-19T18:27:55.464Z,true,false,false,false,61F,Distancia entre SE - Perpendicularidad SE,H1521,19MAR3

2026-03-19T18:27:59.487Z,true,false,false,false,62F,Distancia entre SE - Perpendicularidad SE,H1521,19MAR3

2026-03-19T18:28:03.497Z,true,false,false,false,63F,Distancia entre SE - Perpendicularidad SE,H1521,19MAR3

2026-03-19T18:28:07.531Z,true,false,false,false,64F,Distancia entre SE - Perpendicularidad SE,H1521,19MAR3

2026-03-19T18:28:10.538Z,true,false,false,false,66F,Distancia entre SE - Perpendicularidad SE,H1521,19MAR3

2026-03-19T18:28:15.631Z,true,false,false,false,67F,Distancia entre SE - Perpendicularidad SE,H1521,19MAR3

2026-03-19T18:28:18.633Z,true,false,false,false,68F,Distancia entre SE - Perpendicularidad SE,H1521,19MAR3

2026-03-19T18:28:22.652Z,true,false,false,false,9T,Rectitud EC,H1521,19MAR3

2026-03-19T18:28:29.721Z,true,false,false,false,tesL,PURGA DE FOTO LATERAL,H1521,19MAR3

2026-03-19T18:28:35.785Z,true,false,false,false,69L,PURGA DE FOTO LATERAL,H1521,19MAR3

2026-03-19T18:28:39.821Z,true,false,false,false,70L,PURGA DE FOTO LATERAL,H1521,19MAR3

2026-03-19T18:28:43.843Z,true,false,false,false,71L,PURGA DE FOTO LATERAL,H1521,19MAR3

2026-03-19T18:28:49.887Z,true,false,false,false,72L,PURGA DE FOTO LATERAL,H1521,19MAR3

2026-03-19T18:28:55.929Z,true,false,false,false,73L,PURGA DE FOTO LATERAL,H1521,19MAR3

2026-03-19T18:29:01.989Z,true,false,false,false,tesF,PURGA DE FOTO FRONTAL,H1521,19MAR3

2026-03-19T18:29:09.055Z,true,false,false,false,74F,Distancia entre SE - Perpendicularidad SE,H1521,19MAR3

2026-03-19T18:29:12.092Z,true,false,false,false,75F,Distancia entre SE - Perpendicularidad SE,H1521,19MAR3

2026-03-19T18:29:16.143Z,true,false,false,false,76F,Distancia entre SE - Perpendicularidad SE,H1521,19MAR3

2026-03-19T18:29:20.189Z,true,false,false,false,77F,Distancia entre SE - Perpendicularidad SE,H1521,19MAR3

2026-03-19T18:29:24.222Z,true,false,false,false,78F,Distancia entre SE - Perpendicularidad SE,H1521,19MAR3

2026-03-19T18:29:28.288Z,true,false,false,false,79F,Distancia entre SE - Perpendicularidad SE,H1521,19MAR3

2026-03-19T18:29:31.357Z,true,false,false,false,81F,Distancia entre SE - Perpendicularidad SE,H1521,19MAR3

2026-03-19T18:29:36.378Z,true,false,false,false,82F,Distancia entre SE - Perpendicularidad SE,H1521,19MAR3

2026-03-19T18:29:39.396Z,true,false,false,false,83F,Distancia entre SE - Perpendicularidad SE,H1521,19MAR3

2026-03-19T18:29:42.429Z,true,false,false,false,8T,Rectitud EC,H1521,19MAR3

2026-03-19T18:29:50.528Z,true,false,false,false,tesL,PURGA DE FOTO LATERAL,H1521,19MAR3

2026-03-19T18:29:56.592Z,true,false,false,false,84L,PURGA DE FOTO LATERAL,H1521,19MAR3

2026-03-19T18:30:00.634Z,true,false,false,false,85L,PURGA DE FOTO LATERAL,H1521,19MAR3

2026-03-19T18:30:04.685Z,true,false,false,false,86L,PURGA DE FOTO LATERAL,H1521,19MAR3

2026-03-19T18:30:10.734Z,true,false,false,false,87L,PURGA DE FOTO LATERAL,H1521,19MAR3

2026-03-19T18:30:16.813Z,true,false,false,false,88L,PURGA DE FOTO LATERAL,H1521,19MAR3

2026-03-19T18:30:22.871Z,true,false,false,false,tesF,PURGA DE FOTO FRONTAL,H1521,19MAR3

2026-03-19T18:30:29.950Z,true,false,false,false,89F,Distancia entre SE - Perpendicularidad SE,H1521,19MAR3

2026-03-19T18:30:32.994Z,true,false,false,false,90F,Distancia entre SE - Perpendicularidad SE,H1521,19MAR3

2026-03-19T18:30:37.020Z,true,false,false,false,91F,Distancia entre SE - Perpendicularidad SE,H1521,19MAR3

2026-03-19T18:30:41.066Z,true,false,false,false,92F,Distancia entre SE - Perpendicularidad SE,H1521,19MAR3

2026-03-19T18:30:45.095Z,true,false,false,false,93F,Distancia entre SE - Perpendicularidad SE,H1521,19MAR3

2026-03-19T18:30:49.143Z,true,false,false,false,94F,Distancia entre SE - Perpendicularidad SE,H1521,19MAR3

2026-03-19T18:30:52.192Z,true,false,false,false,96F,Distancia entre SE - Perpendicularidad SE,H1521,19MAR3

2026-03-19T18:30:57.225Z,true,false,false,false,97F,Distancia entre SE - Perpendicularidad SE,H1521,19MAR3

2026-03-19T18:31:00.248Z,true,false,false,false,98F,Distancia entre SE - Perpendicularidad SE,H1521,19MAR3

2026-03-19T18:31:03.284Z,true,false,false,false,7T,Rectitud EC,H1521,19MAR3

2026-03-19T18:31:11.355Z,true,false,false,false,tesL,PURGA DE FOTO LATERAL,H1521,19MAR3

2026-03-19T18:31:17.361Z,true,false,false,false,99L,PURGA DE FOTO LATERAL,H1521,19MAR3

2026-03-19T18:31:21.389Z,true,false,false,false,100L,PURGA DE FOTO LATERAL,H1521,19MAR3

2026-03-19T18:31:25.405Z,true,false,false,false,101L,PURGA DE FOTO LATERAL,H1521,19MAR3

2026-03-19T18:31:31.462Z,true,false,false,false,102L,PURGA DE FOTO LATERAL,H1521,19MAR3

2026-03-19T18:31:37.466Z,true,false,false,false,103L,PURGA DE FOTO LATERAL,H1521,19MAR3

2026-03-19T18:31:43.504Z,true,false,false,false,tesF,PURGA DE FOTO FRONTAL,H1521,19MAR3

2026-03-19T18:31:50.504Z,true,false,false,false,104F,Distancia entre SE - Perpendicularidad SE,H1521,19MAR3

2026-03-19T18:31:53.509Z,true,false,false,false,105F,Distancia entre SE - Perpendicularidad SE,H1521,19MAR3

2026-03-19T18:31:57.532Z,true,false,false,false,106F,Distancia entre SE - Perpendicularidad SE,H1521,19MAR3

2026-03-19T18:32:01.553Z,true,false,false,false,107F,Distancia entre SE - Perpendicularidad SE,H1521,19MAR3

2026-03-19T18:32:05.560Z,true,false,false,false,108F,Distancia entre SE - Perpendicularidad SE,H1521,19MAR3

2026-03-19T18:32:09.615Z,true,false,false,false,109F,Distancia entre SE - Perpendicularidad SE,H1521,19MAR3

2026-03-19T18:32:12.633Z,true,false,false,false,111F,Distancia entre SE - Perpendicularidad SE,H1521,19MAR3

2026-03-19T18:32:17.654Z,true,false,false,false,112F,Distancia entre SE - Perpendicularidad SE,H1521,19MAR3

2026-03-19T18:32:21.680Z,true,false,false,false,113F,Distancia entre SE - Perpendicularidad SE,H1521,19MAR3

2026-03-19T18:32:24.708Z,true,false,false,false,6T,Rectitud EC,H1521,19MAR3

2026-03-19T18:32:31.757Z,true,false,false,false,tesL,PURGA DE FOTO LATERAL,H1521,19MAR3

2026-03-19T18:32:38.781Z,true,false,false,false,114L,PURGA DE FOTO LATERAL,H1521,19MAR3

2026-03-19T18:32:41.787Z,true,false,false,false,115L,PURGA DE FOTO LATERAL,H1521,19MAR3

2026-03-19T18:32:46.810Z,true,false,false,false,116L,PURGA DE FOTO LATERAL,H1521,19MAR3

2026-03-19T18:32:52.865Z,true,false,false,false,117L,PURGA DE FOTO LATERAL,H1521,19MAR3

2026-03-19T18:32:58.913Z,true,false,false,false,118L,PURGA DE FOTO LATERAL,H1521,19MAR3

2026-03-19T18:33:04.964Z,true,false,false,false,tesF,PURGA DE FOTO FRONTAL,H1521,19MAR3

2026-03-19T18:33:10.986Z,true,false,false,false,119F,Distancia entre SE - Perpendicularidad SE,H1521,19MAR3

2026-03-19T18:33:13.999Z,true,false,false,false,120F,Distancia entre SE - Perpendicularidad SE,H1521,19MAR3

2026-03-19T18:33:19.040Z,true,false,false,false,121F,Distancia entre SE - Perpendicularidad SE,H1521,19MAR3

2026-03-19T18:33:22.073Z,true,false,false,false,122F,Distancia entre SE - Perpendicularidad SE,H1521,19MAR3

2026-03-19T18:33:26.098Z,true,false,false,false,123F,Distancia entre SE - Perpendicularidad SE,H1521,19MAR3

2026-03-19T18:33:31.132Z,true,false,false,false,124F,Distancia entre SE - Perpendicularidad SE,H1521,19MAR3

2026-03-19T18:33:34.149Z,true,false,false,false,126F,Distancia entre SE - Perpendicularidad SE,H1521,19MAR3

2026-03-19T18:33:39.166Z,true,false,false,false,127F,Distancia entre SE - Perpendicularidad SE,H1521,19MAR3

2026-03-19T18:33:42.194Z,true,false,false,false,128F,Distancia entre SE - Perpendicularidad SE,H1521,19MAR3

2026-03-19T18:33:45.203Z,true,false,false,false,5T,Rectitud EC,H1521,19MAR3

2026-03-19T18:33:52.231Z,true,false,false,false,tesL,PURGA DE FOTO LATERAL,H1521,19MAR3

2026-03-19T18:33:59.292Z,true,false,false,false,129L,PURGA DE FOTO LATERAL,H1521,19MAR3

2026-03-19T18:34:02.286Z,true,false,false,false,130L,PURGA DE FOTO LATERAL,H1521,19MAR3

2026-03-19T18:34:07.356Z,true,false,false,false,131L,PURGA DE FOTO LATERAL,H1521,19MAR3

2026-03-19T18:34:13.384Z,true,false,false,false,132L,PURGA DE FOTO LATERAL,H1521,19MAR3

2026-03-19T18:34:19.398Z,true,false,false,false,133L,PURGA DE FOTO LATERAL,H1521,19MAR3

2026-03-19T18:34:25.425Z,true,false,false,false,tesF,PURGA DE FOTO FRONTAL,H1521,19MAR3

2026-03-19T18:34:32.492Z,true,false,false,false,134F,Distancia entre SE - Perpendicularidad SE,H1521,19MAR3

2026-03-19T18:34:35.492Z,true,false,false,false,135F,Distancia entre SE - Perpendicularidad SE,H1521,19MAR3

2026-03-19T18:34:39.515Z,true,false,false,false,136F,Distancia entre SE - Perpendicularidad SE,H1521,19MAR3

2026-03-19T18:34:43.552Z,true,false,false,false,137F,Distancia entre SE - Perpendicularidad SE,H1521,19MAR3

2026-03-19T18:34:47.587Z,true,false,false,false,138F,Distancia entre SE - Perpendicularidad SE,H1521,19MAR3

2026-03-19T18:34:51.632Z,true,false,false,false,139F,Distancia entre SE - Perpendicularidad SE,H1521,19MAR3

2026-03-19T18:34:54.638Z,true,false,false,false,141F,Distancia entre SE - Perpendicularidad SE,H1521,19MAR3

2026-03-19T18:34:59.699Z,true,false,false,false,142F,Distancia entre SE - Perpendicularidad SE,H1521,19MAR3

2026-03-19T18:35:02.701Z,true,false,false,false,143F,Distancia entre SE - Perpendicularidad SE,H1521,19MAR3

2026-03-19T18:35:05.704Z,true,false,false,false,4T,Rectitud EC,H1521,19MAR3

2026-03-19T18:35:13.772Z,true,false,false,false,tesL,PURGA DE FOTO LATERAL,H1521,19MAR3

2026-03-19T18:35:19.837Z,true,false,false,false,144L,PURGA DE FOTO LATERAL,H1521,19MAR3

2026-03-19T18:35:22.875Z,true,false,false,false,145L,PURGA DE FOTO LATERAL,H1521,19MAR3

2026-03-19T18:35:27.903Z,true,false,false,false,146L,PURGA DE FOTO LATERAL,H1521,19MAR3

2026-03-19T18:35:33.942Z,true,false,false,false,147L,PURGA DE FOTO LATERAL,H1521,19MAR3

2026-03-19T18:35:40.012Z,true,false,false,false,148L,PURGA DE FOTO LATERAL,H1521,19MAR3

2026-03-19T18:35:46.050Z,true,false,false,false,tesF,PURGA DE FOTO FRONTAL,H1521,19MAR3

2026-03-19T18:35:53.106Z,true,false,false,false,149F,Distancia entre SE - Perpendicularidad SE,H1521,19MAR3

2026-03-19T18:35:56.134Z,true,false,false,false,150F,Distancia entre SE - Perpendicularidad SE,H1521,19MAR3

2026-03-19T18:36:00.192Z,true,false,false,false,151F,Distancia entre SE - Perpendicularidad SE,H1521,19MAR3

2026-03-19T18:36:04.220Z,true,false,false,false,152F,Distancia entre SE - Perpendicularidad SE,H1521,19MAR3

2026-03-19T18:36:08.257Z,true,false,false,false,153F,Distancia entre SE - Perpendicularidad SE,H1521,19MAR3

2026-03-19T18:36:12.299Z,true,false,false,false,154F,Distancia entre SE - Perpendicularidad SE,H1521,19MAR3

2026-03-19T18:36:15.374Z,true,false,false,false,156F,Distancia entre SE - Perpendicularidad SE,H1521,19MAR3

2026-03-19T18:36:20.362Z,true,false,false,false,157F,Distancia entre SE - Perpendicularidad SE,H1521,19MAR3

2026-03-19T18:36:23.395Z,true,false,false,false,158F,Distancia entre SE - Perpendicularidad SE,H1521,19MAR3

2026-03-19T18:36:26.409Z,true,false,false,false,3T,Rectitud EC,H1521,19MAR3

2026-03-19T18:36:34.486Z,true,false,false,false,tesL,PURGA DE FOTO LATERAL,H1521,19MAR3

2026-03-19T18:36:40.505Z,true,false,false,false,159L,PURGA DE FOTO LATERAL,H1521,19MAR3

2026-03-19T18:36:43.514Z,true,false,false,false,160L,PURGA DE FOTO LATERAL,H1521,19MAR3

2026-03-19T18:36:48.530Z,true,false,false,false,161L,PURGA DE FOTO LATERAL,H1521,19MAR3

2026-03-19T18:36:54.572Z,true,false,false,false,162L,PURGA DE FOTO LATERAL,H1521,19MAR3

2026-03-19T18:37:00.624Z,true,false,false,false,163L,PURGA DE FOTO LATERAL,H1521,19MAR3

2026-03-19T18:37:06.639Z,true,false,false,false,tesF,PURGA DE FOTO FRONTAL,H1521,19MAR3

2026-03-19T18:37:13.678Z,true,false,false,false,164F,Distancia entre SE - Perpendicularidad SE,H1521,19MAR3

2026-03-19T18:37:16.689Z,true,false,false,false,165F,Distancia entre SE - Perpendicularidad SE,H1521,19MAR3

2026-03-19T18:37:20.711Z,true,false,false,false,166F,Distancia entre SE - Perpendicularidad SE,H1521,19MAR3

2026-03-19T18:37:24.730Z,true,false,false,false,167F,Distancia entre SE - Perpendicularidad SE,H1521,19MAR3

2026-03-19T18:37:28.750Z,true,false,false,false,168F,Distancia entre SE - Perpendicularidad SE,H1521,19MAR3

2026-03-19T18:37:32.785Z,true,false,false,false,169F,Distancia entre SE - Perpendicularidad SE,H1521,19MAR3

2026-03-19T18:37:35.789Z,true,false,false,false,171F,Distancia entre SE - Perpendicularidad SE,H1521,19MAR3

2026-03-19T18:37:40.821Z,true,false,false,false,172F,Distancia entre SE - Perpendicularidad SE,H1521,19MAR3

2026-03-19T18:37:43.853Z,true,false,false,false,173F,Distancia entre SE - Perpendicularidad SE,H1521,19MAR3

2026-03-19T18:37:47.889Z,true,false,false,false,2T,Rectitud EC,H1521,19MAR3

2026-03-19T18:37:54.918Z,true,false,false,false,tesL,PURGA DE FOTO LATERAL,H1521,19MAR3

2026-03-19T18:38:01.964Z,true,false,false,false,174L,PURGA DE FOTO LATERAL,H1521,19MAR3

2026-03-19T18:38:04.985Z,true,false,false,false,175L,PURGA DE FOTO LATERAL,H1521,19MAR3

2026-03-19T18:38:09.997Z,true,false,false,false,176L,PURGA DE FOTO LATERAL,H1521,19MAR3

2026-03-19T18:38:16.025Z,true,false,false,false,177L,PURGA DE FOTO LATERAL,H1521,19MAR3

2026-03-19T18:38:22.055Z,true,false,false,false,178L,PURGA DE FOTO LATERAL,H1521,19MAR3

2026-03-19T18:38:28.090Z,true,false,false,false,tesF,PURGA DE FOTO FRONTAL,H1521,19MAR3

2026-03-19T18:38:34.105Z,true,false,false,false,179F,Distancia entre SE - Perpendicularidad SE,H1521,19MAR3

2026-03-19T18:38:38.144Z,true,false,false,false,180F,Distancia entre SE - Perpendicularidad SE,H1521,19MAR3

2026-03-19T18:38:42.181Z,true,false,false,false,181F,Distancia entre SE - Perpendicularidad SE,H1521,19MAR3

2026-03-19T18:38:46.214Z,true,false,false,false,182F,Distancia entre SE - Perpendicularidad SE,H1521,19MAR3

2026-03-19T18:38:49.248Z,true,false,false,false,183F,Distancia entre SE - Perpendicularidad SE,H1521,19MAR3

2026-03-19T18:38:54.263Z,true,false,false,false,184F,Distancia entre SE - Perpendicularidad SE,H1521,19MAR3

2026-03-19T18:38:57.302Z,true,false,false,false,186F,Distancia entre SE - Perpendicularidad SE,H1521,19MAR3

2026-03-19T18:39:02.359Z,true,false,false,false,187F,Distancia entre SE - Perpendicularidad SE,H1521,19MAR3

2026-03-19T18:39:05.359Z,true,false,false,false,188F,Distancia entre SE - Perpendicularidad SE,H1521,19MAR3

2026-03-19T18:39:08.365Z,true,false,false,false,1T,Rectitud EC,H1521,19MAR3

2026-03-19T18:39:16.398Z,true,false,false,false,tesL,PURGA DE FOTO LATERAL,H1521,19MAR3

2026-03-19T18:39:22.420Z,true,false,false,false,189L,PURGA DE FOTO LATERAL,H1521,19MAR3

2026-03-19T18:39:25.451Z,true,false,false,false,190L,PURGA DE FOTO LATERAL,H1521,19MAR3

2026-03-19T18:39:30.485Z,true,false,false,false,191L,PURGA DE FOTO LATERAL,H1521,19MAR3

2026-03-19T18:39:36.523Z,true,false,false,false,192L,PURGA DE FOTO LATERAL,H1521,19MAR3

2026-03-19T18:39:42.553Z,true,false,false,false,193L,PURGA DE FOTO LATERAL,H1521,19MAR3

2026-03-19T18:39:48.626Z,true,false,false,false,tesF,PURGA DE FOTO FRONTAL,H1521,19MAR3

2026-03-19T18:39:55.642Z,true,false,false,false,194F,Distancia entre SE - Perpendicularidad SE,H1521,19MAR3

2026-03-19T18:39:58.663Z,true,false,false,false,195F,Distancia entre SE - Perpendicularidad SE,H1521,19MAR3

2026-03-19T18:40:02.697Z,true,false,false,false,196F,Distancia entre SE - Perpendicularidad SE,H1521,19MAR3

2026-03-19T18:40:06.692Z,true,false,false,false,197F,Distancia entre SE - Perpendicularidad SE,H1521,19MAR3

2026-03-19T18:40:10.713Z,true,false,false,false,198F,Distancia entre SE - Perpendicularidad SE,H1521,19MAR3

2026-03-19T18:40:14.738Z,true,false,false,false,199F,Distancia entre SE - Perpendicularidad SE,H1521,19MAR3

2026-03-19T18:40:17.792Z,true,false,false,false,201F,Distancia entre SE - Perpendicularidad SE,H1521,19MAR3

2026-03-19T18:40:22.815Z,true,false,false,false,202F,Distancia entre SE - Perpendicularidad SE,H1521,19MAR3

2026-03-19T18:40:25.832Z,true,false,false,false,203F,Distancia entre SE - Perpendicularidad SE,H1521,19MAR3

2026-03-19T18:40:28.857Z,true,false,false,false,001F,Distancia entre SE y PP,H1521,19MAR3

2026-03-19T18:40:35.951Z,true,false,false,false,210F,Distancia entre SE y PP,H1521,19MAR3

2026-03-19T18:40:38.994Z,true,false,false,false,002F,Distancia entre SE y PP,H1521,19MAR3

2026-03-19T18:40:45.039Z,true,false,false,false,211F,Distancia entre SE y PP,H1521,19MAR3

2026-03-19T18:40:52.090Z,true,false,false,false,003F,Distancia entre SE y PP,H1521,19MAR3

2026-03-19T18:40:58.157Z,true,false,false,false,tesL,PURGA DE FOTO LATERAL,H1521,19MAR3

2026-03-19T18:41:05.237Z,true,false,false,false,212L,PURGA DE FOTO LATERAL,H1521,19MAR3

2026-03-19T18:41:07.247Z,true,false,false,false,213L,PURGA DE FOTO LATERAL,H1521,19MAR3

2026-03-19T18:41:15.374Z,true,false,false,false,214L,PURGA DE FOTO LATERAL,H1521,19MAR3

2026-03-19T18:41:23.408Z,true,false,false,false,tesL,PURGA DE FOTO LATERAL,H1521,19MAR3

2026-03-19T18:41:31.467Z,true,false,false,false,216L,Presencia de soldadura TVS - Fisuras soldadura TVS,H1521,19MAR3

2026-03-19T18:41:36.528Z,true,false,false,false,217L,Presencia de soldadura TVS - Fisuras soldadura TVS,H1521,19MAR3

2026-03-19T18:41:44.618Z,true,false,false,false,218L,Presencia de soldadura TVS - Fisuras soldadura TVS,H1521,19MAR3

2026-03-19T18:41:52.690Z,true,false,false,false,tesL,PURGA DE FOTO LATERAL,H1521,19MAR3

2026-03-19T18:42:04.809Z,true,false,false,false,0T,Rectitud EC PP,H1521,19MAR3

2026-03-19T18:42:08.855Z,true,false,false,false,0Z,Rectitud EC PP,H1521,19MAR3

2026-03-19T18:42:12.907Z,true,false,false,false,222L,Rectitud EC PP,H1521,19MAR3

2026-03-19T18:42:16.936Z,true,false,false,false,223L,Rectitud EC PP,H1521,19MAR3

2026-03-19T18:42:21.992Z,true,false,false,false,224L,Rectitud EC PP,H1521,19MAR3

2026-03-19T18:42:27.036Z,true,false,false,false,225L,Rectitud EC PP,H1521,19MAR3

2026-03-19T18:42:32.066Z,true,false,false,false,226L,Rectitud EC PP,H1521,19MAR3

2026-03-19T18:42:36.117Z,true,false,false,false,227L,Rectitud EC PP,H1521,19MAR3

2026-03-19T18:42:41.153Z,true,false,false,false,tesL,PURGA DE FOTO LATERAL,H1521,19MAR3

2026-03-19T18:42:48.209Z,true,false,false,false,228L,PURGA DE FOTO LATERAL,H1521,19MAR3

2026-03-19T18:42:59.367Z,true,false,false,false,229L,PURGA DE FOTO LATERAL,H1521,19MAR3

2026-03-19T18:43:04.397Z,true,false,false,false,230L,PURGA DE FOTO LATERAL,H1521,19MAR3

2026-03-19T18:43:09.423Z,true,false,false,false,231L,PURGA DE FOTO LATERAL,H1521,19MAR3

2026-03-19T18:43:14.472Z,true,false,false,false,232L,PURGA DE FOTO LATERAL,H1521,19MAR3

2026-03-19T18:43:18.492Z,true,false,false,false,233L,PURGA DE FOTO LATERAL,H1521,19MAR3

2026-03-19T18:43:23.499Z,true,false,false,false,tesF,PURGA DE FOTO FRONTAL,H1521,19MAR3

2026-03-19T18:43:30.544Z,true,false,false,false,,,H1521,19MAR3

2026-03-19T18:44:47.096Z,false,false,false,true,,,H1521,19MAR3

2026-03-19T18:45:06.170Z,false,false,false,false,,,H1521,19MAR3

2026-03-19T18:55:27.256Z,true,false,false,false,,,H1555,19MAR4

2026-03-19T18:55:53.399Z,true,false,false,false,13T,Rectitud EC,H1555,19MAR4

2026-03-19T18:56:31.715Z,true,false,false,false,AZ1-B,Zapata tipo I/II 1,H1555,19MAR4

2026-03-19T18:56:32.718Z,true,false,false,false,tesF,PURGA DE FOTO FRONTAL,H1555,19MAR4

2026-03-19T18:56:50.883Z,true,false,false,false,1F,PURGA DE FOTO FRONTAL,H1555,19MAR4

2026-03-19T19:11:48.817Z,true,false,false,false,2F,PURGA DE FOTO FRONTAL,H1555,19MAR4

2026-03-19T19:11:52.838Z,true,false,false,false,3F,Distancia entre SE - Perpendicularidad SE,H1555,19MAR4

2026-03-19T19:11:56.869Z,true,false,false,false,4F,Distancia entre SE - Perpendicularidad SE,H1555,19MAR4

2026-03-19T19:11:59.909Z,true,false,false,false,5F,Distancia entre SE - Perpendicularidad SE,H1555,19MAR4

2026-03-19T19:12:03.924Z,true,false,false,false,6F,Distancia entre SE - Perpendicularidad SE,H1555,19MAR4

2026-03-19T19:12:05.939Z,true,false,false,false,7F,Distancia entre SE - Perpendicularidad SE,H1555,19MAR4

2026-03-19T19:12:08.978Z,true,false,false,false,9F,Distancia entre SE - Perpendicularidad SE,H1555,19MAR4

2026-03-19T19:12:14.009Z,true,false,false,false,10F,Distancia entre SE - Perpendicularidad SE,H1555,19MAR4

2026-03-19T19:12:17.008Z,true,false,false,false,11F,Distancia entre SE - Perpendicularidad SE,H1555,19MAR4

2026-03-19T19:12:21.051Z,true,false,false,false,12F,Distancia entre SE - Perpendicularidad SE,H1555,19MAR4

2026-03-19T19:12:23.073Z,true,false,false,false,tesL,PURGA DE FOTO LATERAL,H1555,19MAR4

2026-03-19T19:12:30.124Z,true,false,false,false,13L,PURGA DE FOTO LATERAL,H1555,19MAR4

2026-03-19T19:12:32.151Z,true,false,false,false,14L,PURGA DE FOTO LATERAL,H1555,19MAR4

2026-03-19T19:12:36.206Z,true,false,false,false,15L,PURGA DE FOTO LATERAL,H1555,19MAR4

2026-03-19T19:12:40.237Z,true,false,false,false,16L,PURGA DE FOTO LATERAL,H1555,19MAR4

2026-03-19T19:12:44.273Z,true,false,false,false,17L,PURGA DE FOTO LATERAL,H1555,19MAR4

2026-03-19T19:12:50.372Z,true,false,false,false,18L,PURGA DE FOTO LATERAL,H1555,19MAR4

2026-03-19T19:12:54.373Z,true,false,false,false,19L,PURGA DE FOTO LATERAL,H1555,19MAR4

2026-03-19T19:12:57.375Z,true,false,false,false,tesF,PURGA DE FOTO FRONTAL,H1555,19MAR4

2026-03-19T19:13:04.424Z,true,false,false,false,21F,PURGA DE FOTO FRONTAL,H1555,19MAR4

2026-03-19T19:13:08.429Z,true,false,false,false,22F,PURGA DE FOTO FRONTAL,H1555,19MAR4

2026-03-19T19:13:16.506Z,true,false,false,false,23F,PURGA DE FOTO FRONTAL,H1555,19MAR4

2026-03-19T19:13:24.561Z,true,false,false,false,12T,Rectitud EC,H1555,19MAR4

2026-03-19T19:13:29.633Z,true,false,false,false,tesL,PURGA DE FOTO LATERAL,H1555,19MAR4

2026-03-19T19:13:36.653Z,true,false,false,false,24L,PURGA DE FOTO LATERAL,H1555,19MAR4

2026-03-19T19:13:39.671Z,true,false,false,false,25L,PURGA DE FOTO LATERAL,H1555,19MAR4

2026-03-19T19:13:44.709Z,true,false,false,false,26L,PURGA DE FOTO LATERAL,H1555,19MAR4

2026-03-19T19:13:50.742Z,true,false,false,false,27L,PURGA DE FOTO LATERAL,H1555,19MAR4

2026-03-19T19:13:56.817Z,true,false,false,false,28L,PURGA DE FOTO LATERAL,H1555,19MAR4

2026-03-19T19:14:02.819Z,true,false,false,false,tesF,PURGA DE FOTO FRONTAL,H1555,19MAR4

2026-03-19T19:14:08.854Z,true,false,false,false,29F,Distancia entre SE - Perpendicularidad SE,H1555,19MAR4

2026-03-19T19:14:11.882Z,true,false,false,false,30F,Distancia entre SE - Perpendicularidad SE,H1555,19MAR4

2026-03-19T19:14:15.934Z,true,false,false,false,31F,Distancia entre SE - Perpendicularidad SE,H1555,19MAR4

2026-03-19T19:14:19.983Z,true,false,false,false,32F,Distancia entre SE - Perpendicularidad SE,H1555,19MAR4

2026-03-19T19:14:23.985Z,true,false,false,false,33F,Distancia entre SE - Perpendicularidad SE,H1555,19MAR4

2026-03-19T19:14:28.018Z,true,false,false,false,34F,Distancia entre SE - Perpendicularidad SE,H1555,19MAR4

2026-03-19T19:14:31.033Z,true,false,false,false,36F,Distancia entre SE - Perpendicularidad SE,H1555,19MAR4

2026-03-19T19:14:36.053Z,true,false,false,false,37F,Distancia entre SE - Perpendicularidad SE,H1555,19MAR4

2026-03-19T19:14:39.066Z,true,false,false,false,38F,Distancia entre SE - Perpendicularidad SE,H1555,19MAR4

2026-03-19T19:14:43.081Z,true,false,false,false,11T,Rectitud EC,H1555,19MAR4

2026-03-19T19:14:49.104Z,true,false,false,false,tesL,PURGA DE FOTO LATERAL,H1555,19MAR4

2026-03-19T19:14:56.135Z,true,false,false,false,39L,PURGA DE FOTO LATERAL,H1555,19MAR4

2026-03-19T19:14:59.159Z,true,false,false,false,40L,PURGA DE FOTO LATERAL,H1555,19MAR4

2026-03-19T19:15:04.179Z,true,false,false,false,41L,PURGA DE FOTO LATERAL,H1555,19MAR4

2026-03-19T19:15:10.222Z,true,false,false,false,42L,PURGA DE FOTO LATERAL,H1555,19MAR4

2026-03-19T19:15:16.277Z,true,false,false,false,43L,PURGA DE FOTO LATERAL,H1555,19MAR4

2026-03-19T19:15:22.393Z,true,false,false,false,tesF,PURGA DE FOTO FRONTAL,H1555,19MAR4

2026-03-19T19:15:28.390Z,true,false,false,false,44F,Distancia entre SE - Perpendicularidad SE,H1555,19MAR4

2026-03-19T19:15:31.418Z,true,false,false,false,45F,Distancia entre SE - Perpendicularidad SE,H1555,19MAR4

2026-03-19T19:15:35.431Z,true,false,false,false,46F,Distancia entre SE - Perpendicularidad SE,H1555,19MAR4

2026-03-19T19:15:39.455Z,true,false,false,false,47F,Distancia entre SE - Perpendicularidad SE,H1555,19MAR4

2026-03-19T19:15:43.508Z,true,false,false,false,48F,Distancia entre SE - Perpendicularidad SE,H1555,19MAR4

2026-03-19T19:15:47.520Z,true,false,false,false,49F,Distancia entre SE - Perpendicularidad SE,H1555,19MAR4

2026-03-19T19:15:50.529Z,true,false,false,false,51F,Distancia entre SE - Perpendicularidad SE,H1555,19MAR4

2026-03-19T19:15:55.585Z,true,false,false,false,52F,Distancia entre SE - Perpendicularidad SE,H1555,19MAR4

2026-03-19T19:15:58.617Z,true,false,false,false,53F,Distancia entre SE - Perpendicularidad SE,H1555,19MAR4

2026-03-19T19:16:02.619Z,true,false,false,false,10T,Rectitud EC,H1555,19MAR4

2026-03-19T19:16:09.656Z,true,false,false,false,tesL,PURGA DE FOTO LATERAL,H1555,19MAR4

2026-03-19T19:16:15.721Z,true,false,false,false,54L,PURGA DE FOTO LATERAL,H1555,19MAR4

2026-03-19T19:16:18.735Z,true,false,false,false,55L,PURGA DE FOTO LATERAL,H1555,19MAR4

2026-03-19T19:16:23.768Z,true,false,false,false,56L,PURGA DE FOTO LATERAL,H1555,19MAR4

2026-03-19T19:16:29.821Z,true,false,false,false,57L,PURGA DE FOTO LATERAL,H1555,19MAR4

2026-03-19T19:16:35.905Z,true,false,false,false,58L,PURGA DE FOTO LATERAL,H1555,19MAR4

2026-03-19T19:16:41.942Z,true,false,false,false,tesF,PURGA DE FOTO FRONTAL,H1555,19MAR4

2026-03-19T19:16:48.006Z,true,false,false,false,59F,Distancia entre SE - Perpendicularidad SE,H1555,19MAR4

2026-03-19T19:16:52.033Z,true,false,false,false,60F,Distancia entre SE - Perpendicularidad SE,H1555,19MAR4

2026-03-19T19:16:56.066Z,true,false,false,false,61F,Distancia entre SE - Perpendicularidad SE,H1555,19MAR4

2026-03-19T19:17:00.112Z,true,false,false,false,62F,Distancia entre SE - Perpendicularidad SE,H1555,19MAR4

2026-03-19T19:17:03.120Z,true,false,false,false,63F,Distancia entre SE - Perpendicularidad SE,H1555,19MAR4

2026-03-19T19:17:08.149Z,true,false,false,false,64F,Distancia entre SE - Perpendicularidad SE,H1555,19MAR4

2026-03-19T19:17:11.181Z,true,false,false,false,66F,Distancia entre SE - Perpendicularidad SE,H1555,19MAR4

2026-03-19T19:17:16.214Z,true,false,false,false,67F,Distancia entre SE - Perpendicularidad SE,H1555,19MAR4

2026-03-19T19:17:19.236Z,true,false,false,false,68F,Distancia entre SE - Perpendicularidad SE,H1555,19MAR4

2026-03-19T19:17:22.278Z,true,false,false,false,9T,Rectitud EC,H1555,19MAR4

2026-03-19T19:17:29.377Z,true,false,false,false,tesL,PURGA DE FOTO LATERAL,H1555,19MAR4

2026-03-19T19:17:36.384Z,true,false,false,false,69L,PURGA DE FOTO LATERAL,H1555,19MAR4

2026-03-19T19:17:39.413Z,true,false,false,false,70L,PURGA DE FOTO LATERAL,H1555,19MAR4

2026-03-19T19:17:44.418Z,true,false,false,false,71L,PURGA DE FOTO LATERAL,H1555,19MAR4

2026-03-19T19:17:50.478Z,true,false,false,false,72L,PURGA DE FOTO LATERAL,H1555,19MAR4

2026-03-19T19:17:56.519Z,true,false,false,false,73L,PURGA DE FOTO LATERAL,H1555,19MAR4

2026-03-19T19:18:02.551Z,true,false,false,false,tesF,PURGA DE FOTO FRONTAL,H1555,19MAR4

2026-03-19T19:18:08.615Z,true,false,false,false,74F,Distancia entre SE - Perpendicularidad SE,H1555,19MAR4

2026-03-19T19:18:12.625Z,true,false,false,false,75F,Distancia entre SE - Perpendicularidad SE,H1555,19MAR4

2026-03-19T19:18:16.666Z,true,false,false,false,76F,Distancia entre SE - Perpendicularidad SE,H1555,19MAR4

2026-03-19T19:18:20.708Z,true,false,false,false,77F,Distancia entre SE - Perpendicularidad SE,H1555,19MAR4

2026-03-19T19:18:23.733Z,true,false,false,false,78F,Distancia entre SE - Perpendicularidad SE,H1555,19MAR4

2026-03-19T19:18:28.763Z,true,false,false,false,79F,Distancia entre SE - Perpendicularidad SE,H1555,19MAR4

2026-03-19T19:18:31.792Z,true,false,false,false,81F,Distancia entre SE - Perpendicularidad SE,H1555,19MAR4

2026-03-19T19:18:36.817Z,true,false,false,false,82F,Distancia entre SE - Perpendicularidad SE,H1555,19MAR4

2026-03-19T19:18:39.828Z,true,false,false,false,83F,Distancia entre SE - Perpendicularidad SE,H1555,19MAR4

2026-03-19T19:18:42.855Z,true,false,false,false,8T,Rectitud EC,H1555,19MAR4

2026-03-19T19:18:50.886Z,true,false,false,false,tesL,PURGA DE FOTO LATERAL,H1555,19MAR4

2026-03-19T19:18:56.953Z,true,false,false,false,84L,PURGA DE FOTO LATERAL,H1555,19MAR4

2026-03-19T19:18:59.983Z,true,false,false,false,85L,PURGA DE FOTO LATERAL,H1555,19MAR4

2026-03-19T19:19:05.016Z,true,false,false,false,86L,PURGA DE FOTO LATERAL,H1555,19MAR4

2026-03-19T19:19:11.050Z,true,false,false,false,87L,PURGA DE FOTO LATERAL,H1555,19MAR4

2026-03-19T19:19:17.106Z,true,false,false,false,88L,PURGA DE FOTO LATERAL,H1555,19MAR4

2026-03-19T19:19:23.145Z,true,false,false,false,tesF,PURGA DE FOTO FRONTAL,H1555,19MAR4

2026-03-19T19:19:30.185Z,true,false,false,false,89F,Distancia entre SE - Perpendicularidad SE,H1555,19MAR4

2026-03-19T19:19:33.221Z,true,false,false,false,90F,Distancia entre SE - Perpendicularidad SE,H1555,19MAR4

2026-03-19T19:19:37.245Z,true,false,false,false,91F,Distancia entre SE - Perpendicularidad SE,H1555,19MAR4

2026-03-19T19:19:41.262Z,true,false,false,false,92F,Distancia entre SE - Perpendicularidad SE,H1555,19MAR4

2026-03-19T19:19:45.381Z,true,false,false,false,93F,Distancia entre SE - Perpendicularidad SE,H1555,19MAR4

2026-03-19T19:19:49.391Z,true,false,false,false,94F,Distancia entre SE - Perpendicularidad SE,H1555,19MAR4

2026-03-19T19:19:52.389Z,true,false,false,false,96F,Distancia entre SE - Perpendicularidad SE,H1555,19MAR4

2026-03-19T19:19:57.417Z,true,false,false,false,97F,Distancia entre SE - Perpendicularidad SE,H1555,19MAR4

2026-03-19T19:20:00.422Z,true,false,false,false,98F,Distancia entre SE - Perpendicularidad SE,H1555,19MAR4

2026-03-19T19:20:03.423Z,true,false,false,false,7T,Rectitud EC,H1555,19MAR4

2026-03-19T19:20:11.468Z,true,false,false,false,tesL,PURGA DE FOTO LATERAL,H1555,19MAR4

2026-03-19T19:20:17.512Z,true,false,false,false,99L,PURGA DE FOTO LATERAL,H1555,19MAR4

2026-03-19T19:20:21.524Z,true,false,false,false,100L,PURGA DE FOTO LATERAL,H1555,19MAR4

2026-03-19T19:20:25.568Z,true,false,false,false,101L,PURGA DE FOTO LATERAL,H1555,19MAR4

2026-03-19T19:20:31.612Z,true,false,false,false,102L,PURGA DE FOTO LATERAL,H1555,19MAR4

2026-03-19T19:20:37.635Z,true,false,false,false,103L,PURGA DE FOTO LATERAL,H1555,19MAR4

2026-03-19T19:20:43.657Z,true,false,false,false,tesF,PURGA DE FOTO FRONTAL,H1555,19MAR4

2026-03-19T19:20:50.686Z,true,false,false,false,104F,Distancia entre SE - Perpendicularidad SE,H1555,19MAR4

2026-03-19T19:20:53.705Z,true,false,false,false,105F,Distancia entre SE - Perpendicularidad SE,H1555,19MAR4

2026-03-19T19:20:57.717Z,true,false,false,false,106F,Distancia entre SE - Perpendicularidad SE,H1555,19MAR4

2026-03-19T19:21:01.717Z,true,false,false,false,107F,Distancia entre SE - Perpendicularidad SE,H1555,19MAR4

2026-03-19T19:21:05.732Z,true,false,false,false,108F,Distancia entre SE - Perpendicularidad SE,H1555,19MAR4

2026-03-19T19:21:09.775Z,true,false,false,false,109F,Distancia entre SE - Perpendicularidad SE,H1555,19MAR4

2026-03-19T19:21:12.809Z,true,false,false,false,111F,Distancia entre SE - Perpendicularidad SE,H1555,19MAR4

2026-03-19T19:21:17.837Z,true,false,false,false,112F,Distancia entre SE - Perpendicularidad SE,H1555,19MAR4

2026-03-19T19:21:20.845Z,true,false,false,false,113F,Distancia entre SE - Perpendicularidad SE,H1555,19MAR4

2026-03-19T19:21:24.876Z,true,false,false,false,6T,Rectitud EC,H1555,19MAR4

2026-03-19T19:21:31.949Z,true,false,false,false,tesL,PURGA DE FOTO LATERAL,H1555,19MAR4

2026-03-19T19:21:38.983Z,true,false,false,false,114L,PURGA DE FOTO LATERAL,H1555,19MAR4

2026-03-19T19:21:42.010Z,true,false,false,false,115L,PURGA DE FOTO LATERAL,H1555,19MAR4

2026-03-19T19:21:47.044Z,true,false,false,false,116L,PURGA DE FOTO LATERAL,H1555,19MAR4

2026-03-19T19:21:53.089Z,true,false,false,false,117L,PURGA DE FOTO LATERAL,H1555,19MAR4

2026-03-19T19:21:59.118Z,true,false,false,false,118L,PURGA DE FOTO LATERAL,H1555,19MAR4

2026-03-19T19:22:05.161Z,true,false,false,false,tesF,PURGA DE FOTO FRONTAL,H1555,19MAR4

2026-03-19T19:22:11.180Z,true,false,false,false,119F,Distancia entre SE - Perpendicularidad SE,H1555,19MAR4

2026-03-19T19:22:14.220Z,true,false,false,false,120F,Distancia entre SE - Perpendicularidad SE,H1555,19MAR4

2026-03-19T19:22:19.220Z,true,false,false,false,121F,Distancia entre SE - Perpendicularidad SE,H1555,19MAR4

2026-03-19T19:22:22.221Z,true,false,false,false,122F,Distancia entre SE - Perpendicularidad SE,H1555,19MAR4

2026-03-19T19:22:26.239Z,true,false,false,false,123F,Distancia entre SE - Perpendicularidad SE,H1555,19MAR4

2026-03-19T19:22:30.252Z,true,false,false,false,124F,Distancia entre SE - Perpendicularidad SE,H1555,19MAR4

2026-03-19T19:22:34.270Z,true,false,false,false,126F,Distancia entre SE - Perpendicularidad SE,H1555,19MAR4

2026-03-19T19:22:39.312Z,true,false,false,false,127F,Distancia entre SE - Perpendicularidad SE,H1555,19MAR4

2026-03-19T19:22:42.379Z,true,false,false,false,128F,Distancia entre SE - Perpendicularidad SE,H1555,19MAR4

2026-03-19T19:22:45.379Z,true,false,false,false,5T,Rectitud EC,H1555,19MAR4

2026-03-19T19:22:52.428Z,true,false,false,false,tesL,PURGA DE FOTO LATERAL,H1555,19MAR4

2026-03-19T19:22:59.484Z,true,false,false,false,129L,PURGA DE FOTO LATERAL,H1555,19MAR4

2026-03-19T19:23:02.515Z,true,false,false,false,130L,PURGA DE FOTO LATERAL,H1555,19MAR4

2026-03-19T19:23:07.561Z,true,false,false,false,131L,PURGA DE FOTO LATERAL,H1555,19MAR4

2026-03-19T19:23:13.601Z,true,false,false,false,132L,PURGA DE FOTO LATERAL,H1555,19MAR4

2026-03-19T19:23:19.637Z,true,false,false,false,133L,PURGA DE FOTO LATERAL,H1555,19MAR4

2026-03-19T19:23:25.683Z,true,false,false,false,tesF,PURGA DE FOTO FRONTAL,H1555,19MAR4

2026-03-19T19:23:31.737Z,true,false,false,false,134F,Distancia entre SE - Perpendicularidad SE,H1555,19MAR4

2026-03-19T19:23:35.765Z,true,false,false,false,135F,Distancia entre SE - Perpendicularidad SE,H1555,19MAR4

2026-03-19T19:23:39.809Z,true,false,false,false,136F,Distancia entre SE - Perpendicularidad SE,H1555,19MAR4

2026-03-19T19:24:08.015Z,true,false,false,false,137F,Distancia entre SE - Perpendicularidad SE,H1555,19MAR4

2026-03-19T19:24:12.053Z,true,false,false,false,138F,Distancia entre SE - Perpendicularidad SE,H1555,19MAR4

2026-03-19T19:24:16.078Z,true,false,false,false,139F,Distancia entre SE - Perpendicularidad SE,H1555,19MAR4

2026-03-19T19:24:20.111Z,true,false,false,false,141F,Distancia entre SE - Perpendicularidad SE,H1555,19MAR4

2026-03-19T19:24:24.134Z,true,false,false,false,142F,Distancia entre SE - Perpendicularidad SE,H1555,19MAR4

2026-03-19T19:24:28.148Z,true,false,false,false,143F,Distancia entre SE - Perpendicularidad SE,H1555,19MAR4

2026-03-19T19:24:31.168Z,true,false,false,false,4T,Rectitud EC,H1555,19MAR4

2026-03-19T19:24:38.218Z,true,false,false,false,tesL,PURGA DE FOTO LATERAL,H1555,19MAR4

2026-03-19T19:24:45.263Z,true,false,false,false,144L,PURGA DE FOTO LATERAL,H1555,19MAR4

2026-03-19T19:24:48.270Z,true,false,false,false,145L,PURGA DE FOTO LATERAL,H1555,19MAR4

2026-03-19T19:24:53.393Z,true,false,false,false,146L,PURGA DE FOTO LATERAL,H1555,19MAR4

2026-03-19T19:24:59.405Z,true,false,false,false,147L,PURGA DE FOTO LATERAL,H1555,19MAR4

2026-03-19T19:25:05.425Z,true,false,false,false,148L,PURGA DE FOTO LATERAL,H1555,19MAR4

2026-03-19T19:25:11.433Z,true,false,false,false,tesF,PURGA DE FOTO FRONTAL,H1555,19MAR4

2026-03-19T19:25:17.450Z,true,false,false,false,149F,Distancia entre SE - Perpendicularidad SE,H1555,19MAR4

2026-03-19T19:25:21.453Z,true,false,false,false,150F,Distancia entre SE - Perpendicularidad SE,H1555,19MAR4

2026-03-19T19:25:25.498Z,true,false,false,false,151F,Distancia entre SE - Perpendicularidad SE,H1555,19MAR4

2026-03-19T19:25:29.522Z,true,false,false,false,152F,Distancia entre SE - Perpendicularidad SE,H1555,19MAR4

2026-03-19T19:25:32.552Z,true,false,false,false,153F,Distancia entre SE - Perpendicularidad SE,H1555,19MAR4

2026-03-19T19:25:37.571Z,true,false,false,false,154F,Distancia entre SE - Perpendicularidad SE,H1555,19MAR4

2026-03-19T19:25:40.583Z,true,false,false,false,156F,Distancia entre SE - Perpendicularidad SE,H1555,19MAR4

2026-03-19T19:25:45.614Z,true,false,false,false,157F,Distancia entre SE - Perpendicularidad SE,H1555,19MAR4

2026-03-19T19:25:48.627Z,true,false,false,false,158F,Distancia entre SE - Perpendicularidad SE,H1555,19MAR4

2026-03-19T19:25:51.642Z,true,false,false,false,3T,Rectitud EC,H1555,19MAR4

2026-03-19T19:25:59.709Z,true,false,false,false,tesL,PURGA DE FOTO LATERAL,H1555,19MAR4

2026-03-19T19:26:05.755Z,true,false,false,false,159L,PURGA DE FOTO LATERAL,H1555,19MAR4

2026-03-19T19:26:08.777Z,true,false,false,false,160L,PURGA DE FOTO LATERAL,H1555,19MAR4

2026-03-19T19:26:13.809Z,true,false,false,false,161L,PURGA DE FOTO LATERAL,H1555,19MAR4

2026-03-19T19:26:19.866Z,true,false,false,false,162L,PURGA DE FOTO LATERAL,H1555,19MAR4

2026-03-19T19:26:25.911Z,true,false,false,false,163L,PURGA DE FOTO LATERAL,H1555,19MAR4

2026-03-19T19:26:31.995Z,true,false,false,false,tesF,PURGA DE FOTO FRONTAL,H1555,19MAR4

2026-03-19T19:26:39.045Z,true,false,false,false,164F,Distancia entre SE - Perpendicularidad SE,H1555,19MAR4

2026-03-19T19:26:42.075Z,true,false,false,false,165F,Distancia entre SE - Perpendicularidad SE,H1555,19MAR4

2026-03-19T19:26:46.112Z,true,false,false,false,166F,Distancia entre SE - Perpendicularidad SE,H1555,19MAR4

2026-03-19T19:26:50.138Z,true,false,false,false,167F,Distancia entre SE - Perpendicularidad SE,H1555,19MAR4

2026-03-19T19:26:54.161Z,true,false,false,false,168F,Distancia entre SE - Perpendicularidad SE,H1555,19MAR4

2026-03-19T19:26:58.204Z,true,false,false,false,169F,Distancia entre SE - Perpendicularidad SE,H1555,19MAR4

2026-03-19T19:27:01.222Z,true,false,false,false,171F,Distancia entre SE - Perpendicularidad SE,H1555,19MAR4

2026-03-19T19:27:06.243Z,true,false,false,false,172F,Distancia entre SE - Perpendicularidad SE,H1555,19MAR4

2026-03-19T19:27:09.258Z,true,false,false,false,173F,Distancia entre SE - Perpendicularidad SE,H1555,19MAR4

2026-03-19T19:27:12.280Z,true,false,false,false,2T,Rectitud EC,H1555,19MAR4

2026-03-19T19:27:20.401Z,true,false,false,false,tesL,PURGA DE FOTO LATERAL,H1555,19MAR4

2026-03-19T19:27:26.418Z,true,false,false,false,174L,PURGA DE FOTO LATERAL,H1555,19MAR4

2026-03-19T19:27:29.435Z,true,false,false,false,175L,PURGA DE FOTO LATERAL,H1555,19MAR4

2026-03-19T19:27:34.503Z,true,false,false,false,176L,PURGA DE FOTO LATERAL,H1555,19MAR4

2026-03-19T19:27:40.553Z,true,false,false,false,177L,PURGA DE FOTO LATERAL,H1555,19MAR4

2026-03-19T19:27:46.613Z,true,false,false,false,178L,PURGA DE FOTO LATERAL,H1555,19MAR4

2026-03-19T19:27:52.659Z,true,false,false,false,tesF,PURGA DE FOTO FRONTAL,H1555,19MAR4

2026-03-19T19:27:59.713Z,true,false,false,false,179F,Distancia entre SE - Perpendicularidad SE,H1555,19MAR4

2026-03-19T19:28:02.729Z,true,false,false,false,180F,Distancia entre SE - Perpendicularidad SE,H1555,19MAR4

2026-03-19T19:28:06.766Z,true,false,false,false,181F,Distancia entre SE - Perpendicularidad SE,H1555,19MAR4

2026-03-19T19:28:10.812Z,true,false,false,false,182F,Distancia entre SE - Perpendicularidad SE,H1555,19MAR4

2026-03-19T19:28:14.846Z,true,false,false,false,183F,Distancia entre SE - Perpendicularidad SE,H1555,19MAR4

2026-03-19T19:28:18.882Z,true,false,false,false,184F,Distancia entre SE - Perpendicularidad SE,H1555,19MAR4

2026-03-19T19:28:21.908Z,true,false,false,false,186F,Distancia entre SE - Perpendicularidad SE,H1555,19MAR4

2026-03-19T19:28:26.939Z,true,false,false,false,187F,Distancia entre SE - Perpendicularidad SE,H1555,19MAR4

2026-03-19T19:28:29.994Z,true,false,false,false,188F,Distancia entre SE - Perpendicularidad SE,H1555,19MAR4

2026-03-19T19:28:33.014Z,true,false,false,false,1T,Rectitud EC,H1555,19MAR4

2026-03-19T19:28:41.034Z,true,false,false,false,tesL,PURGA DE FOTO LATERAL,H1555,19MAR4

2026-03-19T19:28:47.112Z,true,false,false,false,189L,PURGA DE FOTO LATERAL,H1555,19MAR4

2026-03-19T19:28:50.112Z,true,false,false,false,190L,PURGA DE FOTO LATERAL,H1555,19MAR4

2026-03-19T19:28:55.165Z,true,false,false,false,191L,PURGA DE FOTO LATERAL,H1555,19MAR4

2026-03-19T19:29:01.215Z,true,false,false,false,192L,PURGA DE FOTO LATERAL,H1555,19MAR4

2026-03-19T19:29:07.286Z,true,false,false,false,193L,PURGA DE FOTO LATERAL,H1555,19MAR4

2026-03-19T19:29:13.395Z,true,false,false,false,tesF,PURGA DE FOTO FRONTAL,H1555,19MAR4

2026-03-19T19:29:20.412Z,true,false,false,false,194F,Distancia entre SE - Perpendicularidad SE,H1555,19MAR4

2026-03-19T19:29:23.430Z,true,false,false,false,195F,Distancia entre SE - Perpendicularidad SE,H1555,19MAR4

2026-03-19T19:29:27.447Z,true,false,false,false,196F,Distancia entre SE - Perpendicularidad SE,H1555,19MAR4

2026-03-19T19:29:31.471Z,true,false,false,false,197F,Distancia entre SE - Perpendicularidad SE,H1555,19MAR4

2026-03-19T19:29:35.486Z,true,false,false,false,198F,Distancia entre SE - Perpendicularidad SE,H1555,19MAR4

2026-03-19T19:29:39.524Z,true,false,false,false,199F,Distancia entre SE - Perpendicularidad SE,H1555,19MAR4

2026-03-19T19:29:42.533Z,true,false,false,false,201F,Distancia entre SE - Perpendicularidad SE,H1555,19MAR4

2026-03-19T19:29:47.545Z,true,false,false,false,202F,Distancia entre SE - Perpendicularidad SE,H1555,19MAR4

2026-03-19T19:29:50.573Z,true,false,false,false,203F,Distancia entre SE - Perpendicularidad SE,H1555,19MAR4

2026-03-19T19:29:54.611Z,true,false,false,false,001F,Distancia entre SE y PP,H1555,19MAR4

2026-03-19T19:30:00.645Z,true,false,false,false,210F,Distancia entre SE y PP,H1555,19MAR4

2026-03-19T19:30:03.670Z,true,false,false,false,002F,Distancia entre SE y PP,H1555,19MAR4

2026-03-19T19:30:10.726Z,true,false,false,false,211F,Distancia entre SE y PP,H1555,19MAR4

2026-03-19T19:30:16.767Z,true,false,false,false,003F,Distancia entre SE y PP,H1555,19MAR4

2026-03-19T19:30:23.827Z,true,false,false,false,tesL,PURGA DE FOTO LATERAL,H1555,19MAR4

2026-03-19T19:30:29.868Z,true,false,false,false,212L,PURGA DE FOTO LATERAL,H1555,19MAR4

2026-03-19T19:30:31.879Z,true,false,false,false,213L,PURGA DE FOTO LATERAL,H1555,19MAR4

2026-03-19T19:30:39.965Z,true,false,false,false,214L,PURGA DE FOTO LATERAL,H1555,19MAR4

2026-03-19T19:30:48.033Z,true,false,false,false,tesL,PURGA DE FOTO LATERAL,H1555,19MAR4

2026-03-19T19:30:56.054Z,true,false,false,false,216L,Presencia de soldadura TVS - Fisuras soldadura TVS,H1555,19MAR4

2026-03-19T19:31:01.095Z,true,false,false,false,217L,Presencia de soldadura TVS - Fisuras soldadura TVS,H1555,19MAR4

2026-03-19T19:31:09.161Z,true,false,false,false,218L,Presencia de soldadura TVS - Fisuras soldadura TVS,H1555,19MAR4

2026-03-19T19:31:17.212Z,true,false,false,false,tesL,PURGA DE FOTO LATERAL,H1555,19MAR4

2026-03-19T19:31:29.326Z,true,false,false,false,0T,Rectitud EC PP,H1555,19MAR4

2026-03-19T19:31:33.381Z,true,false,false,false,0Z,Rectitud EC PP,H1555,19MAR4

2026-03-19T19:31:37.388Z,true,false,false,false,222L,Rectitud EC PP,H1555,19MAR4

2026-03-19T19:31:41.411Z,true,false,false,false,223L,Rectitud EC PP,H1555,19MAR4

2026-03-19T19:31:46.440Z,true,false,false,false,224L,Rectitud EC PP,H1555,19MAR4

2026-03-19T19:31:51.486Z,true,false,false,false,225L,Rectitud EC PP,H1555,19MAR4

2026-03-19T19:31:56.518Z,true,false,false,false,226L,Rectitud EC PP,H1555,19MAR4

2026-03-19T19:32:01.542Z,true,false,false,false,227L,Rectitud EC PP,H1555,19MAR4

2026-03-19T19:32:05.548Z,true,false,false,false,tesL,PURGA DE FOTO LATERAL,H1555,19MAR4

2026-03-19T19:32:12.582Z,true,false,false,false,228L,PURGA DE FOTO LATERAL,H1555,19MAR4

2026-03-19T19:32:23.670Z,true,false,false,false,229L,PURGA DE FOTO LATERAL,H1555,19MAR4

2026-03-19T19:32:28.686Z,true,false,false,false,230L,PURGA DE FOTO LATERAL,H1555,19MAR4

2026-03-19T19:32:33.714Z,true,false,false,false,231L,PURGA DE FOTO LATERAL,H1555,19MAR4

2026-03-19T19:32:38.748Z,true,false,false,false,232L,PURGA DE FOTO LATERAL,H1555,19MAR4

2026-03-19T19:32:43.773Z,true,false,false,false,233L,PURGA DE FOTO LATERAL,H1555,19MAR4

2026-03-19T19:32:47.812Z,true,false,false,false,tesF,PURGA DE FOTO FRONTAL,H1555,19MAR4

2026-03-19T19:32:52.839Z,true,false,false,false,242F,PURGA DE FOTO FRONTAL,H1555,19MAR4

2026-03-19T19:32:53.848Z,true,false,false,false,tesF,PURGA DE FOTO FRONTAL,H1555,19MAR4

2026-03-19T19:32:54.853Z,true,false,false,false,,,H1555,19MAR4

2026-03-19T19:34:12.462Z,false,false,false,true,,,H1555,19MAR4

2026-03-19T19:34:34.643Z,false,false,false,false,,,H1555,19MAR4

2026-03-20T12:38:35.282Z,true,false,false,false,,,E3775,PRUEBACICLO1

2026-03-20T12:39:02.506Z,true,false,false,false,13T,Rectitud EC,E3775,PRUEBACICLO1

2026-03-20T12:39:20.678Z,true,false,false,false,AZ12-A,Zapata tipo I/II 2,E3775,PRUEBACICLO1

2026-03-20T12:39:21.681Z,true,false,false,false,tesF,PURGA DE FOTO FRONTAL,E3775,PRUEBACICLO1

2026-03-20T12:39:39.835Z,true,false,false,false,1F,PURGA DE FOTO FRONTAL,E3775,PRUEBACICLO1

2026-03-20T12:39:42.860Z,true,false,false,false,2F,PURGA DE FOTO FRONTAL,E3775,PRUEBACICLO1

2026-03-20T12:39:46.879Z,true,false,false,false,3F,Distancia entre SE - Perpendicularidad SE,E3775,PRUEBACICLO1

2026-03-20T12:39:50.917Z,true,false,false,false,4F,Distancia entre SE - Perpendicularidad SE,E3775,PRUEBACICLO1

2026-03-20T12:39:54.952Z,true,false,false,false,5F,Distancia entre SE - Perpendicularidad SE,E3775,PRUEBACICLO1

2026-03-20T12:39:57.974Z,true,false,false,false,6F,Distancia entre SE - Perpendicularidad SE,E3775,PRUEBACICLO1

2026-03-20T12:40:00.984Z,true,false,false,false,7F,Distancia entre SE - Perpendicularidad SE,E3775,PRUEBACICLO1

2026-03-20T12:40:04.005Z,true,false,false,false,9F,Distancia entre SE - Perpendicularidad SE,E3775,PRUEBACICLO1

2026-03-20T12:40:09.024Z,true,false,false,false,10F,Distancia entre SE - Perpendicularidad SE,E3775,PRUEBACICLO1

2026-03-20T12:40:12.048Z,true,false,false,false,11F,Distancia entre SE - Perpendicularidad SE,E3775,PRUEBACICLO1

2026-03-20T12:40:15.078Z,true,false,false,false,12F,Distancia entre SE - Perpendicularidad SE,E3775,PRUEBACICLO1

2026-03-20T12:40:18.092Z,true,false,false,false,tesL,PURGA DE FOTO LATERAL,E3775,PRUEBACICLO1

2026-03-20T12:40:24.139Z,true,false,false,false,13L,PURGA DE FOTO LATERAL,E3775,PRUEBACICLO1

2026-03-20T12:40:26.150Z,true,false,false,false,14L,PURGA DE FOTO LATERAL,E3775,PRUEBACICLO1

2026-03-20T12:40:31.175Z,true,false,false,false,15L,PURGA DE FOTO LATERAL,E3775,PRUEBACICLO1

2026-03-20T12:40:35.199Z,true,false,false,false,16L,PURGA DE FOTO LATERAL,E3775,PRUEBACICLO1

2026-03-20T12:40:38.206Z,true,false,false,false,17L,PURGA DE FOTO LATERAL,E3775,PRUEBACICLO1

2026-03-20T12:40:44.244Z,true,false,false,false,18L,PURGA DE FOTO LATERAL,E3775,PRUEBACICLO1

2026-03-20T12:40:48.280Z,true,false,false,false,19L,PURGA DE FOTO LATERAL,E3775,PRUEBACICLO1

2026-03-20T12:40:52.344Z,true,false,false,false,tesF,PURGA DE FOTO FRONTAL,E3775,PRUEBACICLO1

2026-03-20T12:40:58.355Z,true,false,false,false,21F,PURGA DE FOTO FRONTAL,E3775,PRUEBACICLO1

2026-03-20T12:41:03.374Z,true,false,false,false,22F,PURGA DE FOTO FRONTAL,E3775,PRUEBACICLO1

2026-03-20T12:41:11.406Z,true,false,false,false,23F,PURGA DE FOTO FRONTAL,E3775,PRUEBACICLO1

2026-03-20T12:41:19.506Z,true,false,false,false,12T,Rectitud EC,E3775,PRUEBACICLO1

2026-03-20T12:41:23.536Z,true,false,false,false,tesL,PURGA DE FOTO LATERAL,E3775,PRUEBACICLO1

2026-03-20T12:41:30.576Z,true,false,false,false,24L,PURGA DE FOTO LATERAL,E3775,PRUEBACICLO1

2026-03-20T12:41:33.586Z,true,false,false,false,25L,PURGA DE FOTO LATERAL,E3775,PRUEBACICLO1

2026-03-20T12:41:38.620Z,true,false,false,false,26L,PURGA DE FOTO LATERAL,E3775,PRUEBACICLO1

2026-03-20T12:41:44.676Z,true,false,false,false,27L,PURGA DE FOTO LATERAL,E3775,PRUEBACICLO1

2026-03-20T12:41:50.742Z,true,false,false,false,28L,PURGA DE FOTO LATERAL,E3775,PRUEBACICLO1

2026-03-20T12:41:56.789Z,true,false,false,false,tesF,PURGA DE FOTO FRONTAL,E3775,PRUEBACICLO1

2026-03-20T12:42:02.849Z,true,false,false,false,29F,Distancia entre SE - Perpendicularidad SE,E3775,PRUEBACICLO1

2026-03-20T12:42:05.892Z,true,false,false,false,30F,Distancia entre SE - Perpendicularidad SE,E3775,PRUEBACICLO1

2026-03-20T12:42:10.895Z,true,false,false,false,31F,Distancia entre SE - Perpendicularidad SE,E3775,PRUEBACICLO1

2026-03-20T12:42:14.927Z,true,false,false,false,32F,Distancia entre SE - Perpendicularidad SE,E3775,PRUEBACICLO1

2026-03-20T12:42:17.985Z,true,false,false,false,33F,Distancia entre SE - Perpendicularidad SE,E3775,PRUEBACICLO1

2026-03-20T12:42:22.997Z,true,false,false,false,34F,Distancia entre SE - Perpendicularidad SE,E3775,PRUEBACICLO1

2026-03-20T12:42:26.032Z,true,false,false,false,36F,Distancia entre SE - Perpendicularidad SE,E3775,PRUEBACICLO1

2026-03-20T12:42:31.091Z,true,false,false,false,37F,Distancia entre SE - Perpendicularidad SE,E3775,PRUEBACICLO1

2026-03-20T12:42:34.108Z,true,false,false,false,38F,Distancia entre SE - Perpendicularidad SE,E3775,PRUEBACICLO1

2026-03-20T12:42:37.136Z,true,false,false,false,11T,Rectitud EC,E3775,PRUEBACICLO1

2026-03-20T12:42:43.183Z,true,false,false,false,tesL,PURGA DE FOTO LATERAL,E3775,PRUEBACICLO1

2026-03-20T12:42:50.236Z,true,false,false,false,39L,PURGA DE FOTO LATERAL,E3775,PRUEBACICLO1

2026-03-20T12:42:53.274Z,true,false,false,false,40L,PURGA DE FOTO LATERAL,E3775,PRUEBACICLO1

2026-03-20T12:42:58.352Z,true,false,false,false,41L,PURGA DE FOTO LATERAL,E3775,PRUEBACICLO1

2026-03-20T12:43:04.351Z,true,false,false,false,42L,PURGA DE FOTO LATERAL,E3775,PRUEBACICLO1

2026-03-20T12:43:10.392Z,true,false,false,false,43L,PURGA DE FOTO LATERAL,E3775,PRUEBACICLO1

2026-03-20T12:43:16.425Z,true,false,false,false,tesF,PURGA DE FOTO FRONTAL,E3775,PRUEBACICLO1

2026-03-20T12:43:23.495Z,true,false,false,false,44F,Distancia entre SE - Perpendicularidad SE,E3775,PRUEBACICLO1

2026-03-20T12:43:26.508Z,true,false,false,false,45F,Distancia entre SE - Perpendicularidad SE,E3775,PRUEBACICLO1

2026-03-20T12:43:30.550Z,true,false,false,false,46F,Distancia entre SE - Perpendicularidad SE,E3775,PRUEBACICLO1

2026-03-20T12:43:34.576Z,true,false,false,false,47F,Distancia entre SE - Perpendicularidad SE,E3775,PRUEBACICLO1

2026-03-20T12:43:38.594Z,true,false,false,false,48F,Distancia entre SE - Perpendicularidad SE,E3775,PRUEBACICLO1

2026-03-20T12:43:42.597Z,true,false,false,false,49F,Distancia entre SE - Perpendicularidad SE,E3775,PRUEBACICLO1

2026-03-20T12:43:45.600Z,true,false,false,false,51F,Distancia entre SE - Perpendicularidad SE,E3775,PRUEBACICLO1

2026-03-20T12:43:50.648Z,true,false,false,false,52F,Distancia entre SE - Perpendicularidad SE,E3775,PRUEBACICLO1

2026-03-20T12:43:53.679Z,true,false,false,false,53F,Distancia entre SE - Perpendicularidad SE,E3775,PRUEBACICLO1

2026-03-20T12:43:56.700Z,true,false,false,false,10T,Rectitud EC,E3775,PRUEBACICLO1

2026-03-20T12:44:03.757Z,true,false,false,false,tesL,PURGA DE FOTO LATERAL,E3775,PRUEBACICLO1

2026-03-20T12:44:10.793Z,true,false,false,false,54L,PURGA DE FOTO LATERAL,E3775,PRUEBACICLO1

2026-03-20T12:44:13.801Z,true,false,false,false,55L,PURGA DE FOTO LATERAL,E3775,PRUEBACICLO1

2026-03-20T12:44:18.843Z,true,false,false,false,56L,PURGA DE FOTO LATERAL,E3775,PRUEBACICLO1

2026-03-20T12:44:24.880Z,true,false,false,false,57L,PURGA DE FOTO LATERAL,E3775,PRUEBACICLO1

2026-03-20T12:44:30.953Z,true,false,false,false,58L,PURGA DE FOTO LATERAL,E3775,PRUEBACICLO1

2026-03-20T12:44:36.993Z,true,false,false,false,tesF,PURGA DE FOTO FRONTAL,E3775,PRUEBACICLO1

2026-03-20T12:44:43.025Z,true,false,false,false,59F,Distancia entre SE - Perpendicularidad SE,E3775,PRUEBACICLO1

2026-03-20T12:44:47.037Z,true,false,false,false,60F,Distancia entre SE - Perpendicularidad SE,E3775,PRUEBACICLO1

2026-03-20T12:44:51.091Z,true,false,false,false,61F,Distancia entre SE - Perpendicularidad SE,E3775,PRUEBACICLO1

2026-03-20T12:44:55.126Z,true,false,false,false,62F,Distancia entre SE - Perpendicularidad SE,E3775,PRUEBACICLO1

2026-03-20T12:44:58.161Z,true,false,false,false,63F,Distancia entre SE - Perpendicularidad SE,E3775,PRUEBACICLO1

2026-03-20T12:45:03.199Z,true,false,false,false,64F,Distancia entre SE - Perpendicularidad SE,E3775,PRUEBACICLO1

2026-03-20T12:45:06.224Z,true,false,false,false,66F,Distancia entre SE - Perpendicularidad SE,E3775,PRUEBACICLO1

2026-03-20T12:45:11.278Z,true,false,false,false,67F,Distancia entre SE - Perpendicularidad SE,E3775,PRUEBACICLO1

2026-03-20T12:45:14.364Z,true,false,false,false,68F,Distancia entre SE - Perpendicularidad SE,E3775,PRUEBACICLO1

2026-03-20T12:45:17.359Z,true,false,false,false,9T,Rectitud EC,E3775,PRUEBACICLO1

2026-03-20T12:45:25.390Z,true,false,false,false,tesL,PURGA DE FOTO LATERAL,E3775,PRUEBACICLO1

2026-03-20T12:45:31.458Z,true,false,false,false,69L,PURGA DE FOTO LATERAL,E3775,PRUEBACICLO1

2026-03-20T12:45:35.493Z,true,false,false,false,70L,PURGA DE FOTO LATERAL,E3775,PRUEBACICLO1

2026-03-20T12:45:39.524Z,true,false,false,false,71L,PURGA DE FOTO LATERAL,E3775,PRUEBACICLO1

2026-03-20T12:45:45.590Z,true,false,false,false,72L,PURGA DE FOTO LATERAL,E3775,PRUEBACICLO1

2026-03-20T12:45:51.605Z,true,false,false,false,73L,PURGA DE FOTO LATERAL,E3775,PRUEBACICLO1

2026-03-20T12:45:57.645Z,true,false,false,false,tesF,PURGA DE FOTO FRONTAL,E3775,PRUEBACICLO1

2026-03-20T12:46:04.680Z,true,false,false,false,74F,Distancia entre SE - Perpendicularidad SE,E3775,PRUEBACICLO1

2026-03-20T12:46:07.694Z,true,false,false,false,75F,Distancia entre SE - Perpendicularidad SE,E3775,PRUEBACICLO1

2026-03-20T12:46:11.723Z,true,false,false,false,76F,Distancia entre SE - Perpendicularidad SE,E3775,PRUEBACICLO1

2026-03-20T12:48:40.140Z,true,false,false,false,77F,Distancia entre SE - Perpendicularidad SE,E3775,PRUEBACICLO1

2026-03-20T12:48:44.124Z,true,false,false,false,78F,Distancia entre SE - Perpendicularidad SE,E3775,PRUEBACICLO1

2026-03-20T12:48:48.167Z,true,false,false,false,79F,Distancia entre SE - Perpendicularidad SE,E3775,PRUEBACICLO1

2026-03-20T12:48:52.193Z,true,false,false,false,81F,Distancia entre SE - Perpendicularidad SE,E3775,PRUEBACICLO1

2026-03-20T12:48:56.210Z,true,false,false,false,82F,Distancia entre SE - Perpendicularidad SE,E3775,PRUEBACICLO1

2026-03-20T12:49:00.255Z,true,false,false,false,83F,Distancia entre SE - Perpendicularidad SE,E3775,PRUEBACICLO1

2026-03-20T12:49:03.245Z,true,false,false,false,8T,Rectitud EC,E3775,PRUEBACICLO1

2026-03-20T12:49:10.380Z,true,false,false,false,tesL,PURGA DE FOTO LATERAL,E3775,PRUEBACICLO1

2026-03-20T12:49:17.390Z,true,false,false,false,84L,PURGA DE FOTO LATERAL,E3775,PRUEBACICLO1

2026-03-20T12:49:20.401Z,true,false,false,false,85L,PURGA DE FOTO LATERAL,E3775,PRUEBACICLO1

2026-03-20T12:49:25.433Z,true,false,false,false,86L,PURGA DE FOTO LATERAL,E3775,PRUEBACICLO1

2026-03-20T12:49:31.477Z,true,false,false,false,87L,PURGA DE FOTO LATERAL,E3775,PRUEBACICLO1

2026-03-20T12:49:37.528Z,true,false,false,false,88L,PURGA DE FOTO LATERAL,E3775,PRUEBACICLO1

2026-03-20T12:49:43.581Z,true,false,false,false,tesF,PURGA DE FOTO FRONTAL,E3775,PRUEBACICLO1

2026-03-20T12:49:49.624Z,true,false,false,false,89F,Distancia entre SE - Perpendicularidad SE,E3775,PRUEBACICLO1

2026-03-20T12:49:52.638Z,true,false,false,false,90F,Distancia entre SE - Perpendicularidad SE,E3775,PRUEBACICLO1

2026-03-20T12:49:57.681Z,true,false,false,false,91F,Distancia entre SE - Perpendicularidad SE,E3775,PRUEBACICLO1

2026-03-20T12:50:01.707Z,true,false,false,false,92F,Distancia entre SE - Perpendicularidad SE,E3775,PRUEBACICLO1

2026-03-20T12:50:04.719Z,true,false,false,false,93F,Distancia entre SE - Perpendicularidad SE,E3775,PRUEBACICLO1

2026-03-20T12:50:09.749Z,true,false,false,false,94F,Distancia entre SE - Perpendicularidad SE,E3775,PRUEBACICLO1

2026-03-20T12:50:12.783Z,true,false,false,false,96F,Distancia entre SE - Perpendicularidad SE,E3775,PRUEBACICLO1

2026-03-20T12:50:17.815Z,true,false,false,false,97F,Distancia entre SE - Perpendicularidad SE,E3775,PRUEBACICLO1

2026-03-20T12:50:20.822Z,true,false,false,false,98F,Distancia entre SE - Perpendicularidad SE,E3775,PRUEBACICLO1

2026-03-20T12:50:23.851Z,true,false,false,false,7T,Rectitud EC,E3775,PRUEBACICLO1

2026-03-20T12:50:30.897Z,true,false,false,false,tesL,PURGA DE FOTO LATERAL,E3775,PRUEBACICLO1

2026-03-20T12:50:37.960Z,true,false,false,false,99L,PURGA DE FOTO LATERAL,E3775,PRUEBACICLO1

2026-03-20T12:50:40.986Z,true,false,false,false,100L,PURGA DE FOTO LATERAL,E3775,PRUEBACICLO1

2026-03-20T12:50:46.002Z,true,false,false,false,101L,PURGA DE FOTO LATERAL,E3775,PRUEBACICLO1

2026-03-20T12:50:52.033Z,true,false,false,false,102L,PURGA DE FOTO LATERAL,E3775,PRUEBACICLO1

2026-03-20T12:50:58.085Z,true,false,false,false,103L,PURGA DE FOTO LATERAL,E3775,PRUEBACICLO1

2026-03-20T12:51:04.114Z,true,false,false,false,tesF,PURGA DE FOTO FRONTAL,E3775,PRUEBACICLO1

2026-03-20T12:51:11.197Z,true,false,false,false,104F,Distancia entre SE - Perpendicularidad SE,E3775,PRUEBACICLO1

2026-03-20T12:51:14.205Z,true,false,false,false,105F,Distancia entre SE - Perpendicularidad SE,E3775,PRUEBACICLO1

2026-03-20T12:51:18.242Z,true,false,false,false,106F,Distancia entre SE - Perpendicularidad SE,E3775,PRUEBACICLO1

2026-03-20T12:51:22.286Z,true,false,false,false,107F,Distancia entre SE - Perpendicularidad SE,E3775,PRUEBACICLO1

2026-03-20T12:51:26.380Z,true,false,false,false,108F,Distancia entre SE - Perpendicularidad SE,E3775,PRUEBACICLO1

2026-03-20T12:51:30.362Z,true,false,false,false,109F,Distancia entre SE - Perpendicularidad SE,E3775,PRUEBACICLO1

2026-03-20T12:51:33.402Z,true,false,false,false,111F,Distancia entre SE - Perpendicularidad SE,E3775,PRUEBACICLO1

2026-03-20T12:51:38.394Z,true,false,false,false,112F,Distancia entre SE - Perpendicularidad SE,E3775,PRUEBACICLO1

2026-03-20T12:51:41.406Z,true,false,false,false,113F,Distancia entre SE - Perpendicularidad SE,E3775,PRUEBACICLO1

2026-03-20T12:51:44.422Z,true,false,false,false,6T,Rectitud EC,E3775,PRUEBACICLO1

2026-03-20T12:51:52.477Z,true,false,false,false,tesL,PURGA DE FOTO LATERAL,E3775,PRUEBACICLO1

2026-03-20T12:51:58.492Z,true,false,false,false,114L,PURGA DE FOTO LATERAL,E3775,PRUEBACICLO1

2026-03-20T12:52:02.517Z,true,false,false,false,115L,PURGA DE FOTO LATERAL,E3775,PRUEBACICLO1

2026-03-20T12:52:06.543Z,true,false,false,false,116L,PURGA DE FOTO LATERAL,E3775,PRUEBACICLO1

2026-03-20T12:52:12.585Z,true,false,false,false,117L,PURGA DE FOTO LATERAL,E3775,PRUEBACICLO1

2026-03-20T12:52:18.630Z,true,false,false,false,118L,PURGA DE FOTO LATERAL,E3775,PRUEBACICLO1

2026-03-20T12:52:24.686Z,true,false,false,false,tesF,PURGA DE FOTO FRONTAL,E3775,PRUEBACICLO1

2026-03-20T12:52:31.751Z,true,false,false,false,119F,Distancia entre SE - Perpendicularidad SE,E3775,PRUEBACICLO1

2026-03-20T12:56:28.495Z,true,false,false,false,120F,Distancia entre SE - Perpendicularidad SE,E3775,PRUEBACICLO1

2026-03-20T12:56:32.538Z,true,false,false,false,121F,Distancia entre SE - Perpendicularidad SE,E3775,PRUEBACICLO1

2026-03-20T12:56:36.584Z,true,false,false,false,122F,Distancia entre SE - Perpendicularidad SE,E3775,PRUEBACICLO1

2026-03-20T12:56:39.584Z,true,false,false,false,123F,Distancia entre SE - Perpendicularidad SE,E3775,PRUEBACICLO1

2026-03-20T12:56:44.632Z,true,false,false,false,124F,Distancia entre SE - Perpendicularidad SE,E3775,PRUEBACICLO1

2026-03-20T12:56:47.644Z,true,false,false,false,126F,Distancia entre SE - Perpendicularidad SE,E3775,PRUEBACICLO1

2026-03-20T12:56:52.698Z,true,false,false,false,127F,Distancia entre SE - Perpendicularidad SE,E3775,PRUEBACICLO1

2026-03-20T12:56:55.727Z,true,false,false,false,128F,Distancia entre SE - Perpendicularidad SE,E3775,PRUEBACICLO1

2026-03-20T12:56:58.761Z,true,false,false,false,5T,Rectitud EC,E3775,PRUEBACICLO1

2026-03-20T12:57:06.841Z,true,false,false,false,tesL,PURGA DE FOTO LATERAL,E3775,PRUEBACICLO1

2026-03-20T12:57:12.883Z,true,false,false,false,129L,PURGA DE FOTO LATERAL,E3775,PRUEBACICLO1

2026-03-20T12:57:15.892Z,true,false,false,false,130L,PURGA DE FOTO LATERAL,E3775,PRUEBACICLO1

2026-03-20T12:57:20.932Z,true,false,false,false,131L,PURGA DE FOTO LATERAL,E3775,PRUEBACICLO1

2026-03-20T12:57:26.985Z,true,false,false,false,132L,PURGA DE FOTO LATERAL,E3775,PRUEBACICLO1

2026-03-20T12:57:33.038Z,true,false,false,false,133L,PURGA DE FOTO LATERAL,E3775,PRUEBACICLO1

2026-03-20T12:57:39.111Z,true,false,false,false,tesF,PURGA DE FOTO FRONTAL,E3775,PRUEBACICLO1

2026-03-20T12:57:46.183Z,true,false,false,false,134F,Distancia entre SE - Perpendicularidad SE,E3775,PRUEBACICLO1

2026-03-20T12:57:49.188Z,true,false,false,false,135F,Distancia entre SE - Perpendicularidad SE,E3775,PRUEBACICLO1

2026-03-20T12:57:53.229Z,true,false,false,false,136F,Distancia entre SE - Perpendicularidad SE,E3775,PRUEBACICLO1

2026-03-20T12:57:57.250Z,true,false,false,false,137F,Distancia entre SE - Perpendicularidad SE,E3775,PRUEBACICLO1

2026-03-20T12:58:01.289Z,true,false,false,false,138F,Distancia entre SE - Perpendicularidad SE,E3775,PRUEBACICLO1

2026-03-20T12:58:05.378Z,true,false,false,false,139F,Distancia entre SE - Perpendicularidad SE,E3775,PRUEBACICLO1

2026-03-20T12:58:08.364Z,true,false,false,false,141F,Distancia entre SE - Perpendicularidad SE,E3775,PRUEBACICLO1

2026-03-20T12:58:13.402Z,true,false,false,false,142F,Distancia entre SE - Perpendicularidad SE,E3775,PRUEBACICLO1

2026-03-20T12:58:16.413Z,true,false,false,false,143F,Distancia entre SE - Perpendicularidad SE,E3775,PRUEBACICLO1

2026-03-20T12:58:19.426Z,true,false,false,false,4T,Rectitud EC,E3775,PRUEBACICLO1

2026-03-20T12:58:27.503Z,true,false,false,false,tesL,PURGA DE FOTO LATERAL,E3775,PRUEBACICLO1

2026-03-20T12:58:33.549Z,true,false,false,false,144L,PURGA DE FOTO LATERAL,E3775,PRUEBACICLO1

2026-03-20T12:58:36.585Z,true,false,false,false,145L,PURGA DE FOTO LATERAL,E3775,PRUEBACICLO1

2026-03-20T12:58:41.638Z,true,false,false,false,146L,PURGA DE FOTO LATERAL,E3775,PRUEBACICLO1

2026-03-20T12:58:47.682Z,true,false,false,false,147L,PURGA DE FOTO LATERAL,E3775,PRUEBACICLO1

2026-03-20T12:58:53.733Z,true,false,false,false,148L,PURGA DE FOTO LATERAL,E3775,PRUEBACICLO1

2026-03-20T12:58:59.786Z,true,false,false,false,tesF,PURGA DE FOTO FRONTAL,E3775,PRUEBACICLO1

2026-03-20T12:59:06.801Z,true,false,false,false,149F,Distancia entre SE - Perpendicularidad SE,E3775,PRUEBACICLO1

2026-03-20T12:59:09.809Z,true,false,false,false,150F,Distancia entre SE - Perpendicularidad SE,E3775,PRUEBACICLO1

2026-03-20T12:59:13.826Z,true,false,false,false,151F,Distancia entre SE - Perpendicularidad SE,E3775,PRUEBACICLO1

2026-03-20T12:59:17.844Z,true,false,false,false,152F,Distancia entre SE - Perpendicularidad SE,E3775,PRUEBACICLO1

2026-03-20T12:59:21.859Z,true,false,false,false,153F,Distancia entre SE - Perpendicularidad SE,E3775,PRUEBACICLO1

2026-03-20T12:59:25.903Z,true,false,false,false,154F,Distancia entre SE - Perpendicularidad SE,E3775,PRUEBACICLO1

2026-03-20T12:59:28.911Z,true,false,false,false,156F,Distancia entre SE - Perpendicularidad SE,E3775,PRUEBACICLO1

2026-03-20T12:59:33.958Z,true,false,false,false,157F,Distancia entre SE - Perpendicularidad SE,E3775,PRUEBACICLO1

2026-03-20T12:59:36.983Z,true,false,false,false,158F,Distancia entre SE - Perpendicularidad SE,E3775,PRUEBACICLO1

2026-03-20T12:59:41.005Z,true,false,false,false,3T,Rectitud EC,E3775,PRUEBACICLO1

2026-03-20T12:59:48.044Z,true,false,false,false,tesL,PURGA DE FOTO LATERAL,E3775,PRUEBACICLO1

2026-03-20T12:59:55.101Z,true,false,false,false,159L,PURGA DE FOTO LATERAL,E3775,PRUEBACICLO1

2026-03-20T12:59:58.104Z,true,false,false,false,160L,PURGA DE FOTO LATERAL,E3775,PRUEBACICLO1

2026-03-20T13:00:03.147Z,true,false,false,false,161L,PURGA DE FOTO LATERAL,E3775,PRUEBACICLO1

2026-03-20T13:00:09.201Z,true,false,false,false,162L,PURGA DE FOTO LATERAL,E3775,PRUEBACICLO1

2026-03-20T13:00:15.245Z,true,false,false,false,163L,PURGA DE FOTO LATERAL,E3775,PRUEBACICLO1

2026-03-20T13:00:21.291Z,true,false,false,false,tesF,PURGA DE FOTO FRONTAL,E3775,PRUEBACICLO1

2026-03-20T13:00:27.384Z,true,false,false,false,164F,Distancia entre SE - Perpendicularidad SE,E3775,PRUEBACICLO1

2026-03-20T13:00:30.411Z,true,false,false,false,165F,Distancia entre SE - Perpendicularidad SE,E3775,PRUEBACICLO1

2026-03-20T13:00:35.414Z,true,false,false,false,166F,Distancia entre SE - Perpendicularidad SE,E3775,PRUEBACICLO1

2026-03-20T13:00:38.430Z,true,false,false,false,167F,Distancia entre SE - Perpendicularidad SE,E3775,PRUEBACICLO1

2026-03-20T13:00:42.466Z,true,false,false,false,168F,Distancia entre SE - Perpendicularidad SE,E3775,PRUEBACICLO1

2026-03-20T13:00:46.485Z,true,false,false,false,169F,Distancia entre SE - Perpendicularidad SE,E3775,PRUEBACICLO1

2026-03-20T13:00:50.519Z,true,false,false,false,171F,Distancia entre SE - Perpendicularidad SE,E3775,PRUEBACICLO1

2026-03-20T13:00:54.540Z,true,false,false,false,172F,Distancia entre SE - Perpendicularidad SE,E3775,PRUEBACICLO1

2026-03-20T13:00:58.553Z,true,false,false,false,173F,Distancia entre SE - Perpendicularidad SE,E3775,PRUEBACICLO1

2026-03-20T13:01:01.584Z,true,false,false,false,2T,Rectitud EC,E3775,PRUEBACICLO1

2026-03-20T13:01:08.642Z,true,false,false,false,tesL,PURGA DE FOTO LATERAL,E3775,PRUEBACICLO1

2026-03-20T13:01:15.717Z,true,false,false,false,174L,PURGA DE FOTO LATERAL,E3775,PRUEBACICLO1

2026-03-20T13:01:18.741Z,true,false,false,false,175L,PURGA DE FOTO LATERAL,E3775,PRUEBACICLO1

2026-03-20T13:01:23.762Z,true,false,false,false,176L,PURGA DE FOTO LATERAL,E3775,PRUEBACICLO1

2026-03-20T13:01:29.815Z,true,false,false,false,177L,PURGA DE FOTO LATERAL,E3775,PRUEBACICLO1

2026-03-20T13:01:35.860Z,true,false,false,false,178L,PURGA DE FOTO LATERAL,E3775,PRUEBACICLO1

2026-03-20T13:01:41.917Z,true,false,false,false,tesF,PURGA DE FOTO FRONTAL,E3775,PRUEBACICLO1

2026-03-20T13:01:47.962Z,true,false,false,false,179F,Distancia entre SE - Perpendicularidad SE,E3775,PRUEBACICLO1

2026-03-20T13:01:50.984Z,true,false,false,false,180F,Distancia entre SE - Perpendicularidad SE,E3775,PRUEBACICLO1

2026-03-20T13:01:56.004Z,true,false,false,false,181F,Distancia entre SE - Perpendicularidad SE,E3775,PRUEBACICLO1

2026-03-20T13:01:59.036Z,true,false,false,false,182F,Distancia entre SE - Perpendicularidad SE,E3775,PRUEBACICLO1

2026-03-20T13:02:03.079Z,true,false,false,false,183F,Distancia entre SE - Perpendicularidad SE,E3775,PRUEBACICLO1

2026-03-20T13:02:07.123Z,true,false,false,false,184F,Distancia entre SE - Perpendicularidad SE,E3775,PRUEBACICLO1

2026-03-20T13:02:11.136Z,true,false,false,false,186F,Distancia entre SE - Perpendicularidad SE,E3775,PRUEBACICLO1

2026-03-20T13:02:15.183Z,true,false,false,false,187F,Distancia entre SE - Perpendicularidad SE,E3775,PRUEBACICLO1

2026-03-20T13:02:19.188Z,true,false,false,false,188F,Distancia entre SE - Perpendicularidad SE,E3775,PRUEBACICLO1

2026-03-20T13:02:22.216Z,true,false,false,false,1T,Rectitud EC,E3775,PRUEBACICLO1

2026-03-20T13:02:29.378Z,true,false,false,false,tesL,PURGA DE FOTO LATERAL,E3775,PRUEBACICLO1

2026-03-20T13:02:36.387Z,true,false,false,false,189L,PURGA DE FOTO LATERAL,E3775,PRUEBACICLO1

2026-03-20T13:02:39.404Z,true,false,false,false,190L,PURGA DE FOTO LATERAL,E3775,PRUEBACICLO1

2026-03-20T13:02:44.419Z,true,false,false,false,191L,PURGA DE FOTO LATERAL,E3775,PRUEBACICLO1

2026-03-20T13:02:50.486Z,true,false,false,false,192L,PURGA DE FOTO LATERAL,E3775,PRUEBACICLO1

2026-03-20T13:02:56.522Z,true,false,false,false,193L,PURGA DE FOTO LATERAL,E3775,PRUEBACICLO1

2026-03-20T13:03:02.569Z,true,false,false,false,tesF,PURGA DE FOTO FRONTAL,E3775,PRUEBACICLO1

2026-03-20T13:03:08.650Z,true,false,false,false,194F,Distancia entre SE - Perpendicularidad SE,E3775,PRUEBACICLO1

2026-03-20T13:03:12.685Z,true,false,false,false,195F,Distancia entre SE - Perpendicularidad SE,E3775,PRUEBACICLO1

2026-03-20T13:03:16.734Z,true,false,false,false,196F,Distancia entre SE - Perpendicularidad SE,E3775,PRUEBACICLO1

2026-03-20T13:03:20.780Z,true,false,false,false,197F,Distancia entre SE - Perpendicularidad SE,E3775,PRUEBACICLO1

2026-03-20T13:03:23.788Z,true,false,false,false,198F,Distancia entre SE - Perpendicularidad SE,E3775,PRUEBACICLO1

2026-03-20T13:03:28.823Z,true,false,false,false,199F,Distancia entre SE - Perpendicularidad SE,E3775,PRUEBACICLO1

2026-03-20T13:03:31.839Z,true,false,false,false,201F,Distancia entre SE - Perpendicularidad SE,E3775,PRUEBACICLO1

2026-03-20T13:03:36.888Z,true,false,false,false,202F,Distancia entre SE - Perpendicularidad SE,E3775,PRUEBACICLO1

2026-03-20T13:03:39.892Z,true,false,false,false,203F,Distancia entre SE - Perpendicularidad SE,E3775,PRUEBACICLO1

2026-03-20T13:03:42.911Z,true,false,false,false,001F,Distancia entre SE y PP,E3775,PRUEBACICLO1

2026-03-20T13:03:48.958Z,true,false,false,false,210F,Distancia entre SE y PP,E3775,PRUEBACICLO1

2026-03-20T13:03:52.986Z,true,false,false,false,002F,Distancia entre SE y PP,E3775,PRUEBACICLO1

2026-03-20T13:03:59.037Z,true,false,false,false,211F,Distancia entre SE y PP,E3775,PRUEBACICLO1

2026-03-20T13:04:06.115Z,true,false,false,false,003F,Distancia entre SE y PP,E3775,PRUEBACICLO1

2026-03-20T13:04:12.153Z,true,false,false,false,tesL,PURGA DE FOTO LATERAL,E3775,PRUEBACICLO1

2026-03-20T13:04:18.200Z,true,false,false,false,212L,PURGA DE FOTO LATERAL,E3775,PRUEBACICLO1

2026-03-20T13:04:20.199Z,true,false,false,false,213L,PURGA DE FOTO LATERAL,E3775,PRUEBACICLO1

2026-03-20T13:04:28.243Z,true,false,false,false,214L,PURGA DE FOTO LATERAL,E3775,PRUEBACICLO1

2026-03-20T13:04:36.353Z,true,false,false,false,tesL,PURGA DE FOTO LATERAL,E3775,PRUEBACICLO1

2026-03-20T13:04:45.392Z,true,false,false,false,216L,Presencia de soldadura TVS - Fisuras soldadura TVS,E3775,PRUEBACICLO1

2026-03-20T13:04:50.406Z,true,false,false,false,217L,Presencia de soldadura TVS - Fisuras soldadura TVS,E3775,PRUEBACICLO1

2026-03-20T13:04:58.437Z,true,false,false,false,218L,Presencia de soldadura TVS - Fisuras soldadura TVS,E3775,PRUEBACICLO1

2026-03-20T13:05:06.509Z,true,false,false,false,tesL,PURGA DE FOTO LATERAL,E3775,PRUEBACICLO1

2026-03-20T13:05:17.602Z,true,false,false,false,0T,Rectitud EC PP,E3775,PRUEBACICLO1

2026-03-20T13:05:21.617Z,true,false,false,false,0Z,Rectitud EC PP,E3775,PRUEBACICLO1

2026-03-20T13:05:25.697Z,true,false,false,false,222L,Rectitud EC PP,E3775,PRUEBACICLO1

2026-03-20T13:05:30.711Z,true,false,false,false,223L,Rectitud EC PP,E3775,PRUEBACICLO1

2026-03-20T13:05:35.750Z,true,false,false,false,224L,Rectitud EC PP,E3775,PRUEBACICLO1

2026-03-20T13:05:39.803Z,true,false,false,false,225L,Rectitud EC PP,E3775,PRUEBACICLO1

2026-03-20T13:05:44.838Z,true,false,false,false,226L,Rectitud EC PP,E3775,PRUEBACICLO1

2026-03-20T13:05:49.858Z,true,false,false,false,227L,Rectitud EC PP,E3775,PRUEBACICLO1

2026-03-20T13:05:54.875Z,true,false,false,false,tesL,PURGA DE FOTO LATERAL,E3775,PRUEBACICLO1

2026-03-20T13:06:00.927Z,true,false,false,false,228L,PURGA DE FOTO LATERAL,E3775,PRUEBACICLO1

2026-03-20T13:06:13.023Z,true,false,false,false,229L,PURGA DE FOTO LATERAL,E3775,PRUEBACICLO1

2026-03-20T13:06:18.018Z,true,false,false,false,230L,PURGA DE FOTO LATERAL,E3775,PRUEBACICLO1

2026-03-20T13:06:22.041Z,true,false,false,false,231L,PURGA DE FOTO LATERAL,E3775,PRUEBACICLO1

2026-03-20T13:06:27.064Z,true,false,false,false,232L,PURGA DE FOTO LATERAL,E3775,PRUEBACICLO1

2026-03-20T13:06:32.106Z,true,false,false,false,233L,PURGA DE FOTO LATERAL,E3775,PRUEBACICLO1

2026-03-20T13:06:37.151Z,true,false,false,false,tesF,PURGA DE FOTO FRONTAL,E3775,PRUEBACICLO1

2026-03-20T13:06:44.215Z,true,false,false,false,,,E3775,PRUEBACICLO1

2026-03-20T13:08:00.935Z,false,false,false,true,,,E3775,PRUEBACICLO1

2026-03-20T13:08:05.986Z,false,false,false,false,,,E3775,PRUEBACICLO1

2026-03-20T13:25:57.210Z,true,false,false,false,,,DRDRT,A2345678901234567890

2026-03-20T13:26:23.444Z,true,false,false,false,13T,Rectitud EC,DRDRT,A2345678901234567890

2026-03-20T13:26:41.614Z,true,false,false,false,AZ4-B,Zapata tipo I/II 4,DRDRT,A2345678901234567890

2026-03-20T13:26:42.625Z,true,false,false,false,AZ56-A,Zapata tipo I/II 6,DRDRT,A2345678901234567890

2026-03-20T13:26:43.625Z,true,false,false,false,tesF,PURGA DE FOTO FRONTAL,DRDRT,A2345678901234567890

2026-03-20T13:27:00.771Z,true,false,false,false,1F,PURGA DE FOTO FRONTAL,DRDRT,A2345678901234567890

2026-03-20T13:27:04.805Z,true,false,false,false,2F,PURGA DE FOTO FRONTAL,DRDRT,A2345678901234567890

2026-03-20T13:27:08.830Z,true,false,false,false,3F,Distancia entre SE - Perpendicularidad SE,DRDRT,A2345678901234567890

2026-03-20T13:27:11.849Z,true,false,false,false,4F,Distancia entre SE - Perpendicularidad SE,DRDRT,A2345678901234567890

2026-03-20T13:27:15.869Z,true,false,false,false,5F,Distancia entre SE - Perpendicularidad SE,DRDRT,A2345678901234567890

2026-03-20T13:27:19.910Z,true,false,false,false,6F,Distancia entre SE - Perpendicularidad SE,DRDRT,A2345678901234567890

2026-03-20T13:27:21.921Z,true,false,false,false,7F,Distancia entre SE - Perpendicularidad SE,DRDRT,A2345678901234567890

2026-03-20T13:28:43.511Z,true,false,true,false,,,DRDRT,A2345678901234567890

2026-03-20T13:28:54.597Z,false,false,false,true,,,DRDRT,A2345678901234567890

2026-03-20T13:30:55.761Z,false,false,false,false,,,DRDRT,A2345678901234567890

2026-03-20T13:31:43.237Z,true,false,false,false,,,A3775,20MAR1

2026-03-20T13:32:10.468Z,true,false,false,false,13T,Rectitud EC,A3775,20MAR1

2026-03-20T13:32:29.632Z,true,false,false,false,AZ1-B,Zapata tipo I/II 1,A3775,20MAR1

2026-03-20T13:32:30.647Z,true,false,false,false,tesF,PURGA DE FOTO FRONTAL,A3775,20MAR1

2026-03-20T13:32:48.813Z,true,false,false,false,1F,PURGA DE FOTO FRONTAL,A3775,20MAR1

2026-03-20T13:32:51.819Z,true,false,false,false,2F,PURGA DE FOTO FRONTAL,A3775,20MAR1

2026-03-20T13:32:55.855Z,true,false,false,false,3F,Distancia entre SE - Perpendicularidad SE,A3775,20MAR1

2026-03-20T13:32:59.905Z,true,false,false,false,4F,Distancia entre SE - Perpendicularidad SE,A3775,20MAR1

2026-03-20T13:33:03.924Z,true,false,false,false,5F,Distancia entre SE - Perpendicularidad SE,A3775,20MAR1

2026-03-20T13:33:06.969Z,true,false,false,false,6F,Distancia entre SE - Perpendicularidad SE,A3775,20MAR1

2026-03-20T13:33:08.975Z,true,false,false,false,7F,Distancia entre SE - Perpendicularidad SE,A3775,20MAR1

2026-03-20T13:33:13.006Z,true,false,false,false,9F,Distancia entre SE - Perpendicularidad SE,A3775,20MAR1

2026-03-20T13:33:17.046Z,true,false,false,false,10F,Distancia entre SE - Perpendicularidad SE,A3775,20MAR1

2026-03-20T13:33:21.055Z,true,false,false,false,11F,Distancia entre SE - Perpendicularidad SE,A3775,20MAR1

2026-03-20T13:33:24.075Z,true,false,false,false,12F,Distancia entre SE - Perpendicularidad SE,A3775,20MAR1

2026-03-20T13:33:26.099Z,true,false,false,false,tesL,PURGA DE FOTO LATERAL,A3775,20MAR1

2026-03-20T13:33:33.140Z,true,false,false,false,13L,PURGA DE FOTO LATERAL,A3775,20MAR1

2026-03-20T13:33:35.159Z,true,false,false,false,14L,PURGA DE FOTO LATERAL,A3775,20MAR1

2026-03-20T13:33:39.210Z,true,false,false,false,15L,PURGA DE FOTO LATERAL,A3775,20MAR1

2026-03-20T13:33:43.236Z,true,false,false,false,16L,PURGA DE FOTO LATERAL,A3775,20MAR1

2026-03-20T13:33:47.298Z,true,false,false,false,17L,PURGA DE FOTO LATERAL,A3775,20MAR1

2026-03-20T13:33:53.397Z,true,false,false,false,18L,PURGA DE FOTO LATERAL,A3775,20MAR1

2026-03-20T13:33:57.399Z,true,false,false,false,19L,PURGA DE FOTO LATERAL,A3775,20MAR1

2026-03-20T13:34:00.424Z,true,false,false,false,tesF,PURGA DE FOTO FRONTAL,A3775,20MAR1

2026-03-20T13:34:07.445Z,true,false,false,false,21F,PURGA DE FOTO FRONTAL,A3775,20MAR1

2026-03-20T13:34:11.482Z,true,false,false,false,22F,PURGA DE FOTO FRONTAL,A3775,20MAR1

2026-03-20T13:34:19.530Z,true,false,false,false,23F,PURGA DE FOTO FRONTAL,A3775,20MAR1

2026-03-20T13:34:27.610Z,true,false,false,false,12T,Rectitud EC,A3775,20MAR1

2026-03-20T13:34:32.657Z,true,false,false,false,tesL,PURGA DE FOTO LATERAL,A3775,20MAR1

2026-03-20T13:34:38.703Z,true,false,false,false,24L,PURGA DE FOTO LATERAL,A3775,20MAR1

2026-03-20T13:34:42.714Z,true,false,false,false,25L,PURGA DE FOTO LATERAL,A3775,20MAR1

2026-03-20T13:34:46.753Z,true,false,false,false,26L,PURGA DE FOTO LATERAL,A3775,20MAR1

2026-03-20T13:34:52.788Z,true,false,false,false,27L,PURGA DE FOTO LATERAL,A3775,20MAR1

2026-03-20T13:34:58.827Z,true,false,false,false,28L,PURGA DE FOTO LATERAL,A3775,20MAR1

2026-03-20T13:35:04.900Z,true,false,false,false,tesF,PURGA DE FOTO FRONTAL,A3775,20MAR1

2026-03-20T13:35:11.928Z,true,false,false,false,29F,Distancia entre SE - Perpendicularidad SE,A3775,20MAR1

2026-03-20T13:35:14.940Z,true,false,false,false,30F,Distancia entre SE - Perpendicularidad SE,A3775,20MAR1

2026-03-20T13:35:18.974Z,true,false,false,false,31F,Distancia entre SE - Perpendicularidad SE,A3775,20MAR1

2026-03-20T13:35:23.021Z,true,false,false,false,32F,Distancia entre SE - Perpendicularidad SE,A3775,20MAR1

2026-03-20T13:35:27.020Z,true,false,false,false,33F,Distancia entre SE - Perpendicularidad SE,A3775,20MAR1

2026-03-20T13:35:31.060Z,true,false,false,false,34F,Distancia entre SE - Perpendicularidad SE,A3775,20MAR1

2026-03-20T13:35:34.089Z,true,false,false,false,36F,Distancia entre SE - Perpendicularidad SE,A3775,20MAR1

2026-03-20T13:35:39.123Z,true,false,false,false,37F,Distancia entre SE - Perpendicularidad SE,A3775,20MAR1

2026-03-20T13:35:42.138Z,true,false,false,false,38F,Distancia entre SE - Perpendicularidad SE,A3775,20MAR1

2026-03-20T13:35:46.174Z,true,false,false,false,11T,Rectitud EC,A3775,20MAR1

2026-03-20T13:35:52.203Z,true,false,false,false,tesL,PURGA DE FOTO LATERAL,A3775,20MAR1

2026-03-20T13:35:59.245Z,true,false,false,false,39L,PURGA DE FOTO LATERAL,A3775,20MAR1

2026-03-20T13:36:02.261Z,true,false,false,false,40L,PURGA DE FOTO LATERAL,A3775,20MAR1

2026-03-20T13:36:07.375Z,true,false,false,false,41L,PURGA DE FOTO LATERAL,A3775,20MAR1

2026-03-20T13:36:13.377Z,true,false,false,false,42L,PURGA DE FOTO LATERAL,A3775,20MAR1

2026-03-20T13:36:19.425Z,true,false,false,false,43L,PURGA DE FOTO LATERAL,A3775,20MAR1

2026-03-20T13:36:25.446Z,true,false,false,false,tesF,PURGA DE FOTO FRONTAL,A3775,20MAR1

2026-03-20T13:36:31.508Z,true,false,false,false,44F,Distancia entre SE - Perpendicularidad SE,A3775,20MAR1

2026-03-20T13:36:34.524Z,true,false,false,false,45F,Distancia entre SE - Perpendicularidad SE,A3775,20MAR1

2026-03-20T13:36:39.583Z,true,false,false,false,46F,Distancia entre SE - Perpendicularidad SE,A3775,20MAR1

2026-03-20T13:36:42.606Z,true,false,false,false,47F,Distancia entre SE - Perpendicularidad SE,A3775,20MAR1

2026-03-20T13:36:46.622Z,true,false,false,false,48F,Distancia entre SE - Perpendicularidad SE,A3775,20MAR1

2026-03-20T13:36:50.658Z,true,false,false,false,49F,Distancia entre SE - Perpendicularidad SE,A3775,20MAR1

2026-03-20T13:36:54.675Z,true,false,false,false,51F,Distancia entre SE - Perpendicularidad SE,A3775,20MAR1

2026-03-20T13:36:59.708Z,true,false,false,false,52F,Distancia entre SE - Perpendicularidad SE,A3775,20MAR1

2026-03-20T13:37:02.721Z,true,false,false,false,53F,Distancia entre SE - Perpendicularidad SE,A3775,20MAR1

2026-03-20T13:37:05.737Z,true,false,false,false,10T,Rectitud EC,A3775,20MAR1

2026-03-20T13:37:12.773Z,true,false,false,false,tesL,PURGA DE FOTO LATERAL,A3775,20MAR1

2026-03-20T13:37:18.824Z,true,false,false,false,54L,PURGA DE FOTO LATERAL,A3775,20MAR1

2026-03-20T13:37:22.860Z,true,false,false,false,55L,PURGA DE FOTO LATERAL,A3775,20MAR1

2026-03-20T13:37:26.867Z,true,false,false,false,56L,PURGA DE FOTO LATERAL,A3775,20MAR1

2026-03-20T13:37:32.940Z,true,false,false,false,57L,PURGA DE FOTO LATERAL,A3775,20MAR1

2026-03-20T13:37:38.992Z,true,false,false,false,58L,PURGA DE FOTO LATERAL,A3775,20MAR1

2026-03-20T13:37:45.015Z,true,false,false,false,tesF,PURGA DE FOTO FRONTAL,A3775,20MAR1

2026-03-20T13:37:52.072Z,true,false,false,false,59F,Distancia entre SE - Perpendicularidad SE,A3775,20MAR1

2026-03-20T13:37:55.113Z,true,false,false,false,60F,Distancia entre SE - Perpendicularidad SE,A3775,20MAR1

2026-03-20T13:37:59.127Z,true,false,false,false,61F,Distancia entre SE - Perpendicularidad SE,A3775,20MAR1

2026-03-20T13:38:03.156Z,true,false,false,false,62F,Distancia entre SE - Perpendicularidad SE,A3775,20MAR1

2026-03-20T13:38:07.206Z,true,false,false,false,63F,Distancia entre SE - Perpendicularidad SE,A3775,20MAR1

2026-03-20T13:38:11.251Z,true,false,false,false,64F,Distancia entre SE - Perpendicularidad SE,A3775,20MAR1

2026-03-20T13:38:14.256Z,true,false,false,false,66F,Distancia entre SE - Perpendicularidad SE,A3775,20MAR1

2026-03-20T13:38:19.300Z,true,false,false,false,67F,Distancia entre SE - Perpendicularidad SE,A3775,20MAR1

2026-03-20T13:38:22.368Z,true,false,false,false,68F,Distancia entre SE - Perpendicularidad SE,A3775,20MAR1

2026-03-20T13:38:26.389Z,true,false,false,false,9T,Rectitud EC,A3775,20MAR1

2026-03-20T13:38:33.431Z,true,false,false,false,tesL,PURGA DE FOTO LATERAL,A3775,20MAR1

2026-03-20T13:38:40.478Z,true,false,false,false,69L,PURGA DE FOTO LATERAL,A3775,20MAR1

2026-03-20T13:38:43.502Z,true,false,false,false,70L,PURGA DE FOTO LATERAL,A3775,20MAR1

2026-03-20T13:38:48.522Z,true,false,false,false,71L,PURGA DE FOTO LATERAL,A3775,20MAR1

2026-03-20T13:38:54.550Z,true,false,false,false,72L,PURGA DE FOTO LATERAL,A3775,20MAR1

2026-03-20T13:39:00.609Z,true,false,false,false,73L,PURGA DE FOTO LATERAL,A3775,20MAR1

2026-03-20T13:39:06.620Z,true,false,false,false,tesF,PURGA DE FOTO FRONTAL,A3775,20MAR1

2026-03-20T13:39:12.666Z,true,false,false,false,74F,Distancia entre SE - Perpendicularidad SE,A3775,20MAR1

2026-03-20T13:39:16.716Z,true,false,false,false,75F,Distancia entre SE - Perpendicularidad SE,A3775,20MAR1

2026-03-20T13:39:20.737Z,true,false,false,false,76F,Distancia entre SE - Perpendicularidad SE,A3775,20MAR1

2026-03-20T13:39:24.775Z,true,false,false,false,77F,Distancia entre SE - Perpendicularidad SE,A3775,20MAR1

2026-03-20T13:39:27.818Z,true,false,false,false,78F,Distancia entre SE - Perpendicularidad SE,A3775,20MAR1

2026-03-20T13:39:32.858Z,true,false,false,false,79F,Distancia entre SE - Perpendicularidad SE,A3775,20MAR1

2026-03-20T13:39:35.876Z,true,false,false,false,81F,Distancia entre SE - Perpendicularidad SE,A3775,20MAR1

2026-03-20T13:39:40.905Z,true,false,false,false,82F,Distancia entre SE - Perpendicularidad SE,A3775,20MAR1

2026-03-20T13:39:43.908Z,true,false,false,false,83F,Distancia entre SE - Perpendicularidad SE,A3775,20MAR1

2026-03-20T13:39:46.921Z,true,false,false,false,8T,Rectitud EC,A3775,20MAR1

2026-03-20T13:39:54.976Z,true,false,false,false,tesL,PURGA DE FOTO LATERAL,A3775,20MAR1

2026-03-20T13:40:01.001Z,true,false,false,false,84L,PURGA DE FOTO LATERAL,A3775,20MAR1

2026-03-20T13:40:04.009Z,true,false,false,false,85L,PURGA DE FOTO LATERAL,A3775,20MAR1

2026-03-20T13:40:09.047Z,true,false,false,false,86L,PURGA DE FOTO LATERAL,A3775,20MAR1

2026-03-20T13:40:15.082Z,true,false,false,false,87L,PURGA DE FOTO LATERAL,A3775,20MAR1

2026-03-20T13:40:21.113Z,true,false,false,false,88L,PURGA DE FOTO LATERAL,A3775,20MAR1

2026-03-20T13:40:27.150Z,true,false,false,false,tesF,PURGA DE FOTO FRONTAL,A3775,20MAR1

2026-03-20T13:40:34.177Z,true,false,false,false,89F,Distancia entre SE - Perpendicularidad SE,A3775,20MAR1

2026-03-20T13:40:37.195Z,true,false,false,false,90F,Distancia entre SE - Perpendicularidad SE,A3775,20MAR1

2026-03-20T13:40:41.232Z,true,false,false,false,91F,Distancia entre SE - Perpendicularidad SE,A3775,20MAR1

2026-03-20T13:40:45.268Z,true,false,false,false,92F,Distancia entre SE - Perpendicularidad SE,A3775,20MAR1

2026-03-20T13:40:49.312Z,true,false,false,false,93F,Distancia entre SE - Perpendicularidad SE,A3775,20MAR1

2026-03-20T13:40:53.402Z,true,false,false,false,94F,Distancia entre SE - Perpendicularidad SE,A3775,20MAR1

2026-03-20T13:40:56.392Z,true,false,false,false,96F,Distancia entre SE - Perpendicularidad SE,A3775,20MAR1

2026-03-20T13:41:01.413Z,true,false,false,false,97F,Distancia entre SE - Perpendicularidad SE,A3775,20MAR1

2026-03-20T13:41:04.421Z,true,false,false,false,98F,Distancia entre SE - Perpendicularidad SE,A3775,20MAR1

2026-03-20T13:41:08.446Z,true,false,false,false,7T,Rectitud EC,A3775,20MAR1

2026-03-20T13:41:15.496Z,true,false,false,false,tesL,PURGA DE FOTO LATERAL,A3775,20MAR1

2026-03-20T13:41:22.543Z,true,false,false,false,99L,PURGA DE FOTO LATERAL,A3775,20MAR1

2026-03-20T13:41:25.564Z,true,false,false,false,100L,PURGA DE FOTO LATERAL,A3775,20MAR1

2026-03-20T13:41:30.603Z,true,false,false,false,101L,PURGA DE FOTO LATERAL,A3775,20MAR1

2026-03-20T13:41:36.633Z,true,false,false,false,102L,PURGA DE FOTO LATERAL,A3775,20MAR1

2026-03-20T13:41:42.675Z,true,false,false,false,103L,PURGA DE FOTO LATERAL,A3775,20MAR1

2026-03-20T13:41:48.725Z,true,false,false,false,tesF,PURGA DE FOTO FRONTAL,A3775,20MAR1

2026-03-20T13:41:54.775Z,true,false,false,false,104F,Distancia entre SE - Perpendicularidad SE,A3775,20MAR1

2026-03-20T13:41:57.815Z,true,false,false,false,105F,Distancia entre SE - Perpendicularidad SE,A3775,20MAR1

2026-03-20T13:42:02.843Z,true,false,false,false,106F,Distancia entre SE - Perpendicularidad SE,A3775,20MAR1

2026-03-20T13:42:05.866Z,true,false,false,false,107F,Distancia entre SE - Perpendicularidad SE,A3775,20MAR1

2026-03-20T13:42:09.902Z,true,false,false,false,108F,Distancia entre SE - Perpendicularidad SE,A3775,20MAR1

2026-03-20T13:42:13.932Z,true,false,false,false,109F,Distancia entre SE - Perpendicularidad SE,A3775,20MAR1

2026-03-20T13:42:17.958Z,true,false,false,false,111F,Distancia entre SE - Perpendicularidad SE,A3775,20MAR1

2026-03-20T13:42:21.977Z,true,false,false,false,112F,Distancia entre SE - Perpendicularidad SE,A3775,20MAR1

2026-03-20T13:42:26.003Z,true,false,false,false,113F,Distancia entre SE - Perpendicularidad SE,A3775,20MAR1

2026-03-20T13:42:29.020Z,true,false,false,false,6T,Rectitud EC,A3775,20MAR1

2026-03-20T13:42:36.081Z,true,false,false,false,tesL,PURGA DE FOTO LATERAL,A3775,20MAR1

2026-03-20T13:42:43.136Z,true,false,false,false,114L,PURGA DE FOTO LATERAL,A3775,20MAR1

2026-03-20T13:42:46.152Z,true,false,false,false,115L,PURGA DE FOTO LATERAL,A3775,20MAR1

2026-03-20T13:42:51.217Z,true,false,false,false,116L,PURGA DE FOTO LATERAL,A3775,20MAR1

2026-03-20T13:42:57.247Z,true,false,false,false,117L,PURGA DE FOTO LATERAL,A3775,20MAR1

2026-03-20T13:43:03.379Z,true,false,false,false,118L,PURGA DE FOTO LATERAL,A3775,20MAR1

2026-03-20T13:43:09.373Z,true,false,false,false,tesF,PURGA DE FOTO FRONTAL,A3775,20MAR1

2026-03-20T13:43:15.425Z,true,false,false,false,119F,Distancia entre SE - Perpendicularidad SE,A3775,20MAR1

2026-03-20T13:43:18.421Z,true,false,false,false,120F,Distancia entre SE - Perpendicularidad SE,A3775,20MAR1

2026-03-20T13:43:23.479Z,true,false,false,false,121F,Distancia entre SE - Perpendicularidad SE,A3775,20MAR1

2026-03-20T13:43:26.477Z,true,false,false,false,122F,Distancia entre SE - Perpendicularidad SE,A3775,20MAR1

2026-03-20T13:43:30.521Z,true,false,false,false,123F,Distancia entre SE - Perpendicularidad SE,A3775,20MAR1

2026-03-20T13:43:35.531Z,true,false,false,false,124F,Distancia entre SE - Perpendicularidad SE,A3775,20MAR1

2026-03-20T13:43:38.535Z,true,false,false,false,126F,Distancia entre SE - Perpendicularidad SE,A3775,20MAR1

2026-03-20T13:43:43.568Z,true,false,false,false,127F,Distancia entre SE - Perpendicularidad SE,A3775,20MAR1

2026-03-20T13:43:46.601Z,true,false,false,false,128F,Distancia entre SE - Perpendicularidad SE,A3775,20MAR1

2026-03-20T13:43:49.610Z,true,false,false,false,5T,Rectitud EC,A3775,20MAR1

2026-03-20T13:43:57.673Z,true,false,false,false,tesL,PURGA DE FOTO LATERAL,A3775,20MAR1

2026-03-20T13:44:03.721Z,true,false,false,false,129L,PURGA DE FOTO LATERAL,A3775,20MAR1

2026-03-20T13:44:06.740Z,true,false,false,false,130L,PURGA DE FOTO LATERAL,A3775,20MAR1

2026-03-20T13:44:11.791Z,true,false,false,false,131L,PURGA DE FOTO LATERAL,A3775,20MAR1

2026-03-20T13:44:17.825Z,true,false,false,false,132L,PURGA DE FOTO LATERAL,A3775,20MAR1

2026-03-20T13:44:23.863Z,true,false,false,false,133L,PURGA DE FOTO LATERAL,A3775,20MAR1

2026-03-20T13:44:29.897Z,true,false,false,false,tesF,PURGA DE FOTO FRONTAL,A3775,20MAR1

2026-03-20T13:44:36.946Z,true,false,false,false,134F,Distancia entre SE - Perpendicularidad SE,A3775,20MAR1

2026-03-20T13:44:39.972Z,true,false,false,false,135F,Distancia entre SE - Perpendicularidad SE,A3775,20MAR1

2026-03-20T13:44:44.013Z,true,false,false,false,136F,Distancia entre SE - Perpendicularidad SE,A3775,20MAR1

2026-03-20T13:44:48.026Z,true,false,false,false,137F,Distancia entre SE - Perpendicularidad SE,A3775,20MAR1

2026-03-20T13:44:52.059Z,true,false,false,false,138F,Distancia entre SE - Perpendicularidad SE,A3775,20MAR1

2026-03-20T13:44:56.085Z,true,false,false,false,139F,Distancia entre SE - Perpendicularidad SE,A3775,20MAR1

2026-03-20T13:44:59.101Z,true,false,false,false,141F,Distancia entre SE - Perpendicularidad SE,A3775,20MAR1

2026-03-20T13:45:04.144Z,true,false,false,false,142F,Distancia entre SE - Perpendicularidad SE,A3775,20MAR1

2026-03-20T13:45:07.155Z,true,false,false,false,143F,Distancia entre SE - Perpendicularidad SE,A3775,20MAR1

2026-03-20T13:45:10.175Z,true,false,false,false,4T,Rectitud EC,A3775,20MAR1

2026-03-20T13:45:18.250Z,true,false,false,false,tesL,PURGA DE FOTO LATERAL,A3775,20MAR1

2026-03-20T13:45:24.373Z,true,false,false,false,144L,PURGA DE FOTO LATERAL,A3775,20MAR1

2026-03-20T13:45:27.378Z,true,false,false,false,145L,PURGA DE FOTO LATERAL,A3775,20MAR1

2026-03-20T13:45:32.389Z,true,false,false,false,146L,PURGA DE FOTO LATERAL,A3775,20MAR1

2026-03-20T13:45:38.437Z,true,false,false,false,147L,PURGA DE FOTO LATERAL,A3775,20MAR1

2026-03-20T13:45:44.479Z,true,false,false,false,148L,PURGA DE FOTO LATERAL,A3775,20MAR1

2026-03-20T13:45:50.518Z,true,false,false,false,tesF,PURGA DE FOTO FRONTAL,A3775,20MAR1

2026-03-20T13:45:57.596Z,true,false,false,false,149F,Distancia entre SE - Perpendicularidad SE,A3775,20MAR1

2026-03-20T13:46:00.642Z,true,false,false,false,150F,Distancia entre SE - Perpendicularidad SE,A3775,20MAR1

2026-03-20T13:46:04.642Z,true,false,false,false,151F,Distancia entre SE - Perpendicularidad SE,A3775,20MAR1

2026-03-20T13:46:08.688Z,true,false,false,false,152F,Distancia entre SE - Perpendicularidad SE,A3775,20MAR1

2026-03-20T13:46:12.705Z,true,false,false,false,153F,Distancia entre SE - Perpendicularidad SE,A3775,20MAR1

2026-03-20T13:46:16.720Z,true,false,false,false,154F,Distancia entre SE - Perpendicularidad SE,A3775,20MAR1

2026-03-20T13:46:19.726Z,true,false,false,false,156F,Distancia entre SE - Perpendicularidad SE,A3775,20MAR1

2026-03-20T13:46:24.764Z,true,false,false,false,157F,Distancia entre SE - Perpendicularidad SE,A3775,20MAR1

2026-03-20T13:46:27.800Z,true,false,false,false,158F,Distancia entre SE - Perpendicularidad SE,A3775,20MAR1

2026-03-20T13:46:30.818Z,true,false,false,false,3T,Rectitud EC,A3775,20MAR1

2026-03-20T13:46:38.914Z,true,false,false,false,tesL,PURGA DE FOTO LATERAL,A3775,20MAR1

2026-03-20T13:46:44.928Z,true,false,false,false,159L,PURGA DE FOTO LATERAL,A3775,20MAR1

2026-03-20T13:46:47.971Z,true,false,false,false,160L,PURGA DE FOTO LATERAL,A3775,20MAR1

2026-03-20T13:46:53.010Z,true,false,false,false,161L,PURGA DE FOTO LATERAL,A3775,20MAR1

2026-03-20T13:46:59.067Z,true,false,false,false,162L,PURGA DE FOTO LATERAL,A3775,20MAR1

2026-03-20T13:47:05.116Z,true,false,false,false,163L,PURGA DE FOTO LATERAL,A3775,20MAR1

2026-03-20T13:47:11.151Z,true,false,false,false,tesF,PURGA DE FOTO FRONTAL,A3775,20MAR1

2026-03-20T13:47:18.202Z,true,false,false,false,164F,Distancia entre SE - Perpendicularidad SE,A3775,20MAR1

2026-03-20T13:47:21.216Z,true,false,false,false,165F,Distancia entre SE - Perpendicularidad SE,A3775,20MAR1

2026-03-20T13:47:25.238Z,true,false,false,false,166F,Distancia entre SE - Perpendicularidad SE,A3775,20MAR1

2026-03-20T13:47:29.271Z,true,false,false,false,167F,Distancia entre SE - Perpendicularidad SE,A3775,20MAR1

2026-03-20T13:47:33.312Z,true,false,false,false,168F,Distancia entre SE - Perpendicularidad SE,A3775,20MAR1

2026-03-20T13:47:37.378Z,true,false,false,false,169F,Distancia entre SE - Perpendicularidad SE,A3775,20MAR1

2026-03-20T13:47:40.382Z,true,false,false,false,171F,Distancia entre SE - Perpendicularidad SE,A3775,20MAR1

2026-03-20T13:47:45.408Z,true,false,false,false,172F,Distancia entre SE - Perpendicularidad SE,A3775,20MAR1

2026-03-20T13:47:48.426Z,true,false,false,false,173F,Distancia entre SE - Perpendicularidad SE,A3775,20MAR1

2026-03-20T13:47:52.435Z,true,false,false,false,2T,Rectitud EC,A3775,20MAR1

2026-03-20T13:47:59.510Z,true,false,false,false,tesL,PURGA DE FOTO LATERAL,A3775,20MAR1

2026-03-20T13:48:05.547Z,true,false,false,false,174L,PURGA DE FOTO LATERAL,A3775,20MAR1

2026-03-20T13:48:09.588Z,true,false,false,false,175L,PURGA DE FOTO LATERAL,A3775,20MAR1

2026-03-20T13:48:13.642Z,true,false,false,false,176L,PURGA DE FOTO LATERAL,A3775,20MAR1

2026-03-20T13:48:19.675Z,true,false,false,false,177L,PURGA DE FOTO LATERAL,A3775,20MAR1

2026-03-20T13:48:25.744Z,true,false,false,false,178L,PURGA DE FOTO LATERAL,A3775,20MAR1

2026-03-20T13:48:31.787Z,true,false,false,false,tesF,PURGA DE FOTO FRONTAL,A3775,20MAR1

2026-03-20T13:48:38.841Z,true,false,false,false,179F,Distancia entre SE - Perpendicularidad SE,A3775,20MAR1

2026-03-20T13:48:41.873Z,true,false,false,false,180F,Distancia entre SE - Perpendicularidad SE,A3775,20MAR1

2026-03-20T13:48:45.899Z,true,false,false,false,181F,Distancia entre SE - Perpendicularidad SE,A3775,20MAR1

2026-03-20T13:48:49.926Z,true,false,false,false,182F,Distancia entre SE - Perpendicularidad SE,A3775,20MAR1

2026-03-20T13:48:53.965Z,true,false,false,false,183F,Distancia entre SE - Perpendicularidad SE,A3775,20MAR1

2026-03-20T13:48:58.009Z,true,false,false,false,184F,Distancia entre SE - Perpendicularidad SE,A3775,20MAR1

2026-03-20T13:49:01.035Z,true,false,false,false,186F,Distancia entre SE - Perpendicularidad SE,A3775,20MAR1

2026-03-20T13:49:06.061Z,true,false,false,false,187F,Distancia entre SE - Perpendicularidad SE,A3775,20MAR1

2026-03-20T13:49:09.086Z,true,false,false,false,188F,Distancia entre SE - Perpendicularidad SE,A3775,20MAR1

2026-03-20T13:49:13.120Z,true,false,false,false,1T,Rectitud EC,A3775,20MAR1

2026-03-20T13:49:20.203Z,true,false,false,false,tesL,PURGA DE FOTO LATERAL,A3775,20MAR1

2026-03-20T13:49:26.235Z,true,false,false,false,189L,PURGA DE FOTO LATERAL,A3775,20MAR1

2026-03-20T13:49:30.252Z,true,false,false,false,190L,PURGA DE FOTO LATERAL,A3775,20MAR1

2026-03-20T13:49:35.290Z,true,false,false,false,191L,PURGA DE FOTO LATERAL,A3775,20MAR1

2026-03-20T13:49:40.378Z,true,false,false,false,192L,PURGA DE FOTO LATERAL,A3775,20MAR1

2026-03-20T13:49:46.380Z,true,false,false,false,193L,PURGA DE FOTO LATERAL,A3775,20MAR1

2026-03-20T13:49:52.419Z,true,false,false,false,tesF,PURGA DE FOTO FRONTAL,A3775,20MAR1

2026-03-20T13:49:59.478Z,true,false,false,false,194F,Distancia entre SE - Perpendicularidad SE,A3775,20MAR1

2026-03-20T13:50:02.507Z,true,false,false,false,195F,Distancia entre SE - Perpendicularidad SE,A3775,20MAR1

2026-03-20T13:50:07.517Z,true,false,false,false,196F,Distancia entre SE - Perpendicularidad SE,A3775,20MAR1

2026-03-20T13:50:10.545Z,true,false,false,false,197F,Distancia entre SE - Perpendicularidad SE,A3775,20MAR1

2026-03-20T13:50:14.571Z,true,false,false,false,198F,Distancia entre SE - Perpendicularidad SE,A3775,20MAR1

2026-03-20T13:50:18.605Z,true,false,false,false,199F,Distancia entre SE - Perpendicularidad SE,A3775,20MAR1

2026-03-20T13:50:21.635Z,true,false,false,false,201F,Distancia entre SE - Perpendicularidad SE,A3775,20MAR1

2026-03-20T13:50:26.668Z,true,false,false,false,202F,Distancia entre SE - Perpendicularidad SE,A3775,20MAR1

2026-03-20T13:50:30.705Z,true,false,false,false,203F,Distancia entre SE - Perpendicularidad SE,A3775,20MAR1

2026-03-20T13:50:33.708Z,true,false,false,false,001F,Distancia entre SE y PP,A3775,20MAR1

2026-03-20T13:50:39.760Z,true,false,false,false,210F,Distancia entre SE y PP,A3775,20MAR1

2026-03-20T13:50:42.779Z,true,false,false,false,002F,Distancia entre SE y PP,A3775,20MAR1

2026-03-20T13:50:49.835Z,true,false,false,false,211F,Distancia entre SE y PP,A3775,20MAR1

2026-03-20T13:50:55.903Z,true,false,false,false,003F,Distancia entre SE y PP,A3775,20MAR1

2026-03-20T13:51:02.922Z,true,false,false,false,tesL,PURGA DE FOTO LATERAL,A3775,20MAR1

2026-03-20T13:51:08.990Z,true,false,false,false,212L,PURGA DE FOTO LATERAL,A3775,20MAR1

2026-03-20T13:51:11.017Z,true,false,false,false,213L,PURGA DE FOTO LATERAL,A3775,20MAR1

2026-03-20T13:51:19.078Z,true,false,false,false,214L,PURGA DE FOTO LATERAL,A3775,20MAR1

2026-03-20T13:51:27.143Z,true,false,false,false,tesL,PURGA DE FOTO LATERAL,A3775,20MAR1

2026-03-20T13:51:35.217Z,true,false,false,false,216L,Presencia de soldadura TVS - Fisuras soldadura TVS,A3775,20MAR1

2026-03-20T13:51:40.293Z,true,false,false,false,217L,Presencia de soldadura TVS - Fisuras soldadura TVS,A3775,20MAR1

2026-03-20T13:51:49.400Z,true,false,false,false,218L,Presencia de soldadura TVS - Fisuras soldadura TVS,A3775,20MAR1

2026-03-20T13:51:57.439Z,true,false,false,false,tesL,PURGA DE FOTO LATERAL,A3775,20MAR1

2026-03-20T13:52:08.516Z,true,false,false,false,0T,Rectitud EC PP,A3775,20MAR1

2026-03-20T13:52:12.563Z,true,false,false,false,0Z,Rectitud EC PP,A3775,20MAR1

2026-03-20T13:52:16.605Z,true,false,false,false,222L,Rectitud EC PP,A3775,20MAR1

2026-03-20T13:52:20.621Z,true,false,false,false,223L,Rectitud EC PP,A3775,20MAR1

2026-03-20T13:52:25.664Z,true,false,false,false,224L,Rectitud EC PP,A3775,20MAR1

2026-03-20T13:52:30.679Z,true,false,false,false,225L,Rectitud EC PP,A3775,20MAR1

2026-03-20T13:52:35.723Z,true,false,false,false,226L,Rectitud EC PP,A3775,20MAR1

2026-03-20T13:52:40.769Z,true,false,false,false,227L,Rectitud EC PP,A3775,20MAR1

2026-03-20T13:52:44.807Z,true,false,false,false,tesL,PURGA DE FOTO LATERAL,A3775,20MAR1

2026-03-20T13:52:51.872Z,true,false,false,false,228L,PURGA DE FOTO LATERAL,A3775,20MAR1

2026-03-20T13:53:02.965Z,true,false,false,false,229L,PURGA DE FOTO LATERAL,A3775,20MAR1

2026-03-20T13:53:07.986Z,true,false,false,false,230L,PURGA DE FOTO LATERAL,A3775,20MAR1

2026-03-20T13:53:13.014Z,true,false,false,false,231L,PURGA DE FOTO LATERAL,A3775,20MAR1

2026-03-20T13:53:18.063Z,true,false,false,false,232L,PURGA DE FOTO LATERAL,A3775,20MAR1

2026-03-20T13:53:23.115Z,true,false,false,false,233L,PURGA DE FOTO LATERAL,A3775,20MAR1

2026-03-20T13:53:28.145Z,true,false,false,false,tesF,PURGA DE FOTO FRONTAL,A3775,20MAR1

2026-03-20T13:53:32.173Z,true,false,false,false,242F,PURGA DE FOTO FRONTAL,A3775,20MAR1

2026-03-20T13:53:33.180Z,true,false,false,false,tesF,PURGA DE FOTO FRONTAL,A3775,20MAR1

2026-03-20T13:53:34.205Z,true,false,false,false,,,A3775,20MAR1

2026-03-20T13:54:51.864Z,false,false,false,true,,,A3775,20MAR1

2026-03-20T13:55:13.031Z,false,false,false,false,,,A3775,20MAR1

2026-03-20T14:00:28.422Z,true,false,false,false,,,E3775,20MAR2

2026-03-20T14:00:54.657Z,true,false,false,false,13T,Rectitud EC,E3775,20MAR2

2026-03-20T14:01:12.816Z,true,false,false,false,AZ4-B,Zapata tipo I/II 4,E3775,20MAR2

2026-03-20T14:01:13.812Z,true,false,false,false,AZ56-A,Zapata tipo I/II 6,E3775,20MAR2

2026-03-20T14:01:14.808Z,true,false,false,false,tesF,PURGA DE FOTO FRONTAL,E3775,20MAR2

2026-03-20T14:01:31.956Z,true,false,false,false,1F,PURGA DE FOTO FRONTAL,E3775,20MAR2

2026-03-20T14:01:36.003Z,true,false,false,false,2F,PURGA DE FOTO FRONTAL,E3775,20MAR2

2026-03-20T14:01:40.031Z,true,false,false,false,3F,Distancia entre SE - Perpendicularidad SE,E3775,20MAR2

2026-03-20T14:01:44.056Z,true,false,false,false,4F,Distancia entre SE - Perpendicularidad SE,E3775,20MAR2

2026-03-20T14:01:47.074Z,true,false,false,false,5F,Distancia entre SE - Perpendicularidad SE,E3775,20MAR2

2026-03-20T14:01:51.109Z,true,false,false,false,6F,Distancia entre SE - Perpendicularidad SE,E3775,20MAR2

2026-03-20T14:01:53.122Z,true,false,false,false,7F,Distancia entre SE - Perpendicularidad SE,E3775,20MAR2

2026-03-20T14:01:56.141Z,true,false,false,false,9F,Distancia entre SE - Perpendicularidad SE,E3775,20MAR2

2026-03-20T14:02:01.208Z,true,false,false,false,10F,Distancia entre SE - Perpendicularidad SE,E3775,20MAR2

2026-03-20T14:02:04.213Z,true,false,false,false,11F,Distancia entre SE - Perpendicularidad SE,E3775,20MAR2

2026-03-20T14:02:08.254Z,true,false,false,false,12F,Distancia entre SE - Perpendicularidad SE,E3775,20MAR2

2026-03-20T14:02:10.273Z,true,false,false,false,tesL,PURGA DE FOTO LATERAL,E3775,20MAR2

2026-03-20T14:02:17.408Z,true,false,false,false,13L,PURGA DE FOTO LATERAL,E3775,20MAR2

2026-03-20T14:02:19.382Z,true,false,false,false,14L,PURGA DE FOTO LATERAL,E3775,20MAR2

2026-03-20T14:02:23.429Z,true,false,false,false,15L,PURGA DE FOTO LATERAL,E3775,20MAR2

2026-03-20T14:02:27.435Z,true,false,false,false,16L,PURGA DE FOTO LATERAL,E3775,20MAR2

2026-03-20T14:02:31.440Z,true,false,false,false,17L,PURGA DE FOTO LATERAL,E3775,20MAR2

2026-03-20T14:02:37.487Z,true,false,false,false,18L,PURGA DE FOTO LATERAL,E3775,20MAR2

2026-03-20T14:02:41.521Z,true,false,false,false,19L,PURGA DE FOTO LATERAL,E3775,20MAR2

2026-03-20T14:02:44.540Z,true,false,false,false,tesF,PURGA DE FOTO FRONTAL,E3775,20MAR2

2026-03-20T14:02:51.569Z,true,false,false,false,21F,PURGA DE FOTO FRONTAL,E3775,20MAR2

2026-03-20T14:02:55.595Z,true,false,false,false,22F,PURGA DE FOTO FRONTAL,E3775,20MAR2

2026-03-20T14:03:03.652Z,true,false,false,false,23F,PURGA DE FOTO FRONTAL,E3775,20MAR2

2026-03-20T14:03:11.720Z,true,false,false,false,12T,Rectitud EC,E3775,20MAR2

2026-03-20T14:03:16.755Z,true,false,false,false,tesL,PURGA DE FOTO LATERAL,E3775,20MAR2

2026-03-20T14:03:22.830Z,true,false,false,false,24L,PURGA DE FOTO LATERAL,E3775,20MAR2

2026-03-20T14:03:26.853Z,true,false,false,false,25L,PURGA DE FOTO LATERAL,E3775,20MAR2

2026-03-20T14:03:30.858Z,true,false,false,false,26L,PURGA DE FOTO LATERAL,E3775,20MAR2

2026-03-20T14:03:36.910Z,true,false,false,false,27L,PURGA DE FOTO LATERAL,E3775,20MAR2

2026-03-20T14:03:42.948Z,true,false,false,false,28L,PURGA DE FOTO LATERAL,E3775,20MAR2

2026-03-20T14:03:49.009Z,true,false,false,false,tesF,PURGA DE FOTO FRONTAL,E3775,20MAR2

2026-03-20T14:03:56.054Z,true,false,false,false,29F,Distancia entre SE - Perpendicularidad SE,E3775,20MAR2

2026-03-20T14:03:59.075Z,true,false,false,false,30F,Distancia entre SE - Perpendicularidad SE,E3775,20MAR2

2026-03-20T14:04:03.108Z,true,false,false,false,31F,Distancia entre SE - Perpendicularidad SE,E3775,20MAR2

2026-03-20T14:04:07.127Z,true,false,false,false,32F,Distancia entre SE - Perpendicularidad SE,E3775,20MAR2

2026-03-20T14:04:11.122Z,true,false,false,false,33F,Distancia entre SE - Perpendicularidad SE,E3775,20MAR2

2026-03-20T14:04:15.158Z,true,false,false,false,34F,Distancia entre SE - Perpendicularidad SE,E3775,20MAR2

2026-03-20T14:04:19.203Z,true,false,false,false,36F,Distancia entre SE - Perpendicularidad SE,E3775,20MAR2

2026-03-20T14:04:23.238Z,true,false,false,false,37F,Distancia entre SE - Perpendicularidad SE,E3775,20MAR2

2026-03-20T14:04:27.265Z,true,false,false,false,38F,Distancia entre SE - Perpendicularidad SE,E3775,20MAR2

2026-03-20T14:04:30.293Z,true,false,false,false,11T,Rectitud EC,E3775,20MAR2

2026-03-20T14:04:36.392Z,true,false,false,false,tesL,PURGA DE FOTO LATERAL,E3775,20MAR2

2026-03-20T14:04:43.427Z,true,false,false,false,39L,PURGA DE FOTO LATERAL,E3775,20MAR2

2026-03-20T14:04:46.439Z,true,false,false,false,40L,PURGA DE FOTO LATERAL,E3775,20MAR2

2026-03-20T14:04:51.459Z,true,false,false,false,41L,PURGA DE FOTO LATERAL,E3775,20MAR2

2026-03-20T14:04:57.532Z,true,false,false,false,42L,PURGA DE FOTO LATERAL,E3775,20MAR2

2026-03-20T14:05:03.574Z,true,false,false,false,43L,PURGA DE FOTO LATERAL,E3775,20MAR2

2026-03-20T14:05:09.636Z,true,false,false,false,tesF,PURGA DE FOTO FRONTAL,E3775,20MAR2

2026-03-20T14:05:15.679Z,true,false,false,false,44F,Distancia entre SE - Perpendicularidad SE,E3775,20MAR2

2026-03-20T14:05:19.724Z,true,false,false,false,45F,Distancia entre SE - Perpendicularidad SE,E3775,20MAR2

2026-03-20T14:05:23.750Z,true,false,false,false,46F,Distancia entre SE - Perpendicularidad SE,E3775,20MAR2

2026-03-20T14:05:27.781Z,true,false,false,false,47F,Distancia entre SE - Perpendicularidad SE,E3775,20MAR2

2026-03-20T14:05:30.817Z,true,false,false,false,48F,Distancia entre SE - Perpendicularidad SE,E3775,20MAR2

2026-03-20T14:05:35.845Z,true,false,false,false,49F,Distancia entre SE - Perpendicularidad SE,E3775,20MAR2

2026-03-20T14:05:38.876Z,true,false,false,false,51F,Distancia entre SE - Perpendicularidad SE,E3775,20MAR2

2026-03-20T14:05:43.911Z,true,false,false,false,52F,Distancia entre SE - Perpendicularidad SE,E3775,20MAR2

2026-03-20T14:05:46.944Z,true,false,false,false,53F,Distancia entre SE - Perpendicularidad SE,E3775,20MAR2

2026-03-20T14:05:49.981Z,true,false,false,false,10T,Rectitud EC,E3775,20MAR2

2026-03-20T14:05:57.032Z,true,false,false,false,tesL,PURGA DE FOTO LATERAL,E3775,20MAR2

2026-03-20T14:06:04.079Z,true,false,false,false,54L,PURGA DE FOTO LATERAL,E3775,20MAR2

2026-03-20T14:06:07.083Z,true,false,false,false,55L,PURGA DE FOTO LATERAL,E3775,20MAR2

2026-03-20T14:06:12.142Z,true,false,false,false,56L,PURGA DE FOTO LATERAL,E3775,20MAR2

2026-03-20T14:06:18.205Z,true,false,false,false,57L,PURGA DE FOTO LATERAL,E3775,20MAR2

2026-03-20T14:06:24.231Z,true,false,false,false,58L,PURGA DE FOTO LATERAL,E3775,20MAR2

2026-03-20T14:06:30.271Z,true,false,false,false,tesF,PURGA DE FOTO FRONTAL,E3775,20MAR2

2026-03-20T14:06:36.381Z,true,false,false,false,59F,Distancia entre SE - Perpendicularidad SE,E3775,20MAR2

2026-03-20T14:06:39.380Z,true,false,false,false,60F,Distancia entre SE - Perpendicularidad SE,E3775,20MAR2

2026-03-20T14:06:44.418Z,true,false,false,false,61F,Distancia entre SE - Perpendicularidad SE,E3775,20MAR2

2026-03-20T14:06:47.441Z,true,false,false,false,62F,Distancia entre SE - Perpendicularidad SE,E3775,20MAR2

2026-03-20T14:06:51.444Z,true,false,false,false,63F,Distancia entre SE - Perpendicularidad SE,E3775,20MAR2

2026-03-20T14:06:55.487Z,true,false,false,false,64F,Distancia entre SE - Perpendicularidad SE,E3775,20MAR2

2026-03-20T14:06:59.518Z,true,false,false,false,66F,Distancia entre SE - Perpendicularidad SE,E3775,20MAR2

2026-03-20T14:07:03.548Z,true,false,false,false,67F,Distancia entre SE - Perpendicularidad SE,E3775,20MAR2

2026-03-20T14:07:07.580Z,true,false,false,false,68F,Distancia entre SE - Perpendicularidad SE,E3775,20MAR2

2026-03-20T14:07:10.610Z,true,false,false,false,9T,Rectitud EC,E3775,20MAR2

2026-03-20T14:07:17.668Z,true,false,false,false,tesL,PURGA DE FOTO LATERAL,E3775,20MAR2

2026-03-20T14:07:24.724Z,true,false,false,false,69L,PURGA DE FOTO LATERAL,E3775,20MAR2

2026-03-20T14:07:27.747Z,true,false,false,false,70L,PURGA DE FOTO LATERAL,E3775,20MAR2

2026-03-20T14:07:32.774Z,true,false,false,false,71L,PURGA DE FOTO LATERAL,E3775,20MAR2

2026-03-20T14:07:38.814Z,true,false,false,false,72L,PURGA DE FOTO LATERAL,E3775,20MAR2

2026-03-20T14:07:44.863Z,true,false,false,false,73L,PURGA DE FOTO LATERAL,E3775,20MAR2

2026-03-20T14:07:50.928Z,true,false,false,false,tesF,PURGA DE FOTO FRONTAL,E3775,20MAR2

2026-03-20T14:07:56.962Z,true,false,false,false,74F,Distancia entre SE - Perpendicularidad SE,E3775,20MAR2

2026-03-20T14:08:00.987Z,true,false,false,false,75F,Distancia entre SE - Perpendicularidad SE,E3775,20MAR2

2026-03-20T14:08:05.032Z,true,false,false,false,76F,Distancia entre SE - Perpendicularidad SE,E3775,20MAR2

2026-03-20T14:08:09.059Z,true,false,false,false,77F,Distancia entre SE - Perpendicularidad SE,E3775,20MAR2

2026-03-20T14:08:13.108Z,true,false,false,false,78F,Distancia entre SE - Perpendicularidad SE,E3775,20MAR2

2026-03-20T14:08:17.129Z,true,false,false,false,79F,Distancia entre SE - Perpendicularidad SE,E3775,20MAR2

2026-03-20T14:08:20.165Z,true,false,false,false,81F,Distancia entre SE - Perpendicularidad SE,E3775,20MAR2

2026-03-20T14:08:25.197Z,true,false,false,false,82F,Distancia entre SE - Perpendicularidad SE,E3775,20MAR2

2026-03-20T14:08:28.229Z,true,false,false,false,83F,Distancia entre SE - Perpendicularidad SE,E3775,20MAR2

2026-03-20T14:08:31.241Z,true,false,false,false,8T,Rectitud EC,E3775,20MAR2

2026-03-20T14:08:39.291Z,true,false,false,false,tesL,PURGA DE FOTO LATERAL,E3775,20MAR2

2026-03-20T14:08:45.382Z,true,false,false,false,84L,PURGA DE FOTO LATERAL,E3775,20MAR2

2026-03-20T14:08:49.414Z,true,false,false,false,85L,PURGA DE FOTO LATERAL,E3775,20MAR2

2026-03-20T14:08:53.430Z,true,false,false,false,86L,PURGA DE FOTO LATERAL,E3775,20MAR2

2026-03-20T14:08:59.453Z,true,false,false,false,87L,PURGA DE FOTO LATERAL,E3775,20MAR2

2026-03-20T14:09:05.513Z,true,false,false,false,88L,PURGA DE FOTO LATERAL,E3775,20MAR2

2026-03-20T14:09:11.548Z,true,false,false,false,tesF,PURGA DE FOTO FRONTAL,E3775,20MAR2

2026-03-20T14:09:18.625Z,true,false,false,false,89F,Distancia entre SE - Perpendicularidad SE,E3775,20MAR2

2026-03-20T14:09:21.644Z,true,false,false,false,90F,Distancia entre SE - Perpendicularidad SE,E3775,20MAR2

2026-03-20T14:09:25.663Z,true,false,false,false,91F,Distancia entre SE - Perpendicularidad SE,E3775,20MAR2

2026-03-20T14:09:29.714Z,true,false,false,false,92F,Distancia entre SE - Perpendicularidad SE,E3775,20MAR2

2026-03-20T14:09:33.737Z,true,false,false,false,93F,Distancia entre SE - Perpendicularidad SE,E3775,20MAR2

2026-03-20T14:09:37.776Z,true,false,false,false,94F,Distancia entre SE - Perpendicularidad SE,E3775,20MAR2

2026-03-20T14:09:40.787Z,true,false,false,false,96F,Distancia entre SE - Perpendicularidad SE,E3775,20MAR2

2026-03-20T14:09:45.825Z,true,false,false,false,97F,Distancia entre SE - Perpendicularidad SE,E3775,20MAR2

2026-03-20T14:09:48.842Z,true,false,false,false,98F,Distancia entre SE - Perpendicularidad SE,E3775,20MAR2

2026-03-20T14:09:52.857Z,true,false,false,false,7T,Rectitud EC,E3775,20MAR2

2026-03-20T14:09:59.921Z,true,false,false,false,tesL,PURGA DE FOTO LATERAL,E3775,20MAR2

2026-03-20T14:10:06.990Z,true,false,false,false,99L,PURGA DE FOTO LATERAL,E3775,20MAR2

2026-03-20T14:10:10.014Z,true,false,false,false,100L,PURGA DE FOTO LATERAL,E3775,20MAR2

2026-03-20T14:10:15.031Z,true,false,false,false,101L,PURGA DE FOTO LATERAL,E3775,20MAR2

2026-03-20T14:10:21.095Z,true,false,false,false,102L,PURGA DE FOTO LATERAL,E3775,20MAR2

2026-03-20T14:10:27.130Z,true,false,false,false,103L,PURGA DE FOTO LATERAL,E3775,20MAR2

2026-03-20T14:10:33.174Z,true,false,false,false,tesF,PURGA DE FOTO FRONTAL,E3775,20MAR2

2026-03-20T14:10:39.233Z,true,false,false,false,104F,Distancia entre SE - Perpendicularidad SE,E3775,20MAR2

2026-03-20T14:10:42.258Z,true,false,false,false,105F,Distancia entre SE - Perpendicularidad SE,E3775,20MAR2

2026-03-20T14:10:47.282Z,true,false,false,false,106F,Distancia entre SE - Perpendicularidad SE,E3775,20MAR2

2026-03-20T14:10:50.311Z,true,false,false,false,107F,Distancia entre SE - Perpendicularidad SE,E3775,20MAR2

2026-03-20T14:10:54.401Z,true,false,false,false,108F,Distancia entre SE - Perpendicularidad SE,E3775,20MAR2

2026-03-20T14:10:58.394Z,true,false,false,false,109F,Distancia entre SE - Perpendicularidad SE,E3775,20MAR2

2026-03-20T14:11:02.418Z,true,false,false,false,111F,Distancia entre SE - Perpendicularidad SE,E3775,20MAR2

2026-03-20T14:11:06.456Z,true,false,false,false,112F,Distancia entre SE - Perpendicularidad SE,E3775,20MAR2

2026-03-20T14:11:10.437Z,true,false,false,false,113F,Distancia entre SE - Perpendicularidad SE,E3775,20MAR2

2026-03-20T14:11:13.448Z,true,false,false,false,6T,Rectitud EC,E3775,20MAR2

2026-03-20T14:11:20.514Z,true,false,false,false,tesL,PURGA DE FOTO LATERAL,E3775,20MAR2

2026-03-20T14:11:27.566Z,true,false,false,false,114L,PURGA DE FOTO LATERAL,E3775,20MAR2

2026-03-20T14:11:30.613Z,true,false,false,false,115L,PURGA DE FOTO LATERAL,E3775,20MAR2

2026-03-20T14:11:35.628Z,true,false,false,false,116L,PURGA DE FOTO LATERAL,E3775,20MAR2

2026-03-20T14:11:41.692Z,true,false,false,false,117L,PURGA DE FOTO LATERAL,E3775,20MAR2

2026-03-20T14:11:47.755Z,true,false,false,false,118L,PURGA DE FOTO LATERAL,E3775,20MAR2

2026-03-20T14:11:53.815Z,true,false,false,false,tesF,PURGA DE FOTO FRONTAL,E3775,20MAR2

2026-03-20T14:11:59.847Z,true,false,false,false,119F,Distancia entre SE - Perpendicularidad SE,E3775,20MAR2

2026-03-20T14:12:02.873Z,true,false,false,false,120F,Distancia entre SE - Perpendicularidad SE,E3775,20MAR2

2026-03-20T14:12:07.913Z,true,false,false,false,121F,Distancia entre SE - Perpendicularidad SE,E3775,20MAR2

2026-03-20T14:12:11.931Z,true,false,false,false,122F,Distancia entre SE - Perpendicularidad SE,E3775,20MAR2

2026-03-20T14:12:14.960Z,true,false,false,false,123F,Distancia entre SE - Perpendicularidad SE,E3775,20MAR2

2026-03-20T14:12:20.014Z,true,false,false,false,124F,Distancia entre SE - Perpendicularidad SE,E3775,20MAR2

2026-03-20T14:12:23.033Z,true,false,false,false,126F,Distancia entre SE - Perpendicularidad SE,E3775,20MAR2

2026-03-20T14:12:28.082Z,true,false,false,false,127F,Distancia entre SE - Perpendicularidad SE,E3775,20MAR2

2026-03-20T14:12:31.123Z,true,false,false,false,128F,Distancia entre SE - Perpendicularidad SE,E3775,20MAR2

2026-03-20T14:12:34.131Z,true,false,false,false,5T,Rectitud EC,E3775,20MAR2

2026-03-20T14:12:41.181Z,true,false,false,false,tesL,PURGA DE FOTO LATERAL,E3775,20MAR2

2026-03-20T14:12:48.257Z,true,false,false,false,129L,PURGA DE FOTO LATERAL,E3775,20MAR2

2026-03-20T14:12:51.263Z,true,false,false,false,130L,PURGA DE FOTO LATERAL,E3775,20MAR2

2026-03-20T14:12:56.401Z,true,false,false,false,131L,PURGA DE FOTO LATERAL,E3775,20MAR2

2026-03-20T14:13:02.412Z,true,false,false,false,132L,PURGA DE FOTO LATERAL,E3775,20MAR2

2026-03-20T14:13:08.403Z,true,false,false,false,133L,PURGA DE FOTO LATERAL,E3775,20MAR2

2026-03-20T14:13:14.427Z,true,false,false,false,tesF,PURGA DE FOTO FRONTAL,E3775,20MAR2

2026-03-20T14:13:20.471Z,true,false,false,false,134F,Distancia entre SE - Perpendicularidad SE,E3775,20MAR2

2026-03-20T14:13:24.499Z,true,false,false,false,135F,Distancia entre SE - Perpendicularidad SE,E3775,20MAR2

2026-03-20T14:13:28.515Z,true,false,false,false,136F,Distancia entre SE - Perpendicularidad SE,E3775,20MAR2

2026-03-20T14:13:32.563Z,true,false,false,false,137F,Distancia entre SE - Perpendicularidad SE,E3775,20MAR2

2026-03-20T14:13:35.601Z,true,false,false,false,138F,Distancia entre SE - Perpendicularidad SE,E3775,20MAR2

2026-03-20T14:13:40.626Z,true,false,false,false,139F,Distancia entre SE - Perpendicularidad SE,E3775,20MAR2

2026-03-20T14:13:43.643Z,true,false,false,false,141F,Distancia entre SE - Perpendicularidad SE,E3775,20MAR2

2026-03-20T14:13:48.681Z,true,false,false,false,142F,Distancia entre SE - Perpendicularidad SE,E3775,20MAR2

2026-03-20T14:13:51.713Z,true,false,false,false,143F,Distancia entre SE - Perpendicularidad SE,E3775,20MAR2

2026-03-20T14:13:54.746Z,true,false,false,false,4T,Rectitud EC,E3775,20MAR2

2026-03-20T14:14:01.776Z,true,false,false,false,tesL,PURGA DE FOTO LATERAL,E3775,20MAR2

2026-03-20T14:14:08.826Z,true,false,false,false,144L,PURGA DE FOTO LATERAL,E3775,20MAR2

2026-03-20T14:14:11.850Z,true,false,false,false,145L,PURGA DE FOTO LATERAL,E3775,20MAR2

2026-03-20T14:14:16.915Z,true,false,false,false,146L,PURGA DE FOTO LATERAL,E3775,20MAR2

2026-03-20T14:14:22.992Z,true,false,false,false,147L,PURGA DE FOTO LATERAL,E3775,20MAR2

2026-03-20T14:14:29.021Z,true,false,false,false,148L,PURGA DE FOTO LATERAL,E3775,20MAR2

2026-03-20T14:14:35.038Z,true,false,false,false,tesF,PURGA DE FOTO FRONTAL,E3775,20MAR2

2026-03-20T14:14:41.089Z,true,false,false,false,149F,Distancia entre SE - Perpendicularidad SE,E3775,20MAR2

2026-03-20T14:14:45.108Z,true,false,false,false,150F,Distancia entre SE - Perpendicularidad SE,E3775,20MAR2

2026-03-20T14:14:49.140Z,true,false,false,false,151F,Distancia entre SE - Perpendicularidad SE,E3775,20MAR2

2026-03-20T14:14:53.163Z,true,false,false,false,152F,Distancia entre SE - Perpendicularidad SE,E3775,20MAR2

2026-03-20T14:14:56.189Z,true,false,false,false,153F,Distancia entre SE - Perpendicularidad SE,E3775,20MAR2

2026-03-20T14:15:01.215Z,true,false,false,false,154F,Distancia entre SE - Perpendicularidad SE,E3775,20MAR2

2026-03-20T14:15:04.230Z,true,false,false,false,156F,Distancia entre SE - Perpendicularidad SE,E3775,20MAR2

2026-03-20T14:15:09.274Z,true,false,false,false,157F,Distancia entre SE - Perpendicularidad SE,E3775,20MAR2

2026-03-20T14:15:12.284Z,true,false,false,false,158F,Distancia entre SE - Perpendicularidad SE,E3775,20MAR2

2026-03-20T14:15:15.320Z,true,false,false,false,3T,Rectitud EC,E3775,20MAR2

2026-03-20T14:15:23.404Z,true,false,false,false,tesL,PURGA DE FOTO LATERAL,E3775,20MAR2

2026-03-20T14:15:29.446Z,true,false,false,false,159L,PURGA DE FOTO LATERAL,E3775,20MAR2

2026-03-20T14:15:32.456Z,true,false,false,false,160L,PURGA DE FOTO LATERAL,E3775,20MAR2

2026-03-20T14:15:37.490Z,true,false,false,false,161L,PURGA DE FOTO LATERAL,E3775,20MAR2

2026-03-20T14:15:43.525Z,true,false,false,false,162L,PURGA DE FOTO LATERAL,E3775,20MAR2

2026-03-20T14:15:49.589Z,true,false,false,false,163L,PURGA DE FOTO LATERAL,E3775,20MAR2

2026-03-20T14:15:55.661Z,true,false,false,false,tesF,PURGA DE FOTO FRONTAL,E3775,20MAR2

2026-03-20T14:16:02.717Z,true,false,false,false,164F,Distancia entre SE - Perpendicularidad SE,E3775,20MAR2

2026-03-20T14:16:05.721Z,true,false,false,false,165F,Distancia entre SE - Perpendicularidad SE,E3775,20MAR2

2026-03-20T14:16:09.745Z,true,false,false,false,166F,Distancia entre SE - Perpendicularidad SE,E3775,20MAR2

2026-03-20T14:16:13.776Z,true,false,false,false,167F,Distancia entre SE - Perpendicularidad SE,E3775,20MAR2

2026-03-20T14:16:17.810Z,true,false,false,false,168F,Distancia entre SE - Perpendicularidad SE,E3775,20MAR2

2026-03-20T14:16:21.836Z,true,false,false,false,169F,Distancia entre SE - Perpendicularidad SE,E3775,20MAR2

2026-03-20T14:16:24.852Z,true,false,false,false,171F,Distancia entre SE - Perpendicularidad SE,E3775,20MAR2

2026-03-20T14:16:29.865Z,true,false,false,false,172F,Distancia entre SE - Perpendicularidad SE,E3775,20MAR2

2026-03-20T14:16:32.899Z,true,false,false,false,173F,Distancia entre SE - Perpendicularidad SE,E3775,20MAR2

2026-03-20T14:16:35.930Z,true,false,false,false,2T,Rectitud EC,E3775,20MAR2

2026-03-20T14:16:43.986Z,true,false,false,false,tesL,PURGA DE FOTO LATERAL,E3775,20MAR2

2026-03-20T14:16:50.024Z,true,false,false,false,174L,PURGA DE FOTO LATERAL,E3775,20MAR2

2026-03-20T14:16:54.037Z,true,false,false,false,175L,PURGA DE FOTO LATERAL,E3775,20MAR2

2026-03-20T14:16:58.062Z,true,false,false,false,176L,PURGA DE FOTO LATERAL,E3775,20MAR2

2026-03-20T14:17:04.129Z,true,false,false,false,177L,PURGA DE FOTO LATERAL,E3775,20MAR2

2026-03-20T14:17:10.149Z,true,false,false,false,178L,PURGA DE FOTO LATERAL,E3775,20MAR2

2026-03-20T14:17:16.216Z,true,false,false,false,tesF,PURGA DE FOTO FRONTAL,E3775,20MAR2

2026-03-20T14:17:23.244Z,true,false,false,false,179F,Distancia entre SE - Perpendicularidad SE,E3775,20MAR2

2026-03-20T14:17:26.272Z,true,false,false,false,180F,Distancia entre SE - Perpendicularidad SE,E3775,20MAR2

2026-03-20T14:17:30.301Z,true,false,false,false,181F,Distancia entre SE - Perpendicularidad SE,E3775,20MAR2

2026-03-20T14:17:34.392Z,true,false,false,false,182F,Distancia entre SE - Perpendicularidad SE,E3775,20MAR2

2026-03-20T14:17:38.405Z,true,false,false,false,183F,Distancia entre SE - Perpendicularidad SE,E3775,20MAR2

2026-03-20T14:17:42.422Z,true,false,false,false,184F,Distancia entre SE - Perpendicularidad SE,E3775,20MAR2

2026-03-20T14:17:45.449Z,true,false,false,false,186F,Distancia entre SE - Perpendicularidad SE,E3775,20MAR2

2026-03-20T14:17:50.459Z,true,false,false,false,187F,Distancia entre SE - Perpendicularidad SE,E3775,20MAR2

2026-03-20T14:17:53.480Z,true,false,false,false,188F,Distancia entre SE - Perpendicularidad SE,E3775,20MAR2

2026-03-20T14:17:57.498Z,true,false,false,false,1T,Rectitud EC,E3775,20MAR2

2026-03-20T14:18:04.545Z,true,false,false,false,tesL,PURGA DE FOTO LATERAL,E3775,20MAR2

2026-03-20T14:18:11.591Z,true,false,false,false,189L,PURGA DE FOTO LATERAL,E3775,20MAR2

2026-03-20T14:18:14.625Z,true,false,false,false,190L,PURGA DE FOTO LATERAL,E3775,20MAR2

2026-03-20T14:19:09.069Z,true,false,false,false,191L,PURGA DE FOTO LATERAL,E3775,20MAR2

2026-03-20T14:19:15.131Z,true,false,false,false,192L,PURGA DE FOTO LATERAL,E3775,20MAR2

2026-03-20T14:19:21.159Z,true,false,false,false,193L,PURGA DE FOTO LATERAL,E3775,20MAR2

2026-03-20T14:19:27.195Z,true,false,false,false,tesF,PURGA DE FOTO FRONTAL,E3775,20MAR2

2026-03-20T14:19:33.238Z,true,false,false,false,194F,Distancia entre SE - Perpendicularidad SE,E3775,20MAR2

2026-03-20T14:19:37.264Z,true,false,false,false,195F,Distancia entre SE - Perpendicularidad SE,E3775,20MAR2

2026-03-20T14:19:41.318Z,true,false,false,false,196F,Distancia entre SE - Perpendicularidad SE,E3775,20MAR2

2026-03-20T14:19:45.402Z,true,false,false,false,197F,Distancia entre SE - Perpendicularidad SE,E3775,20MAR2

2026-03-20T14:19:48.410Z,true,false,false,false,198F,Distancia entre SE - Perpendicularidad SE,E3775,20MAR2

2026-03-20T14:19:53.430Z,true,false,false,false,199F,Distancia entre SE - Perpendicularidad SE,E3775,20MAR2

2026-03-20T14:19:56.436Z,true,false,false,false,201F,Distancia entre SE - Perpendicularidad SE,E3775,20MAR2

2026-03-20T14:20:01.453Z,true,false,false,false,202F,Distancia entre SE - Perpendicularidad SE,E3775,20MAR2

2026-03-20T14:20:04.484Z,true,false,false,false,203F,Distancia entre SE - Perpendicularidad SE,E3775,20MAR2

2026-03-20T14:20:07.518Z,true,false,false,false,001F,Distancia entre SE y PP,E3775,20MAR2

2026-03-20T14:20:13.565Z,true,false,false,false,210F,Distancia entre SE y PP,E3775,20MAR2

2026-03-20T14:20:17.600Z,true,false,false,false,002F,Distancia entre SE y PP,E3775,20MAR2

2026-03-20T14:20:23.646Z,true,false,false,false,211F,Distancia entre SE y PP,E3775,20MAR2

2026-03-20T14:20:30.710Z,true,false,false,false,003F,Distancia entre SE y PP,E3775,20MAR2

2026-03-20T14:20:36.758Z,true,false,false,false,tesL,PURGA DE FOTO LATERAL,E3775,20MAR2

2026-03-20T14:20:42.818Z,true,false,false,false,212L,PURGA DE FOTO LATERAL,E3775,20MAR2

2026-03-20T14:20:44.832Z,true,false,false,false,213L,PURGA DE FOTO LATERAL,E3775,20MAR2

2026-03-20T14:20:52.932Z,true,false,false,false,214L,PURGA DE FOTO LATERAL,E3775,20MAR2

2026-03-20T14:21:01.040Z,true,false,false,false,tesL,PURGA DE FOTO LATERAL,E3775,20MAR2

2026-03-20T14:21:10.052Z,true,false,false,false,216L,Presencia de soldadura TVS - Fisuras soldadura TVS,E3775,20MAR2

2026-03-20T14:21:15.120Z,true,false,false,false,217L,Presencia de soldadura TVS - Fisuras soldadura TVS,E3775,20MAR2

2026-03-20T14:21:23.196Z,true,false,false,false,218L,Presencia de soldadura TVS - Fisuras soldadura TVS,E3775,20MAR2

2026-03-20T14:21:31.282Z,true,false,false,false,tesL,PURGA DE FOTO LATERAL,E3775,20MAR2

2026-03-20T14:21:42.430Z,true,false,false,false,0T,Rectitud EC PP,E3775,20MAR2

2026-03-20T14:21:47.417Z,true,false,false,false,0Z,Rectitud EC PP,E3775,20MAR2

2026-03-20T14:21:50.435Z,true,false,false,false,222L,Rectitud EC PP,E3775,20MAR2

2026-03-20T14:21:55.482Z,true,false,false,false,223L,Rectitud EC PP,E3775,20MAR2

2026-03-20T14:21:59.523Z,true,false,false,false,224L,Rectitud EC PP,E3775,20MAR2

2026-03-20T14:22:04.539Z,true,false,false,false,225L,Rectitud EC PP,E3775,20MAR2

2026-03-20T14:22:09.574Z,true,false,false,false,226L,Rectitud EC PP,E3775,20MAR2

2026-03-20T14:22:14.584Z,true,false,false,false,227L,Rectitud EC PP,E3775,20MAR2

2026-03-20T14:22:19.635Z,true,false,false,false,tesL,PURGA DE FOTO LATERAL,E3775,20MAR2

2026-03-20T14:22:25.669Z,true,false,false,false,228L,PURGA DE FOTO LATERAL,E3775,20MAR2

2026-03-20T14:22:37.741Z,true,false,false,false,229L,PURGA DE FOTO LATERAL,E3775,20MAR2

2026-03-20T14:22:42.778Z,true,false,false,false,230L,PURGA DE FOTO LATERAL,E3775,20MAR2

2026-03-20T14:22:47.809Z,true,false,false,false,231L,PURGA DE FOTO LATERAL,E3775,20MAR2

2026-03-20T14:22:51.819Z,true,false,false,false,232L,PURGA DE FOTO LATERAL,E3775,20MAR2

2026-03-20T14:22:56.869Z,true,false,false,false,233L,PURGA DE FOTO LATERAL,E3775,20MAR2

2026-03-20T14:23:01.924Z,true,false,false,false,tesF,PURGA DE FOTO FRONTAL,E3775,20MAR2

2026-03-20T14:23:08.950Z,true,false,false,false,,,E3775,20MAR2

2026-03-20T14:24:25.683Z,false,false,false,true,,,E3775,20MAR2

2026-03-20T14:24:27.685Z,false,false,false,false,,,E3775,20MAR2

2026-03-20T16:45:26.262Z,false,false,false,false,,,DDD,DDD

2026-03-20T17:17:43.697Z,true,false,false,false,,,RTD456,AWRSDTR

2026-03-20T17:18:10.022Z,true,false,false,false,13T.1,Rectitud EC,RTD456,AWRSDTR

2026-03-20T17:20:11.325Z,true,false,false,false,13T.2,Rectitud EC,RTD456,AWRSDTR

2026-03-20T17:20:53.750Z,true,false,false,false,13T.3,Rectitud EC,RTD456,AWRSDTR

2026-03-20T17:20:55.771Z,true,false,false,false,AZ4-A,Rectitud EC,RTD456,AWRSDTR

2026-03-20T17:23:25.411Z,true,false,false,false,AZ4-B,Zapata tipo I/II 4,RTD456,AWRSDTR

2026-03-20T17:24:08.819Z,true,false,false,false,AZ3-A,Zapata tipo I/II 4,RTD456,AWRSDTR

2026-03-20T17:24:22.983Z,true,false,false,false,AZ3-B,Zapata tipo I/II 3,RTD456,AWRSDTR

2026-03-20T17:24:29.051Z,true,false,false,false,AZ2-B,Zapata tipo I/II 2,RTD456,AWRSDTR

2026-03-20T17:24:35.107Z,true,false,false,false,AZ12-A,Zapata tipo I/II 2,RTD456,AWRSDTR

2026-03-20T17:24:38.137Z,true,false,false,false,AZ1-B,Zapata tipo I/II 1,RTD456,AWRSDTR

2026-03-20T17:24:41.181Z,true,false,false,false,AZ6-B,Zapata tipo I/II 6,RTD456,AWRSDTR

2026-03-20T17:24:51.252Z,true,false,false,false,AZ56-A,Zapata tipo I/II 6,RTD456,AWRSDTR

2026-03-20T17:24:55.315Z,true,false,false,false,AZ5-B,Zapata tipo I/II 5,RTD456,AWRSDTR

2026-03-20T17:24:59.346Z,true,false,false,false,12T.1,Rectitud EC,RTD456,AWRSDTR

2026-03-20T17:25:58.972Z,true,false,false,false,12T.2,Rectitud EC,RTD456,AWRSDTR

2026-03-20T17:26:30.333Z,true,false,false,false,12T.3,Rectitud EC,RTD456,AWRSDTR

2026-03-20T17:26:31.365Z,true,false,false,false,11T.1,Rectitud EC,RTD456,AWRSDTR

2026-03-20T17:27:09.740Z,true,false,false,false,11T.2,Rectitud EC,RTD456,AWRSDTR

2026-03-20T17:27:41.072Z,true,false,false,false,11T.3,Rectitud EC,RTD456,AWRSDTR

2026-03-20T17:28:23.542Z,true,false,false,false,10T.1,Rectitud EC,RTD456,AWRSDTR

2026-03-20T17:28:28.559Z,true,false,false,false,10T.2,Rectitud EC,RTD456,AWRSDTR

2026-03-20T17:28:30.594Z,true,false,false,false,10T.3,Rectitud EC,RTD456,AWRSDTR

2026-03-20T17:28:32.585Z,true,false,false,false,9T.1,Rectitud EC,RTD456,AWRSDTR

2026-03-20T17:28:38.636Z,true,false,false,false,9T.2,Rectitud EC,RTD456,AWRSDTR

2026-03-20T17:28:39.650Z,true,false,false,false,9T.3,Rectitud EC,RTD456,AWRSDTR

2026-03-20T17:28:41.684Z,true,false,false,false,8T.1,Rectitud EC,RTD456,AWRSDTR

2026-03-20T17:28:47.750Z,true,false,false,false,8T.2,Rectitud EC,RTD456,AWRSDTR

2026-03-20T17:28:48.761Z,true,false,false,false,8T.3,Rectitud EC,RTD456,AWRSDTR

2026-03-20T17:28:50.798Z,true,false,false,false,7T.1,Rectitud EC,RTD456,AWRSDTR

2026-03-20T17:28:56.862Z,true,false,false,false,7T.2,Rectitud EC,RTD456,AWRSDTR

2026-03-20T17:28:57.877Z,true,false,false,false,7T.3,Rectitud EC,RTD456,AWRSDTR

2026-03-20T17:28:59.907Z,true,false,false,false,6T.1,Rectitud EC,RTD456,AWRSDTR

2026-03-20T17:29:05.963Z,true,false,false,false,6T.2,Rectitud EC,RTD456,AWRSDTR

2026-03-20T17:29:06.974Z,true,false,false,false,6T.3,Rectitud EC,RTD456,AWRSDTR

2026-03-20T17:29:09.010Z,true,false,false,false,5T.1,Rectitud EC,RTD456,AWRSDTR

2026-03-20T17:29:15.066Z,true,false,false,false,5T.2,Rectitud EC,RTD456,AWRSDTR

2026-03-20T17:29:17.091Z,true,false,false,false,5T.3,Rectitud EC,RTD456,AWRSDTR

2026-03-20T17:29:18.108Z,true,false,false,false,4T.1,Rectitud EC,RTD456,AWRSDTR

2026-03-20T17:29:24.151Z,true,false,false,false,4T.2,Rectitud EC,RTD456,AWRSDTR

2026-03-20T17:29:26.185Z,true,false,false,false,4T.3,Rectitud EC,RTD456,AWRSDTR

2026-03-20T17:29:28.217Z,true,false,false,false,3T.1,Rectitud EC,RTD456,AWRSDTR

2026-03-20T17:29:33.264Z,true,false,false,false,3T.2,Rectitud EC,RTD456,AWRSDTR

2026-03-20T17:29:35.295Z,true,false,false,false,3T.3,Rectitud EC,RTD456,AWRSDTR

2026-03-20T17:29:37.308Z,true,false,false,false,2T.1,Rectitud EC,RTD456,AWRSDTR

2026-03-20T17:29:43.373Z,true,false,false,false,2T.2,Rectitud EC,RTD456,AWRSDTR

2026-03-20T17:29:44.381Z,true,false,false,false,2T.3,Rectitud EC,RTD456,AWRSDTR

2026-03-20T17:29:46.408Z,true,false,false,false,1T.1,Rectitud EC,RTD456,AWRSDTR

2026-03-20T17:29:52.473Z,true,false,false,false,1T.2,Rectitud EC,RTD456,AWRSDTR

2026-03-20T17:29:53.555Z,true,false,false,false,1T.3,Rectitud EC,RTD456,AWRSDTR

2026-03-20T17:29:55.558Z,true,false,false,false,0T.3,Rectitud EC PP,RTD456,AWRSDTR

2026-03-20T17:30:01.577Z,true,false,false,false,,,RTD456,AWRSDTR

2026-03-20T17:31:17.387Z,false,false,false,true,,,RTD456,AWRSDTR

2026-03-20T17:31:23.455Z,false,false,false,false,,,RTD456,AWRSDTR

2026-03-20T18:10:50.572Z,true,false,false,false,,,HUIHU13,GYJG

2026-03-20T18:11:17.819Z,true,false,false,false,13T.1,Rectitud EC,HUIHU13,GYJG

2026-03-20T18:13:20.999Z,true,false,false,false,13T.2,Rectitud EC,HUIHU13,GYJG

2026-03-20T18:13:38.175Z,true,false,false,false,13T.3,Rectitud EC,HUIHU13,GYJG

2026-03-20T18:13:46.279Z,true,false,false,false,AZ4-B,Zapata tipo I/II 4,HUIHU13,GYJG

2026-03-20T18:13:47.266Z,true,false,false,false,AZ56-A,Zapata tipo I/II 6,HUIHU13,GYJG

2026-03-20T18:13:48.264Z,true,false,false,false,12T.1,Rectitud EC,HUIHU13,GYJG

2026-03-20T18:13:56.375Z,true,false,false,false,12T.2,Rectitud EC,HUIHU13,GYJG

2026-03-20T18:13:58.367Z,true,false,false,false,12T.3,Rectitud EC,HUIHU13,GYJG

2026-03-20T18:14:00.391Z,true,false,false,false,11T.1,Rectitud EC,HUIHU13,GYJG

2026-03-20T18:14:05.447Z,true,false,false,false,11T.2,Rectitud EC,HUIHU13,GYJG

2026-03-20T18:14:06.463Z,true,false,false,false,11T.3,Rectitud EC,HUIHU13,GYJG

2026-03-20T18:14:08.476Z,true,false,false,false,10T.1,Rectitud EC,HUIHU13,GYJG

2026-03-20T18:14:13.575Z,true,false,false,false,10T.2,Rectitud EC,HUIHU13,GYJG

2026-03-20T18:14:15.605Z,true,false,false,false,10T.3,Rectitud EC,HUIHU13,GYJG

2026-03-20T18:14:17.597Z,true,false,false,false,9T.1,Rectitud EC,HUIHU13,GYJG

2026-03-20T18:14:23.675Z,true,false,false,false,9T.2,Rectitud EC,HUIHU13,GYJG

2026-03-20T18:14:24.662Z,true,false,false,false,9T.3,Rectitud EC,HUIHU13,GYJG

2026-03-20T18:14:26.672Z,true,false,false,false,8T.1,Rectitud EC,HUIHU13,GYJG

2026-03-20T18:14:32.742Z,true,false,false,false,8T.2,Rectitud EC,HUIHU13,GYJG

2026-03-20T18:14:33.757Z,true,false,false,false,8T.3,Rectitud EC,HUIHU13,GYJG

2026-03-20T18:14:35.774Z,true,false,false,false,7T.1,Rectitud EC,HUIHU13,GYJG

2026-03-20T18:14:41.843Z,true,false,false,false,7T.2,Rectitud EC,HUIHU13,GYJG

2026-03-20T18:14:42.858Z,true,false,false,false,7T.3,Rectitud EC,HUIHU13,GYJG

2026-03-20T18:14:44.874Z,true,false,false,false,6T.1,Rectitud EC,HUIHU13,GYJG

2026-03-20T18:14:50.941Z,true,false,false,false,6T.2,Rectitud EC,HUIHU13,GYJG

2026-03-20T18:14:52.948Z,true,false,false,false,6T.3,Rectitud EC,HUIHU13,GYJG

2026-03-20T18:14:53.944Z,true,false,false,false,5T.1,Rectitud EC,HUIHU13,GYJG

2026-03-20T18:15:00.021Z,true,false,false,false,5T.2,Rectitud EC,HUIHU13,GYJG

2026-03-20T18:15:02.049Z,true,false,false,false,5T.3,Rectitud EC,HUIHU13,GYJG

2026-03-20T18:15:03.062Z,true,false,false,false,4T.1,Rectitud EC,HUIHU13,GYJG

2026-03-20T18:15:09.127Z,true,false,false,false,4T.2,Rectitud EC,HUIHU13,GYJG

2026-03-20T18:15:11.154Z,true,false,false,false,4T.3,Rectitud EC,HUIHU13,GYJG

2026-03-20T18:15:13.161Z,true,false,false,false,3T.1,Rectitud EC,HUIHU13,GYJG

2026-03-20T18:15:18.202Z,true,false,false,false,3T.2,Rectitud EC,HUIHU13,GYJG

2026-03-20T18:15:20.233Z,true,false,false,false,3T.3,Rectitud EC,HUIHU13,GYJG

2026-03-20T18:15:22.242Z,true,false,false,false,2T.1,Rectitud EC,HUIHU13,GYJG

2026-03-20T18:15:28.301Z,true,false,false,false,2T.2,Rectitud EC,HUIHU13,GYJG

2026-03-20T18:15:29.356Z,true,false,false,false,2T.3,Rectitud EC,HUIHU13,GYJG

2026-03-20T18:15:31.413Z,true,false,false,false,1T.1,Rectitud EC,HUIHU13,GYJG

2026-03-20T18:15:37.428Z,true,false,false,false,1T.2,Rectitud EC,HUIHU13,GYJG

2026-03-20T18:15:38.411Z,true,false,false,false,1T.3,Rectitud EC,HUIHU13,GYJG

2026-03-20T18:15:40.434Z,true,false,false,false,0T.1,Rectitud EC PP,HUIHU13,GYJG

2026-03-20T18:15:46.498Z,true,false,false,false,0T.2,Rectitud EC PP,HUIHU13,GYJG

2026-03-20T18:15:48.574Z,true,false,false,false,0T.3,Rectitud EC PP,HUIHU13,GYJG

2026-03-20T18:15:49.577Z,true,false,false,false,,,HUIHU13,GYJG

2026-03-20T18:17:05.296Z,false,false,false,true,,,HUIHU13,GYJG

2026-03-20T18:20:59.644Z,false,false,false,false,,,HUIHU13,GYJG

2026-03-20T18:21:00.666Z,false,false,false,true,,,HUIHU13,GYJG

2026-03-20T18:23:40.331Z,false,false,false,false,,,HUIHU13,GYJG

2026-03-20T18:23:41.336Z,false,false,false,true,,,HUIHU13,GYJG

2026-03-20T18:27:15.610Z,false,false,false,false,,,HUIHU13,GYJG

2026-03-20T18:30:11.382Z,true,false,false,false,,,CVY456,FTFTYU

2026-03-20T18:30:38.680Z,true,false,false,false,13T.1,Rectitud EC,CVY456,FTFTYU

2026-03-20T18:30:56.893Z,true,false,false,false,13T.2,Rectitud EC,CVY456,FTFTYU

2026-03-20T18:30:58.928Z,true,false,false,false,13T.3,Rectitud EC,CVY456,FTFTYU

2026-03-20T18:31:00.951Z,true,false,false,false,AZ2-B,Zapata tipo I/II 2,CVY456,FTFTYU

2026-03-20T18:31:01.954Z,true,false,false,false,12T.1,Rectitud EC,CVY456,FTFTYU

2026-03-20T18:31:06.001Z,true,false,false,false,12T.2,Rectitud EC,CVY456,FTFTYU

2026-03-20T18:31:07.048Z,true,false,false,false,12T.3,Rectitud EC,CVY456,FTFTYU

2026-03-20T18:31:09.037Z,true,false,false,false,11T.1,Rectitud EC,CVY456,FTFTYU

2026-03-20T18:31:14.086Z,true,false,false,false,11T.2,Rectitud EC,CVY456,FTFTYU

2026-03-20T18:31:16.111Z,true,false,false,false,11T.3,Rectitud EC,CVY456,FTFTYU

2026-03-20T18:31:17.135Z,true,false,false,false,10T.1,Rectitud EC,CVY456,FTFTYU

2026-03-20T18:31:23.220Z,true,false,false,false,10T.2,Rectitud EC,CVY456,FTFTYU

2026-03-20T18:31:24.211Z,true,false,false,false,10T.3,Rectitud EC,CVY456,FTFTYU

2026-03-20T18:31:26.236Z,true,false,false,false,9T.1,Rectitud EC,CVY456,FTFTYU

2026-03-20T18:31:32.304Z,true,false,false,false,9T.2,Rectitud EC,CVY456,FTFTYU

2026-03-20T18:31:33.318Z,true,false,false,false,9T.3,Rectitud EC,CVY456,FTFTYU

2026-03-20T18:31:35.344Z,true,false,false,false,8T.1,Rectitud EC,CVY456,FTFTYU

2026-03-20T18:31:41.409Z,true,false,false,false,8T.2,Rectitud EC,CVY456,FTFTYU

2026-03-20T18:31:43.410Z,true,false,false,false,8T.3,Rectitud EC,CVY456,FTFTYU

2026-03-20T18:31:44.433Z,true,false,false,false,7T.1,Rectitud EC,CVY456,FTFTYU

2026-03-20T18:31:50.491Z,true,false,false,false,7T.2,Rectitud EC,CVY456,FTFTYU

2026-03-20T18:31:52.596Z,true,false,false,false,7T.3,Rectitud EC,CVY456,FTFTYU

2026-03-20T18:31:53.579Z,true,false,false,false,6T.1,Rectitud EC,CVY456,FTFTYU

2026-03-20T18:31:59.622Z,true,false,false,false,6T.2,Rectitud EC,CVY456,FTFTYU

2026-03-20T18:32:01.624Z,true,false,false,false,6T.3,Rectitud EC,CVY456,FTFTYU

2026-03-20T18:32:03.645Z,true,false,false,false,5T.1,Rectitud EC,CVY456,FTFTYU

2026-03-20T18:32:08.767Z,true,false,false,false,5T.2,Rectitud EC,CVY456,FTFTYU

2026-03-20T18:32:10.724Z,true,false,false,false,5T.3,Rectitud EC,CVY456,FTFTYU

2026-03-20T18:32:12.751Z,true,false,false,false,4T.1,Rectitud EC,CVY456,FTFTYU

2026-03-20T18:32:18.785Z,true,false,false,false,4T.2,Rectitud EC,CVY456,FTFTYU

2026-03-20T18:32:19.799Z,true,false,false,false,4T.3,Rectitud EC,CVY456,FTFTYU

2026-03-20T18:32:21.828Z,true,false,false,false,3T.1,Rectitud EC,CVY456,FTFTYU

2026-03-20T18:32:27.879Z,true,false,false,false,3T.2,Rectitud EC,CVY456,FTFTYU

2026-03-20T18:32:28.917Z,true,false,false,false,3T.3,Rectitud EC,CVY456,FTFTYU

2026-03-20T18:32:30.936Z,true,false,false,false,2T.1,Rectitud EC,CVY456,FTFTYU

2026-03-20T18:32:36.995Z,true,false,false,false,2T.2,Rectitud EC,CVY456,FTFTYU

2026-03-20T18:32:39.032Z,true,false,false,false,2T.3,Rectitud EC,CVY456,FTFTYU

2026-03-20T18:32:40.046Z,true,false,false,false,1T.1,Rectitud EC,CVY456,FTFTYU

2026-03-20T18:32:46.108Z,true,false,false,false,1T.2,Rectitud EC,CVY456,FTFTYU

2026-03-20T18:32:48.121Z,true,false,false,false,1T.3,Rectitud EC,CVY456,FTFTYU

2026-03-20T18:32:49.144Z,true,false,false,false,0T.1,Rectitud EC PP,CVY456,FTFTYU

2026-03-20T18:32:56.214Z,true,false,false,false,0T.2,Rectitud EC PP,CVY456,FTFTYU

2026-03-20T18:32:57.275Z,true,false,false,false,0T.3,Rectitud EC PP,CVY456,FTFTYU

2026-03-20T18:32:58.276Z,true,false,false,false,,,CVY456,FTFTYU

2026-03-20T18:34:14.031Z,false,false,false,true,,,CVY456,FTFTYU

2026-03-20T18:34:21.103Z,false,false,false,false,,,CVY456,FTFTYU

2026-03-20T18:58:44.624Z,true,false,false,false,,,E7574,20MAR7

2026-03-20T18:59:11.876Z,true,false,false,false,13T.1,Rectitud EC,E7574,20MAR7

2026-03-20T18:59:30.103Z,true,false,false,false,13T.2,Rectitud EC,E7574,20MAR7

2026-03-20T18:59:32.131Z,true,false,false,false,13T.3,Rectitud EC,E7574,20MAR7

2026-03-20T18:59:33.138Z,true,false,false,false,AZ4-A,Rectitud EC,E7574,20MAR7

2026-03-20T19:03:04.419Z,true,false,false,false,AZ4-B,Zapata tipo I/II 4,E7574,20MAR7

2026-03-20T19:03:07.369Z,true,false,false,false,AZ3-A,Zapata tipo I/II 4,E7574,20MAR7

2026-03-20T19:03:11.381Z,true,false,false,false,AZ3-B,Zapata tipo I/II 3,E7574,20MAR7

2026-03-20T19:03:14.434Z,true,false,false,false,AZ2-B,Zapata tipo I/II 2,E7574,20MAR7

2026-03-20T19:03:18.419Z,true,false,false,false,AZ12-A,Zapata tipo I/II 2,E7574,20MAR7

2026-03-20T19:03:21.460Z,true,false,false,false,AZ1-B,Zapata tipo I/II 1,E7574,20MAR7

2026-03-20T19:03:23.483Z,true,false,false,false,AZ6-B,Zapata tipo I/II 6,E7574,20MAR7

2026-03-20T19:03:31.580Z,true,false,false,false,AZ56-A,Zapata tipo I/II 6,E7574,20MAR7

2026-03-20T19:03:34.594Z,true,false,false,false,AZ5-B,Zapata tipo I/II 5,E7574,20MAR7

2026-03-20T19:03:37.626Z,true,false,false,false,tesF,PURGA DE FOTO FRONTAL,E7574,20MAR7

2026-03-20T19:03:38.630Z,true,false,false,false,1F,PURGA DE FOTO FRONTAL,E7574,20MAR7

2026-03-20T19:03:42.693Z,true,false,false,false,2F,PURGA DE FOTO FRONTAL,E7574,20MAR7

2026-03-20T19:03:46.697Z,true,false,false,false,3F,Distancia entre SE - Perpendicularidad SE,E7574,20MAR7

2026-03-20T19:03:50.731Z,true,false,false,false,4F,Distancia entre SE - Perpendicularidad SE,E7574,20MAR7

2026-03-20T19:03:53.761Z,true,false,false,false,5F,Distancia entre SE - Perpendicularidad SE,E7574,20MAR7

2026-03-20T19:03:57.804Z,true,false,false,false,6F,Distancia entre SE - Perpendicularidad SE,E7574,20MAR7

2026-03-20T19:03:59.812Z,true,false,false,false,7F,Distancia entre SE - Perpendicularidad SE,E7574,20MAR7

2026-03-20T19:04:02.835Z,true,false,false,false,9F,Distancia entre SE - Perpendicularidad SE,E7574,20MAR7

2026-03-20T19:04:07.878Z,true,false,false,false,10F,Distancia entre SE - Perpendicularidad SE,E7574,20MAR7

2026-03-20T19:04:11.928Z,true,false,false,false,11F,Distancia entre SE - Perpendicularidad SE,E7574,20MAR7

2026-03-20T19:04:14.950Z,true,false,false,false,12F,Distancia entre SE - Perpendicularidad SE,E7574,20MAR7

2026-03-20T19:04:16.959Z,true,false,false,false,tesL,PURGA DE FOTO LATERAL,E7574,20MAR7

2026-03-20T19:04:24.019Z,true,false,false,false,13L,PURGA DE FOTO LATERAL,E7574,20MAR7

2026-03-20T19:04:25.032Z,true,false,false,false,14L,PURGA DE FOTO LATERAL,E7574,20MAR7

2026-03-20T19:04:30.116Z,true,false,false,false,15L,PURGA DE FOTO LATERAL,E7574,20MAR7

2026-03-20T19:04:34.171Z,true,false,false,false,16L,PURGA DE FOTO LATERAL,E7574,20MAR7

2026-03-20T19:04:38.198Z,true,false,false,false,17L,PURGA DE FOTO LATERAL,E7574,20MAR7

2026-03-20T19:04:44.250Z,true,false,false,false,18L,PURGA DE FOTO LATERAL,E7574,20MAR7

2026-03-20T19:04:47.275Z,true,false,false,false,19L,PURGA DE FOTO LATERAL,E7574,20MAR7

2026-03-20T19:04:51.335Z,true,false,false,false,tesF,PURGA DE FOTO FRONTAL,E7574,20MAR7

2026-03-20T19:04:58.423Z,true,false,false,false,21F,PURGA DE FOTO FRONTAL,E7574,20MAR7

2026-03-20T19:05:02.441Z,true,false,false,false,22F,PURGA DE FOTO FRONTAL,E7574,20MAR7

2026-03-20T19:05:10.533Z,true,false,false,false,23F,PURGA DE FOTO FRONTAL,E7574,20MAR7

2026-03-20T19:05:18.596Z,true,false,false,false,12T.1,Rectitud EC,E7574,20MAR7

2026-03-20T19:05:23.649Z,true,false,false,false,12T.2,Rectitud EC,E7574,20MAR7

2026-03-20T19:05:24.664Z,true,false,false,false,12T.3,Rectitud EC,E7574,20MAR7

2026-03-20T19:05:26.695Z,true,false,false,false,tesL,PURGA DE FOTO LATERAL,E7574,20MAR7

2026-03-20T19:05:32.770Z,true,false,false,false,24L,PURGA DE FOTO LATERAL,E7574,20MAR7

2026-03-20T19:05:35.806Z,true,false,false,false,25L,PURGA DE FOTO LATERAL,E7574,20MAR7

2026-03-20T19:05:40.847Z,true,false,false,false,26L,PURGA DE FOTO LATERAL,E7574,20MAR7

2026-03-20T19:05:46.946Z,true,false,false,false,27L,PURGA DE FOTO LATERAL,E7574,20MAR7

2026-03-20T19:05:53.016Z,true,false,false,false,28L,PURGA DE FOTO LATERAL,E7574,20MAR7

2026-03-20T19:05:59.063Z,true,false,false,false,tesF,PURGA DE FOTO FRONTAL,E7574,20MAR7

2026-03-20T19:06:06.137Z,true,false,false,false,29F,Distancia entre SE - Perpendicularidad SE,E7574,20MAR7

2026-03-20T19:06:09.172Z,true,false,false,false,30F,Distancia entre SE - Perpendicularidad SE,E7574,20MAR7

2026-03-20T19:06:13.243Z,true,false,false,false,31F,Distancia entre SE - Perpendicularidad SE,E7574,20MAR7

2026-03-20T19:06:17.277Z,true,false,false,false,32F,Distancia entre SE - Perpendicularidad SE,E7574,20MAR7

2026-03-20T19:06:20.356Z,true,false,false,false,33F,Distancia entre SE - Perpendicularidad SE,E7574,20MAR7

2026-03-20T19:06:25.385Z,true,false,false,false,34F,Distancia entre SE - Perpendicularidad SE,E7574,20MAR7

2026-03-20T19:06:28.412Z,true,false,false,false,36F,Distancia entre SE - Perpendicularidad SE,E7574,20MAR7

2026-03-20T19:06:33.445Z,true,false,false,false,37F,Distancia entre SE - Perpendicularidad SE,E7574,20MAR7

2026-03-20T19:06:36.486Z,true,false,false,false,38F,Distancia entre SE - Perpendicularidad SE,E7574,20MAR7

2026-03-20T19:06:39.515Z,true,false,false,false,11T.1,Rectitud EC,E7574,20MAR7

2026-03-20T19:06:46.581Z,true,false,false,false,11T.2,Rectitud EC,E7574,20MAR7

2026-03-20T19:06:47.614Z,true,false,false,false,11T.3,Rectitud EC,E7574,20MAR7

2026-03-20T19:06:49.627Z,true,false,false,false,tesL,PURGA DE FOTO LATERAL,E7574,20MAR7

2026-03-20T19:06:55.692Z,true,false,false,false,39L,PURGA DE FOTO LATERAL,E7574,20MAR7

2026-03-20T19:06:58.715Z,true,false,false,false,40L,PURGA DE FOTO LATERAL,E7574,20MAR7

2026-03-20T19:07:03.730Z,true,false,false,false,41L,PURGA DE FOTO LATERAL,E7574,20MAR7

2026-03-20T19:07:09.811Z,true,false,false,false,42L,PURGA DE FOTO LATERAL,E7574,20MAR7

2026-03-20T19:07:15.860Z,true,false,false,false,43L,PURGA DE FOTO LATERAL,E7574,20MAR7

2026-03-20T19:07:21.940Z,true,false,false,false,tesF,PURGA DE FOTO FRONTAL,E7574,20MAR7

2026-03-20T19:07:29.040Z,true,false,false,false,44F,Distancia entre SE - Perpendicularidad SE,E7574,20MAR7

2026-03-20T19:07:32.066Z,true,false,false,false,45F,Distancia entre SE - Perpendicularidad SE,E7574,20MAR7

2026-03-20T19:07:36.110Z,true,false,false,false,46F,Distancia entre SE - Perpendicularidad SE,E7574,20MAR7

2026-03-20T19:07:40.155Z,true,false,false,false,47F,Distancia entre SE - Perpendicularidad SE,E7574,20MAR7

2026-03-20T19:07:44.207Z,true,false,false,false,48F,Distancia entre SE - Perpendicularidad SE,E7574,20MAR7

2026-03-20T19:07:48.252Z,true,false,false,false,49F,Distancia entre SE - Perpendicularidad SE,E7574,20MAR7

2026-03-20T19:07:51.289Z,true,false,false,false,51F,Distancia entre SE - Perpendicularidad SE,E7574,20MAR7

2026-03-20T19:07:56.369Z,true,false,false,false,52F,Distancia entre SE - Perpendicularidad SE,E7574,20MAR7

2026-03-20T19:07:59.388Z,true,false,false,false,53F,Distancia entre SE - Perpendicularidad SE,E7574,20MAR7

2026-03-20T19:08:02.414Z,true,false,false,false,10T.1,Rectitud EC,E7574,20MAR7

2026-03-20T19:08:09.499Z,true,false,false,false,10T.2,Rectitud EC,E7574,20MAR7

2026-03-20T19:08:11.529Z,true,false,false,false,10T.3,Rectitud EC,E7574,20MAR7

2026-03-20T19:08:12.530Z,true,false,false,false,tesL,PURGA DE FOTO LATERAL,E7574,20MAR7

2026-03-20T19:08:19.597Z,true,false,false,false,54L,PURGA DE FOTO LATERAL,E7574,20MAR7

2026-03-20T19:08:22.626Z,true,false,false,false,55L,PURGA DE FOTO LATERAL,E7574,20MAR7

2026-03-20T19:08:27.684Z,true,false,false,false,56L,PURGA DE FOTO LATERAL,E7574,20MAR7

2026-03-20T19:08:33.764Z,true,false,false,false,57L,PURGA DE FOTO LATERAL,E7574,20MAR7

2026-03-20T19:08:39.841Z,true,false,false,false,58L,PURGA DE FOTO LATERAL,E7574,20MAR7

2026-03-20T19:08:45.914Z,true,false,false,false,tesF,PURGA DE FOTO FRONTAL,E7574,20MAR7

2026-03-20T19:08:51.973Z,true,false,false,false,59F,Distancia entre SE - Perpendicularidad SE,E7574,20MAR7

2026-03-20T19:08:55.017Z,true,false,false,false,60F,Distancia entre SE - Perpendicularidad SE,E7574,20MAR7

2026-03-20T19:09:00.039Z,true,false,false,false,61F,Distancia entre SE - Perpendicularidad SE,E7574,20MAR7

2026-03-20T19:09:04.074Z,true,false,false,false,62F,Distancia entre SE - Perpendicularidad SE,E7574,20MAR7

2026-03-20T19:09:07.120Z,true,false,false,false,63F,Distancia entre SE - Perpendicularidad SE,E7574,20MAR7

2026-03-20T19:09:12.171Z,true,false,false,false,64F,Distancia entre SE - Perpendicularidad SE,E7574,20MAR7

2026-03-20T19:09:15.199Z,true,false,false,false,66F,Distancia entre SE - Perpendicularidad SE,E7574,20MAR7

2026-03-20T19:09:20.256Z,true,false,false,false,67F,Distancia entre SE - Perpendicularidad SE,E7574,20MAR7

2026-03-20T19:09:23.368Z,true,false,false,false,68F,Distancia entre SE - Perpendicularidad SE,E7574,20MAR7

2026-03-20T19:09:26.361Z,true,false,false,false,9T.1,Rectitud EC,E7574,20MAR7

2026-03-20T19:09:33.423Z,true,false,false,false,9T.2,Rectitud EC,E7574,20MAR7

2026-03-20T19:09:35.450Z,true,false,false,false,9T.3,Rectitud EC,E7574,20MAR7

2026-03-20T19:09:37.466Z,true,false,false,false,tesL,PURGA DE FOTO LATERAL,E7574,20MAR7

2026-03-20T19:09:43.483Z,true,false,false,false,69L,PURGA DE FOTO LATERAL,E7574,20MAR7

2026-03-20T19:09:46.515Z,true,false,false,false,70L,PURGA DE FOTO LATERAL,E7574,20MAR7

2026-03-20T19:09:51.573Z,true,false,false,false,71L,PURGA DE FOTO LATERAL,E7574,20MAR7

2026-03-20T19:09:57.638Z,true,false,false,false,72L,PURGA DE FOTO LATERAL,E7574,20MAR7

2026-03-20T19:10:03.718Z,true,false,false,false,73L,PURGA DE FOTO LATERAL,E7574,20MAR7

2026-03-20T19:10:09.792Z,true,false,false,false,tesF,PURGA DE FOTO FRONTAL,E7574,20MAR7

2026-03-20T19:10:15.858Z,true,false,false,false,74F,Distancia entre SE - Perpendicularidad SE,E7574,20MAR7

2026-03-20T19:10:19.877Z,true,false,false,false,75F,Distancia entre SE - Perpendicularidad SE,E7574,20MAR7

2026-03-20T19:10:23.936Z,true,false,false,false,76F,Distancia entre SE - Perpendicularidad SE,E7574,20MAR7

2026-03-20T19:10:27.998Z,true,false,false,false,77F,Distancia entre SE - Perpendicularidad SE,E7574,20MAR7

2026-03-20T19:10:31.000Z,true,false,false,false,78F,Distancia entre SE - Perpendicularidad SE,E7574,20MAR7

2026-03-20T19:10:36.049Z,true,false,false,false,79F,Distancia entre SE - Perpendicularidad SE,E7574,20MAR7

2026-03-20T19:10:39.077Z,true,false,false,false,81F,Distancia entre SE - Perpendicularidad SE,E7574,20MAR7

2026-03-20T19:10:44.116Z,true,false,false,false,82F,Distancia entre SE - Perpendicularidad SE,E7574,20MAR7

2026-03-20T19:10:47.141Z,true,false,false,false,83F,Distancia entre SE - Perpendicularidad SE,E7574,20MAR7

2026-03-20T19:10:50.183Z,true,false,false,false,8T.1,Rectitud EC,E7574,20MAR7

2026-03-20T19:10:58.271Z,true,false,false,false,8T.2,Rectitud EC,E7574,20MAR7

2026-03-20T19:10:59.290Z,true,false,false,false,8T.3,Rectitud EC,E7574,20MAR7

2026-03-20T19:11:01.358Z,true,false,false,false,tesL,PURGA DE FOTO LATERAL,E7574,20MAR7

2026-03-20T19:11:07.410Z,true,false,false,false,84L,PURGA DE FOTO LATERAL,E7574,20MAR7

2026-03-20T19:11:10.453Z,true,false,false,false,85L,PURGA DE FOTO LATERAL,E7574,20MAR7

2026-03-20T19:11:15.502Z,true,false,false,false,86L,PURGA DE FOTO LATERAL,E7574,20MAR7

2026-03-20T19:11:21.571Z,true,false,false,false,87L,PURGA DE FOTO LATERAL,E7574,20MAR7

2026-03-20T19:11:27.640Z,true,false,false,false,88L,PURGA DE FOTO LATERAL,E7574,20MAR7

2026-03-20T19:11:33.703Z,true,false,false,false,tesF,PURGA DE FOTO FRONTAL,E7574,20MAR7

2026-03-20T19:11:40.751Z,true,false,false,false,89F,Distancia entre SE - Perpendicularidad SE,E7574,20MAR7

2026-03-20T19:11:43.768Z,true,false,false,false,90F,Distancia entre SE - Perpendicularidad SE,E7574,20MAR7

2026-03-20T19:11:47.827Z,true,false,false,false,91F,Distancia entre SE - Perpendicularidad SE,E7574,20MAR7

2026-03-20T19:11:51.876Z,true,false,false,false,92F,Distancia entre SE - Perpendicularidad SE,E7574,20MAR7

2026-03-20T19:11:54.916Z,true,false,false,false,93F,Distancia entre SE - Perpendicularidad SE,E7574,20MAR7

2026-03-20T19:11:59.964Z,true,false,false,false,94F,Distancia entre SE - Perpendicularidad SE,E7574,20MAR7

2026-03-20T19:12:02.989Z,true,false,false,false,96F,Distancia entre SE - Perpendicularidad SE,E7574,20MAR7

2026-03-20T19:12:08.049Z,true,false,false,false,97F,Distancia entre SE - Perpendicularidad SE,E7574,20MAR7

2026-03-20T19:12:11.092Z,true,false,false,false,98F,Distancia entre SE - Perpendicularidad SE,E7574,20MAR7

2026-03-20T19:12:14.128Z,true,false,false,false,7T.1,Rectitud EC,E7574,20MAR7

2026-03-20T19:12:22.178Z,true,false,false,false,7T.2,Rectitud EC,E7574,20MAR7

2026-03-20T19:12:23.187Z,true,false,false,false,7T.3,Rectitud EC,E7574,20MAR7

2026-03-20T19:12:25.229Z,true,false,false,false,tesL,PURGA DE FOTO LATERAL,E7574,20MAR7

2026-03-20T19:12:31.261Z,true,false,false,false,99L,PURGA DE FOTO LATERAL,E7574,20MAR7

2026-03-20T19:12:34.371Z,true,false,false,false,100L,PURGA DE FOTO LATERAL,E7574,20MAR7

2026-03-20T19:12:39.377Z,true,false,false,false,101L,PURGA DE FOTO LATERAL,E7574,20MAR7

2026-03-20T19:12:45.435Z,true,false,false,false,102L,PURGA DE FOTO LATERAL,E7574,20MAR7

2026-03-20T19:12:51.488Z,true,false,false,false,103L,PURGA DE FOTO LATERAL,E7574,20MAR7

2026-03-20T19:12:57.541Z,true,false,false,false,tesF,PURGA DE FOTO FRONTAL,E7574,20MAR7

2026-03-20T19:13:04.579Z,true,false,false,false,104F,Distancia entre SE - Perpendicularidad SE,E7574,20MAR7

2026-03-20T19:13:07.621Z,true,false,false,false,105F,Distancia entre SE - Perpendicularidad SE,E7574,20MAR7

2026-03-20T19:13:11.652Z,true,false,false,false,106F,Distancia entre SE - Perpendicularidad SE,E7574,20MAR7

2026-03-20T19:13:15.729Z,true,false,false,false,107F,Distancia entre SE - Perpendicularidad SE,E7574,20MAR7

2026-03-20T19:13:19.772Z,true,false,false,false,108F,Distancia entre SE - Perpendicularidad SE,E7574,20MAR7

2026-03-20T19:13:23.835Z,true,false,false,false,109F,Distancia entre SE - Perpendicularidad SE,E7574,20MAR7

2026-03-20T19:13:26.867Z,true,false,false,false,111F,Distancia entre SE - Perpendicularidad SE,E7574,20MAR7

2026-03-20T19:13:31.916Z,true,false,false,false,112F,Distancia entre SE - Perpendicularidad SE,E7574,20MAR7

2026-03-20T19:13:34.948Z,true,false,false,false,113F,Distancia entre SE - Perpendicularidad SE,E7574,20MAR7

2026-03-20T19:13:37.984Z,true,false,false,false,6T.1,Rectitud EC,E7574,20MAR7

2026-03-20T19:13:46.094Z,true,false,false,false,6T.2,Rectitud EC,E7574,20MAR7

2026-03-20T19:13:47.113Z,true,false,false,false,6T.3,Rectitud EC,E7574,20MAR7

2026-03-20T19:13:49.129Z,true,false,false,false,tesL,PURGA DE FOTO LATERAL,E7574,20MAR7

2026-03-20T19:13:56.213Z,true,false,false,false,114L,PURGA DE FOTO LATERAL,E7574,20MAR7

2026-03-20T19:13:59.228Z,true,false,false,false,115L,PURGA DE FOTO LATERAL,E7574,20MAR7

2026-03-20T19:14:04.271Z,true,false,false,false,116L,PURGA DE FOTO LATERAL,E7574,20MAR7

2026-03-20T19:14:09.362Z,true,false,false,false,117L,PURGA DE FOTO LATERAL,E7574,20MAR7

2026-03-20T19:14:16.391Z,true,false,false,false,118L,PURGA DE FOTO LATERAL,E7574,20MAR7

2026-03-20T19:14:21.450Z,true,false,false,false,tesF,PURGA DE FOTO FRONTAL,E7574,20MAR7

2026-03-20T19:14:28.525Z,true,false,false,false,119F,Distancia entre SE - Perpendicularidad SE,E7574,20MAR7

2026-03-20T19:14:31.533Z,true,false,false,false,120F,Distancia entre SE - Perpendicularidad SE,E7574,20MAR7

2026-03-20T19:14:36.565Z,true,false,false,false,121F,Distancia entre SE - Perpendicularidad SE,E7574,20MAR7

2026-03-20T19:14:39.594Z,true,false,false,false,122F,Distancia entre SE - Perpendicularidad SE,E7574,20MAR7

2026-03-20T19:14:43.651Z,true,false,false,false,123F,Distancia entre SE - Perpendicularidad SE,E7574,20MAR7

2026-03-20T19:14:47.676Z,true,false,false,false,124F,Distancia entre SE - Perpendicularidad SE,E7574,20MAR7

2026-03-20T19:14:51.720Z,true,false,false,false,126F,Distancia entre SE - Perpendicularidad SE,E7574,20MAR7

2026-03-20T19:14:55.746Z,true,false,false,false,127F,Distancia entre SE - Perpendicularidad SE,E7574,20MAR7

2026-03-20T19:14:59.787Z,true,false,false,false,128F,Distancia entre SE - Perpendicularidad SE,E7574,20MAR7

2026-03-20T19:15:02.825Z,true,false,false,false,5T.1,Rectitud EC,E7574,20MAR7

2026-03-20T19:15:09.853Z,true,false,false,false,5T.2,Rectitud EC,E7574,20MAR7

2026-03-20T19:15:11.877Z,true,false,false,false,5T.3,Rectitud EC,E7574,20MAR7

2026-03-20T19:15:12.891Z,true,false,false,false,tesL,PURGA DE FOTO LATERAL,E7574,20MAR7

2026-03-20T19:15:19.971Z,true,false,false,false,129L,PURGA DE FOTO LATERAL,E7574,20MAR7

2026-03-20T19:15:23.017Z,true,false,false,false,130L,PURGA DE FOTO LATERAL,E7574,20MAR7

2026-03-20T19:15:28.039Z,true,false,false,false,131L,PURGA DE FOTO LATERAL,E7574,20MAR7

2026-03-20T19:15:34.082Z,true,false,false,false,132L,PURGA DE FOTO LATERAL,E7574,20MAR7

2026-03-20T19:15:40.133Z,true,false,false,false,133L,PURGA DE FOTO LATERAL,E7574,20MAR7

2026-03-20T19:15:46.204Z,true,false,false,false,tesF,PURGA DE FOTO FRONTAL,E7574,20MAR7

2026-03-20T19:15:52.268Z,true,false,false,false,134F,Distancia entre SE - Perpendicularidad SE,E7574,20MAR7

2026-03-20T19:15:56.367Z,true,false,false,false,135F,Distancia entre SE - Perpendicularidad SE,E7574,20MAR7

2026-03-20T19:16:00.363Z,true,false,false,false,136F,Distancia entre SE - Perpendicularidad SE,E7574,20MAR7

2026-03-20T19:16:04.400Z,true,false,false,false,137F,Distancia entre SE - Perpendicularidad SE,E7574,20MAR7

2026-03-20T19:16:07.392Z,true,false,false,false,138F,Distancia entre SE - Perpendicularidad SE,E7574,20MAR7

2026-03-20T19:16:12.454Z,true,false,false,false,139F,Distancia entre SE - Perpendicularidad SE,E7574,20MAR7

2026-03-20T19:16:15.456Z,true,false,false,false,141F,Distancia entre SE - Perpendicularidad SE,E7574,20MAR7

2026-03-20T19:16:20.504Z,true,false,false,false,142F,Distancia entre SE - Perpendicularidad SE,E7574,20MAR7

2026-03-20T19:16:23.516Z,true,false,false,false,143F,Distancia entre SE - Perpendicularidad SE,E7574,20MAR7

2026-03-20T19:16:26.535Z,true,false,false,false,4T.1,Rectitud EC,E7574,20MAR7

2026-03-20T19:16:34.631Z,true,false,false,false,4T.2,Rectitud EC,E7574,20MAR7

2026-03-20T19:16:35.644Z,true,false,false,false,4T.3,Rectitud EC,E7574,20MAR7

2026-03-20T19:16:37.660Z,true,false,false,false,tesL,PURGA DE FOTO LATERAL,E7574,20MAR7

2026-03-20T19:16:43.702Z,true,false,false,false,144L,PURGA DE FOTO LATERAL,E7574,20MAR7

2026-03-20T19:16:47.760Z,true,false,false,false,145L,PURGA DE FOTO LATERAL,E7574,20MAR7

2026-03-20T19:16:51.810Z,true,false,false,false,146L,PURGA DE FOTO LATERAL,E7574,20MAR7

2026-03-20T19:16:57.867Z,true,false,false,false,147L,PURGA DE FOTO LATERAL,E7574,20MAR7

2026-03-20T19:17:03.947Z,true,false,false,false,148L,PURGA DE FOTO LATERAL,E7574,20MAR7

2026-03-20T19:17:09.999Z,true,false,false,false,tesF,PURGA DE FOTO FRONTAL,E7574,20MAR7

2026-03-20T19:17:17.061Z,true,false,false,false,149F,Distancia entre SE - Perpendicularidad SE,E7574,20MAR7

2026-03-20T19:17:20.072Z,true,false,false,false,150F,Distancia entre SE - Perpendicularidad SE,E7574,20MAR7

2026-03-20T19:17:24.077Z,true,false,false,false,151F,Distancia entre SE - Perpendicularidad SE,E7574,20MAR7

2026-03-20T19:17:28.120Z,true,false,false,false,152F,Distancia entre SE - Perpendicularidad SE,E7574,20MAR7

2026-03-20T19:17:32.146Z,true,false,false,false,153F,Distancia entre SE - Perpendicularidad SE,E7574,20MAR7

2026-03-20T19:17:36.181Z,true,false,false,false,154F,Distancia entre SE - Perpendicularidad SE,E7574,20MAR7

2026-03-20T19:17:39.218Z,true,false,false,false,156F,Distancia entre SE - Perpendicularidad SE,E7574,20MAR7

2026-03-20T19:17:44.246Z,true,false,false,false,157F,Distancia entre SE - Perpendicularidad SE,E7574,20MAR7

2026-03-20T19:17:47.258Z,true,false,false,false,158F,Distancia entre SE - Perpendicularidad SE,E7574,20MAR7

2026-03-20T19:17:51.369Z,true,false,false,false,3T.1,Rectitud EC,E7574,20MAR7

2026-03-20T19:17:58.382Z,true,false,false,false,3T.2,Rectitud EC,E7574,20MAR7

2026-03-20T19:18:00.380Z,true,false,false,false,3T.3,Rectitud EC,E7574,20MAR7

2026-03-20T19:18:01.406Z,true,false,false,false,tesL,PURGA DE FOTO LATERAL,E7574,20MAR7

2026-03-20T19:18:08.466Z,true,false,false,false,159L,PURGA DE FOTO LATERAL,E7574,20MAR7

2026-03-20T19:18:11.468Z,true,false,false,false,160L,PURGA DE FOTO LATERAL,E7574,20MAR7

2026-03-20T19:18:16.516Z,true,false,false,false,161L,PURGA DE FOTO LATERAL,E7574,20MAR7

2026-03-20T19:18:22.564Z,true,false,false,false,162L,PURGA DE FOTO LATERAL,E7574,20MAR7

2026-03-20T19:18:28.608Z,true,false,false,false,163L,PURGA DE FOTO LATERAL,E7574,20MAR7

2026-03-20T19:18:34.665Z,true,false,false,false,tesF,PURGA DE FOTO FRONTAL,E7574,20MAR7

2026-03-20T19:18:40.721Z,true,false,false,false,164F,Distancia entre SE - Perpendicularidad SE,E7574,20MAR7

2026-03-20T19:18:43.743Z,true,false,false,false,165F,Distancia entre SE - Perpendicularidad SE,E7574,20MAR7

2026-03-20T19:18:48.792Z,true,false,false,false,166F,Distancia entre SE - Perpendicularidad SE,E7574,20MAR7

2026-03-20T19:18:51.836Z,true,false,false,false,167F,Distancia entre SE - Perpendicularidad SE,E7574,20MAR7

2026-03-20T19:18:55.869Z,true,false,false,false,168F,Distancia entre SE - Perpendicularidad SE,E7574,20MAR7

2026-03-20T19:18:59.883Z,true,false,false,false,169F,Distancia entre SE - Perpendicularidad SE,E7574,20MAR7

2026-03-20T19:19:03.920Z,true,false,false,false,171F,Distancia entre SE - Perpendicularidad SE,E7574,20MAR7

2026-03-20T19:19:07.939Z,true,false,false,false,172F,Distancia entre SE - Perpendicularidad SE,E7574,20MAR7

2026-03-20T19:19:11.973Z,true,false,false,false,173F,Distancia entre SE - Perpendicularidad SE,E7574,20MAR7

2026-03-20T19:19:14.993Z,true,false,false,false,2T.1,Rectitud EC,E7574,20MAR7

2026-03-20T19:19:22.055Z,true,false,false,false,2T.2,Rectitud EC,E7574,20MAR7

2026-03-20T19:19:24.073Z,true,false,false,false,2T.3,Rectitud EC,E7574,20MAR7

2026-03-20T19:19:25.082Z,true,false,false,false,tesL,PURGA DE FOTO LATERAL,E7574,20MAR7

2026-03-20T19:19:32.159Z,true,false,false,false,174L,PURGA DE FOTO LATERAL,E7574,20MAR7

2026-03-20T19:19:35.175Z,true,false,false,false,175L,PURGA DE FOTO LATERAL,E7574,20MAR7

2026-03-20T19:19:40.223Z,true,false,false,false,176L,PURGA DE FOTO LATERAL,E7574,20MAR7

2026-03-20T19:19:46.279Z,true,false,false,false,177L,PURGA DE FOTO LATERAL,E7574,20MAR7

2026-03-20T19:19:52.363Z,true,false,false,false,178L,PURGA DE FOTO LATERAL,E7574,20MAR7

2026-03-20T19:19:58.403Z,true,false,false,false,tesF,PURGA DE FOTO FRONTAL,E7574,20MAR7

2026-03-20T19:20:04.454Z,true,false,false,false,179F,Distancia entre SE - Perpendicularidad SE,E7574,20MAR7

2026-03-20T19:20:08.476Z,true,false,false,false,180F,Distancia entre SE - Perpendicularidad SE,E7574,20MAR7

2026-03-20T19:20:12.493Z,true,false,false,false,181F,Distancia entre SE - Perpendicularidad SE,E7574,20MAR7

2026-03-20T19:20:16.524Z,true,false,false,false,182F,Distancia entre SE - Perpendicularidad SE,E7574,20MAR7

2026-03-20T19:20:19.541Z,true,false,false,false,183F,Distancia entre SE - Perpendicularidad SE,E7574,20MAR7

2026-03-20T19:20:24.591Z,true,false,false,false,184F,Distancia entre SE - Perpendicularidad SE,E7574,20MAR7

2026-03-20T19:20:27.620Z,true,false,false,false,186F,Distancia entre SE - Perpendicularidad SE,E7574,20MAR7

2026-03-20T19:20:32.667Z,true,false,false,false,187F,Distancia entre SE - Perpendicularidad SE,E7574,20MAR7

2026-03-20T19:20:35.691Z,true,false,false,false,188F,Distancia entre SE - Perpendicularidad SE,E7574,20MAR7

2026-03-20T19:20:38.694Z,true,false,false,false,1T.1,Rectitud EC,E7574,20MAR7

2026-03-20T19:20:46.769Z,true,false,false,false,1T.2,Rectitud EC,E7574,20MAR7

2026-03-20T19:20:47.776Z,true,false,false,false,1T.3,Rectitud EC,E7574,20MAR7

2026-03-20T19:20:49.789Z,true,false,false,false,tesL,PURGA DE FOTO LATERAL,E7574,20MAR7

2026-03-20T19:20:55.864Z,true,false,false,false,189L,PURGA DE FOTO LATERAL,E7574,20MAR7

2026-03-20T19:20:58.880Z,true,false,false,false,190L,PURGA DE FOTO LATERAL,E7574,20MAR7

2026-03-20T19:21:03.922Z,true,false,false,false,191L,PURGA DE FOTO LATERAL,E7574,20MAR7

2026-03-20T19:21:09.989Z,true,false,false,false,192L,PURGA DE FOTO LATERAL,E7574,20MAR7

2026-03-20T19:21:16.032Z,true,false,false,false,193L,PURGA DE FOTO LATERAL,E7574,20MAR7

2026-03-20T19:21:22.110Z,true,false,false,false,tesF,PURGA DE FOTO FRONTAL,E7574,20MAR7

2026-03-20T19:21:29.174Z,true,false,false,false,194F,Distancia entre SE - Perpendicularidad SE,E7574,20MAR7

2026-03-20T19:21:32.209Z,true,false,false,false,195F,Distancia entre SE - Perpendicularidad SE,E7574,20MAR7

2026-03-20T19:21:36.232Z,true,false,false,false,196F,Distancia entre SE - Perpendicularidad SE,E7574,20MAR7

2026-03-20T19:21:40.266Z,true,false,false,false,197F,Distancia entre SE - Perpendicularidad SE,E7574,20MAR7

2026-03-20T19:21:44.365Z,true,false,false,false,198F,Distancia entre SE - Perpendicularidad SE,E7574,20MAR7

2026-03-20T19:21:48.365Z,true,false,false,false,199F,Distancia entre SE - Perpendicularidad SE,E7574,20MAR7

2026-03-20T19:21:51.391Z,true,false,false,false,201F,Distancia entre SE - Perpendicularidad SE,E7574,20MAR7

2026-03-20T19:21:56.421Z,true,false,false,false,202F,Distancia entre SE - Perpendicularidad SE,E7574,20MAR7

2026-03-20T19:21:59.449Z,true,false,false,false,203F,Distancia entre SE - Perpendicularidad SE,E7574,20MAR7

2026-03-20T19:22:02.471Z,true,false,false,false,001F,Distancia entre SE y PP,E7574,20MAR7

2026-03-20T19:22:09.521Z,true,false,false,false,210F,Distancia entre SE y PP,E7574,20MAR7

2026-03-20T19:22:12.535Z,true,false,false,false,002F,Distancia entre SE y PP,E7574,20MAR7

2026-03-20T19:22:18.577Z,true,false,false,false,211F,Distancia entre SE y PP,E7574,20MAR7

2026-03-20T19:22:25.628Z,true,false,false,false,003F,Distancia entre SE y PP,E7574,20MAR7

2026-03-20T19:22:31.667Z,true,false,false,false,tesL,PURGA DE FOTO LATERAL,E7574,20MAR7

2026-03-20T19:22:38.722Z,true,false,false,false,212L,PURGA DE FOTO LATERAL,E7574,20MAR7

2026-03-20T19:22:40.734Z,true,false,false,false,213L,PURGA DE FOTO LATERAL,E7574,20MAR7

2026-03-20T19:22:48.779Z,true,false,false,false,214L,PURGA DE FOTO LATERAL,E7574,20MAR7

2026-03-20T19:22:56.869Z,true,false,false,false,tesL,PURGA DE FOTO LATERAL,E7574,20MAR7

2026-03-20T19:23:04.918Z,true,false,false,false,216L,Presencia de soldadura TVS - Fisuras soldadura TVS,E7574,20MAR7

2026-03-20T19:23:09.970Z,true,false,false,false,217L,Presencia de soldadura TVS - Fisuras soldadura TVS,E7574,20MAR7

2026-03-20T19:23:18.039Z,true,false,false,false,218L,Presencia de soldadura TVS - Fisuras soldadura TVS,E7574,20MAR7

2026-03-20T19:23:26.090Z,true,false,false,false,tesL,PURGA DE FOTO LATERAL,E7574,20MAR7

2026-03-20T19:23:38.188Z,true,false,false,false,0T.1,Rectitud EC PP,E7574,20MAR7

2026-03-20T19:23:42.224Z,true,false,false,false,0T.2,Rectitud EC PP,E7574,20MAR7

2026-03-20T19:23:43.236Z,true,false,false,false,0T.3,Rectitud EC PP,E7574,20MAR7

2026-03-20T19:23:45.262Z,true,false,false,false,14T.1,Rectitud EC PP,E7574,20MAR7

2026-03-20T19:23:48.269Z,true,false,false,false,14T.2,Rectitud EC PP,E7574,20MAR7

2026-03-20T19:23:50.284Z,true,false,false,false,14T.3,Rectitud EC PP,E7574,20MAR7

2026-03-20T19:23:51.294Z,true,false,false,false,222L,Rectitud EC PP,E7574,20MAR7

2026-03-20T19:23:55.362Z,true,false,false,false,223L,Rectitud EC PP,E7574,20MAR7

2026-03-20T19:24:00.385Z,true,false,false,false,224L,Rectitud EC PP,E7574,20MAR7

2026-03-20T19:24:05.413Z,true,false,false,false,225L,Rectitud EC PP,E7574,20MAR7

2026-03-20T19:24:10.462Z,true,false,false,false,226L,Rectitud EC PP,E7574,20MAR7

2026-03-20T19:24:15.521Z,true,false,false,false,227L,Rectitud EC PP,E7574,20MAR7

2026-03-20T19:24:20.564Z,true,false,false,false,tesL,PURGA DE FOTO LATERAL,E7574,20MAR7

2026-03-20T19:24:26.618Z,true,false,false,false,228L,PURGA DE FOTO LATERAL,E7574,20MAR7

2026-03-20T19:24:38.723Z,true,false,false,false,229L,PURGA DE FOTO LATERAL,E7574,20MAR7

2026-03-20T19:24:42.747Z,true,false,false,false,230L,PURGA DE FOTO LATERAL,E7574,20MAR7

2026-03-20T19:24:47.785Z,true,false,false,false,231L,PURGA DE FOTO LATERAL,E7574,20MAR7

2026-03-20T19:24:52.837Z,true,false,false,false,232L,PURGA DE FOTO LATERAL,E7574,20MAR7

2026-03-20T19:24:57.858Z,true,false,false,false,233L,PURGA DE FOTO LATERAL,E7574,20MAR7

2026-03-20T19:25:02.895Z,true,false,false,false,tesF,PURGA DE FOTO FRONTAL,E7574,20MAR7

2026-03-20T19:25:06.937Z,true,false,false,false,,,E7574,20MAR7

2026-03-20T19:26:24.642Z,false,false,false,true,,,E7574,20MAR7

2026-03-20T19:31:42.370Z,false,false,false,false,,,E7574,20MAR7

2026-03-24T08:26:24.642Z,true,false,false,true,,,prueba_screen_capture_1,prueba_screen_capture_1

2026-03-24T08:27:24.642Z,false,false,false,true,,,prueba_screen_capture_1,prueba_screen_capture_1
2026-03-24T22:16:06.624Z,false,false,false,false,,,E7574,20MAR7

2026-04-08T11:29:13.348Z,false,false,false,false,,,E7574,20MAR7

2026-04-08T12:00:12.453Z,false,false,false,false,,,E7574,20MAR7

2026-04-08T12:22:20.607Z,false,false,false,false,,,-,-

2026-04-08T12:23:07.078Z,false,false,false,false,,,E7574,20MAR7

2026-04-08T12:32:01.454Z,true,false,false,false,,,EC3780,CNA2

2026-04-08T12:33:23.269Z,true,false,false,false,5.1,Posicion 1,EC3780,CNA2

2026-04-08T12:33:31.357Z,true,false,false,false,4.1,Posicion 2,EC3780,CNA2

2026-04-08T12:33:32.365Z,true,false,false,false,4.1,Posicion 3,EC3780,CNA2

2026-04-08T12:33:34.404Z,true,false,false,false,4.1,Posicion 4,EC3780,CNA2

2026-04-08T12:33:35.428Z,true,false,false,false,4.1,Posicion 5,EC3780,CNA2

2026-04-08T12:33:36.431Z,true,false,false,false,4.1,Posicion 6,EC3780,CNA2

2026-04-08T12:33:38.440Z,true,false,false,false,4.1,Posicion 7,EC3780,CNA2

2026-04-08T12:33:39.447Z,true,false,false,false,4.2,Posicion 8,EC3780,CNA2

2026-04-08T12:33:40.460Z,true,false,false,false,6.3,Posicion 9,EC3780,CNA2

2026-04-08T12:33:41.474Z,true,false,false,false,,Posicion 10,EC3780,CNA2

2026-04-08T12:33:43.494Z,true,false,false,false,,Posicion 11,EC3780,CNA2

2026-04-08T12:33:44.521Z,true,false,false,false,,Posicion 12,EC3780,CNA2

2026-04-08T12:33:45.514Z,true,false,false,false,,Posicion 13,EC3780,CNA2

2026-04-08T12:33:47.599Z,true,false,false,false,,Posicion 14,EC3780,CNA2

2026-04-08T12:33:48.600Z,true,false,false,false,,Posicion 15,EC3780,CNA2

2026-04-08T12:33:49.599Z,true,false,false,false,,Posicion 16,EC3780,CNA2

2026-04-08T12:33:51.599Z,true,false,false,false,,Posicion 17,EC3780,CNA2

2026-04-08T12:33:52.624Z,true,false,false,false,,Posicion 18,EC3780,CNA2

2026-04-08T12:33:53.620Z,true,false,false,false,,Posicion 19,EC3780,CNA2

2026-04-08T12:33:55.637Z,true,false,false,false,,Posicion 20,EC3780,CNA2

2026-04-08T12:33:56.624Z,true,false,false,false,,Posicion 21,EC3780,CNA2

2026-04-08T12:33:57.634Z,true,false,false,false,,Posicion 22,EC3780,CNA2

2026-04-08T12:33:58.642Z,true,false,false,false,,Posicion 23,EC3780,CNA2

2026-04-08T12:34:00.657Z,true,false,false,false,,Posicion 24,EC3780,CNA2

2026-04-08T12:34:01.669Z,true,false,false,false,,Posicion 25,EC3780,CNA2

2026-04-08T12:34:02.668Z,true,false,false,false,,Posicion 26,EC3780,CNA2

2026-04-08T12:34:04.699Z,true,false,false,false,,Posicion 27,EC3780,CNA2

2026-04-08T12:34:05.717Z,true,false,false,false,,Posicion 28,EC3780,CNA2

2026-04-08T12:34:06.712Z,true,false,false,false,,Posicion 29,EC3780,CNA2

2026-04-08T12:34:08.731Z,true,false,false,false,,Posicion 30,EC3780,CNA2

2026-04-08T12:34:09.736Z,true,false,false,false,,Posicion 31,EC3780,CNA2

2026-04-08T12:34:10.743Z,true,false,false,false,,Posicion 32,EC3780,CNA2

2026-04-08T12:34:12.771Z,true,false,false,false,,,EC3780,CNA2

2026-04-08T12:37:09.134Z,true,false,true,false,,,EC3780,CNA2

2026-04-08T12:37:23.303Z,false,false,false,true,,,EC3780,CNA2

2026-04-08T12:37:27.329Z,false,false,false,false,,,EC3780,CNA2

2026-04-08T12:37:54.664Z,true,false,false,false,,,EC3780,CNA2

2026-04-08T12:41:27.921Z,true,false,true,false,,,EC3780,CNA2

2026-04-08T12:41:36.003Z,false,false,false,true,,,EC3780,CNA2

2026-04-08T12:41:40.034Z,false,false,false,false,,,EC3780,CNA2

2026-04-08T12:42:33.622Z,true,false,false,false,,,EC3780,CNAII

2026-04-08T12:43:25.133Z,true,false,false,false,13T.1,Rectitud EC,EC3780,CNAII

2026-04-08T12:43:43.320Z,true,false,false,false,13T.2,Rectitud EC,EC3780,CNAII

2026-04-08T12:43:45.319Z,true,false,false,false,13T.3,Rectitud EC,EC3780,CNAII

2026-04-08T12:43:47.344Z,true,false,false,false,AZ4-A,Rectitud EC,EC3780,CNAII

2026-04-08T12:43:48.350Z,true,false,false,false,AZ4-B,Zapata tipo I/II 4,EC3780,CNAII

2026-04-08T12:43:51.379Z,true,false,false,false,AZ3-A,Zapata tipo I/II 4,EC3780,CNAII

2026-04-08T12:43:56.428Z,true,false,false,false,AZ3-B,Zapata tipo I/II 3,EC3780,CNAII

2026-04-08T12:43:58.461Z,true,false,false,false,AZ2-B,Zapata tipo I/II 2,EC3780,CNAII

2026-04-08T12:44:02.465Z,true,false,false,false,AZ12-A,Zapata tipo I/II 2,EC3780,CNAII

2026-04-08T12:44:05.483Z,true,false,false,false,AZ1-B,Zapata tipo I/II 1,EC3780,CNAII

2026-04-08T12:44:07.519Z,true,false,false,false,AZ6-B,Zapata tipo I/II 6,EC3780,CNAII

2026-04-08T12:44:15.601Z,true,false,false,false,AZ56-A,Zapata tipo I/II 6,EC3780,CNAII

2026-04-08T12:44:18.610Z,true,false,false,false,AZ5-B,Zapata tipo I/II 5,EC3780,CNAII

2026-04-08T12:44:21.625Z,true,false,false,false,tesF,PURGA DE FOTO FRONTAL,EC3780,CNAII

2026-04-08T12:44:23.637Z,true,false,false,false,1F,PURGA DE FOTO FRONTAL,EC3780,CNAII

2026-04-08T12:44:26.661Z,true,false,false,false,2F,PURGA DE FOTO FRONTAL,EC3780,CNAII

2026-04-08T12:44:30.718Z,true,false,false,false,3F,Distancia entre SE - Perpendicularidad SE,EC3780,CNAII

2026-04-08T12:44:34.754Z,true,false,false,false,4F,Distancia entre SE - Perpendicularidad SE,EC3780,CNAII

2026-04-08T12:45:04.019Z,true,false,false,false,5F,Distancia entre SE - Perpendicularidad SE,EC3780,CNAII

2026-04-08T12:45:08.050Z,true,false,false,false,6F,Distancia entre SE - Perpendicularidad SE,EC3780,CNAII

2026-04-08T12:45:10.065Z,true,false,false,false,7F,Distancia entre SE - Perpendicularidad SE,EC3780,CNAII

2026-04-08T12:45:13.074Z,true,false,false,false,9F,Distancia entre SE - Perpendicularidad SE,EC3780,CNAII

2026-04-08T12:45:18.116Z,true,false,false,false,10F,Distancia entre SE - Perpendicularidad SE,EC3780,CNAII

2026-04-08T12:45:22.150Z,true,false,false,false,11F,Distancia entre SE - Perpendicularidad SE,EC3780,CNAII

2026-04-08T12:45:25.171Z,true,false,false,false,12F,Distancia entre SE - Perpendicularidad SE,EC3780,CNAII

2026-04-08T12:45:27.186Z,true,false,false,false,tesL,PURGA DE FOTO LATERAL,EC3780,CNAII

2026-04-08T12:45:34.246Z,true,false,false,false,13L,PURGA DE FOTO LATERAL,EC3780,CNAII

2026-04-08T12:45:36.255Z,true,false,false,false,14L,PURGA DE FOTO LATERAL,EC3780,CNAII

2026-04-08T12:45:41.305Z,true,false,false,false,15L,PURGA DE FOTO LATERAL,EC3780,CNAII

2026-04-08T12:45:44.341Z,true,false,false,false,16L,PURGA DE FOTO LATERAL,EC3780,CNAII

2026-04-08T12:45:48.359Z,true,false,false,false,17L,PURGA DE FOTO LATERAL,EC3780,CNAII

2026-04-08T12:45:54.420Z,true,false,false,false,18L,PURGA DE FOTO LATERAL,EC3780,CNAII

2026-04-08T12:45:58.426Z,true,false,false,false,19L,PURGA DE FOTO LATERAL,EC3780,CNAII

2026-04-08T12:46:02.465Z,true,false,false,false,tesF,PURGA DE FOTO FRONTAL,EC3780,CNAII

2026-04-08T12:46:08.517Z,true,false,false,false,21F,PURGA DE FOTO FRONTAL,EC3780,CNAII

2026-04-08T12:46:12.604Z,true,false,false,false,22F,PURGA DE FOTO FRONTAL,EC3780,CNAII

2026-04-08T12:46:20.625Z,true,false,false,false,23F,PURGA DE FOTO FRONTAL,EC3780,CNAII

2026-04-08T12:46:28.706Z,true,false,false,false,12T.1,Rectitud EC,EC3780,CNAII

2026-04-08T12:46:33.757Z,true,false,false,false,12T.2,Rectitud EC,EC3780,CNAII

2026-04-08T12:46:35.770Z,true,false,false,false,12T.3,Rectitud EC,EC3780,CNAII

2026-04-08T12:46:36.773Z,true,false,false,false,tesL,PURGA DE FOTO LATERAL,EC3780,CNAII

2026-04-08T12:46:43.834Z,true,false,false,false,24L,PURGA DE FOTO LATERAL,EC3780,CNAII

2026-04-08T12:46:46.852Z,true,false,false,false,25L,PURGA DE FOTO LATERAL,EC3780,CNAII

2026-04-08T12:46:51.894Z,true,false,false,false,26L,PURGA DE FOTO LATERAL,EC3780,CNAII

2026-04-08T12:46:57.958Z,true,false,false,false,27L,PURGA DE FOTO LATERAL,EC3780,CNAII

2026-04-08T12:47:04.007Z,true,false,false,false,28L,PURGA DE FOTO LATERAL,EC3780,CNAII

2026-04-08T12:47:10.052Z,true,false,false,false,tesF,PURGA DE FOTO FRONTAL,EC3780,CNAII

2026-04-08T12:47:16.106Z,true,false,false,false,29F,Distancia entre SE - Perpendicularidad SE,EC3780,CNAII

2026-04-08T12:47:20.137Z,true,false,false,false,30F,Distancia entre SE - Perpendicularidad SE,EC3780,CNAII

2026-04-08T12:47:24.178Z,true,false,false,false,31F,Distancia entre SE - Perpendicularidad SE,EC3780,CNAII

2026-04-08T12:47:28.234Z,true,false,false,false,32F,Distancia entre SE - Perpendicularidad SE,EC3780,CNAII

2026-04-08T12:47:31.253Z,true,false,false,false,33F,Distancia entre SE - Perpendicularidad SE,EC3780,CNAII

2026-04-08T12:47:36.292Z,true,false,false,false,34F,Distancia entre SE - Perpendicularidad SE,EC3780,CNAII

2026-04-08T12:47:39.346Z,true,false,false,false,36F,Distancia entre SE - Perpendicularidad SE,EC3780,CNAII

2026-04-08T12:47:44.358Z,true,false,false,false,37F,Distancia entre SE - Perpendicularidad SE,EC3780,CNAII

2026-04-08T12:47:47.378Z,true,false,false,false,38F,Distancia entre SE - Perpendicularidad SE,EC3780,CNAII

2026-04-08T12:47:50.420Z,true,false,false,false,11T.1,Rectitud EC,EC3780,CNAII

2026-04-08T12:47:56.479Z,true,false,false,false,11T.2,Rectitud EC,EC3780,CNAII

2026-04-08T12:47:58.518Z,true,false,false,false,11T.3,Rectitud EC,EC3780,CNAII

2026-04-08T12:48:00.537Z,true,false,false,false,tesL,PURGA DE FOTO LATERAL,EC3780,CNAII

2026-04-08T12:48:06.611Z,true,false,false,false,39L,PURGA DE FOTO LATERAL,EC3780,CNAII

2026-04-08T12:48:09.604Z,true,false,false,false,40L,PURGA DE FOTO LATERAL,EC3780,CNAII

2026-04-08T12:48:14.642Z,true,false,false,false,41L,PURGA DE FOTO LATERAL,EC3780,CNAII

2026-04-08T12:48:20.723Z,true,false,false,false,42L,PURGA DE FOTO LATERAL,EC3780,CNAII

2026-04-08T12:48:26.756Z,true,false,false,false,43L,PURGA DE FOTO LATERAL,EC3780,CNAII

2026-04-08T12:48:32.809Z,true,false,false,false,tesF,PURGA DE FOTO FRONTAL,EC3780,CNAII

2026-04-08T12:48:39.886Z,true,false,false,false,44F,Distancia entre SE - Perpendicularidad SE,EC3780,CNAII

2026-04-08T12:48:42.921Z,true,false,false,false,45F,Distancia entre SE - Perpendicularidad SE,EC3780,CNAII

2026-04-08T12:48:46.938Z,true,false,false,false,46F,Distancia entre SE - Perpendicularidad SE,EC3780,CNAII

2026-04-08T12:48:50.970Z,true,false,false,false,47F,Distancia entre SE - Perpendicularidad SE,EC3780,CNAII

2026-04-08T12:48:55.021Z,true,false,false,false,48F,Distancia entre SE - Perpendicularidad SE,EC3780,CNAII

2026-04-08T12:48:59.047Z,true,false,false,false,49F,Distancia entre SE - Perpendicularidad SE,EC3780,CNAII

2026-04-08T12:49:02.083Z,true,false,false,false,51F,Distancia entre SE - Perpendicularidad SE,EC3780,CNAII

2026-04-08T12:49:07.140Z,true,false,false,false,52F,Distancia entre SE - Perpendicularidad SE,EC3780,CNAII

2026-04-08T12:49:10.155Z,true,false,false,false,53F,Distancia entre SE - Perpendicularidad SE,EC3780,CNAII

2026-04-08T12:49:13.171Z,true,false,false,false,10T.1,Rectitud EC,EC3780,CNAII

2026-04-08T12:49:20.246Z,true,false,false,false,10T.2,Rectitud EC,EC3780,CNAII

2026-04-08T12:49:22.295Z,true,false,false,false,10T.3,Rectitud EC,EC3780,CNAII

2026-04-08T12:49:23.294Z,true,false,false,false,tesL,PURGA DE FOTO LATERAL,EC3780,CNAII

2026-04-08T12:49:30.355Z,true,false,false,false,54L,PURGA DE FOTO LATERAL,EC3780,CNAII

2026-04-08T12:49:33.381Z,true,false,false,false,55L,PURGA DE FOTO LATERAL,EC3780,CNAII

2026-04-08T12:49:38.437Z,true,false,false,false,56L,PURGA DE FOTO LATERAL,EC3780,CNAII

2026-04-08T12:49:44.515Z,true,false,false,false,57L,PURGA DE FOTO LATERAL,EC3780,CNAII

2026-04-08T12:49:50.635Z,true,false,false,false,58L,PURGA DE FOTO LATERAL,EC3780,CNAII

2026-04-08T12:49:56.638Z,true,false,false,false,tesF,PURGA DE FOTO FRONTAL,EC3780,CNAII

2026-04-08T12:50:02.662Z,true,false,false,false,59F,Distancia entre SE - Perpendicularidad SE,EC3780,CNAII

2026-04-08T12:50:06.699Z,true,false,false,false,60F,Distancia entre SE - Perpendicularidad SE,EC3780,CNAII

2026-04-08T12:50:10.733Z,true,false,false,false,61F,Distancia entre SE - Perpendicularidad SE,EC3780,CNAII

2026-04-08T12:50:14.768Z,true,false,false,false,62F,Distancia entre SE - Perpendicularidad SE,EC3780,CNAII

2026-04-08T12:50:17.779Z,true,false,false,false,63F,Distancia entre SE - Perpendicularidad SE,EC3780,CNAII

2026-04-08T12:50:22.834Z,true,false,false,false,64F,Distancia entre SE - Perpendicularidad SE,EC3780,CNAII

2026-04-08T12:50:25.845Z,true,false,false,false,66F,Distancia entre SE - Perpendicularidad SE,EC3780,CNAII

2026-04-08T12:50:30.924Z,true,false,false,false,67F,Distancia entre SE - Perpendicularidad SE,EC3780,CNAII

2026-04-08T12:50:33.924Z,true,false,false,false,68F,Distancia entre SE - Perpendicularidad SE,EC3780,CNAII

2026-04-08T12:50:36.948Z,true,false,false,false,9T.1,Rectitud EC,EC3780,CNAII

2026-04-08T12:50:44.023Z,true,false,false,false,9T.2,Rectitud EC,EC3780,CNAII

2026-04-08T12:50:46.038Z,true,false,false,false,9T.3,Rectitud EC,EC3780,CNAII

2026-04-08T12:50:48.066Z,true,false,false,false,tesL,PURGA DE FOTO LATERAL,EC3780,CNAII

2026-04-08T12:50:54.125Z,true,false,false,false,69L,PURGA DE FOTO LATERAL,EC3780,CNAII

2026-04-08T12:50:57.160Z,true,false,false,false,70L,PURGA DE FOTO LATERAL,EC3780,CNAII

2026-04-08T12:51:02.215Z,true,false,false,false,71L,PURGA DE FOTO LATERAL,EC3780,CNAII

2026-04-08T12:51:08.261Z,true,false,false,false,72L,PURGA DE FOTO LATERAL,EC3780,CNAII

2026-04-08T12:51:14.335Z,true,false,false,false,73L,PURGA DE FOTO LATERAL,EC3780,CNAII

2026-04-08T12:51:20.376Z,true,false,false,false,tesF,PURGA DE FOTO FRONTAL,EC3780,CNAII

2026-04-08T12:51:27.435Z,true,false,false,false,74F,Distancia entre SE - Perpendicularidad SE,EC3780,CNAII

2026-04-08T12:51:30.452Z,true,false,false,false,75F,Distancia entre SE - Perpendicularidad SE,EC3780,CNAII

2026-04-08T12:51:34.521Z,true,false,false,false,76F,Distancia entre SE - Perpendicularidad SE,EC3780,CNAII

2026-04-08T12:51:38.541Z,true,false,false,false,77F,Distancia entre SE - Perpendicularidad SE,EC3780,CNAII

2026-04-08T12:51:41.630Z,true,false,false,false,78F,Distancia entre SE - Perpendicularidad SE,EC3780,CNAII

2026-04-08T12:51:46.631Z,true,false,false,false,79F,Distancia entre SE - Perpendicularidad SE,EC3780,CNAII

2026-04-08T12:51:49.659Z,true,false,false,false,81F,Distancia entre SE - Perpendicularidad SE,EC3780,CNAII

2026-04-08T12:51:54.667Z,true,false,false,false,82F,Distancia entre SE - Perpendicularidad SE,EC3780,CNAII

2026-04-08T12:51:57.682Z,true,false,false,false,83F,Distancia entre SE - Perpendicularidad SE,EC3780,CNAII

2026-04-08T12:52:00.691Z,true,false,false,false,8T.1,Rectitud EC,EC3780,CNAII

2026-04-08T12:52:08.771Z,true,false,false,false,8T.2,Rectitud EC,EC3780,CNAII

2026-04-08T12:52:09.768Z,true,false,false,false,8T.3,Rectitud EC,EC3780,CNAII

2026-04-08T12:52:11.810Z,true,false,false,false,tesL,PURGA DE FOTO LATERAL,EC3780,CNAII

2026-04-08T12:52:18.866Z,true,false,false,false,84L,PURGA DE FOTO LATERAL,EC3780,CNAII

2026-04-08T12:52:21.882Z,true,false,false,false,85L,PURGA DE FOTO LATERAL,EC3780,CNAII

2026-04-08T12:52:26.919Z,true,false,false,false,86L,PURGA DE FOTO LATERAL,EC3780,CNAII

2026-04-08T12:52:32.967Z,true,false,false,false,87L,PURGA DE FOTO LATERAL,EC3780,CNAII

2026-04-08T12:52:39.045Z,true,false,false,false,88L,PURGA DE FOTO LATERAL,EC3780,CNAII

2026-04-08T12:52:45.092Z,true,false,false,false,tesF,PURGA DE FOTO FRONTAL,EC3780,CNAII

2026-04-08T12:52:51.152Z,true,false,false,false,89F,Distancia entre SE - Perpendicularidad SE,EC3780,CNAII

2026-04-08T12:52:54.195Z,true,false,false,false,90F,Distancia entre SE - Perpendicularidad SE,EC3780,CNAII

2026-04-08T12:52:58.209Z,true,false,false,false,91F,Distancia entre SE - Perpendicularidad SE,EC3780,CNAII

2026-04-08T12:53:02.251Z,true,false,false,false,92F,Distancia entre SE - Perpendicularidad SE,EC3780,CNAII

2026-04-08T12:53:06.283Z,true,false,false,false,93F,Distancia entre SE - Perpendicularidad SE,EC3780,CNAII

2026-04-08T12:53:10.326Z,true,false,false,false,94F,Distancia entre SE - Perpendicularidad SE,EC3780,CNAII

2026-04-08T12:53:13.354Z,true,false,false,false,96F,Distancia entre SE - Perpendicularidad SE,EC3780,CNAII

2026-04-08T12:53:18.391Z,true,false,false,false,97F,Distancia entre SE - Perpendicularidad SE,EC3780,CNAII

2026-04-08T12:53:22.424Z,true,false,false,false,98F,Distancia entre SE - Perpendicularidad SE,EC3780,CNAII

2026-04-08T12:53:25.466Z,true,false,false,false,7T.1,Rectitud EC,EC3780,CNAII

2026-04-08T12:53:32.562Z,true,false,false,false,7T.2,Rectitud EC,EC3780,CNAII

2026-04-08T12:53:34.644Z,true,false,false,false,7T.3,Rectitud EC,EC3780,CNAII

2026-04-08T12:53:35.648Z,true,false,false,false,tesL,PURGA DE FOTO LATERAL,EC3780,CNAII

2026-04-08T12:53:42.641Z,true,false,false,false,99L,PURGA DE FOTO LATERAL,EC3780,CNAII

2026-04-08T12:53:45.671Z,true,false,false,false,100L,PURGA DE FOTO LATERAL,EC3780,CNAII

2026-04-08T12:53:50.725Z,true,false,false,false,101L,PURGA DE FOTO LATERAL,EC3780,CNAII

2026-04-08T12:53:56.757Z,true,false,false,false,102L,PURGA DE FOTO LATERAL,EC3780,CNAII

2026-04-08T12:54:02.834Z,true,false,false,false,103L,PURGA DE FOTO LATERAL,EC3780,CNAII

2026-04-08T12:54:08.863Z,true,false,false,false,tesF,PURGA DE FOTO FRONTAL,EC3780,CNAII

2026-04-08T12:54:14.946Z,true,false,false,false,104F,Distancia entre SE - Perpendicularidad SE,EC3780,CNAII

2026-04-08T12:54:17.955Z,true,false,false,false,105F,Distancia entre SE - Perpendicularidad SE,EC3780,CNAII

2026-04-08T12:54:23.007Z,true,false,false,false,106F,Distancia entre SE - Perpendicularidad SE,EC3780,CNAII

2026-04-08T12:54:26.032Z,true,false,false,false,107F,Distancia entre SE - Perpendicularidad SE,EC3780,CNAII

2026-04-08T12:54:30.068Z,true,false,false,false,108F,Distancia entre SE - Perpendicularidad SE,EC3780,CNAII

2026-04-08T12:54:34.082Z,true,false,false,false,109F,Distancia entre SE - Perpendicularidad SE,EC3780,CNAII

2026-04-08T12:54:38.123Z,true,false,false,false,111F,Distancia entre SE - Perpendicularidad SE,EC3780,CNAII

2026-04-08T12:54:43.148Z,true,false,false,false,112F,Distancia entre SE - Perpendicularidad SE,EC3780,CNAII

2026-04-08T12:54:46.196Z,true,false,false,false,113F,Distancia entre SE - Perpendicularidad SE,EC3780,CNAII

2026-04-08T12:54:49.227Z,true,false,false,false,6T.1,Rectitud EC,EC3780,CNAII

2026-04-08T12:54:56.284Z,true,false,false,false,6T.2,Rectitud EC,EC3780,CNAII

2026-04-08T12:54:58.286Z,true,false,false,false,6T.3,Rectitud EC,EC3780,CNAII

2026-04-08T12:55:00.305Z,true,false,false,false,tesL,PURGA DE FOTO LATERAL,EC3780,CNAII

2026-04-08T12:55:06.355Z,true,false,false,false,114L,PURGA DE FOTO LATERAL,EC3780,CNAII

2026-04-08T12:55:09.373Z,true,false,false,false,115L,PURGA DE FOTO LATERAL,EC3780,CNAII

2026-04-08T12:55:14.438Z,true,false,false,false,116L,PURGA DE FOTO LATERAL,EC3780,CNAII

2026-04-08T12:55:20.470Z,true,false,false,false,117L,PURGA DE FOTO LATERAL,EC3780,CNAII

2026-04-08T12:55:26.550Z,true,false,false,false,118L,PURGA DE FOTO LATERAL,EC3780,CNAII

2026-04-08T12:55:32.648Z,true,false,false,false,tesF,PURGA DE FOTO FRONTAL,EC3780,CNAII

2026-04-08T12:55:38.657Z,true,false,false,false,119F,Distancia entre SE - Perpendicularidad SE,EC3780,CNAII

2026-04-08T12:55:42.691Z,true,false,false,false,120F,Distancia entre SE - Perpendicularidad SE,EC3780,CNAII

2026-04-08T12:55:46.730Z,true,false,false,false,121F,Distancia entre SE - Perpendicularidad SE,EC3780,CNAII

2026-04-08T12:55:50.751Z,true,false,false,false,122F,Distancia entre SE - Perpendicularidad SE,EC3780,CNAII

2026-04-08T12:55:53.766Z,true,false,false,false,123F,Distancia entre SE - Perpendicularidad SE,EC3780,CNAII

2026-04-08T12:55:58.797Z,true,false,false,false,124F,Distancia entre SE - Perpendicularidad SE,EC3780,CNAII

2026-04-08T12:56:01.823Z,true,false,false,false,126F,Distancia entre SE - Perpendicularidad SE,EC3780,CNAII

2026-04-08T12:56:06.868Z,true,false,false,false,127F,Distancia entre SE - Perpendicularidad SE,EC3780,CNAII

2026-04-08T12:56:09.901Z,true,false,false,false,128F,Distancia entre SE - Perpendicularidad SE,EC3780,CNAII

2026-04-08T12:56:12.931Z,true,false,false,false,5T.1,Rectitud EC,EC3780,CNAII

2026-04-08T12:56:20.966Z,true,false,false,false,5T.2,Rectitud EC,EC3780,CNAII

2026-04-08T12:56:21.978Z,true,false,false,false,5T.3,Rectitud EC,EC3780,CNAII

2026-04-08T12:56:24.025Z,true,false,false,false,tesL,PURGA DE FOTO LATERAL,EC3780,CNAII

2026-04-08T12:56:31.057Z,true,false,false,false,129L,PURGA DE FOTO LATERAL,EC3780,CNAII

2026-04-08T12:56:34.077Z,true,false,false,false,130L,PURGA DE FOTO LATERAL,EC3780,CNAII

2026-04-08T12:56:38.158Z,true,false,false,false,131L,PURGA DE FOTO LATERAL,EC3780,CNAII

2026-04-08T12:56:44.193Z,true,false,false,false,132L,PURGA DE FOTO LATERAL,EC3780,CNAII

2026-04-08T12:56:51.254Z,true,false,false,false,133L,PURGA DE FOTO LATERAL,EC3780,CNAII

2026-04-08T12:56:56.267Z,true,false,false,false,tesF,PURGA DE FOTO FRONTAL,EC3780,CNAII

2026-04-08T12:57:03.333Z,true,false,false,false,134F,Distancia entre SE - Perpendicularidad SE,EC3780,CNAII

2026-04-08T12:57:06.372Z,true,false,false,false,135F,Distancia entre SE - Perpendicularidad SE,EC3780,CNAII

2026-04-08T12:57:10.397Z,true,false,false,false,136F,Distancia entre SE - Perpendicularidad SE,EC3780,CNAII

2026-04-08T12:57:14.433Z,true,false,false,false,137F,Distancia entre SE - Perpendicularidad SE,EC3780,CNAII

2026-04-08T12:57:18.474Z,true,false,false,false,138F,Distancia entre SE - Perpendicularidad SE,EC3780,CNAII

2026-04-08T12:57:22.496Z,true,false,false,false,139F,Distancia entre SE - Perpendicularidad SE,EC3780,CNAII

2026-04-08T12:57:25.527Z,true,false,false,false,141F,Distancia entre SE - Perpendicularidad SE,EC3780,CNAII

2026-04-08T12:57:30.620Z,true,false,false,false,142F,Distancia entre SE - Perpendicularidad SE,EC3780,CNAII

2026-04-08T12:57:33.632Z,true,false,false,false,143F,Distancia entre SE - Perpendicularidad SE,EC3780,CNAII

2026-04-08T12:57:37.654Z,true,false,false,false,4T.1,Rectitud EC,EC3780,CNAII

2026-04-08T12:57:44.688Z,true,false,false,false,4T.2,Rectitud EC,EC3780,CNAII

2026-04-08T12:57:46.696Z,true,false,false,false,4T.3,Rectitud EC,EC3780,CNAII

2026-04-08T12:57:47.710Z,true,false,false,false,tesL,PURGA DE FOTO LATERAL,EC3780,CNAII

2026-04-08T12:57:54.756Z,true,false,false,false,144L,PURGA DE FOTO LATERAL,EC3780,CNAII

2026-04-08T12:57:57.782Z,true,false,false,false,145L,PURGA DE FOTO LATERAL,EC3780,CNAII

2026-04-08T12:58:02.846Z,true,false,false,false,146L,PURGA DE FOTO LATERAL,EC3780,CNAII

2026-04-08T12:58:08.884Z,true,false,false,false,147L,PURGA DE FOTO LATERAL,EC3780,CNAII

2026-04-08T12:58:14.934Z,true,false,false,false,148L,PURGA DE FOTO LATERAL,EC3780,CNAII

2026-04-08T12:58:21.010Z,true,false,false,false,tesF,PURGA DE FOTO FRONTAL,EC3780,CNAII

2026-04-08T12:58:27.071Z,true,false,false,false,149F,Distancia entre SE - Perpendicularidad SE,EC3780,CNAII

2026-04-08T12:58:30.090Z,true,false,false,false,150F,Distancia entre SE - Perpendicularidad SE,EC3780,CNAII

2026-04-08T12:58:35.125Z,true,false,false,false,151F,Distancia entre SE - Perpendicularidad SE,EC3780,CNAII

2026-04-08T12:58:38.143Z,true,false,false,false,152F,Distancia entre SE - Perpendicularidad SE,EC3780,CNAII

2026-04-08T12:58:42.208Z,true,false,false,false,153F,Distancia entre SE - Perpendicularidad SE,EC3780,CNAII

2026-04-08T12:58:46.221Z,true,false,false,false,154F,Distancia entre SE - Perpendicularidad SE,EC3780,CNAII

2026-04-08T12:58:50.250Z,true,false,false,false,156F,Distancia entre SE - Perpendicularidad SE,EC3780,CNAII

2026-04-08T12:58:54.312Z,true,false,false,false,157F,Distancia entre SE - Perpendicularidad SE,EC3780,CNAII

2026-04-08T12:58:58.331Z,true,false,false,false,158F,Distancia entre SE - Perpendicularidad SE,EC3780,CNAII

2026-04-08T12:59:01.351Z,true,false,false,false,3T.1,Rectitud EC,EC3780,CNAII

2026-04-08T12:59:08.427Z,true,false,false,false,3T.2,Rectitud EC,EC3780,CNAII

2026-04-08T12:59:10.427Z,true,false,false,false,3T.3,Rectitud EC,EC3780,CNAII

2026-04-08T12:59:12.451Z,true,false,false,false,tesL,PURGA DE FOTO LATERAL,EC3780,CNAII

2026-04-08T12:59:18.520Z,true,false,false,false,159L,PURGA DE FOTO LATERAL,EC3780,CNAII

2026-04-08T12:59:21.548Z,true,false,false,false,160L,PURGA DE FOTO LATERAL,EC3780,CNAII

2026-04-08T12:59:26.631Z,true,false,false,false,161L,PURGA DE FOTO LATERAL,EC3780,CNAII

2026-04-08T12:59:32.652Z,true,false,false,false,162L,PURGA DE FOTO LATERAL,EC3780,CNAII

2026-04-08T12:59:38.698Z,true,false,false,false,163L,PURGA DE FOTO LATERAL,EC3780,CNAII

2026-04-08T12:59:44.731Z,true,false,false,false,tesF,PURGA DE FOTO FRONTAL,EC3780,CNAII

2026-04-08T12:59:51.811Z,true,false,false,false,164F,Distancia entre SE - Perpendicularidad SE,EC3780,CNAII

2026-04-08T12:59:54.837Z,true,false,false,false,165F,Distancia entre SE - Perpendicularidad SE,EC3780,CNAII

2026-04-08T12:59:58.866Z,true,false,false,false,166F,Distancia entre SE - Perpendicularidad SE,EC3780,CNAII

2026-04-08T13:00:02.890Z,true,false,false,false,167F,Distancia entre SE - Perpendicularidad SE,EC3780,CNAII

2026-04-08T13:00:05.923Z,true,false,false,false,168F,Distancia entre SE - Perpendicularidad SE,EC3780,CNAII

2026-04-08T13:00:10.973Z,true,false,false,false,169F,Distancia entre SE - Perpendicularidad SE,EC3780,CNAII

2026-04-08T13:00:14.012Z,true,false,false,false,171F,Distancia entre SE - Perpendicularidad SE,EC3780,CNAII

2026-04-08T13:00:19.052Z,true,false,false,false,172F,Distancia entre SE - Perpendicularidad SE,EC3780,CNAII

2026-04-08T13:00:22.069Z,true,false,false,false,173F,Distancia entre SE - Perpendicularidad SE,EC3780,CNAII

2026-04-08T13:00:25.096Z,true,false,false,false,2T.1,Rectitud EC,EC3780,CNAII

2026-04-08T13:00:33.210Z,true,false,false,false,2T.2,Rectitud EC,EC3780,CNAII

2026-04-08T13:00:34.234Z,true,false,false,false,2T.3,Rectitud EC,EC3780,CNAII

2026-04-08T13:00:36.237Z,true,false,false,false,tesL,PURGA DE FOTO LATERAL,EC3780,CNAII

2026-04-08T13:00:42.283Z,true,false,false,false,174L,PURGA DE FOTO LATERAL,EC3780,CNAII

2026-04-08T13:00:46.328Z,true,false,false,false,175L,PURGA DE FOTO LATERAL,EC3780,CNAII

2026-04-08T13:00:50.349Z,true,false,false,false,176L,PURGA DE FOTO LATERAL,EC3780,CNAII

2026-04-08T13:00:56.402Z,true,false,false,false,177L,PURGA DE FOTO LATERAL,EC3780,CNAII

2026-04-08T13:01:02.464Z,true,false,false,false,178L,PURGA DE FOTO LATERAL,EC3780,CNAII

2026-04-08T13:01:08.515Z,true,false,false,false,tesF,PURGA DE FOTO FRONTAL,EC3780,CNAII

2026-04-08T13:01:15.630Z,true,false,false,false,179F,Distancia entre SE - Perpendicularidad SE,EC3780,CNAII

2026-04-08T13:01:18.653Z,true,false,false,false,180F,Distancia entre SE - Perpendicularidad SE,EC3780,CNAII

2026-04-08T13:01:22.692Z,true,false,false,false,181F,Distancia entre SE - Perpendicularidad SE,EC3780,CNAII

2026-04-08T13:01:26.680Z,true,false,false,false,182F,Distancia entre SE - Perpendicularidad SE,EC3780,CNAII

2026-04-08T13:01:30.728Z,true,false,false,false,183F,Distancia entre SE - Perpendicularidad SE,EC3780,CNAII

2026-04-08T13:01:34.769Z,true,false,false,false,184F,Distancia entre SE - Perpendicularidad SE,EC3780,CNAII

2026-04-08T13:01:37.800Z,true,false,false,false,186F,Distancia entre SE - Perpendicularidad SE,EC3780,CNAII

2026-04-08T13:01:42.844Z,true,false,false,false,187F,Distancia entre SE - Perpendicularidad SE,EC3780,CNAII

2026-04-08T13:01:45.862Z,true,false,false,false,188F,Distancia entre SE - Perpendicularidad SE,EC3780,CNAII

2026-04-08T13:01:48.864Z,true,false,false,false,1T.1,Rectitud EC,EC3780,CNAII

2026-04-08T13:01:56.925Z,true,false,false,false,1T.2,Rectitud EC,EC3780,CNAII

2026-04-08T13:01:57.937Z,true,false,false,false,1T.3,Rectitud EC,EC3780,CNAII

2026-04-08T13:01:59.947Z,true,false,false,false,tesL,PURGA DE FOTO LATERAL,EC3780,CNAII

2026-04-08T13:02:06.033Z,true,false,false,false,189L,PURGA DE FOTO LATERAL,EC3780,CNAII

2026-04-08T13:02:10.064Z,true,false,false,false,190L,PURGA DE FOTO LATERAL,EC3780,CNAII

2026-04-08T13:02:14.095Z,true,false,false,false,191L,PURGA DE FOTO LATERAL,EC3780,CNAII

2026-04-08T13:02:20.150Z,true,false,false,false,192L,PURGA DE FOTO LATERAL,EC3780,CNAII

2026-04-08T13:02:26.209Z,true,false,false,false,193L,PURGA DE FOTO LATERAL,EC3780,CNAII

2026-04-08T13:02:32.278Z,true,false,false,false,tesF,PURGA DE FOTO FRONTAL,EC3780,CNAII

2026-04-08T13:02:39.345Z,true,false,false,false,194F,Distancia entre SE - Perpendicularidad SE,EC3780,CNAII

2026-04-08T13:02:42.353Z,true,false,false,false,195F,Distancia entre SE - Perpendicularidad SE,EC3780,CNAII

2026-04-08T13:02:46.385Z,true,false,false,false,196F,Distancia entre SE - Perpendicularidad SE,EC3780,CNAII

2026-04-08T13:02:50.424Z,true,false,false,false,197F,Distancia entre SE - Perpendicularidad SE,EC3780,CNAII

2026-04-08T13:02:54.448Z,true,false,false,false,198F,Distancia entre SE - Perpendicularidad SE,EC3780,CNAII

2026-04-08T13:02:58.458Z,true,false,false,false,199F,Distancia entre SE - Perpendicularidad SE,EC3780,CNAII

2026-04-08T13:03:01.481Z,true,false,false,false,201F,Distancia entre SE - Perpendicularidad SE,EC3780,CNAII

2026-04-08T13:03:06.529Z,true,false,false,false,202F,Distancia entre SE - Perpendicularidad SE,EC3780,CNAII

2026-04-08T13:03:09.564Z,true,false,false,false,203F,Distancia entre SE - Perpendicularidad SE,EC3780,CNAII

2026-04-08T13:03:13.642Z,true,false,false,false,001F,Distancia entre SE y PP,EC3780,CNAII

2026-04-08T13:03:19.656Z,true,false,false,false,210F,Distancia entre SE y PP,EC3780,CNAII

2026-04-08T13:03:22.694Z,true,false,false,false,002F,Distancia entre SE y PP,EC3780,CNAII

2026-04-08T13:03:29.703Z,true,false,false,false,211F,Distancia entre SE y PP,EC3780,CNAII

2026-04-08T13:03:35.752Z,true,false,false,false,003F,Distancia entre SE y PP,EC3780,CNAII

2026-04-08T13:03:42.846Z,true,false,false,false,tesL,PURGA DE FOTO LATERAL,EC3780,CNAII

2026-04-08T13:03:48.887Z,true,false,false,false,212L,PURGA DE FOTO LATERAL,EC3780,CNAII

2026-04-08T13:03:50.906Z,true,false,false,false,213L,PURGA DE FOTO LATERAL,EC3780,CNAII

2026-04-08T13:03:59.019Z,true,false,false,false,214L,PURGA DE FOTO LATERAL,EC3780,CNAII

2026-04-08T13:04:07.074Z,true,false,false,false,tesL,PURGA DE FOTO LATERAL,EC3780,CNAII

2026-04-08T13:04:15.138Z,true,false,false,false,216L,Presencia de soldadura TVS - Fisuras soldadura TVS,EC3780,CNAII

2026-04-08T13:04:20.214Z,true,false,false,false,217L,Presencia de soldadura TVS - Fisuras soldadura TVS,EC3780,CNAII

2026-04-08T13:04:28.261Z,true,false,false,false,218L,Presencia de soldadura TVS - Fisuras soldadura TVS,EC3780,CNAII

2026-04-08T13:04:37.342Z,true,false,false,false,tesL,PURGA DE FOTO LATERAL,EC3780,CNAII

2026-04-08T13:04:48.457Z,true,false,false,false,0T.1,Rectitud EC PP,EC3780,CNAII

2026-04-08T13:04:52.470Z,true,false,false,false,0T.2,Rectitud EC PP,EC3780,CNAII

2026-04-08T13:04:53.479Z,true,false,false,false,0T.3,Rectitud EC PP,EC3780,CNAII

2026-04-08T13:04:55.508Z,true,false,false,false,14T.1,Rectitud EC PP,EC3780,CNAII

2026-04-08T13:04:58.535Z,true,false,false,false,14T.2,Rectitud EC PP,EC3780,CNAII

2026-04-08T13:05:00.548Z,true,false,false,false,14T.3,Rectitud EC PP,EC3780,CNAII

2026-04-08T13:05:01.637Z,true,false,false,false,222L,Rectitud EC PP,EC3780,CNAII

2026-04-08T13:05:05.651Z,true,false,false,false,223L,Rectitud EC PP,EC3780,CNAII

2026-04-08T13:05:10.674Z,true,false,false,false,224L,Rectitud EC PP,EC3780,CNAII

2026-04-08T13:05:15.691Z,true,false,false,false,225L,Rectitud EC PP,EC3780,CNAII

2026-04-08T13:05:20.728Z,true,false,false,false,226L,Rectitud EC PP,EC3780,CNAII

2026-04-08T13:05:25.772Z,true,false,false,false,227L,Rectitud EC PP,EC3780,CNAII

2026-04-08T13:05:29.815Z,true,false,false,false,tesL,PURGA DE FOTO LATERAL,EC3780,CNAII

2026-04-08T13:05:36.885Z,true,false,false,false,228L,PURGA DE FOTO LATERAL,EC3780,CNAII

2026-04-08T13:05:47.993Z,true,false,false,false,229L,PURGA DE FOTO LATERAL,EC3780,CNAII

2026-04-08T13:05:53.059Z,true,false,false,false,230L,PURGA DE FOTO LATERAL,EC3780,CNAII

2026-04-08T13:05:58.090Z,true,false,false,false,231L,PURGA DE FOTO LATERAL,EC3780,CNAII

2026-04-08T13:06:03.141Z,true,false,false,false,232L,PURGA DE FOTO LATERAL,EC3780,CNAII

2026-04-08T13:06:08.170Z,true,false,false,false,233L,PURGA DE FOTO LATERAL,EC3780,CNAII

2026-04-08T13:06:12.230Z,true,false,false,false,tesF,PURGA DE FOTO FRONTAL,EC3780,CNAII

2026-04-08T13:06:17.281Z,true,false,false,false,,,EC3780,CNAII

2026-04-08T13:07:34.061Z,false,false,false,true,,,EC3780,CNAII

2026-04-08T13:09:32.948Z,false,false,false,false,,,EC3780,CNAII

2026-04-08T13:43:09.378Z,true,false,false,false,,,EC3782,CNAII

2026-04-08T14:01:03.654Z,true,false,false,false,13T.1,Rectitud EC,EC3782,CNAII

2026-04-08T14:01:21.858Z,true,false,false,false,13T.2,Rectitud EC,EC3782,CNAII

2026-04-08T14:01:23.880Z,true,false,false,false,13T.3,Rectitud EC,EC3782,CNAII

2026-04-08T14:01:24.896Z,true,false,false,false,AZ4-A,Rectitud EC,EC3782,CNAII

2026-04-08T14:01:26.911Z,true,false,false,false,AZ4-B,Zapata tipo I/II 4,EC3782,CNAII

2026-04-08T14:01:28.951Z,true,false,false,false,AZ3-A,Zapata tipo I/II 4,EC3782,CNAII

2026-04-08T14:01:33.989Z,true,false,false,false,AZ3-B,Zapata tipo I/II 3,EC3782,CNAII

2026-04-08T14:01:37.033Z,true,false,false,false,AZ2-B,Zapata tipo I/II 2,EC3782,CNAII

2026-04-08T14:01:40.055Z,true,false,false,false,AZ12-A,Zapata tipo I/II 2,EC3782,CNAII

2026-04-08T14:01:43.075Z,true,false,false,false,AZ1-B,Zapata tipo I/II 1,EC3782,CNAII

2026-04-08T14:01:46.113Z,true,false,false,false,AZ6-B,Zapata tipo I/II 6,EC3782,CNAII

2026-04-08T14:01:54.183Z,true,false,false,false,AZ56-A,Zapata tipo I/II 6,EC3782,CNAII

2026-04-08T14:01:57.211Z,true,false,false,false,AZ5-B,Zapata tipo I/II 5,EC3782,CNAII

2026-04-08T14:01:59.239Z,true,false,false,false,tesF,PURGA DE FOTO FRONTAL,EC3782,CNAII

2026-04-08T14:02:01.259Z,true,false,false,false,1F,PURGA DE FOTO FRONTAL,EC3782,CNAII

2026-04-08T14:02:05.281Z,true,false,false,false,2F,PURGA DE FOTO FRONTAL,EC3782,CNAII

2026-04-08T14:02:08.312Z,true,false,false,false,3F,Distancia entre SE - Perpendicularidad SE,EC3782,CNAII

2026-04-08T14:02:12.364Z,true,false,false,false,4F,Distancia entre SE - Perpendicularidad SE,EC3782,CNAII

2026-04-08T14:02:16.404Z,true,false,false,false,5F,Distancia entre SE - Perpendicularidad SE,EC3782,CNAII

2026-04-08T14:02:20.423Z,true,false,false,false,6F,Distancia entre SE - Perpendicularidad SE,EC3782,CNAII

2026-04-08T14:02:22.438Z,true,false,false,false,7F,Distancia entre SE - Perpendicularidad SE,EC3782,CNAII

2026-04-08T14:02:25.485Z,true,false,false,false,9F,Distancia entre SE - Perpendicularidad SE,EC3782,CNAII

2026-04-08T14:02:30.510Z,true,false,false,false,10F,Distancia entre SE - Perpendicularidad SE,EC3782,CNAII

2026-04-08T14:02:33.554Z,true,false,false,false,11F,Distancia entre SE - Perpendicularidad SE,EC3782,CNAII

2026-04-08T14:02:36.570Z,true,false,false,false,12F,Distancia entre SE - Perpendicularidad SE,EC3782,CNAII

2026-04-08T14:02:39.597Z,true,false,false,false,tesL,PURGA DE FOTO LATERAL,EC3782,CNAII

2026-04-08T14:02:45.686Z,true,false,false,false,13L,PURGA DE FOTO LATERAL,EC3782,CNAII

2026-04-08T14:02:47.704Z,true,false,false,false,14L,PURGA DE FOTO LATERAL,EC3782,CNAII

2026-04-08T14:02:52.732Z,true,false,false,false,15L,PURGA DE FOTO LATERAL,EC3782,CNAII

2026-04-08T14:02:56.726Z,true,false,false,false,16L,PURGA DE FOTO LATERAL,EC3782,CNAII

2026-04-08T14:02:59.760Z,true,false,false,false,17L,PURGA DE FOTO LATERAL,EC3782,CNAII

2026-04-08T14:03:05.782Z,true,false,false,false,18L,PURGA DE FOTO LATERAL,EC3782,CNAII

2026-04-08T14:03:09.800Z,true,false,false,false,19L,PURGA DE FOTO LATERAL,EC3782,CNAII

2026-04-08T14:03:13.822Z,true,false,false,false,tesF,PURGA DE FOTO FRONTAL,EC3782,CNAII

2026-04-08T14:03:19.858Z,true,false,false,false,21F,PURGA DE FOTO FRONTAL,EC3782,CNAII

2026-04-08T14:03:23.883Z,true,false,false,false,22F,PURGA DE FOTO FRONTAL,EC3782,CNAII

2026-04-08T14:03:32.924Z,true,false,false,false,23F,PURGA DE FOTO FRONTAL,EC3782,CNAII

2026-04-08T14:03:40.982Z,true,false,false,false,12T.1,Rectitud EC,EC3782,CNAII

2026-04-08T14:03:45.037Z,true,false,false,false,12T.2,Rectitud EC,EC3782,CNAII

2026-04-08T14:03:47.061Z,true,false,false,false,12T.3,Rectitud EC,EC3782,CNAII

2026-04-08T14:03:49.064Z,true,false,false,false,tesL,PURGA DE FOTO LATERAL,EC3782,CNAII

2026-04-08T14:03:55.071Z,true,false,false,false,24L,PURGA DE FOTO LATERAL,EC3782,CNAII

2026-04-08T14:03:58.082Z,true,false,false,false,25L,PURGA DE FOTO LATERAL,EC3782,CNAII

2026-04-08T14:04:03.103Z,true,false,false,false,26L,PURGA DE FOTO LATERAL,EC3782,CNAII

2026-04-08T14:04:09.161Z,true,false,false,false,27L,PURGA DE FOTO LATERAL,EC3782,CNAII

2026-04-08T14:04:15.215Z,true,false,false,false,28L,PURGA DE FOTO LATERAL,EC3782,CNAII

2026-04-08T14:04:21.263Z,true,false,false,false,tesF,PURGA DE FOTO FRONTAL,EC3782,CNAII

2026-04-08T14:04:28.322Z,true,false,false,false,29F,Distancia entre SE - Perpendicularidad SE,EC3782,CNAII

2026-04-08T14:04:31.383Z,true,false,false,false,30F,Distancia entre SE - Perpendicularidad SE,EC3782,CNAII

2026-04-08T14:04:35.391Z,true,false,false,false,31F,Distancia entre SE - Perpendicularidad SE,EC3782,CNAII

2026-04-08T14:04:39.427Z,true,false,false,false,32F,Distancia entre SE - Perpendicularidad SE,EC3782,CNAII

2026-04-08T14:04:43.459Z,true,false,false,false,33F,Distancia entre SE - Perpendicularidad SE,EC3782,CNAII

2026-04-08T14:04:47.456Z,true,false,false,false,34F,Distancia entre SE - Perpendicularidad SE,EC3782,CNAII

2026-04-08T14:04:50.483Z,true,false,false,false,36F,Distancia entre SE - Perpendicularidad SE,EC3782,CNAII

2026-04-08T14:04:55.559Z,true,false,false,false,37F,Distancia entre SE - Perpendicularidad SE,EC3782,CNAII

2026-04-08T14:04:58.604Z,true,false,false,false,38F,Distancia entre SE - Perpendicularidad SE,EC3782,CNAII

2026-04-08T14:05:01.653Z,true,false,false,false,11T.1,Rectitud EC,EC3782,CNAII

2026-04-08T14:05:08.648Z,true,false,false,false,11T.2,Rectitud EC,EC3782,CNAII

2026-04-08T14:05:09.660Z,true,false,false,false,11T.3,Rectitud EC,EC3782,CNAII

2026-04-08T14:05:11.672Z,true,false,false,false,tesL,PURGA DE FOTO LATERAL,EC3782,CNAII

2026-04-08T14:05:17.760Z,true,false,false,false,39L,PURGA DE FOTO LATERAL,EC3782,CNAII

2026-04-08T14:05:21.774Z,true,false,false,false,40L,PURGA DE FOTO LATERAL,EC3782,CNAII

2026-04-08T14:05:25.800Z,true,false,false,false,41L,PURGA DE FOTO LATERAL,EC3782,CNAII

2026-04-08T14:05:31.857Z,true,false,false,false,42L,PURGA DE FOTO LATERAL,EC3782,CNAII

2026-04-08T14:05:37.901Z,true,false,false,false,43L,PURGA DE FOTO LATERAL,EC3782,CNAII

2026-04-08T14:05:43.969Z,true,false,false,false,tesF,PURGA DE FOTO FRONTAL,EC3782,CNAII

2026-04-08T14:05:51.012Z,true,false,false,false,44F,Distancia entre SE - Perpendicularidad SE,EC3782,CNAII

2026-04-08T14:05:54.040Z,true,false,false,false,45F,Distancia entre SE - Perpendicularidad SE,EC3782,CNAII

2026-04-08T14:05:58.065Z,true,false,false,false,46F,Distancia entre SE - Perpendicularidad SE,EC3782,CNAII

2026-04-08T14:06:02.070Z,true,false,false,false,47F,Distancia entre SE - Perpendicularidad SE,EC3782,CNAII

2026-04-08T14:06:06.089Z,true,false,false,false,48F,Distancia entre SE - Perpendicularidad SE,EC3782,CNAII

2026-04-08T14:06:10.110Z,true,false,false,false,49F,Distancia entre SE - Perpendicularidad SE,EC3782,CNAII

2026-04-08T14:06:13.160Z,true,false,false,false,51F,Distancia entre SE - Perpendicularidad SE,EC3782,CNAII

2026-04-08T14:06:18.173Z,true,false,false,false,52F,Distancia entre SE - Perpendicularidad SE,EC3782,CNAII

2026-04-08T14:06:21.181Z,true,false,false,false,53F,Distancia entre SE - Perpendicularidad SE,EC3782,CNAII

2026-04-08T14:06:25.215Z,true,false,false,false,10T.1,Rectitud EC,EC3782,CNAII

2026-04-08T14:06:31.284Z,true,false,false,false,10T.2,Rectitud EC,EC3782,CNAII

2026-04-08T14:06:33.311Z,true,false,false,false,10T.3,Rectitud EC,EC3782,CNAII

2026-04-08T14:06:35.365Z,true,false,false,false,tesL,PURGA DE FOTO LATERAL,EC3782,CNAII

2026-04-08T14:06:41.396Z,true,false,false,false,54L,PURGA DE FOTO LATERAL,EC3782,CNAII

2026-04-08T14:06:44.409Z,true,false,false,false,55L,PURGA DE FOTO LATERAL,EC3782,CNAII

2026-04-08T14:06:49.443Z,true,false,false,false,56L,PURGA DE FOTO LATERAL,EC3782,CNAII

2026-04-08T14:06:55.500Z,true,false,false,false,57L,PURGA DE FOTO LATERAL,EC3782,CNAII

2026-04-08T14:07:01.561Z,true,false,false,false,58L,PURGA DE FOTO LATERAL,EC3782,CNAII

2026-04-08T14:07:07.658Z,true,false,false,false,tesF,PURGA DE FOTO FRONTAL,EC3782,CNAII

2026-04-08T14:07:14.674Z,true,false,false,false,59F,Distancia entre SE - Perpendicularidad SE,EC3782,CNAII

2026-04-08T14:07:17.671Z,true,false,false,false,60F,Distancia entre SE - Perpendicularidad SE,EC3782,CNAII

2026-04-08T14:07:21.682Z,true,false,false,false,61F,Distancia entre SE - Perpendicularidad SE,EC3782,CNAII

2026-04-08T14:07:25.719Z,true,false,false,false,62F,Distancia entre SE - Perpendicularidad SE,EC3782,CNAII

2026-04-08T14:07:29.759Z,true,false,false,false,63F,Distancia entre SE - Perpendicularidad SE,EC3782,CNAII

2026-04-08T14:07:33.799Z,true,false,false,false,64F,Distancia entre SE - Perpendicularidad SE,EC3782,CNAII

2026-04-08T14:07:36.799Z,true,false,false,false,66F,Distancia entre SE - Perpendicularidad SE,EC3782,CNAII

2026-04-08T14:07:41.835Z,true,false,false,false,67F,Distancia entre SE - Perpendicularidad SE,EC3782,CNAII

2026-04-08T14:07:44.867Z,true,false,false,false,68F,Distancia entre SE - Perpendicularidad SE,EC3782,CNAII

2026-04-08T14:07:47.885Z,true,false,false,false,9T.1,Rectitud EC,EC3782,CNAII

2026-04-08T14:07:55.959Z,true,false,false,false,9T.2,Rectitud EC,EC3782,CNAII

2026-04-08T14:07:56.974Z,true,false,false,false,9T.3,Rectitud EC,EC3782,CNAII

2026-04-08T14:07:58.983Z,true,false,false,false,tesL,PURGA DE FOTO LATERAL,EC3782,CNAII

2026-04-08T14:08:05.035Z,true,false,false,false,69L,PURGA DE FOTO LATERAL,EC3782,CNAII

2026-04-08T14:08:09.067Z,true,false,false,false,70L,PURGA DE FOTO LATERAL,EC3782,CNAII

2026-04-08T14:08:13.091Z,true,false,false,false,71L,PURGA DE FOTO LATERAL,EC3782,CNAII

2026-04-08T14:08:19.143Z,true,false,false,false,72L,PURGA DE FOTO LATERAL,EC3782,CNAII

2026-04-08T14:08:25.215Z,true,false,false,false,73L,PURGA DE FOTO LATERAL,EC3782,CNAII

2026-04-08T14:08:31.231Z,true,false,false,false,tesF,PURGA DE FOTO FRONTAL,EC3782,CNAII

2026-04-08T14:08:38.282Z,true,false,false,false,74F,Distancia entre SE - Perpendicularidad SE,EC3782,CNAII

2026-04-08T14:08:41.298Z,true,false,false,false,75F,Distancia entre SE - Perpendicularidad SE,EC3782,CNAII

2026-04-08T14:08:45.323Z,true,false,false,false,76F,Distancia entre SE - Perpendicularidad SE,EC3782,CNAII

2026-04-08T14:08:49.332Z,true,false,false,false,77F,Distancia entre SE - Perpendicularidad SE,EC3782,CNAII

2026-04-08T14:08:53.384Z,true,false,false,false,78F,Distancia entre SE - Perpendicularidad SE,EC3782,CNAII

2026-04-08T14:08:57.399Z,true,false,false,false,79F,Distancia entre SE - Perpendicularidad SE,EC3782,CNAII

2026-04-08T14:09:01.400Z,true,false,false,false,81F,Distancia entre SE - Perpendicularidad SE,EC3782,CNAII

2026-04-08T14:09:05.454Z,true,false,false,false,82F,Distancia entre SE - Perpendicularidad SE,EC3782,CNAII

2026-04-08T14:09:09.466Z,true,false,false,false,83F,Distancia entre SE - Perpendicularidad SE,EC3782,CNAII

2026-04-08T14:09:12.472Z,true,false,false,false,8T.1,Rectitud EC,EC3782,CNAII

2026-04-08T14:09:19.507Z,true,false,false,false,8T.2,Rectitud EC,EC3782,CNAII

2026-04-08T14:09:21.526Z,true,false,false,false,8T.3,Rectitud EC,EC3782,CNAII

2026-04-08T14:09:23.563Z,true,false,false,false,tesL,PURGA DE FOTO LATERAL,EC3782,CNAII

2026-04-08T14:09:29.647Z,true,false,false,false,84L,PURGA DE FOTO LATERAL,EC3782,CNAII

2026-04-08T14:09:32.652Z,true,false,false,false,85L,PURGA DE FOTO LATERAL,EC3782,CNAII

2026-04-08T14:09:37.682Z,true,false,false,false,86L,PURGA DE FOTO LATERAL,EC3782,CNAII

2026-04-08T14:09:43.717Z,true,false,false,false,87L,PURGA DE FOTO LATERAL,EC3782,CNAII

2026-04-08T14:09:49.795Z,true,false,false,false,88L,PURGA DE FOTO LATERAL,EC3782,CNAII

2026-04-08T14:09:55.861Z,true,false,false,false,tesF,PURGA DE FOTO FRONTAL,EC3782,CNAII

2026-04-08T14:10:02.926Z,true,false,false,false,89F,Distancia entre SE - Perpendicularidad SE,EC3782,CNAII

2026-04-08T14:10:05.955Z,true,false,false,false,90F,Distancia entre SE - Perpendicularidad SE,EC3782,CNAII

2026-04-08T14:10:09.962Z,true,false,false,false,91F,Distancia entre SE - Perpendicularidad SE,EC3782,CNAII

2026-04-08T14:10:14.001Z,true,false,false,false,92F,Distancia entre SE - Perpendicularidad SE,EC3782,CNAII

2026-04-08T14:10:18.049Z,true,false,false,false,93F,Distancia entre SE - Perpendicularidad SE,EC3782,CNAII

2026-04-08T14:10:22.083Z,true,false,false,false,94F,Distancia entre SE - Perpendicularidad SE,EC3782,CNAII

2026-04-08T14:10:25.107Z,true,false,false,false,96F,Distancia entre SE - Perpendicularidad SE,EC3782,CNAII

2026-04-08T14:10:30.161Z,true,false,false,false,97F,Distancia entre SE - Perpendicularidad SE,EC3782,CNAII

2026-04-08T14:10:33.185Z,true,false,false,false,98F,Distancia entre SE - Perpendicularidad SE,EC3782,CNAII

2026-04-08T14:10:36.209Z,true,false,false,false,7T.1,Rectitud EC,EC3782,CNAII

2026-04-08T14:10:44.284Z,true,false,false,false,7T.2,Rectitud EC,EC3782,CNAII

2026-04-08T14:10:45.290Z,true,false,false,false,7T.3,Rectitud EC,EC3782,CNAII

2026-04-08T14:10:47.315Z,true,false,false,false,tesL,PURGA DE FOTO LATERAL,EC3782,CNAII

2026-04-08T14:10:53.389Z,true,false,false,false,99L,PURGA DE FOTO LATERAL,EC3782,CNAII

2026-04-08T14:10:57.399Z,true,false,false,false,100L,PURGA DE FOTO LATERAL,EC3782,CNAII

2026-04-08T14:11:01.472Z,true,false,false,false,101L,PURGA DE FOTO LATERAL,EC3782,CNAII

2026-04-08T14:11:07.490Z,true,false,false,false,102L,PURGA DE FOTO LATERAL,EC3782,CNAII

2026-04-08T14:11:13.516Z,true,false,false,false,103L,PURGA DE FOTO LATERAL,EC3782,CNAII

2026-04-08T14:11:19.571Z,true,false,false,false,tesF,PURGA DE FOTO FRONTAL,EC3782,CNAII

2026-04-08T14:11:26.665Z,true,false,false,false,104F,Distancia entre SE - Perpendicularidad SE,EC3782,CNAII

2026-04-08T14:11:29.678Z,true,false,false,false,105F,Distancia entre SE - Perpendicularidad SE,EC3782,CNAII

2026-04-08T14:11:33.696Z,true,false,false,false,106F,Distancia entre SE - Perpendicularidad SE,EC3782,CNAII

2026-04-08T14:11:37.723Z,true,false,false,false,107F,Distancia entre SE - Perpendicularidad SE,EC3782,CNAII

2026-04-08T14:11:41.757Z,true,false,false,false,108F,Distancia entre SE - Perpendicularidad SE,EC3782,CNAII

2026-04-08T14:11:45.788Z,true,false,false,false,109F,Distancia entre SE - Perpendicularidad SE,EC3782,CNAII

2026-04-08T14:11:48.799Z,true,false,false,false,111F,Distancia entre SE - Perpendicularidad SE,EC3782,CNAII

2026-04-08T14:11:53.860Z,true,false,false,false,112F,Distancia entre SE - Perpendicularidad SE,EC3782,CNAII

2026-04-08T14:11:56.889Z,true,false,false,false,113F,Distancia entre SE - Perpendicularidad SE,EC3782,CNAII

2026-04-08T14:12:00.918Z,true,false,false,false,6T.1,Rectitud EC,EC3782,CNAII

2026-04-08T14:12:07.981Z,true,false,false,false,6T.2,Rectitud EC,EC3782,CNAII

2026-04-08T14:12:09.996Z,true,false,false,false,6T.3,Rectitud EC,EC3782,CNAII

2026-04-08T14:12:11.007Z,true,false,false,false,tesL,PURGA DE FOTO LATERAL,EC3782,CNAII

2026-04-08T14:12:18.061Z,true,false,false,false,114L,PURGA DE FOTO LATERAL,EC3782,CNAII

2026-04-08T14:12:21.089Z,true,false,false,false,115L,PURGA DE FOTO LATERAL,EC3782,CNAII

2026-04-08T14:12:26.123Z,true,false,false,false,116L,PURGA DE FOTO LATERAL,EC3782,CNAII

2026-04-08T14:12:32.163Z,true,false,false,false,117L,PURGA DE FOTO LATERAL,EC3782,CNAII

2026-04-08T14:12:38.187Z,true,false,false,false,118L,PURGA DE FOTO LATERAL,EC3782,CNAII

2026-04-08T14:12:44.234Z,true,false,false,false,tesF,PURGA DE FOTO FRONTAL,EC3782,CNAII

2026-04-08T14:12:50.267Z,true,false,false,false,119F,Distancia entre SE - Perpendicularidad SE,EC3782,CNAII

2026-04-08T14:12:53.281Z,true,false,false,false,120F,Distancia entre SE - Perpendicularidad SE,EC3782,CNAII

2026-04-08T14:12:58.316Z,true,false,false,false,121F,Distancia entre SE - Perpendicularidad SE,EC3782,CNAII

2026-04-08T14:13:01.366Z,true,false,false,false,122F,Distancia entre SE - Perpendicularidad SE,EC3782,CNAII

2026-04-08T14:13:05.384Z,true,false,false,false,123F,Distancia entre SE - Perpendicularidad SE,EC3782,CNAII

2026-04-08T14:13:10.407Z,true,false,false,false,124F,Distancia entre SE - Perpendicularidad SE,EC3782,CNAII

2026-04-08T14:13:13.435Z,true,false,false,false,126F,Distancia entre SE - Perpendicularidad SE,EC3782,CNAII

2026-04-08T14:13:18.462Z,true,false,false,false,127F,Distancia entre SE - Perpendicularidad SE,EC3782,CNAII

2026-04-08T14:13:21.488Z,true,false,false,false,128F,Distancia entre SE - Perpendicularidad SE,EC3782,CNAII

2026-04-08T14:13:24.531Z,true,false,false,false,5T.1,Rectitud EC,EC3782,CNAII

2026-04-08T14:13:31.670Z,true,false,false,false,5T.2,Rectitud EC,EC3782,CNAII

2026-04-08T14:13:33.672Z,true,false,false,false,5T.3,Rectitud EC,EC3782,CNAII

2026-04-08T14:13:35.670Z,true,false,false,false,tesL,PURGA DE FOTO LATERAL,EC3782,CNAII

2026-04-08T14:13:41.696Z,true,false,false,false,129L,PURGA DE FOTO LATERAL,EC3782,CNAII

2026-04-08T14:13:44.728Z,true,false,false,false,130L,PURGA DE FOTO LATERAL,EC3782,CNAII

2026-04-08T14:13:49.759Z,true,false,false,false,131L,PURGA DE FOTO LATERAL,EC3782,CNAII

2026-04-08T14:13:55.793Z,true,false,false,false,132L,PURGA DE FOTO LATERAL,EC3782,CNAII

2026-04-08T14:14:01.827Z,true,false,false,false,133L,PURGA DE FOTO LATERAL,EC3782,CNAII

2026-04-08T14:14:07.862Z,true,false,false,false,tesF,PURGA DE FOTO FRONTAL,EC3782,CNAII

2026-04-08T14:14:14.902Z,true,false,false,false,134F,Distancia entre SE - Perpendicularidad SE,EC3782,CNAII

2026-04-08T14:14:17.917Z,true,false,false,false,135F,Distancia entre SE - Perpendicularidad SE,EC3782,CNAII

2026-04-08T14:14:21.936Z,true,false,false,false,136F,Distancia entre SE - Perpendicularidad SE,EC3782,CNAII

2026-04-08T14:14:25.977Z,true,false,false,false,137F,Distancia entre SE - Perpendicularidad SE,EC3782,CNAII

2026-04-08T14:14:30.019Z,true,false,false,false,138F,Distancia entre SE - Perpendicularidad SE,EC3782,CNAII

2026-04-08T14:14:34.049Z,true,false,false,false,139F,Distancia entre SE - Perpendicularidad SE,EC3782,CNAII

2026-04-08T14:14:37.079Z,true,false,false,false,141F,Distancia entre SE - Perpendicularidad SE,EC3782,CNAII

2026-04-08T14:14:42.125Z,true,false,false,false,142F,Distancia entre SE - Perpendicularidad SE,EC3782,CNAII

2026-04-08T14:14:45.167Z,true,false,false,false,143F,Distancia entre SE - Perpendicularidad SE,EC3782,CNAII

2026-04-08T14:14:48.175Z,true,false,false,false,4T.1,Rectitud EC,EC3782,CNAII

2026-04-08T14:14:56.232Z,true,false,false,false,4T.2,Rectitud EC,EC3782,CNAII

2026-04-08T14:14:57.253Z,true,false,false,false,4T.3,Rectitud EC,EC3782,CNAII

2026-04-08T14:14:59.279Z,true,false,false,false,tesL,PURGA DE FOTO LATERAL,EC3782,CNAII

2026-04-08T14:15:05.314Z,true,false,false,false,144L,PURGA DE FOTO LATERAL,EC3782,CNAII

2026-04-08T14:15:09.330Z,true,false,false,false,145L,PURGA DE FOTO LATERAL,EC3782,CNAII

2026-04-08T14:15:13.390Z,true,false,false,false,146L,PURGA DE FOTO LATERAL,EC3782,CNAII

2026-04-08T14:15:20.404Z,true,false,false,false,147L,PURGA DE FOTO LATERAL,EC3782,CNAII

2026-04-08T14:15:25.463Z,true,false,false,false,148L,PURGA DE FOTO LATERAL,EC3782,CNAII

2026-04-08T14:15:31.502Z,true,false,false,false,tesF,PURGA DE FOTO FRONTAL,EC3782,CNAII

2026-04-08T14:15:38.549Z,true,false,false,false,149F,Distancia entre SE - Perpendicularidad SE,EC3782,CNAII

2026-04-08T14:15:41.552Z,true,false,false,false,150F,Distancia entre SE - Perpendicularidad SE,EC3782,CNAII

2026-04-08T14:15:45.581Z,true,false,false,false,151F,Distancia entre SE - Perpendicularidad SE,EC3782,CNAII

2026-04-08T14:15:49.657Z,true,false,false,false,152F,Distancia entre SE - Perpendicularidad SE,EC3782,CNAII

2026-04-08T14:15:53.656Z,true,false,false,false,153F,Distancia entre SE - Perpendicularidad SE,EC3782,CNAII

2026-04-08T14:15:57.671Z,true,false,false,false,154F,Distancia entre SE - Perpendicularidad SE,EC3782,CNAII

2026-04-08T14:16:00.693Z,true,false,false,false,156F,Distancia entre SE - Perpendicularidad SE,EC3782,CNAII

2026-04-08T14:16:05.740Z,true,false,false,false,157F,Distancia entre SE - Perpendicularidad SE,EC3782,CNAII

2026-04-08T14:16:08.763Z,true,false,false,false,158F,Distancia entre SE - Perpendicularidad SE,EC3782,CNAII

2026-04-08T14:16:12.779Z,true,false,false,false,3T.1,Rectitud EC,EC3782,CNAII

2026-04-08T14:16:19.809Z,true,false,false,false,3T.2,Rectitud EC,EC3782,CNAII

2026-04-08T14:16:21.821Z,true,false,false,false,3T.3,Rectitud EC,EC3782,CNAII

2026-04-08T14:16:22.822Z,true,false,false,false,tesL,PURGA DE FOTO LATERAL,EC3782,CNAII

2026-04-08T14:16:29.868Z,true,false,false,false,159L,PURGA DE FOTO LATERAL,EC3782,CNAII

2026-04-08T14:16:32.880Z,true,false,false,false,160L,PURGA DE FOTO LATERAL,EC3782,CNAII

2026-04-08T14:16:37.891Z,true,false,false,false,161L,PURGA DE FOTO LATERAL,EC3782,CNAII

2026-04-08T14:16:43.929Z,true,false,false,false,162L,PURGA DE FOTO LATERAL,EC3782,CNAII

2026-04-08T14:16:49.978Z,true,false,false,false,163L,PURGA DE FOTO LATERAL,EC3782,CNAII

2026-04-08T14:16:56.048Z,true,false,false,false,tesF,PURGA DE FOTO FRONTAL,EC3782,CNAII

2026-04-08T14:17:02.079Z,true,false,false,false,164F,Distancia entre SE - Perpendicularidad SE,EC3782,CNAII

2026-04-08T14:17:05.089Z,true,false,false,false,165F,Distancia entre SE - Perpendicularidad SE,EC3782,CNAII

2026-04-08T14:17:10.135Z,true,false,false,false,166F,Distancia entre SE - Perpendicularidad SE,EC3782,CNAII

2026-04-08T14:17:14.164Z,true,false,false,false,167F,Distancia entre SE - Perpendicularidad SE,EC3782,CNAII

2026-04-08T14:17:17.189Z,true,false,false,false,168F,Distancia entre SE - Perpendicularidad SE,EC3782,CNAII

2026-04-08T14:17:22.236Z,true,false,false,false,169F,Distancia entre SE - Perpendicularidad SE,EC3782,CNAII

2026-04-08T14:17:25.257Z,true,false,false,false,171F,Distancia entre SE - Perpendicularidad SE,EC3782,CNAII

2026-04-08T14:17:30.314Z,true,false,false,false,172F,Distancia entre SE - Perpendicularidad SE,EC3782,CNAII

2026-04-08T14:17:33.378Z,true,false,false,false,173F,Distancia entre SE - Perpendicularidad SE,EC3782,CNAII

2026-04-08T14:17:36.395Z,true,false,false,false,2T.1,Rectitud EC,EC3782,CNAII

2026-04-08T14:17:43.404Z,true,false,false,false,2T.2,Rectitud EC,EC3782,CNAII

2026-04-08T14:17:45.414Z,true,false,false,false,2T.3,Rectitud EC,EC3782,CNAII

2026-04-08T14:17:47.442Z,true,false,false,false,tesL,PURGA DE FOTO LATERAL,EC3782,CNAII

2026-04-08T14:17:53.492Z,true,false,false,false,174L,PURGA DE FOTO LATERAL,EC3782,CNAII

2026-04-08T14:17:56.551Z,true,false,false,false,175L,PURGA DE FOTO LATERAL,EC3782,CNAII

2026-04-08T14:18:01.565Z,true,false,false,false,176L,PURGA DE FOTO LATERAL,EC3782,CNAII

2026-04-08T14:18:07.650Z,true,false,false,false,177L,PURGA DE FOTO LATERAL,EC3782,CNAII

2026-04-08T14:18:13.680Z,true,false,false,false,178L,PURGA DE FOTO LATERAL,EC3782,CNAII

2026-04-08T14:18:19.705Z,true,false,false,false,tesF,PURGA DE FOTO FRONTAL,EC3782,CNAII

2026-04-08T14:18:25.750Z,true,false,false,false,179F,Distancia entre SE - Perpendicularidad SE,EC3782,CNAII

2026-04-08T14:18:29.766Z,true,false,false,false,180F,Distancia entre SE - Perpendicularidad SE,EC3782,CNAII

2026-04-08T14:18:33.794Z,true,false,false,false,181F,Distancia entre SE - Perpendicularidad SE,EC3782,CNAII

2026-04-08T14:18:37.826Z,true,false,false,false,182F,Distancia entre SE - Perpendicularidad SE,EC3782,CNAII

2026-04-08T14:18:40.865Z,true,false,false,false,183F,Distancia entre SE - Perpendicularidad SE,EC3782,CNAII

2026-04-08T14:18:45.895Z,true,false,false,false,184F,Distancia entre SE - Perpendicularidad SE,EC3782,CNAII

2026-04-08T14:18:48.913Z,true,false,false,false,186F,Distancia entre SE - Perpendicularidad SE,EC3782,CNAII

2026-04-08T14:18:53.969Z,true,false,false,false,187F,Distancia entre SE - Perpendicularidad SE,EC3782,CNAII

2026-04-08T14:18:56.990Z,true,false,false,false,188F,Distancia entre SE - Perpendicularidad SE,EC3782,CNAII

2026-04-08T14:19:00.013Z,true,false,false,false,1T.1,Rectitud EC,EC3782,CNAII

2026-04-08T14:19:08.077Z,true,false,false,false,1T.2,Rectitud EC,EC3782,CNAII

2026-04-08T14:19:09.081Z,true,false,false,false,1T.3,Rectitud EC,EC3782,CNAII

2026-04-08T14:19:11.093Z,true,false,false,false,tesL,PURGA DE FOTO LATERAL,EC3782,CNAII

2026-04-08T14:19:18.179Z,true,false,false,false,189L,PURGA DE FOTO LATERAL,EC3782,CNAII

2026-04-08T14:19:21.200Z,true,false,false,false,190L,PURGA DE FOTO LATERAL,EC3782,CNAII

2026-04-08T14:19:26.244Z,true,false,false,false,191L,PURGA DE FOTO LATERAL,EC3782,CNAII

2026-04-08T14:19:32.292Z,true,false,false,false,192L,PURGA DE FOTO LATERAL,EC3782,CNAII

2026-04-08T14:19:38.395Z,true,false,false,false,193L,PURGA DE FOTO LATERAL,EC3782,CNAII

2026-04-08T14:19:44.429Z,true,false,false,false,tesF,PURGA DE FOTO FRONTAL,EC3782,CNAII

2026-04-08T14:19:50.489Z,true,false,false,false,194F,Distancia entre SE - Perpendicularidad SE,EC3782,CNAII

2026-04-08T14:19:53.504Z,true,false,false,false,195F,Distancia entre SE - Perpendicularidad SE,EC3782,CNAII

2026-04-08T14:19:58.563Z,true,false,false,false,196F,Distancia entre SE - Perpendicularidad SE,EC3782,CNAII

2026-04-08T14:20:01.650Z,true,false,false,false,197F,Distancia entre SE - Perpendicularidad SE,EC3782,CNAII

2026-04-08T14:20:05.670Z,true,false,false,false,198F,Distancia entre SE - Perpendicularidad SE,EC3782,CNAII

2026-04-08T14:20:09.719Z,true,false,false,false,199F,Distancia entre SE - Perpendicularidad SE,EC3782,CNAII

2026-04-08T14:20:13.718Z,true,false,false,false,201F,Distancia entre SE - Perpendicularidad SE,EC3782,CNAII

2026-04-08T14:20:17.765Z,true,false,false,false,202F,Distancia entre SE - Perpendicularidad SE,EC3782,CNAII

2026-04-08T14:20:21.791Z,true,false,false,false,203F,Distancia entre SE - Perpendicularidad SE,EC3782,CNAII

2026-04-08T14:20:24.810Z,true,false,false,false,001F,Distancia entre SE y PP,EC3782,CNAII

2026-04-08T14:20:30.866Z,true,false,false,false,210F,Distancia entre SE y PP,EC3782,CNAII

2026-04-08T14:20:33.892Z,true,false,false,false,002F,Distancia entre SE y PP,EC3782,CNAII

2026-04-08T14:20:40.966Z,true,false,false,false,211F,Distancia entre SE y PP,EC3782,CNAII

2026-04-08T14:20:47.024Z,true,false,false,false,003F,Distancia entre SE y PP,EC3782,CNAII

2026-04-08T14:20:54.087Z,true,false,false,false,tesL,PURGA DE FOTO LATERAL,EC3782,CNAII

2026-04-08T14:21:00.167Z,true,false,false,false,212L,PURGA DE FOTO LATERAL,EC3782,CNAII

2026-04-08T14:21:02.180Z,true,false,false,false,213L,PURGA DE FOTO LATERAL,EC3782,CNAII

2026-04-08T14:21:10.280Z,true,false,false,false,214L,PURGA DE FOTO LATERAL,EC3782,CNAII

2026-04-08T14:21:18.372Z,true,false,false,false,tesL,PURGA DE FOTO LATERAL,EC3782,CNAII

2026-04-08T14:21:26.425Z,true,false,false,false,216L,Presencia de soldadura TVS - Fisuras soldadura TVS,EC3782,CNAII

2026-04-08T14:21:31.483Z,true,false,false,false,217L,Presencia de soldadura TVS - Fisuras soldadura TVS,EC3782,CNAII

2026-04-08T14:21:39.585Z,true,false,false,false,218L,Presencia de soldadura TVS - Fisuras soldadura TVS,EC3782,CNAII

2026-04-08T14:21:48.670Z,true,false,false,false,tesL,PURGA DE FOTO LATERAL,EC3782,CNAII

2026-04-08T14:21:59.761Z,true,false,false,false,0T.1,Rectitud EC PP,EC3782,CNAII

2026-04-08T14:22:03.800Z,true,false,false,false,0T.2,Rectitud EC PP,EC3782,CNAII

2026-04-08T14:22:04.800Z,true,false,false,false,0T.3,Rectitud EC PP,EC3782,CNAII

2026-04-08T14:22:06.819Z,true,false,false,false,14T.1,Rectitud EC PP,EC3782,CNAII

2026-04-08T14:22:09.865Z,true,false,false,false,14T.2,Rectitud EC PP,EC3782,CNAII

2026-04-08T14:22:11.867Z,true,false,false,false,14T.3,Rectitud EC PP,EC3782,CNAII

2026-04-08T14:22:12.875Z,true,false,false,false,222L,Rectitud EC PP,EC3782,CNAII

2026-04-08T14:22:16.912Z,true,false,false,false,223L,Rectitud EC PP,EC3782,CNAII

2026-04-08T14:22:21.970Z,true,false,false,false,224L,Rectitud EC PP,EC3782,CNAII

2026-04-08T14:22:26.983Z,true,false,false,false,225L,Rectitud EC PP,EC3782,CNAII

2026-04-08T14:22:32.050Z,true,false,false,false,226L,Rectitud EC PP,EC3782,CNAII

2026-04-08T14:22:37.078Z,true,false,false,false,227L,Rectitud EC PP,EC3782,CNAII

2026-04-08T14:22:42.147Z,true,false,false,false,tesL,PURGA DE FOTO LATERAL,EC3782,CNAII

2026-04-08T14:22:48.199Z,true,false,false,false,228L,PURGA DE FOTO LATERAL,EC3782,CNAII

2026-04-08T14:23:00.302Z,true,false,false,false,229L,PURGA DE FOTO LATERAL,EC3782,CNAII

2026-04-08T14:23:04.341Z,true,false,false,false,230L,PURGA DE FOTO LATERAL,EC3782,CNAII

2026-04-08T14:23:09.411Z,true,false,false,false,231L,PURGA DE FOTO LATERAL,EC3782,CNAII

2026-04-08T14:23:14.468Z,true,false,false,false,232L,PURGA DE FOTO LATERAL,EC3782,CNAII

2026-04-08T14:23:19.516Z,true,false,false,false,233L,PURGA DE FOTO LATERAL,EC3782,CNAII

2026-04-08T14:23:24.553Z,true,false,false,false,tesF,PURGA DE FOTO FRONTAL,EC3782,CNAII

2026-04-08T14:23:28.597Z,true,false,false,false,,,EC3782,CNAII

2026-04-08T14:24:45.328Z,false,false,false,true,,,EC3782,CNAII

2026-04-08T14:33:00.558Z,false,false,false,false,,,EC3782,CNAII

2026-04-08T14:41:06.839Z,true,false,false,false,,,EC3781,CNAII

2026-04-08T14:41:45.201Z,true,false,false,false,13T.1,Rectitud EC,EC3781,CNAII

2026-04-08T14:42:03.415Z,true,false,false,false,13T.2,Rectitud EC,EC3781,CNAII

2026-04-08T14:42:04.401Z,true,false,false,false,13T.3,Rectitud EC,EC3781,CNAII

2026-04-08T14:42:06.429Z,true,false,false,false,AZ4-A,Rectitud EC,EC3781,CNAII

2026-04-08T14:42:07.421Z,true,false,false,false,AZ4-B,Zapata tipo I/II 4,EC3781,CNAII

2026-04-08T14:42:10.443Z,true,false,false,false,AZ3-A,Zapata tipo I/II 4,EC3781,CNAII

2026-04-08T14:42:15.482Z,true,false,false,false,AZ3-B,Zapata tipo I/II 3,EC3781,CNAII

2026-04-08T14:42:17.506Z,true,false,false,false,AZ2-B,Zapata tipo I/II 2,EC3781,CNAII

2026-04-08T14:42:21.541Z,true,false,false,false,AZ12-A,Zapata tipo I/II 2,EC3781,CNAII

2026-04-08T14:42:24.580Z,true,false,false,false,AZ1-B,Zapata tipo I/II 1,EC3781,CNAII

2026-04-08T14:42:27.661Z,true,false,false,false,AZ6-B,Zapata tipo I/II 6,EC3781,CNAII

2026-04-08T14:42:35.687Z,true,false,false,false,AZ56-A,Zapata tipo I/II 6,EC3781,CNAII

2026-04-08T14:42:37.712Z,true,false,false,false,AZ5-B,Zapata tipo I/II 5,EC3781,CNAII

2026-04-08T14:42:40.722Z,true,false,false,false,tesF,PURGA DE FOTO FRONTAL,EC3781,CNAII

2026-04-08T14:42:42.734Z,true,false,false,false,1F,PURGA DE FOTO FRONTAL,EC3781,CNAII

2026-04-08T14:42:45.774Z,true,false,false,false,2F,PURGA DE FOTO FRONTAL,EC3781,CNAII

2026-04-08T14:42:49.786Z,true,false,false,false,3F,Distancia entre SE - Perpendicularidad SE,EC3781,CNAII

2026-04-08T14:42:53.803Z,true,false,false,false,4F,Distancia entre SE - Perpendicularidad SE,EC3781,CNAII

2026-04-08T14:42:57.837Z,true,false,false,false,5F,Distancia entre SE - Perpendicularidad SE,EC3781,CNAII

2026-04-08T14:43:00.874Z,true,false,false,false,6F,Distancia entre SE - Perpendicularidad SE,EC3781,CNAII

2026-04-08T14:43:03.886Z,true,false,false,false,7F,Distancia entre SE - Perpendicularidad SE,EC3781,CNAII

2026-04-08T14:43:06.904Z,true,false,false,false,9F,Distancia entre SE - Perpendicularidad SE,EC3781,CNAII

2026-04-08T14:43:11.942Z,true,false,false,false,10F,Distancia entre SE - Perpendicularidad SE,EC3781,CNAII

2026-04-08T14:43:14.975Z,true,false,false,false,11F,Distancia entre SE - Perpendicularidad SE,EC3781,CNAII

2026-04-08T14:43:17.987Z,true,false,false,false,12F,Distancia entre SE - Perpendicularidad SE,EC3781,CNAII

2026-04-08T14:43:21.004Z,true,false,false,false,tesL,PURGA DE FOTO LATERAL,EC3781,CNAII

2026-04-08T14:43:27.059Z,true,false,false,false,13L,PURGA DE FOTO LATERAL,EC3781,CNAII

2026-04-08T14:43:29.072Z,true,false,false,false,14L,PURGA DE FOTO LATERAL,EC3781,CNAII

2026-04-08T14:43:34.106Z,true,false,false,false,15L,PURGA DE FOTO LATERAL,EC3781,CNAII

2026-04-08T14:43:38.135Z,true,false,false,false,16L,PURGA DE FOTO LATERAL,EC3781,CNAII

2026-04-08T14:43:41.169Z,true,false,false,false,17L,PURGA DE FOTO LATERAL,EC3781,CNAII

2026-04-08T14:43:47.210Z,true,false,false,false,18L,PURGA DE FOTO LATERAL,EC3781,CNAII

2026-04-08T14:43:51.247Z,true,false,false,false,19L,PURGA DE FOTO LATERAL,EC3781,CNAII

2026-04-08T14:43:55.277Z,true,false,false,false,tesF,PURGA DE FOTO FRONTAL,EC3781,CNAII

2026-04-08T14:44:01.307Z,true,false,false,false,21F,PURGA DE FOTO FRONTAL,EC3781,CNAII

2026-04-08T14:44:05.330Z,true,false,false,false,22F,PURGA DE FOTO FRONTAL,EC3781,CNAII

2026-04-08T14:44:13.415Z,true,false,false,false,23F,PURGA DE FOTO FRONTAL,EC3781,CNAII

2026-04-08T14:44:21.497Z,true,false,false,false,12T.1,Rectitud EC,EC3781,CNAII

2026-04-08T14:44:26.518Z,true,false,false,false,12T.2,Rectitud EC,EC3781,CNAII

2026-04-08T14:44:28.521Z,true,false,false,false,12T.3,Rectitud EC,EC3781,CNAII

2026-04-08T14:44:29.528Z,true,false,false,false,tesL,PURGA DE FOTO LATERAL,EC3781,CNAII

2026-04-08T14:44:36.584Z,true,false,false,false,24L,PURGA DE FOTO LATERAL,EC3781,CNAII

2026-04-08T14:44:39.681Z,true,false,false,false,25L,PURGA DE FOTO LATERAL,EC3781,CNAII

2026-04-08T14:44:44.695Z,true,false,false,false,26L,PURGA DE FOTO LATERAL,EC3781,CNAII

2026-04-08T14:44:50.713Z,true,false,false,false,27L,PURGA DE FOTO LATERAL,EC3781,CNAII

2026-04-08T14:44:56.722Z,true,false,false,false,28L,PURGA DE FOTO LATERAL,EC3781,CNAII

2026-04-08T14:45:02.814Z,true,false,false,false,tesF,PURGA DE FOTO FRONTAL,EC3781,CNAII

2026-04-08T14:45:08.873Z,true,false,false,false,29F,Distancia entre SE - Perpendicularidad SE,EC3781,CNAII

2026-04-08T14:45:12.886Z,true,false,false,false,30F,Distancia entre SE - Perpendicularidad SE,EC3781,CNAII

2026-04-08T14:45:16.926Z,true,false,false,false,31F,Distancia entre SE - Perpendicularidad SE,EC3781,CNAII

2026-04-08T14:45:20.975Z,true,false,false,false,32F,Distancia entre SE - Perpendicularidad SE,EC3781,CNAII

2026-04-08T14:45:23.997Z,true,false,false,false,33F,Distancia entre SE - Perpendicularidad SE,EC3781,CNAII

2026-04-08T14:45:29.028Z,true,false,false,false,34F,Distancia entre SE - Perpendicularidad SE,EC3781,CNAII

2026-04-08T14:45:32.076Z,true,false,false,false,36F,Distancia entre SE - Perpendicularidad SE,EC3781,CNAII

2026-04-08T14:45:37.106Z,true,false,false,false,37F,Distancia entre SE - Perpendicularidad SE,EC3781,CNAII

2026-04-08T14:45:40.140Z,true,false,false,false,38F,Distancia entre SE - Perpendicularidad SE,EC3781,CNAII

2026-04-08T14:45:43.172Z,true,false,false,false,11T.1,Rectitud EC,EC3781,CNAII

2026-04-08T14:45:50.229Z,true,false,false,false,11T.2,Rectitud EC,EC3781,CNAII

2026-04-08T14:45:51.243Z,true,false,false,false,11T.3,Rectitud EC,EC3781,CNAII

2026-04-08T14:45:53.272Z,true,false,false,false,tesL,PURGA DE FOTO LATERAL,EC3781,CNAII

2026-04-08T14:45:59.316Z,true,false,false,false,39L,PURGA DE FOTO LATERAL,EC3781,CNAII

2026-04-08T14:46:03.339Z,true,false,false,false,40L,PURGA DE FOTO LATERAL,EC3781,CNAII

2026-04-08T14:46:07.406Z,true,false,false,false,41L,PURGA DE FOTO LATERAL,EC3781,CNAII

2026-04-08T14:46:14.419Z,true,false,false,false,42L,PURGA DE FOTO LATERAL,EC3781,CNAII

2026-04-08T14:46:20.448Z,true,false,false,false,43L,PURGA DE FOTO LATERAL,EC3781,CNAII

2026-04-08T14:46:25.501Z,true,false,false,false,tesF,PURGA DE FOTO FRONTAL,EC3781,CNAII

2026-04-08T14:46:32.568Z,true,false,false,false,44F,Distancia entre SE - Perpendicularidad SE,EC3781,CNAII

2026-04-08T14:46:35.597Z,true,false,false,false,45F,Distancia entre SE - Perpendicularidad SE,EC3781,CNAII

2026-04-08T14:46:40.674Z,true,false,false,false,46F,Distancia entre SE - Perpendicularidad SE,EC3781,CNAII

2026-04-08T14:46:43.687Z,true,false,false,false,47F,Distancia entre SE - Perpendicularidad SE,EC3781,CNAII

2026-04-08T14:46:47.686Z,true,false,false,false,48F,Distancia entre SE - Perpendicularidad SE,EC3781,CNAII

2026-04-08T14:46:51.717Z,true,false,false,false,49F,Distancia entre SE - Perpendicularidad SE,EC3781,CNAII

2026-04-08T14:46:55.737Z,true,false,false,false,51F,Distancia entre SE - Perpendicularidad SE,EC3781,CNAII

2026-04-08T14:46:59.769Z,true,false,false,false,52F,Distancia entre SE - Perpendicularidad SE,EC3781,CNAII

2026-04-08T14:47:03.780Z,true,false,false,false,53F,Distancia entre SE - Perpendicularidad SE,EC3781,CNAII

2026-04-08T14:47:06.805Z,true,false,false,false,10T.1,Rectitud EC,EC3781,CNAII

2026-04-08T14:47:13.883Z,true,false,false,false,10T.2,Rectitud EC,EC3781,CNAII

2026-04-08T14:47:14.878Z,true,false,false,false,10T.3,Rectitud EC,EC3781,CNAII

2026-04-08T14:47:16.890Z,true,false,false,false,tesL,PURGA DE FOTO LATERAL,EC3781,CNAII

2026-04-08T14:47:23.981Z,true,false,false,false,54L,PURGA DE FOTO LATERAL,EC3781,CNAII

2026-04-08T14:47:26.978Z,true,false,false,false,55L,PURGA DE FOTO LATERAL,EC3781,CNAII

2026-04-08T14:47:32.007Z,true,false,false,false,56L,PURGA DE FOTO LATERAL,EC3781,CNAII

2026-04-08T14:47:38.076Z,true,false,false,false,57L,PURGA DE FOTO LATERAL,EC3781,CNAII

2026-04-08T14:47:44.128Z,true,false,false,false,58L,PURGA DE FOTO LATERAL,EC3781,CNAII

2026-04-08T14:47:50.183Z,true,false,false,false,tesF,PURGA DE FOTO FRONTAL,EC3781,CNAII

2026-04-08T14:47:56.228Z,true,false,false,false,59F,Distancia entre SE - Perpendicularidad SE,EC3781,CNAII

2026-04-08T14:47:59.271Z,true,false,false,false,60F,Distancia entre SE - Perpendicularidad SE,EC3781,CNAII

2026-04-08T14:48:04.294Z,true,false,false,false,61F,Distancia entre SE - Perpendicularidad SE,EC3781,CNAII

2026-04-08T14:48:07.322Z,true,false,false,false,62F,Distancia entre SE - Perpendicularidad SE,EC3781,CNAII

2026-04-08T14:48:11.339Z,true,false,false,false,63F,Distancia entre SE - Perpendicularidad SE,EC3781,CNAII

2026-04-08T14:48:15.417Z,true,false,false,false,64F,Distancia entre SE - Perpendicularidad SE,EC3781,CNAII

2026-04-08T14:48:19.424Z,true,false,false,false,66F,Distancia entre SE - Perpendicularidad SE,EC3781,CNAII

2026-04-08T14:48:24.478Z,true,false,false,false,67F,Distancia entre SE - Perpendicularidad SE,EC3781,CNAII

2026-04-08T14:48:27.498Z,true,false,false,false,68F,Distancia entre SE - Perpendicularidad SE,EC3781,CNAII

2026-04-08T14:48:30.513Z,true,false,false,false,9T.1,Rectitud EC,EC3781,CNAII

2026-04-08T14:48:37.573Z,true,false,false,false,9T.2,Rectitud EC,EC3781,CNAII

2026-04-08T14:48:39.580Z,true,false,false,false,9T.3,Rectitud EC,EC3781,CNAII

2026-04-08T14:48:41.661Z,true,false,false,false,tesL,PURGA DE FOTO LATERAL,EC3781,CNAII

2026-04-08T14:48:47.688Z,true,false,false,false,69L,PURGA DE FOTO LATERAL,EC3781,CNAII

2026-04-08T14:48:50.687Z,true,false,false,false,70L,PURGA DE FOTO LATERAL,EC3781,CNAII

2026-04-08T14:48:55.720Z,true,false,false,false,71L,PURGA DE FOTO LATERAL,EC3781,CNAII

2026-04-08T14:49:01.780Z,true,false,false,false,72L,PURGA DE FOTO LATERAL,EC3781,CNAII

2026-04-08T14:49:07.837Z,true,false,false,false,73L,PURGA DE FOTO LATERAL,EC3781,CNAII

2026-04-08T14:49:13.890Z,true,false,false,false,tesF,PURGA DE FOTO FRONTAL,EC3781,CNAII

2026-04-08T14:49:20.907Z,true,false,false,false,74F,Distancia entre SE - Perpendicularidad SE,EC3781,CNAII

2026-04-08T14:49:23.935Z,true,false,false,false,75F,Distancia entre SE - Perpendicularidad SE,EC3781,CNAII

2026-04-08T14:49:27.948Z,true,false,false,false,76F,Distancia entre SE - Perpendicularidad SE,EC3781,CNAII

2026-04-08T14:49:31.977Z,true,false,false,false,77F,Distancia entre SE - Perpendicularidad SE,EC3781,CNAII

2026-04-08T14:49:36.003Z,true,false,false,false,78F,Distancia entre SE - Perpendicularidad SE,EC3781,CNAII

2026-04-08T14:49:40.027Z,true,false,false,false,79F,Distancia entre SE - Perpendicularidad SE,EC3781,CNAII

2026-04-08T14:49:43.082Z,true,false,false,false,81F,Distancia entre SE - Perpendicularidad SE,EC3781,CNAII

2026-04-08T14:49:48.135Z,true,false,false,false,82F,Distancia entre SE - Perpendicularidad SE,EC3781,CNAII

2026-04-08T14:49:51.130Z,true,false,false,false,83F,Distancia entre SE - Perpendicularidad SE,EC3781,CNAII

2026-04-08T14:49:55.169Z,true,false,false,false,8T.1,Rectitud EC,EC3781,CNAII

2026-04-08T14:50:02.226Z,true,false,false,false,8T.2,Rectitud EC,EC3781,CNAII

2026-04-08T14:50:04.239Z,true,false,false,false,8T.3,Rectitud EC,EC3781,CNAII

2026-04-08T14:50:05.260Z,true,false,false,false,tesL,PURGA DE FOTO LATERAL,EC3781,CNAII

2026-04-08T14:50:12.336Z,true,false,false,false,84L,PURGA DE FOTO LATERAL,EC3781,CNAII

2026-04-08T14:50:15.360Z,true,false,false,false,85L,PURGA DE FOTO LATERAL,EC3781,CNAII

2026-04-08T14:50:20.408Z,true,false,false,false,86L,PURGA DE FOTO LATERAL,EC3781,CNAII

2026-04-08T14:50:26.488Z,true,false,false,false,87L,PURGA DE FOTO LATERAL,EC3781,CNAII

2026-04-08T14:50:32.517Z,true,false,false,false,88L,PURGA DE FOTO LATERAL,EC3781,CNAII

2026-04-08T14:50:38.579Z,true,false,false,false,tesF,PURGA DE FOTO FRONTAL,EC3781,CNAII

2026-04-08T14:50:44.661Z,true,false,false,false,89F,Distancia entre SE - Perpendicularidad SE,EC3781,CNAII

2026-04-08T14:50:48.662Z,true,false,false,false,90F,Distancia entre SE - Perpendicularidad SE,EC3781,CNAII

2026-04-08T14:50:52.703Z,true,false,false,false,91F,Distancia entre SE - Perpendicularidad SE,EC3781,CNAII

2026-04-08T14:50:56.721Z,true,false,false,false,92F,Distancia entre SE - Perpendicularidad SE,EC3781,CNAII

2026-04-08T14:50:59.732Z,true,false,false,false,93F,Distancia entre SE - Perpendicularidad SE,EC3781,CNAII

2026-04-08T14:51:04.764Z,true,false,false,false,94F,Distancia entre SE - Perpendicularidad SE,EC3781,CNAII

2026-04-08T14:51:07.778Z,true,false,false,false,96F,Distancia entre SE - Perpendicularidad SE,EC3781,CNAII

2026-04-08T14:51:12.828Z,true,false,false,false,97F,Distancia entre SE - Perpendicularidad SE,EC3781,CNAII

2026-04-08T14:51:15.848Z,true,false,false,false,98F,Distancia entre SE - Perpendicularidad SE,EC3781,CNAII

2026-04-08T14:51:18.881Z,true,false,false,false,7T.1,Rectitud EC,EC3781,CNAII

2026-04-08T14:51:26.972Z,true,false,false,false,7T.2,Rectitud EC,EC3781,CNAII

2026-04-08T14:51:27.984Z,true,false,false,false,7T.3,Rectitud EC,EC3781,CNAII

2026-04-08T14:51:29.993Z,true,false,false,false,tesL,PURGA DE FOTO LATERAL,EC3781,CNAII

2026-04-08T14:51:36.036Z,true,false,false,false,99L,PURGA DE FOTO LATERAL,EC3781,CNAII

2026-04-08T14:51:40.085Z,true,false,false,false,100L,PURGA DE FOTO LATERAL,EC3781,CNAII

2026-04-08T14:51:45.110Z,true,false,false,false,101L,PURGA DE FOTO LATERAL,EC3781,CNAII

2026-04-08T14:51:51.181Z,true,false,false,false,102L,PURGA DE FOTO LATERAL,EC3781,CNAII

2026-04-08T14:51:57.222Z,true,false,false,false,103L,PURGA DE FOTO LATERAL,EC3781,CNAII

2026-04-08T14:52:02.279Z,true,false,false,false,tesF,PURGA DE FOTO FRONTAL,EC3781,CNAII

2026-04-08T14:52:09.327Z,true,false,false,false,104F,Distancia entre SE - Perpendicularidad SE,EC3781,CNAII

2026-04-08T14:52:12.341Z,true,false,false,false,105F,Distancia entre SE - Perpendicularidad SE,EC3781,CNAII

2026-04-08T14:52:17.404Z,true,false,false,false,106F,Distancia entre SE - Perpendicularidad SE,EC3781,CNAII

2026-04-08T14:52:20.406Z,true,false,false,false,107F,Distancia entre SE - Perpendicularidad SE,EC3781,CNAII

2026-04-08T14:52:24.432Z,true,false,false,false,108F,Distancia entre SE - Perpendicularidad SE,EC3781,CNAII

2026-04-08T14:52:28.457Z,true,false,false,false,109F,Distancia entre SE - Perpendicularidad SE,EC3781,CNAII

2026-04-08T14:52:32.500Z,true,false,false,false,111F,Distancia entre SE - Perpendicularidad SE,EC3781,CNAII

2026-04-08T14:52:36.518Z,true,false,false,false,112F,Distancia entre SE - Perpendicularidad SE,EC3781,CNAII

2026-04-08T14:52:40.564Z,true,false,false,false,113F,Distancia entre SE - Perpendicularidad SE,EC3781,CNAII

2026-04-08T14:52:43.587Z,true,false,false,false,6T.1,Rectitud EC,EC3781,CNAII

2026-04-08T14:52:50.673Z,true,false,false,false,6T.2,Rectitud EC,EC3781,CNAII

2026-04-08T14:52:52.701Z,true,false,false,false,6T.3,Rectitud EC,EC3781,CNAII

2026-04-08T14:52:53.685Z,true,false,false,false,tesL,PURGA DE FOTO LATERAL,EC3781,CNAII

2026-04-08T14:53:00.737Z,true,false,false,false,114L,PURGA DE FOTO LATERAL,EC3781,CNAII

2026-04-08T14:53:03.749Z,true,false,false,false,115L,PURGA DE FOTO LATERAL,EC3781,CNAII

2026-04-08T14:53:08.796Z,true,false,false,false,116L,PURGA DE FOTO LATERAL,EC3781,CNAII

2026-04-08T14:53:14.828Z,true,false,false,false,117L,PURGA DE FOTO LATERAL,EC3781,CNAII

2026-04-08T14:53:20.881Z,true,false,false,false,118L,PURGA DE FOTO LATERAL,EC3781,CNAII

2026-04-08T14:53:26.915Z,true,false,false,false,tesF,PURGA DE FOTO FRONTAL,EC3781,CNAII

2026-04-08T14:53:33.983Z,true,false,false,false,119F,Distancia entre SE - Perpendicularidad SE,EC3781,CNAII

2026-04-08T14:53:37.006Z,true,false,false,false,120F,Distancia entre SE - Perpendicularidad SE,EC3781,CNAII

2026-04-08T14:53:41.082Z,true,false,false,false,121F,Distancia entre SE - Perpendicularidad SE,EC3781,CNAII

2026-04-08T14:53:45.118Z,true,false,false,false,122F,Distancia entre SE - Perpendicularidad SE,EC3781,CNAII

2026-04-08T14:53:49.122Z,true,false,false,false,123F,Distancia entre SE - Perpendicularidad SE,EC3781,CNAII

2026-04-08T14:53:53.127Z,true,false,false,false,124F,Distancia entre SE - Perpendicularidad SE,EC3781,CNAII

2026-04-08T14:53:56.148Z,true,false,false,false,126F,Distancia entre SE - Perpendicularidad SE,EC3781,CNAII

2026-04-08T14:54:01.189Z,true,false,false,false,127F,Distancia entre SE - Perpendicularidad SE,EC3781,CNAII

2026-04-08T14:54:04.201Z,true,false,false,false,128F,Distancia entre SE - Perpendicularidad SE,EC3781,CNAII

2026-04-08T14:54:07.218Z,true,false,false,false,5T.1,Rectitud EC,EC3781,CNAII

2026-04-08T14:54:15.283Z,true,false,false,false,5T.2,Rectitud EC,EC3781,CNAII

2026-04-08T14:54:17.288Z,true,false,false,false,5T.3,Rectitud EC,EC3781,CNAII

2026-04-08T14:54:18.292Z,true,false,false,false,tesL,PURGA DE FOTO LATERAL,EC3781,CNAII

2026-04-08T14:54:25.328Z,true,false,false,false,129L,PURGA DE FOTO LATERAL,EC3781,CNAII

2026-04-08T14:54:28.346Z,true,false,false,false,130L,PURGA DE FOTO LATERAL,EC3781,CNAII

2026-04-08T14:54:33.428Z,true,false,false,false,131L,PURGA DE FOTO LATERAL,EC3781,CNAII

2026-04-08T14:54:39.460Z,true,false,false,false,132L,PURGA DE FOTO LATERAL,EC3781,CNAII

2026-04-08T14:54:45.509Z,true,false,false,false,133L,PURGA DE FOTO LATERAL,EC3781,CNAII

2026-04-08T14:54:51.541Z,true,false,false,false,tesF,PURGA DE FOTO FRONTAL,EC3781,CNAII

2026-04-08T14:54:57.669Z,true,false,false,false,134F,Distancia entre SE - Perpendicularidad SE,EC3781,CNAII

2026-04-08T14:55:00.666Z,true,false,false,false,135F,Distancia entre SE - Perpendicularidad SE,EC3781,CNAII

2026-04-08T14:55:05.717Z,true,false,false,false,136F,Distancia entre SE - Perpendicularidad SE,EC3781,CNAII

2026-04-08T14:55:08.707Z,true,false,false,false,137F,Distancia entre SE - Perpendicularidad SE,EC3781,CNAII

2026-04-08T14:55:12.718Z,true,false,false,false,138F,Distancia entre SE - Perpendicularidad SE,EC3781,CNAII

2026-04-08T14:55:17.749Z,true,false,false,false,139F,Distancia entre SE - Perpendicularidad SE,EC3781,CNAII

2026-04-08T14:55:20.764Z,true,false,false,false,141F,Distancia entre SE - Perpendicularidad SE,EC3781,CNAII

2026-04-08T14:55:25.805Z,true,false,false,false,142F,Distancia entre SE - Perpendicularidad SE,EC3781,CNAII

2026-04-08T14:55:28.826Z,true,false,false,false,143F,Distancia entre SE - Perpendicularidad SE,EC3781,CNAII

2026-04-08T14:55:31.862Z,true,false,false,false,4T.1,Rectitud EC,EC3781,CNAII

2026-04-08T14:55:38.925Z,true,false,false,false,4T.2,Rectitud EC,EC3781,CNAII

2026-04-08T14:55:40.941Z,true,false,false,false,4T.3,Rectitud EC,EC3781,CNAII

2026-04-08T14:55:42.955Z,true,false,false,false,tesL,PURGA DE FOTO LATERAL,EC3781,CNAII

2026-04-08T14:55:49.009Z,true,false,false,false,144L,PURGA DE FOTO LATERAL,EC3781,CNAII

2026-04-08T14:55:52.031Z,true,false,false,false,145L,PURGA DE FOTO LATERAL,EC3781,CNAII

2026-04-08T14:55:57.078Z,true,false,false,false,146L,PURGA DE FOTO LATERAL,EC3781,CNAII

2026-04-08T14:56:03.125Z,true,false,false,false,147L,PURGA DE FOTO LATERAL,EC3781,CNAII

2026-04-08T14:56:09.182Z,true,false,false,false,148L,PURGA DE FOTO LATERAL,EC3781,CNAII

2026-04-08T14:56:15.239Z,true,false,false,false,tesF,PURGA DE FOTO FRONTAL,EC3781,CNAII

2026-04-08T14:56:22.298Z,true,false,false,false,149F,Distancia entre SE - Perpendicularidad SE,EC3781,CNAII

2026-04-08T14:56:25.320Z,true,false,false,false,150F,Distancia entre SE - Perpendicularidad SE,EC3781,CNAII

2026-04-08T14:56:29.341Z,true,false,false,false,151F,Distancia entre SE - Perpendicularidad SE,EC3781,CNAII

2026-04-08T14:56:33.428Z,true,false,false,false,152F,Distancia entre SE - Perpendicularidad SE,EC3781,CNAII

2026-04-08T14:56:37.410Z,true,false,false,false,153F,Distancia entre SE - Perpendicularidad SE,EC3781,CNAII

2026-04-08T14:56:41.436Z,true,false,false,false,154F,Distancia entre SE - Perpendicularidad SE,EC3781,CNAII

2026-04-08T14:56:44.477Z,true,false,false,false,156F,Distancia entre SE - Perpendicularidad SE,EC3781,CNAII

2026-04-08T14:56:49.486Z,true,false,false,false,157F,Distancia entre SE - Perpendicularidad SE,EC3781,CNAII

2026-04-08T14:56:52.506Z,true,false,false,false,158F,Distancia entre SE - Perpendicularidad SE,EC3781,CNAII

2026-04-08T14:56:56.516Z,true,false,false,false,3T.1,Rectitud EC,EC3781,CNAII

2026-04-08T14:57:03.565Z,true,false,false,false,3T.2,Rectitud EC,EC3781,CNAII

2026-04-08T14:57:05.605Z,true,false,false,false,3T.3,Rectitud EC,EC3781,CNAII

2026-04-08T14:57:06.668Z,true,false,false,false,tesL,PURGA DE FOTO LATERAL,EC3781,CNAII

2026-04-08T14:57:13.692Z,true,false,false,false,159L,PURGA DE FOTO LATERAL,EC3781,CNAII

2026-04-08T14:57:16.723Z,true,false,false,false,160L,PURGA DE FOTO LATERAL,EC3781,CNAII

2026-04-08T14:57:21.718Z,true,false,false,false,161L,PURGA DE FOTO LATERAL,EC3781,CNAII

2026-04-08T14:57:27.752Z,true,false,false,false,162L,PURGA DE FOTO LATERAL,EC3781,CNAII

2026-04-08T14:57:33.800Z,true,false,false,false,163L,PURGA DE FOTO LATERAL,EC3781,CNAII

2026-04-08T14:57:39.852Z,true,false,false,false,tesF,PURGA DE FOTO FRONTAL,EC3781,CNAII

2026-04-08T14:57:45.925Z,true,false,false,false,164F,Distancia entre SE - Perpendicularidad SE,EC3781,CNAII

2026-04-08T14:57:49.943Z,true,false,false,false,165F,Distancia entre SE - Perpendicularidad SE,EC3781,CNAII

2026-04-08T14:57:53.978Z,true,false,false,false,166F,Distancia entre SE - Perpendicularidad SE,EC3781,CNAII

2026-04-08T14:57:57.997Z,true,false,false,false,167F,Distancia entre SE - Perpendicularidad SE,EC3781,CNAII

2026-04-08T14:58:01.008Z,true,false,false,false,168F,Distancia entre SE - Perpendicularidad SE,EC3781,CNAII

2026-04-08T14:58:06.064Z,true,false,false,false,169F,Distancia entre SE - Perpendicularidad SE,EC3781,CNAII

2026-04-08T14:58:09.084Z,true,false,false,false,171F,Distancia entre SE - Perpendicularidad SE,EC3781,CNAII

2026-04-08T14:58:14.101Z,true,false,false,false,172F,Distancia entre SE - Perpendicularidad SE,EC3781,CNAII

2026-04-08T14:58:17.133Z,true,false,false,false,173F,Distancia entre SE - Perpendicularidad SE,EC3781,CNAII

2026-04-08T14:58:20.151Z,true,false,false,false,2T.1,Rectitud EC,EC3781,CNAII

2026-04-08T14:58:27.218Z,true,false,false,false,2T.2,Rectitud EC,EC3781,CNAII

2026-04-08T14:58:29.244Z,true,false,false,false,2T.3,Rectitud EC,EC3781,CNAII

2026-04-08T14:58:31.256Z,true,false,false,false,tesL,PURGA DE FOTO LATERAL,EC3781,CNAII

2026-04-08T14:58:37.328Z,true,false,false,false,174L,PURGA DE FOTO LATERAL,EC3781,CNAII

2026-04-08T14:58:40.353Z,true,false,false,false,175L,PURGA DE FOTO LATERAL,EC3781,CNAII

2026-04-08T14:58:45.426Z,true,false,false,false,176L,PURGA DE FOTO LATERAL,EC3781,CNAII

2026-04-08T14:58:51.449Z,true,false,false,false,177L,PURGA DE FOTO LATERAL,EC3781,CNAII

2026-04-08T14:58:57.510Z,true,false,false,false,178L,PURGA DE FOTO LATERAL,EC3781,CNAII

2026-04-08T14:59:03.576Z,true,false,false,false,tesF,PURGA DE FOTO FRONTAL,EC3781,CNAII

2026-04-08T14:59:10.627Z,true,false,false,false,179F,Distancia entre SE - Perpendicularidad SE,EC3781,CNAII

2026-04-08T14:59:13.684Z,true,false,false,false,180F,Distancia entre SE - Perpendicularidad SE,EC3781,CNAII

2026-04-08T14:59:17.701Z,true,false,false,false,181F,Distancia entre SE - Perpendicularidad SE,EC3781,CNAII

2026-04-08T14:59:21.704Z,true,false,false,false,182F,Distancia entre SE - Perpendicularidad SE,EC3781,CNAII

2026-04-08T14:59:25.736Z,true,false,false,false,183F,Distancia entre SE - Perpendicularidad SE,EC3781,CNAII

2026-04-08T14:59:29.741Z,true,false,false,false,184F,Distancia entre SE - Perpendicularidad SE,EC3781,CNAII

2026-04-08T14:59:32.779Z,true,false,false,false,186F,Distancia entre SE - Perpendicularidad SE,EC3781,CNAII

2026-04-08T14:59:37.806Z,true,false,false,false,187F,Distancia entre SE - Perpendicularidad SE,EC3781,CNAII

2026-04-08T14:59:40.846Z,true,false,false,false,188F,Distancia entre SE - Perpendicularidad SE,EC3781,CNAII

2026-04-08T14:59:44.873Z,true,false,false,false,1T.1,Rectitud EC,EC3781,CNAII

2026-04-08T14:59:51.908Z,true,false,false,false,1T.2,Rectitud EC,EC3781,CNAII

2026-04-08T14:59:53.915Z,true,false,false,false,1T.3,Rectitud EC,EC3781,CNAII

2026-04-08T14:59:54.924Z,true,false,false,false,tesL,PURGA DE FOTO LATERAL,EC3781,CNAII

2026-04-08T15:00:01.964Z,true,false,false,false,189L,PURGA DE FOTO LATERAL,EC3781,CNAII

2026-04-08T15:00:04.980Z,true,false,false,false,190L,PURGA DE FOTO LATERAL,EC3781,CNAII

2026-04-08T15:00:10.022Z,true,false,false,false,191L,PURGA DE FOTO LATERAL,EC3781,CNAII

2026-04-08T15:00:16.110Z,true,false,false,false,192L,PURGA DE FOTO LATERAL,EC3781,CNAII

2026-04-08T15:00:22.127Z,true,false,false,false,193L,PURGA DE FOTO LATERAL,EC3781,CNAII

2026-04-08T15:00:28.158Z,true,false,false,false,tesF,PURGA DE FOTO FRONTAL,EC3781,CNAII

2026-04-08T15:00:34.216Z,true,false,false,false,194F,Distancia entre SE - Perpendicularidad SE,EC3781,CNAII

2026-04-08T15:00:38.251Z,true,false,false,false,195F,Distancia entre SE - Perpendicularidad SE,EC3781,CNAII

2026-04-08T15:00:42.294Z,true,false,false,false,196F,Distancia entre SE - Perpendicularidad SE,EC3781,CNAII

2026-04-08T15:00:46.331Z,true,false,false,false,197F,Distancia entre SE - Perpendicularidad SE,EC3781,CNAII

2026-04-08T15:00:49.346Z,true,false,false,false,198F,Distancia entre SE - Perpendicularidad SE,EC3781,CNAII

2026-04-08T15:00:54.416Z,true,false,false,false,199F,Distancia entre SE - Perpendicularidad SE,EC3781,CNAII

2026-04-08T15:00:57.426Z,true,false,false,false,201F,Distancia entre SE - Perpendicularidad SE,EC3781,CNAII

2026-04-08T15:01:02.454Z,true,false,false,false,202F,Distancia entre SE - Perpendicularidad SE,EC3781,CNAII

2026-04-08T15:01:05.479Z,true,false,false,false,203F,Distancia entre SE - Perpendicularidad SE,EC3781,CNAII

2026-04-08T15:01:08.491Z,true,false,false,false,001F,Distancia entre SE y PP,EC3781,CNAII

2026-04-08T15:01:14.516Z,true,false,false,false,210F,Distancia entre SE y PP,EC3781,CNAII

2026-04-08T15:01:18.540Z,true,false,false,false,002F,Distancia entre SE y PP,EC3781,CNAII

2026-04-08T15:01:24.602Z,true,false,false,false,211F,Distancia entre SE y PP,EC3781,CNAII

2026-04-08T15:01:31.677Z,true,false,false,false,003F,Distancia entre SE y PP,EC3781,CNAII

2026-04-08T15:01:37.720Z,true,false,false,false,tesL,PURGA DE FOTO LATERAL,EC3781,CNAII

2026-04-08T15:01:44.747Z,true,false,false,false,212L,PURGA DE FOTO LATERAL,EC3781,CNAII

2026-04-08T15:01:45.751Z,true,false,false,false,213L,PURGA DE FOTO LATERAL,EC3781,CNAII

2026-04-08T15:01:54.807Z,true,false,false,false,214L,PURGA DE FOTO LATERAL,EC3781,CNAII

2026-04-08T15:02:02.845Z,true,false,false,false,tesL,PURGA DE FOTO LATERAL,EC3781,CNAII

2026-04-08T15:02:10.919Z,true,false,false,false,216L,Presencia de soldadura TVS - Fisuras soldadura TVS,EC3781,CNAII

2026-04-08T15:02:15.991Z,true,false,false,false,217L,Presencia de soldadura TVS - Fisuras soldadura TVS,EC3781,CNAII

2026-04-08T15:02:24.071Z,true,false,false,false,218L,Presencia de soldadura TVS - Fisuras soldadura TVS,EC3781,CNAII

2026-04-08T15:02:32.101Z,true,false,false,false,tesL,PURGA DE FOTO LATERAL,EC3781,CNAII

2026-04-08T15:02:44.186Z,true,false,false,false,0T.1,Rectitud EC PP,EC3781,CNAII

2026-04-08T15:02:48.232Z,true,false,false,false,0T.2,Rectitud EC PP,EC3781,CNAII

2026-04-08T15:02:49.231Z,true,false,false,false,0T.3,Rectitud EC PP,EC3781,CNAII

2026-04-08T15:02:51.257Z,true,false,false,false,14T.1,Rectitud EC PP,EC3781,CNAII

2026-04-08T15:02:54.297Z,true,false,false,false,14T.2,Rectitud EC PP,EC3781,CNAII

2026-04-08T15:02:56.287Z,true,false,false,false,14T.3,Rectitud EC PP,EC3781,CNAII

2026-04-08T15:02:57.304Z,true,false,false,false,222L,Rectitud EC PP,EC3781,CNAII

2026-04-08T15:03:01.330Z,true,false,false,false,223L,Rectitud EC PP,EC3781,CNAII

2026-04-08T15:03:06.408Z,true,false,false,false,224L,Rectitud EC PP,EC3781,CNAII

2026-04-08T15:03:11.428Z,true,false,false,false,225L,Rectitud EC PP,EC3781,CNAII

2026-04-08T15:03:16.493Z,true,false,false,false,226L,Rectitud EC PP,EC3781,CNAII

2026-04-08T15:03:21.520Z,true,false,false,false,227L,Rectitud EC PP,EC3781,CNAII

2026-04-08T15:03:26.547Z,true,false,false,false,tesL,PURGA DE FOTO LATERAL,EC3781,CNAII

2026-04-08T15:03:32.607Z,true,false,false,false,228L,PURGA DE FOTO LATERAL,EC3781,CNAII

2026-04-08T15:03:44.700Z,true,false,false,false,229L,PURGA DE FOTO LATERAL,EC3781,CNAII

2026-04-08T15:03:48.726Z,true,false,false,false,230L,PURGA DE FOTO LATERAL,EC3781,CNAII

2026-04-08T15:03:53.757Z,true,false,false,false,231L,PURGA DE FOTO LATERAL,EC3781,CNAII

2026-04-08T15:03:58.792Z,true,false,false,false,232L,PURGA DE FOTO LATERAL,EC3781,CNAII

2026-04-08T15:04:03.806Z,true,false,false,false,233L,PURGA DE FOTO LATERAL,EC3781,CNAII

2026-04-08T15:04:08.842Z,true,false,false,false,tesF,PURGA DE FOTO FRONTAL,EC3781,CNAII

2026-04-08T15:04:12.894Z,true,false,false,false,,,EC3781,CNAII

2026-04-08T15:05:29.688Z,false,false,false,true,,,EC3781,CNAII

2026-04-08T15:05:39.767Z,false,false,false,false,,,EC3781,CNAII

2026-04-08T17:25:12.800Z,true,false,false,false,,,EC3783,CNAII

2026-04-08T17:26:05.350Z,true,false,false,false,13T.1,Rectitud EC,EC3783,CNAII

2026-04-08T17:26:23.534Z,true,false,false,false,13T.2,Rectitud EC,EC3783,CNAII

2026-04-08T17:26:24.541Z,true,false,false,false,13T.3,Rectitud EC,EC3783,CNAII

2026-04-08T17:26:26.565Z,true,false,false,false,AZ4-A,Rectitud EC,EC3783,CNAII

2026-04-08T17:26:27.580Z,true,false,false,false,AZ4-B,Zapata tipo I/II 4,EC3783,CNAII

2026-04-08T17:26:30.608Z,true,false,false,false,AZ3-A,Zapata tipo I/II 4,EC3783,CNAII

2026-04-08T17:26:35.661Z,true,false,false,false,AZ3-B,Zapata tipo I/II 3,EC3783,CNAII

2026-04-08T17:26:37.651Z,true,false,false,false,AZ2-B,Zapata tipo I/II 2,EC3783,CNAII

2026-04-08T17:26:41.733Z,true,false,false,false,AZ12-A,Zapata tipo I/II 2,EC3783,CNAII

2026-04-08T17:26:44.733Z,true,false,false,false,AZ1-B,Zapata tipo I/II 1,EC3783,CNAII

2026-04-08T17:26:47.728Z,true,false,false,false,AZ6-B,Zapata tipo I/II 6,EC3783,CNAII

2026-04-08T17:26:55.814Z,true,false,false,false,AZ56-A,Zapata tipo I/II 6,EC3783,CNAII

2026-04-08T17:26:57.844Z,true,false,false,false,AZ5-B,Zapata tipo I/II 5,EC3783,CNAII

2026-04-08T17:27:00.873Z,true,false,false,false,tesF,PURGA DE FOTO FRONTAL,EC3783,CNAII

2026-04-08T17:27:02.887Z,true,false,false,false,1F,PURGA DE FOTO FRONTAL,EC3783,CNAII

2026-04-08T17:27:05.919Z,true,false,false,false,2F,PURGA DE FOTO FRONTAL,EC3783,CNAII

2026-04-08T17:27:09.943Z,true,false,false,false,3F,Distancia entre SE - Perpendicularidad SE,EC3783,CNAII

2026-04-08T17:27:13.956Z,true,false,false,false,4F,Distancia entre SE - Perpendicularidad SE,EC3783,CNAII

2026-04-08T17:27:17.982Z,true,false,false,false,5F,Distancia entre SE - Perpendicularidad SE,EC3783,CNAII

2026-04-08T17:27:22.003Z,true,false,false,false,6F,Distancia entre SE - Perpendicularidad SE,EC3783,CNAII

2026-04-08T17:27:24.018Z,true,false,false,false,7F,Distancia entre SE - Perpendicularidad SE,EC3783,CNAII

2026-04-08T17:27:27.044Z,true,false,false,false,9F,Distancia entre SE - Perpendicularidad SE,EC3783,CNAII

2026-04-08T17:27:32.072Z,true,false,false,false,10F,Distancia entre SE - Perpendicularidad SE,EC3783,CNAII

2026-04-08T17:27:35.095Z,true,false,false,false,11F,Distancia entre SE - Perpendicularidad SE,EC3783,CNAII

2026-04-08T17:27:38.126Z,true,false,false,false,12F,Distancia entre SE - Perpendicularidad SE,EC3783,CNAII

2026-04-08T17:27:41.161Z,true,false,false,false,tesL,PURGA DE FOTO LATERAL,EC3783,CNAII

2026-04-08T17:27:47.228Z,true,false,false,false,13L,PURGA DE FOTO LATERAL,EC3783,CNAII

2026-04-08T17:27:49.243Z,true,false,false,false,14L,PURGA DE FOTO LATERAL,EC3783,CNAII

2026-04-08T17:27:54.268Z,true,false,false,false,15L,PURGA DE FOTO LATERAL,EC3783,CNAII

2026-04-08T17:27:57.277Z,true,false,false,false,16L,PURGA DE FOTO LATERAL,EC3783,CNAII

2026-04-08T17:28:01.300Z,true,false,false,false,17L,PURGA DE FOTO LATERAL,EC3783,CNAII

2026-04-08T17:28:07.359Z,true,false,false,false,18L,PURGA DE FOTO LATERAL,EC3783,CNAII

2026-04-08T17:28:11.380Z,true,false,false,false,19L,PURGA DE FOTO LATERAL,EC3783,CNAII

2026-04-08T17:28:15.407Z,true,false,false,false,tesF,PURGA DE FOTO FRONTAL,EC3783,CNAII

2026-04-08T17:28:21.474Z,true,false,false,false,21F,PURGA DE FOTO FRONTAL,EC3783,CNAII

2026-04-08T17:28:25.506Z,true,false,false,false,22F,PURGA DE FOTO FRONTAL,EC3783,CNAII

2026-04-08T17:28:33.577Z,true,false,false,false,23F,PURGA DE FOTO FRONTAL,EC3783,CNAII

2026-04-08T17:28:41.740Z,true,false,false,false,12T.1,Rectitud EC,EC3783,CNAII

2026-04-08T17:28:46.732Z,true,false,false,false,12T.2,Rectitud EC,EC3783,CNAII

2026-04-08T17:28:48.751Z,true,false,false,false,12T.3,Rectitud EC,EC3783,CNAII

2026-04-08T17:28:49.760Z,true,false,false,false,tesL,PURGA DE FOTO LATERAL,EC3783,CNAII

2026-04-08T17:28:56.791Z,true,false,false,false,24L,PURGA DE FOTO LATERAL,EC3783,CNAII

2026-04-08T17:28:59.800Z,true,false,false,false,25L,PURGA DE FOTO LATERAL,EC3783,CNAII

2026-04-08T17:29:04.847Z,true,false,false,false,26L,PURGA DE FOTO LATERAL,EC3783,CNAII

2026-04-08T17:29:10.892Z,true,false,false,false,27L,PURGA DE FOTO LATERAL,EC3783,CNAII

2026-04-08T17:29:16.955Z,true,false,false,false,28L,PURGA DE FOTO LATERAL,EC3783,CNAII

2026-04-08T17:29:22.974Z,true,false,false,false,tesF,PURGA DE FOTO FRONTAL,EC3783,CNAII

2026-04-08T17:29:29.037Z,true,false,false,false,29F,Distancia entre SE - Perpendicularidad SE,EC3783,CNAII

2026-04-08T17:29:33.052Z,true,false,false,false,30F,Distancia entre SE - Perpendicularidad SE,EC3783,CNAII

2026-04-08T17:29:37.094Z,true,false,false,false,31F,Distancia entre SE - Perpendicularidad SE,EC3783,CNAII

2026-04-08T17:29:41.151Z,true,false,false,false,32F,Distancia entre SE - Perpendicularidad SE,EC3783,CNAII

2026-04-08T17:29:44.154Z,true,false,false,false,33F,Distancia entre SE - Perpendicularidad SE,EC3783,CNAII

2026-04-08T17:29:49.183Z,true,false,false,false,34F,Distancia entre SE - Perpendicularidad SE,EC3783,CNAII

2026-04-08T17:29:52.213Z,true,false,false,false,36F,Distancia entre SE - Perpendicularidad SE,EC3783,CNAII

2026-04-08T17:29:57.280Z,true,false,false,false,37F,Distancia entre SE - Perpendicularidad SE,EC3783,CNAII

2026-04-08T17:30:00.292Z,true,false,false,false,38F,Distancia entre SE - Perpendicularidad SE,EC3783,CNAII

2026-04-08T17:30:03.317Z,true,false,false,false,11T.1,Rectitud EC,EC3783,CNAII

2026-04-08T17:30:10.368Z,true,false,false,false,11T.2,Rectitud EC,EC3783,CNAII

2026-04-08T17:30:11.380Z,true,false,false,false,11T.3,Rectitud EC,EC3783,CNAII

2026-04-08T17:30:13.391Z,true,false,false,false,tesL,PURGA DE FOTO LATERAL,EC3783,CNAII

2026-04-08T17:30:19.451Z,true,false,false,false,39L,PURGA DE FOTO LATERAL,EC3783,CNAII

2026-04-08T17:30:22.476Z,true,false,false,false,40L,PURGA DE FOTO LATERAL,EC3783,CNAII

2026-04-08T17:30:27.515Z,true,false,false,false,41L,PURGA DE FOTO LATERAL,EC3783,CNAII

2026-04-08T17:30:33.561Z,true,false,false,false,42L,PURGA DE FOTO LATERAL,EC3783,CNAII

2026-04-08T17:30:39.593Z,true,false,false,false,43L,PURGA DE FOTO LATERAL,EC3783,CNAII

2026-04-08T17:30:45.674Z,true,false,false,false,tesF,PURGA DE FOTO FRONTAL,EC3783,CNAII

2026-04-08T17:30:52.731Z,true,false,false,false,44F,Distancia entre SE - Perpendicularidad SE,EC3783,CNAII

2026-04-08T17:30:55.734Z,true,false,false,false,45F,Distancia entre SE - Perpendicularidad SE,EC3783,CNAII

2026-04-08T17:30:59.736Z,true,false,false,false,46F,Distancia entre SE - Perpendicularidad SE,EC3783,CNAII

2026-04-08T17:31:03.766Z,true,false,false,false,47F,Distancia entre SE - Perpendicularidad SE,EC3783,CNAII

2026-04-08T17:31:07.780Z,true,false,false,false,48F,Distancia entre SE - Perpendicularidad SE,EC3783,CNAII

2026-04-08T17:31:11.801Z,true,false,false,false,49F,Distancia entre SE - Perpendicularidad SE,EC3783,CNAII

2026-04-08T17:31:14.850Z,true,false,false,false,51F,Distancia entre SE - Perpendicularidad SE,EC3783,CNAII

2026-04-08T17:31:19.873Z,true,false,false,false,52F,Distancia entre SE - Perpendicularidad SE,EC3783,CNAII

2026-04-08T17:31:22.893Z,true,false,false,false,53F,Distancia entre SE - Perpendicularidad SE,EC3783,CNAII

2026-04-08T17:31:25.928Z,true,false,false,false,10T.1,Rectitud EC,EC3783,CNAII

2026-04-08T17:31:32.964Z,true,false,false,false,10T.2,Rectitud EC,EC3783,CNAII

2026-04-08T17:31:34.989Z,true,false,false,false,10T.3,Rectitud EC,EC3783,CNAII

2026-04-08T17:31:37.029Z,true,false,false,false,tesL,PURGA DE FOTO LATERAL,EC3783,CNAII

2026-04-08T17:31:43.066Z,true,false,false,false,54L,PURGA DE FOTO LATERAL,EC3783,CNAII

2026-04-08T17:31:46.088Z,true,false,false,false,55L,PURGA DE FOTO LATERAL,EC3783,CNAII

2026-04-08T17:31:51.131Z,true,false,false,false,56L,PURGA DE FOTO LATERAL,EC3783,CNAII

2026-04-08T17:31:57.196Z,true,false,false,false,57L,PURGA DE FOTO LATERAL,EC3783,CNAII

2026-04-08T17:32:03.256Z,true,false,false,false,58L,PURGA DE FOTO LATERAL,EC3783,CNAII

2026-04-08T17:32:09.348Z,true,false,false,false,tesF,PURGA DE FOTO FRONTAL,EC3783,CNAII

2026-04-08T17:32:16.406Z,true,false,false,false,59F,Distancia entre SE - Perpendicularidad SE,EC3783,CNAII

2026-04-08T17:32:19.433Z,true,false,false,false,60F,Distancia entre SE - Perpendicularidad SE,EC3783,CNAII

2026-04-08T17:32:23.464Z,true,false,false,false,61F,Distancia entre SE - Perpendicularidad SE,EC3783,CNAII

2026-04-08T17:32:27.490Z,true,false,false,false,62F,Distancia entre SE - Perpendicularidad SE,EC3783,CNAII

2026-04-08T17:32:31.498Z,true,false,false,false,63F,Distancia entre SE - Perpendicularidad SE,EC3783,CNAII

2026-04-08T17:32:35.518Z,true,false,false,false,64F,Distancia entre SE - Perpendicularidad SE,EC3783,CNAII

2026-04-08T17:32:38.555Z,true,false,false,false,66F,Distancia entre SE - Perpendicularidad SE,EC3783,CNAII

2026-04-08T17:32:43.579Z,true,false,false,false,67F,Distancia entre SE - Perpendicularidad SE,EC3783,CNAII

2026-04-08T17:32:46.589Z,true,false,false,false,68F,Distancia entre SE - Perpendicularidad SE,EC3783,CNAII

2026-04-08T17:32:50.630Z,true,false,false,false,9T.1,Rectitud EC,EC3783,CNAII

2026-04-08T17:32:57.739Z,true,false,false,false,9T.2,Rectitud EC,EC3783,CNAII

2026-04-08T17:32:59.763Z,true,false,false,false,9T.3,Rectitud EC,EC3783,CNAII

2026-04-08T17:33:00.764Z,true,false,false,false,tesL,PURGA DE FOTO LATERAL,EC3783,CNAII

2026-04-08T17:33:07.796Z,true,false,false,false,69L,PURGA DE FOTO LATERAL,EC3783,CNAII

2026-04-08T17:33:10.797Z,true,false,false,false,70L,PURGA DE FOTO LATERAL,EC3783,CNAII

2026-04-08T17:33:15.856Z,true,false,false,false,71L,PURGA DE FOTO LATERAL,EC3783,CNAII

2026-04-08T17:33:21.897Z,true,false,false,false,72L,PURGA DE FOTO LATERAL,EC3783,CNAII

2026-04-08T17:33:27.962Z,true,false,false,false,73L,PURGA DE FOTO LATERAL,EC3783,CNAII

2026-04-08T17:33:33.999Z,true,false,false,false,tesF,PURGA DE FOTO FRONTAL,EC3783,CNAII

2026-04-08T17:33:40.066Z,true,false,false,false,74F,Distancia entre SE - Perpendicularidad SE,EC3783,CNAII

2026-04-08T17:33:43.093Z,true,false,false,false,75F,Distancia entre SE - Perpendicularidad SE,EC3783,CNAII

2026-04-08T17:33:48.122Z,true,false,false,false,76F,Distancia entre SE - Perpendicularidad SE,EC3783,CNAII

2026-04-08T17:33:51.153Z,true,false,false,false,77F,Distancia entre SE - Perpendicularidad SE,EC3783,CNAII

2026-04-08T17:33:55.187Z,true,false,false,false,78F,Distancia entre SE - Perpendicularidad SE,EC3783,CNAII

2026-04-08T17:33:59.217Z,true,false,false,false,79F,Distancia entre SE - Perpendicularidad SE,EC3783,CNAII

2026-04-08T17:34:03.248Z,true,false,false,false,81F,Distancia entre SE - Perpendicularidad SE,EC3783,CNAII

2026-04-08T17:34:08.288Z,true,false,false,false,82F,Distancia entre SE - Perpendicularidad SE,EC3783,CNAII

2026-04-08T17:34:11.312Z,true,false,false,false,83F,Distancia entre SE - Perpendicularidad SE,EC3783,CNAII

2026-04-08T17:34:14.334Z,true,false,false,false,8T.1,Rectitud EC,EC3783,CNAII

2026-04-08T17:34:21.387Z,true,false,false,false,8T.2,Rectitud EC,EC3783,CNAII

2026-04-08T17:34:23.413Z,true,false,false,false,8T.3,Rectitud EC,EC3783,CNAII

2026-04-08T17:34:25.441Z,true,false,false,false,tesL,PURGA DE FOTO LATERAL,EC3783,CNAII

2026-04-08T17:34:31.492Z,true,false,false,false,84L,PURGA DE FOTO LATERAL,EC3783,CNAII

2026-04-08T17:34:34.505Z,true,false,false,false,85L,PURGA DE FOTO LATERAL,EC3783,CNAII

2026-04-08T17:34:39.549Z,true,false,false,false,86L,PURGA DE FOTO LATERAL,EC3783,CNAII

2026-04-08T17:34:45.614Z,true,false,false,false,87L,PURGA DE FOTO LATERAL,EC3783,CNAII

2026-04-08T17:34:51.686Z,true,false,false,false,88L,PURGA DE FOTO LATERAL,EC3783,CNAII

2026-04-08T17:34:57.779Z,true,false,false,false,tesF,PURGA DE FOTO FRONTAL,EC3783,CNAII

2026-04-08T17:35:04.799Z,true,false,false,false,89F,Distancia entre SE - Perpendicularidad SE,EC3783,CNAII

2026-04-08T17:35:07.796Z,true,false,false,false,90F,Distancia entre SE - Perpendicularidad SE,EC3783,CNAII

2026-04-08T17:35:11.815Z,true,false,false,false,91F,Distancia entre SE - Perpendicularidad SE,EC3783,CNAII

2026-04-08T17:35:15.851Z,true,false,false,false,92F,Distancia entre SE - Perpendicularidad SE,EC3783,CNAII

2026-04-08T17:35:19.887Z,true,false,false,false,93F,Distancia entre SE - Perpendicularidad SE,EC3783,CNAII

2026-04-08T17:35:23.923Z,true,false,false,false,94F,Distancia entre SE - Perpendicularidad SE,EC3783,CNAII

2026-04-08T17:35:26.965Z,true,false,false,false,96F,Distancia entre SE - Perpendicularidad SE,EC3783,CNAII

2026-04-08T17:35:31.984Z,true,false,false,false,97F,Distancia entre SE - Perpendicularidad SE,EC3783,CNAII

2026-04-08T17:35:35.016Z,true,false,false,false,98F,Distancia entre SE - Perpendicularidad SE,EC3783,CNAII

2026-04-08T17:35:38.036Z,true,false,false,false,7T.1,Rectitud EC,EC3783,CNAII

2026-04-08T17:35:46.105Z,true,false,false,false,7T.2,Rectitud EC,EC3783,CNAII

2026-04-08T17:35:47.133Z,true,false,false,false,7T.3,Rectitud EC,EC3783,CNAII

2026-04-08T17:35:49.151Z,true,false,false,false,tesL,PURGA DE FOTO LATERAL,EC3783,CNAII

2026-04-08T17:35:56.198Z,true,false,false,false,99L,PURGA DE FOTO LATERAL,EC3783,CNAII

2026-04-08T17:35:59.220Z,true,false,false,false,100L,PURGA DE FOTO LATERAL,EC3783,CNAII

2026-04-08T17:36:04.246Z,true,false,false,false,101L,PURGA DE FOTO LATERAL,EC3783,CNAII

2026-04-08T17:36:10.304Z,true,false,false,false,102L,PURGA DE FOTO LATERAL,EC3783,CNAII

2026-04-08T17:36:16.367Z,true,false,false,false,103L,PURGA DE FOTO LATERAL,EC3783,CNAII

2026-04-08T17:36:22.431Z,true,false,false,false,tesF,PURGA DE FOTO FRONTAL,EC3783,CNAII

2026-04-08T17:36:28.491Z,true,false,false,false,104F,Distancia entre SE - Perpendicularidad SE,EC3783,CNAII

2026-04-08T17:36:31.530Z,true,false,false,false,105F,Distancia entre SE - Perpendicularidad SE,EC3783,CNAII

2026-04-08T17:36:36.553Z,true,false,false,false,106F,Distancia entre SE - Perpendicularidad SE,EC3783,CNAII

2026-04-08T17:36:39.564Z,true,false,false,false,107F,Distancia entre SE - Perpendicularidad SE,EC3783,CNAII

2026-04-08T17:36:43.601Z,true,false,false,false,108F,Distancia entre SE - Perpendicularidad SE,EC3783,CNAII

2026-04-08T17:36:47.655Z,true,false,false,false,109F,Distancia entre SE - Perpendicularidad SE,EC3783,CNAII

2026-04-08T17:36:51.692Z,true,false,false,false,111F,Distancia entre SE - Perpendicularidad SE,EC3783,CNAII

2026-04-08T17:36:55.754Z,true,false,false,false,112F,Distancia entre SE - Perpendicularidad SE,EC3783,CNAII

2026-04-08T17:36:59.749Z,true,false,false,false,113F,Distancia entre SE - Perpendicularidad SE,EC3783,CNAII

2026-04-08T17:37:02.782Z,true,false,false,false,6T.1,Rectitud EC,EC3783,CNAII

2026-04-08T17:37:09.798Z,true,false,false,false,6T.2,Rectitud EC,EC3783,CNAII

2026-04-08T17:37:11.800Z,true,false,false,false,6T.3,Rectitud EC,EC3783,CNAII

2026-04-08T17:37:13.836Z,true,false,false,false,tesL,PURGA DE FOTO LATERAL,EC3783,CNAII

2026-04-08T17:37:19.858Z,true,false,false,false,114L,PURGA DE FOTO LATERAL,EC3783,CNAII

2026-04-08T17:37:23.873Z,true,false,false,false,115L,PURGA DE FOTO LATERAL,EC3783,CNAII

2026-04-08T17:37:27.903Z,true,false,false,false,116L,PURGA DE FOTO LATERAL,EC3783,CNAII

2026-04-08T17:37:33.951Z,true,false,false,false,117L,PURGA DE FOTO LATERAL,EC3783,CNAII

2026-04-08T17:37:40.019Z,true,false,false,false,118L,PURGA DE FOTO LATERAL,EC3783,CNAII

2026-04-08T17:37:46.059Z,true,false,false,false,tesF,PURGA DE FOTO FRONTAL,EC3783,CNAII

2026-04-08T17:37:53.100Z,true,false,false,false,119F,Distancia entre SE - Perpendicularidad SE,EC3783,CNAII

2026-04-08T17:37:56.156Z,true,false,false,false,120F,Distancia entre SE - Perpendicularidad SE,EC3783,CNAII

2026-04-08T17:38:00.172Z,true,false,false,false,121F,Distancia entre SE - Perpendicularidad SE,EC3783,CNAII

2026-04-08T17:38:04.191Z,true,false,false,false,122F,Distancia entre SE - Perpendicularidad SE,EC3783,CNAII

2026-04-08T17:38:08.235Z,true,false,false,false,123F,Distancia entre SE - Perpendicularidad SE,EC3783,CNAII

2026-04-08T17:38:12.260Z,true,false,false,false,124F,Distancia entre SE - Perpendicularidad SE,EC3783,CNAII

2026-04-08T17:38:15.282Z,true,false,false,false,126F,Distancia entre SE - Perpendicularidad SE,EC3783,CNAII

2026-04-08T17:38:20.330Z,true,false,false,false,127F,Distancia entre SE - Perpendicularidad SE,EC3783,CNAII

2026-04-08T17:38:23.349Z,true,false,false,false,128F,Distancia entre SE - Perpendicularidad SE,EC3783,CNAII

2026-04-08T17:38:27.365Z,true,false,false,false,5T.1,Rectitud EC,EC3783,CNAII

2026-04-08T17:38:34.426Z,true,false,false,false,5T.2,Rectitud EC,EC3783,CNAII

2026-04-08T17:38:36.446Z,true,false,false,false,5T.3,Rectitud EC,EC3783,CNAII

2026-04-08T17:38:37.452Z,true,false,false,false,tesL,PURGA DE FOTO LATERAL,EC3783,CNAII

2026-04-08T17:38:44.501Z,true,false,false,false,129L,PURGA DE FOTO LATERAL,EC3783,CNAII

2026-04-08T17:38:47.518Z,true,false,false,false,130L,PURGA DE FOTO LATERAL,EC3783,CNAII

2026-04-08T17:38:52.564Z,true,false,false,false,131L,PURGA DE FOTO LATERAL,EC3783,CNAII

2026-04-08T17:38:58.641Z,true,false,false,false,132L,PURGA DE FOTO LATERAL,EC3783,CNAII

2026-04-08T17:39:04.744Z,true,false,false,false,133L,PURGA DE FOTO LATERAL,EC3783,CNAII

2026-04-08T17:39:10.780Z,true,false,false,false,tesF,PURGA DE FOTO FRONTAL,EC3783,CNAII

2026-04-08T17:39:16.804Z,true,false,false,false,134F,Distancia entre SE - Perpendicularidad SE,EC3783,CNAII

2026-04-08T17:39:20.827Z,true,false,false,false,135F,Distancia entre SE - Perpendicularidad SE,EC3783,CNAII

2026-04-08T17:39:24.860Z,true,false,false,false,136F,Distancia entre SE - Perpendicularidad SE,EC3783,CNAII

2026-04-08T17:39:28.871Z,true,false,false,false,137F,Distancia entre SE - Perpendicularidad SE,EC3783,CNAII

2026-04-08T17:39:31.901Z,true,false,false,false,138F,Distancia entre SE - Perpendicularidad SE,EC3783,CNAII

2026-04-08T17:39:36.960Z,true,false,false,false,139F,Distancia entre SE - Perpendicularidad SE,EC3783,CNAII

2026-04-08T17:39:39.982Z,true,false,false,false,141F,Distancia entre SE - Perpendicularidad SE,EC3783,CNAII

2026-04-08T17:39:45.034Z,true,false,false,false,142F,Distancia entre SE - Perpendicularidad SE,EC3783,CNAII

2026-04-08T17:39:48.054Z,true,false,false,false,143F,Distancia entre SE - Perpendicularidad SE,EC3783,CNAII

2026-04-08T17:39:51.070Z,true,false,false,false,4T.1,Rectitud EC,EC3783,CNAII

2026-04-08T17:39:59.139Z,true,false,false,false,4T.2,Rectitud EC,EC3783,CNAII

2026-04-08T17:40:00.146Z,true,false,false,false,4T.3,Rectitud EC,EC3783,CNAII

2026-04-08T17:40:02.165Z,true,false,false,false,tesL,PURGA DE FOTO LATERAL,EC3783,CNAII

2026-04-08T17:40:08.247Z,true,false,false,false,144L,PURGA DE FOTO LATERAL,EC3783,CNAII

2026-04-08T17:40:11.263Z,true,false,false,false,145L,PURGA DE FOTO LATERAL,EC3783,CNAII

2026-04-08T17:40:16.270Z,true,false,false,false,146L,PURGA DE FOTO LATERAL,EC3783,CNAII

2026-04-08T17:40:22.317Z,true,false,false,false,147L,PURGA DE FOTO LATERAL,EC3783,CNAII

2026-04-08T17:40:28.366Z,true,false,false,false,148L,PURGA DE FOTO LATERAL,EC3783,CNAII

2026-04-08T17:40:34.411Z,true,false,false,false,tesF,PURGA DE FOTO FRONTAL,EC3783,CNAII

2026-04-08T17:40:41.466Z,true,false,false,false,149F,Distancia entre SE - Perpendicularidad SE,EC3783,CNAII

2026-04-08T17:40:44.482Z,true,false,false,false,150F,Distancia entre SE - Perpendicularidad SE,EC3783,CNAII

2026-04-08T17:40:48.502Z,true,false,false,false,151F,Distancia entre SE - Perpendicularidad SE,EC3783,CNAII

2026-04-08T17:40:52.518Z,true,false,false,false,152F,Distancia entre SE - Perpendicularidad SE,EC3783,CNAII

2026-04-08T17:40:56.567Z,true,false,false,false,153F,Distancia entre SE - Perpendicularidad SE,EC3783,CNAII

2026-04-08T17:41:00.581Z,true,false,false,false,154F,Distancia entre SE - Perpendicularidad SE,EC3783,CNAII

2026-04-08T17:41:03.597Z,true,false,false,false,156F,Distancia entre SE - Perpendicularidad SE,EC3783,CNAII

2026-04-08T17:41:08.629Z,true,false,false,false,157F,Distancia entre SE - Perpendicularidad SE,EC3783,CNAII

2026-04-08T17:41:11.634Z,true,false,false,false,158F,Distancia entre SE - Perpendicularidad SE,EC3783,CNAII

2026-04-08T17:41:15.669Z,true,false,false,false,3T.1,Rectitud EC,EC3783,CNAII

2026-04-08T17:41:22.736Z,true,false,false,false,3T.2,Rectitud EC,EC3783,CNAII

2026-04-08T17:41:24.742Z,true,false,false,false,3T.3,Rectitud EC,EC3783,CNAII

2026-04-08T17:41:25.764Z,true,false,false,false,tesL,PURGA DE FOTO LATERAL,EC3783,CNAII

2026-04-08T17:41:32.810Z,true,false,false,false,159L,PURGA DE FOTO LATERAL,EC3783,CNAII

2026-04-08T17:41:35.814Z,true,false,false,false,160L,PURGA DE FOTO LATERAL,EC3783,CNAII

2026-04-08T17:41:40.847Z,true,false,false,false,161L,PURGA DE FOTO LATERAL,EC3783,CNAII

2026-04-08T17:41:46.885Z,true,false,false,false,162L,PURGA DE FOTO LATERAL,EC3783,CNAII

2026-04-08T17:41:52.964Z,true,false,false,false,163L,PURGA DE FOTO LATERAL,EC3783,CNAII

2026-04-08T17:41:59.000Z,true,false,false,false,tesF,PURGA DE FOTO FRONTAL,EC3783,CNAII

2026-04-08T17:42:05.058Z,true,false,false,false,164F,Distancia entre SE - Perpendicularidad SE,EC3783,CNAII

2026-04-08T17:42:08.061Z,true,false,false,false,165F,Distancia entre SE - Perpendicularidad SE,EC3783,CNAII

2026-04-08T17:42:13.093Z,true,false,false,false,166F,Distancia entre SE - Perpendicularidad SE,EC3783,CNAII

2026-04-08T17:42:16.118Z,true,false,false,false,167F,Distancia entre SE - Perpendicularidad SE,EC3783,CNAII

2026-04-08T17:42:20.162Z,true,false,false,false,168F,Distancia entre SE - Perpendicularidad SE,EC3783,CNAII

2026-04-08T17:42:24.180Z,true,false,false,false,169F,Distancia entre SE - Perpendicularidad SE,EC3783,CNAII

2026-04-08T17:42:28.198Z,true,false,false,false,171F,Distancia entre SE - Perpendicularidad SE,EC3783,CNAII

2026-04-08T17:42:32.259Z,true,false,false,false,172F,Distancia entre SE - Perpendicularidad SE,EC3783,CNAII

2026-04-08T17:42:36.275Z,true,false,false,false,173F,Distancia entre SE - Perpendicularidad SE,EC3783,CNAII

2026-04-08T17:42:39.297Z,true,false,false,false,2T.1,Rectitud EC,EC3783,CNAII

2026-04-08T17:42:46.369Z,true,false,false,false,2T.2,Rectitud EC,EC3783,CNAII

2026-04-08T17:42:48.373Z,true,false,false,false,2T.3,Rectitud EC,EC3783,CNAII

2026-04-08T17:42:49.385Z,true,false,false,false,tesL,PURGA DE FOTO LATERAL,EC3783,CNAII

2026-04-08T17:42:56.473Z,true,false,false,false,174L,PURGA DE FOTO LATERAL,EC3783,CNAII

2026-04-08T17:42:59.490Z,true,false,false,false,175L,PURGA DE FOTO LATERAL,EC3783,CNAII

2026-04-08T17:43:04.539Z,true,false,false,false,176L,PURGA DE FOTO LATERAL,EC3783,CNAII

2026-04-08T17:43:10.595Z,true,false,false,false,177L,PURGA DE FOTO LATERAL,EC3783,CNAII

2026-04-08T17:43:16.637Z,true,false,false,false,178L,PURGA DE FOTO LATERAL,EC3783,CNAII

2026-04-08T17:43:22.749Z,true,false,false,false,tesF,PURGA DE FOTO FRONTAL,EC3783,CNAII

2026-04-08T17:43:28.775Z,true,false,false,false,179F,Distancia entre SE - Perpendicularidad SE,EC3783,CNAII

2026-04-08T17:43:32.789Z,true,false,false,false,180F,Distancia entre SE - Perpendicularidad SE,EC3783,CNAII

2026-04-08T17:43:36.823Z,true,false,false,false,181F,Distancia entre SE - Perpendicularidad SE,EC3783,CNAII

2026-04-08T17:43:40.859Z,true,false,false,false,182F,Distancia entre SE - Perpendicularidad SE,EC3783,CNAII

2026-04-08T17:43:43.900Z,true,false,false,false,183F,Distancia entre SE - Perpendicularidad SE,EC3783,CNAII

2026-04-08T17:43:48.955Z,true,false,false,false,184F,Distancia entre SE - Perpendicularidad SE,EC3783,CNAII

2026-04-08T17:43:51.954Z,true,false,false,false,186F,Distancia entre SE - Perpendicularidad SE,EC3783,CNAII

2026-04-08T17:43:56.993Z,true,false,false,false,187F,Distancia entre SE - Perpendicularidad SE,EC3783,CNAII

2026-04-08T17:44:00.030Z,true,false,false,false,188F,Distancia entre SE - Perpendicularidad SE,EC3783,CNAII

2026-04-08T17:44:03.058Z,true,false,false,false,1T.1,Rectitud EC,EC3783,CNAII

2026-04-08T17:44:11.101Z,true,false,false,false,1T.2,Rectitud EC,EC3783,CNAII

2026-04-08T17:44:12.118Z,true,false,false,false,1T.3,Rectitud EC,EC3783,CNAII

2026-04-08T17:44:14.171Z,true,false,false,false,tesL,PURGA DE FOTO LATERAL,EC3783,CNAII

2026-04-08T17:44:20.216Z,true,false,false,false,189L,PURGA DE FOTO LATERAL,EC3783,CNAII

2026-04-08T17:44:23.233Z,true,false,false,false,190L,PURGA DE FOTO LATERAL,EC3783,CNAII

2026-04-08T17:44:28.256Z,true,false,false,false,191L,PURGA DE FOTO LATERAL,EC3783,CNAII

2026-04-08T17:44:34.300Z,true,false,false,false,192L,PURGA DE FOTO LATERAL,EC3783,CNAII

2026-04-08T17:44:40.362Z,true,false,false,false,193L,PURGA DE FOTO LATERAL,EC3783,CNAII

2026-04-08T17:44:46.400Z,true,false,false,false,tesF,PURGA DE FOTO FRONTAL,EC3783,CNAII

2026-04-08T17:44:53.455Z,true,false,false,false,194F,Distancia entre SE - Perpendicularidad SE,EC3783,CNAII

2026-04-08T17:44:56.479Z,true,false,false,false,195F,Distancia entre SE - Perpendicularidad SE,EC3783,CNAII

2026-04-08T17:45:00.513Z,true,false,false,false,196F,Distancia entre SE - Perpendicularidad SE,EC3783,CNAII

2026-04-08T17:45:04.555Z,true,false,false,false,197F,Distancia entre SE - Perpendicularidad SE,EC3783,CNAII

2026-04-08T17:45:08.591Z,true,false,false,false,198F,Distancia entre SE - Perpendicularidad SE,EC3783,CNAII

2026-04-08T17:45:12.636Z,true,false,false,false,199F,Distancia entre SE - Perpendicularidad SE,EC3783,CNAII

2026-04-08T17:45:15.674Z,true,false,false,false,201F,Distancia entre SE - Perpendicularidad SE,EC3783,CNAII

2026-04-08T17:45:20.745Z,true,false,false,false,202F,Distancia entre SE - Perpendicularidad SE,EC3783,CNAII

2026-04-08T17:45:23.761Z,true,false,false,false,203F,Distancia entre SE - Perpendicularidad SE,EC3783,CNAII

2026-04-08T17:45:26.765Z,true,false,false,false,001F,Distancia entre SE y PP,EC3783,CNAII

2026-04-08T17:45:33.802Z,true,false,false,false,210F,Distancia entre SE y PP,EC3783,CNAII

2026-04-08T17:45:36.863Z,true,false,false,false,002F,Distancia entre SE y PP,EC3783,CNAII

2026-04-08T17:45:42.897Z,true,false,false,false,211F,Distancia entre SE y PP,EC3783,CNAII

2026-04-08T17:45:49.954Z,true,false,false,false,003F,Distancia entre SE y PP,EC3783,CNAII

2026-04-08T17:45:55.984Z,true,false,false,false,tesL,PURGA DE FOTO LATERAL,EC3783,CNAII

2026-04-08T17:46:03.054Z,true,false,false,false,212L,PURGA DE FOTO LATERAL,EC3783,CNAII

2026-04-08T17:46:04.061Z,true,false,false,false,213L,PURGA DE FOTO LATERAL,EC3783,CNAII

2026-04-08T17:46:13.164Z,true,false,false,false,214L,PURGA DE FOTO LATERAL,EC3783,CNAII

2026-04-08T17:46:21.217Z,true,false,false,false,tesL,PURGA DE FOTO LATERAL,EC3783,CNAII

2026-04-08T17:46:29.263Z,true,false,false,false,216L,Presencia de soldadura TVS - Fisuras soldadura TVS,EC3783,CNAII

2026-04-08T17:46:34.311Z,true,false,false,false,217L,Presencia de soldadura TVS - Fisuras soldadura TVS,EC3783,CNAII

2026-04-08T17:46:42.392Z,true,false,false,false,218L,Presencia de soldadura TVS - Fisuras soldadura TVS,EC3783,CNAII

2026-04-08T17:46:50.478Z,true,false,false,false,tesL,PURGA DE FOTO LATERAL,EC3783,CNAII

2026-04-08T17:47:02.548Z,true,false,false,false,0T.1,Rectitud EC PP,EC3783,CNAII

2026-04-08T17:47:06.574Z,true,false,false,false,0T.2,Rectitud EC PP,EC3783,CNAII

2026-04-08T17:47:07.582Z,true,false,false,false,0T.3,Rectitud EC PP,EC3783,CNAII

2026-04-08T17:47:08.595Z,true,false,false,false,14T.1,Rectitud EC PP,EC3783,CNAII

2026-04-08T17:47:12.638Z,true,false,false,false,14T.2,Rectitud EC PP,EC3783,CNAII

2026-04-08T17:47:14.654Z,true,false,false,false,14T.3,Rectitud EC PP,EC3783,CNAII

2026-04-08T17:47:15.675Z,true,false,false,false,222L,Rectitud EC PP,EC3783,CNAII

2026-04-08T17:47:19.762Z,true,false,false,false,223L,Rectitud EC PP,EC3783,CNAII

2026-04-08T17:47:24.767Z,true,false,false,false,224L,Rectitud EC PP,EC3783,CNAII

2026-04-08T17:47:29.790Z,true,false,false,false,225L,Rectitud EC PP,EC3783,CNAII

2026-04-08T17:47:34.839Z,true,false,false,false,226L,Rectitud EC PP,EC3783,CNAII

2026-04-08T17:47:38.864Z,true,false,false,false,227L,Rectitud EC PP,EC3783,CNAII

2026-04-08T17:47:43.897Z,true,false,false,false,tesL,PURGA DE FOTO LATERAL,EC3783,CNAII

2026-04-08T17:47:50.987Z,true,false,false,false,228L,PURGA DE FOTO LATERAL,EC3783,CNAII

2026-04-08T17:48:02.132Z,true,false,false,false,229L,PURGA DE FOTO LATERAL,EC3783,CNAII

2026-04-08T17:48:07.160Z,true,false,false,false,230L,PURGA DE FOTO LATERAL,EC3783,CNAII

2026-04-08T17:48:12.212Z,true,false,false,false,231L,PURGA DE FOTO LATERAL,EC3783,CNAII

2026-04-08T17:48:17.258Z,true,false,false,false,232L,PURGA DE FOTO LATERAL,EC3783,CNAII

2026-04-08T17:48:21.302Z,true,false,false,false,233L,PURGA DE FOTO LATERAL,EC3783,CNAII

2026-04-08T17:48:26.350Z,true,false,false,false,tesF,PURGA DE FOTO FRONTAL,EC3783,CNAII

2026-04-08T17:48:31.363Z,true,false,false,false,,,EC3783,CNAII

2026-04-08T17:49:48.140Z,false,false,false,true,,,EC3783,CNAII

2026-04-08T17:50:17.472Z,false,false,false,false,,,EC3783,CNAII

2026-04-09T12:26:44.223Z,false,false,false,false,,,EC3783,CNAII

2026-04-09T15:41:14.980Z,true,false,false,false,,,ioji,hujioh

2026-04-09T15:41:59.408Z,true,false,false,false,tesF,PURGA DE FOTO FRONTAL,ioji,hujioh

2026-04-09T15:46:30.147Z,true,false,false,false,240F,PURGA DE FOTO FRONTAL,ioji,hujioh

2026-04-09T15:46:55.435Z,true,false,false,false,241F,PURGA DE FOTO FRONTAL,ioji,hujioh

2026-04-09T15:47:17.654Z,true,false,false,false,242F,PURGA DE FOTO FRONTAL,ioji,hujioh

2026-04-09T15:47:38.867Z,true,false,false,false,tesF,PURGA DE FOTO FRONTAL,ioji,hujioh

2026-04-09T15:48:01.131Z,true,false,false,false,AZ3-A,Zapata tipo I/II 4,ioji,hujioh

2026-04-09T15:51:42.369Z,true,false,true,false,,,ioji,hujioh

2026-04-09T15:55:23.627Z,false,false,false,true,,,ioji,hujioh

2026-04-09T15:55:27.682Z,false,false,false,false,,,ioji,hujioh

2026-04-09T15:56:55.496Z,true,false,false,false,,,sdfsef,e54yer56u

2026-04-09T18:57:32.365Z,false,false,false,false,,,sdfsef,e54yer56u

2026-04-09T18:57:36.371Z,false,false,true,false,,,sdfsef,e54yer56u

2026-04-09T18:57:52.504Z,false,false,false,false,,,sdfsef,e54yer56u

2026-04-09T18:58:18.806Z,false,false,true,false,,,sdfsef,e54yer56u

2026-04-09T18:58:50.034Z,false,false,false,true,,,sdfsef,e54yer56u

2026-04-09T18:58:53.085Z,false,false,false,false,,,sdfsef,e54yer56u

2026-04-10T06:13:28.013Z,false,false,false,false,,,sdfsef,e54yer56u

2026-04-10T13:07:50.105Z,true,false,false,false,,,E3784,CNAII

2026-04-10T13:31:30.610Z,true,false,false,false,13T.1,Rectitud EC,E3784,CNAII

2026-04-10T13:32:00.898Z,true,false,true,false,,,E3784,CNAII

2026-04-10T13:32:19.087Z,false,false,false,true,,,E3784,CNAII

2026-04-10T13:32:21.118Z,false,false,false,false,,,E3784,CNAII

2026-04-10T16:29:31.316Z,false,false,false,false,,,E3784,CNAII

2026-04-10T17:01:39.027Z,true,false,false,false,,,EC3784,CNAII

2026-04-10T17:01:52.152Z,true,false,false,false,13T.1,Rectitud EC,EC3784,CNAII

2026-04-10T17:05:49.628Z,true,false,true,false,,,EC3784,CNAII

2026-04-10T17:06:07.753Z,false,false,false,true,,,EC3784,CNAII

2026-04-10T17:06:10.777Z,false,false,false,false,,,EC3784,CNAII

2026-04-10T17:06:20.899Z,false,false,false,false,,,ASDASF,AASD

2026-04-10T17:06:21.895Z,true,false,false,false,,,ASDASF,AASD

2026-04-10T17:06:49.189Z,true,false,false,false,13T.1,Rectitud EC,ASDASF,AASD

2026-04-10T17:14:49.224Z,true,false,true,false,,,ASDASF,AASD

2026-04-10T17:15:07.399Z,false,false,false,true,,,ASDASF,AASD

2026-04-10T17:15:12.459Z,false,false,false,false,,,ASDASF,AASD

2026-04-10T17:15:39.745Z,true,false,false,false,,,dthdt,sadf

2026-04-10T17:16:07.026Z,true,false,false,false,13T.1,Rectitud EC,dthdt,sadf

2026-04-10T17:22:21.889Z,true,false,false,false,13T.2,Rectitud EC,dthdt,sadf

2026-04-10T17:22:23.899Z,true,false,false,false,13T.3,Rectitud EC,dthdt,sadf

2026-04-10T17:22:25.883Z,true,false,false,false,AZ4-A,Rectitud EC,dthdt,sadf

2026-04-10T17:22:26.963Z,true,false,false,false,AZ4-B,Zapata tipo I/II 4,dthdt,sadf

2026-04-10T17:22:29.935Z,true,false,false,false,AZ3-A,Zapata tipo I/II 4,dthdt,sadf

2026-04-10T17:22:34.977Z,true,false,false,false,AZ3-B,Zapata tipo I/II 3,dthdt,sadf

2026-04-10T17:22:37.003Z,true,false,false,false,AZ2-B,Zapata tipo I/II 2,dthdt,sadf

2026-04-10T17:22:41.051Z,true,false,false,false,AZ12-A,Zapata tipo I/II 2,dthdt,sadf

2026-04-10T17:22:44.084Z,true,false,false,false,AZ1-B,Zapata tipo I/II 1,dthdt,sadf

2026-04-10T17:22:46.109Z,true,false,false,false,AZ6-B,Zapata tipo I/II 6,dthdt,sadf

2026-04-10T17:22:55.224Z,true,false,false,false,AZ56-A,Zapata tipo I/II 6,dthdt,sadf

2026-04-10T17:22:57.249Z,true,false,false,false,AZ5-B,Zapata tipo I/II 5,dthdt,sadf

2026-04-10T17:23:00.267Z,true,false,false,false,tesF,PURGA DE FOTO FRONTAL,dthdt,sadf

2026-04-10T17:23:02.282Z,true,false,false,false,1F,PURGA DE FOTO FRONTAL,dthdt,sadf

2026-04-10T17:23:05.328Z,true,false,false,false,2F,PURGA DE FOTO FRONTAL,dthdt,sadf

2026-04-10T17:23:09.365Z,true,false,false,false,3F,Distancia entre SE - Perpendicularidad SE,dthdt,sadf

2026-04-10T17:23:13.384Z,true,false,false,false,4F,Distancia entre SE - Perpendicularidad SE,dthdt,sadf

2026-04-10T17:23:17.457Z,true,false,false,false,5F,Distancia entre SE - Perpendicularidad SE,dthdt,sadf

2026-04-10T17:23:20.463Z,true,false,false,false,6F,Distancia entre SE - Perpendicularidad SE,dthdt,sadf

2026-04-10T17:23:23.474Z,true,false,false,false,7F,Distancia entre SE - Perpendicularidad SE,dthdt,sadf

2026-04-10T17:23:26.498Z,true,false,false,false,9F,Distancia entre SE - Perpendicularidad SE,dthdt,sadf

2026-04-10T17:23:30.628Z,true,false,false,false,10F,Distancia entre SE - Perpendicularidad SE,dthdt,sadf

2026-04-10T17:23:34.618Z,true,false,false,false,11F,Distancia entre SE - Perpendicularidad SE,dthdt,sadf

2026-04-10T17:23:37.671Z,true,false,false,false,12F,Distancia entre SE - Perpendicularidad SE,dthdt,sadf

2026-04-10T17:23:40.646Z,true,false,false,false,tesL,PURGA DE FOTO LATERAL,dthdt,sadf

2026-04-10T17:23:46.697Z,true,false,false,false,13L,PURGA DE FOTO LATERAL,dthdt,sadf

2026-04-10T17:23:48.700Z,true,false,false,false,14L,PURGA DE FOTO LATERAL,dthdt,sadf

2026-04-10T17:23:53.775Z,true,false,false,false,15L,PURGA DE FOTO LATERAL,dthdt,sadf

2026-04-10T17:23:56.769Z,true,false,false,false,16L,PURGA DE FOTO LATERAL,dthdt,sadf

2026-04-10T17:24:00.818Z,true,false,false,false,17L,PURGA DE FOTO LATERAL,dthdt,sadf

2026-04-10T17:24:06.910Z,true,false,false,false,18L,PURGA DE FOTO LATERAL,dthdt,sadf

2026-04-10T17:24:11.943Z,true,false,true,false,,,dthdt,sadf

2026-04-10T17:24:19.002Z,false,false,false,true,,,dthdt,sadf

2026-04-10T17:24:22.077Z,false,false,false,false,,,dthdt,sadf

2026-04-10T17:24:37.199Z,true,false,false,false,,,sdfser,sdfsd

2026-04-10T17:24:57.441Z,true,false,false,false,13T.1,Rectitud EC,sdfser,sdfsd

2026-04-10T17:25:15.688Z,true,false,false,false,13T.2,Rectitud EC,sdfser,sdfsd

2026-04-10T17:25:16.695Z,true,false,false,false,13T.3,Rectitud EC,sdfser,sdfsd

2026-04-10T17:25:18.707Z,true,false,false,false,AZ4-A,Rectitud EC,sdfser,sdfsd

2026-04-10T17:25:19.693Z,true,false,false,false,AZ4-B,Zapata tipo I/II 4,sdfser,sdfsd

2026-04-10T17:25:22.713Z,true,false,false,false,AZ3-A,Zapata tipo I/II 4,sdfser,sdfsd

2026-04-10T17:25:27.764Z,true,false,false,false,AZ3-B,Zapata tipo I/II 3,sdfser,sdfsd

2026-04-10T17:25:30.795Z,true,false,false,false,AZ2-B,Zapata tipo I/II 2,sdfser,sdfsd

2026-04-10T17:25:33.847Z,true,false,false,false,AZ12-A,Zapata tipo I/II 2,sdfser,sdfsd

2026-04-10T17:25:36.877Z,true,false,false,false,AZ1-B,Zapata tipo I/II 1,sdfser,sdfsd

2026-04-10T17:25:39.945Z,true,false,false,false,AZ6-B,Zapata tipo I/II 6,sdfser,sdfsd

2026-04-10T17:25:47.998Z,true,false,false,false,AZ56-A,Zapata tipo I/II 6,sdfser,sdfsd

2026-04-10T17:25:50.017Z,true,false,false,false,AZ5-B,Zapata tipo I/II 5,sdfser,sdfsd

2026-04-10T17:25:53.041Z,true,false,false,false,tesF,PURGA DE FOTO FRONTAL,sdfser,sdfsd

2026-04-10T17:25:55.048Z,true,false,false,false,1F,PURGA DE FOTO FRONTAL,sdfser,sdfsd

2026-04-10T17:25:59.088Z,true,false,false,false,2F,PURGA DE FOTO FRONTAL,sdfser,sdfsd

2026-04-10T17:26:02.103Z,true,false,false,false,3F,Distancia entre SE - Perpendicularidad SE,sdfser,sdfsd

2026-04-10T17:26:06.128Z,true,false,false,false,4F,Distancia entre SE - Perpendicularidad SE,sdfser,sdfsd

2026-04-10T17:26:10.160Z,true,false,false,false,5F,Distancia entre SE - Perpendicularidad SE,sdfser,sdfsd

2026-04-10T17:26:14.201Z,true,false,false,false,6F,Distancia entre SE - Perpendicularidad SE,sdfser,sdfsd

2026-04-10T17:26:16.212Z,true,false,false,false,7F,Distancia entre SE - Perpendicularidad SE,sdfser,sdfsd

2026-04-10T17:26:19.257Z,true,false,false,false,9F,Distancia entre SE - Perpendicularidad SE,sdfser,sdfsd

2026-04-10T17:26:24.292Z,true,false,false,false,10F,Distancia entre SE - Perpendicularidad SE,sdfser,sdfsd

2026-04-10T17:26:27.340Z,true,false,false,false,11F,Distancia entre SE - Perpendicularidad SE,sdfser,sdfsd

2026-04-10T17:26:30.368Z,true,false,false,false,12F,Distancia entre SE - Perpendicularidad SE,sdfser,sdfsd

2026-04-10T17:26:33.389Z,true,false,false,false,tesL,PURGA DE FOTO LATERAL,sdfser,sdfsd

2026-04-10T17:26:39.450Z,true,false,false,false,13L,PURGA DE FOTO LATERAL,sdfser,sdfsd

2026-04-10T17:26:41.455Z,true,false,false,false,14L,PURGA DE FOTO LATERAL,sdfser,sdfsd

2026-04-10T17:26:46.509Z,true,false,false,false,15L,PURGA DE FOTO LATERAL,sdfser,sdfsd

2026-04-10T17:26:50.527Z,true,false,false,false,16L,PURGA DE FOTO LATERAL,sdfser,sdfsd

2026-04-10T17:26:53.613Z,true,false,false,false,17L,PURGA DE FOTO LATERAL,sdfser,sdfsd

2026-04-10T17:26:59.636Z,true,false,false,false,18L,PURGA DE FOTO LATERAL,sdfser,sdfsd

2026-04-10T17:27:03.693Z,true,false,false,false,19L,PURGA DE FOTO LATERAL,sdfser,sdfsd

2026-04-10T17:27:07.690Z,true,false,false,false,12T.1,Rectitud EC,sdfser,sdfsd

2026-04-10T17:27:22.890Z,true,false,false,false,12T.2,Rectitud EC,sdfser,sdfsd

2026-04-10T17:27:23.880Z,true,false,false,false,12T.3,Rectitud EC,sdfser,sdfsd

2026-04-10T17:27:25.906Z,true,false,false,false,tesL,PURGA DE FOTO LATERAL,sdfser,sdfsd

2026-04-10T17:27:31.986Z,true,false,false,false,24L,PURGA DE FOTO LATERAL,sdfser,sdfsd

2026-04-10T17:27:36.049Z,true,false,false,false,25L,PURGA DE FOTO LATERAL,sdfser,sdfsd

2026-04-10T17:27:41.051Z,true,false,false,false,26L,PURGA DE FOTO LATERAL,sdfser,sdfsd

2026-04-10T17:27:47.100Z,true,false,false,false,27L,PURGA DE FOTO LATERAL,sdfser,sdfsd

2026-04-10T17:27:52.156Z,true,false,false,false,28L,PURGA DE FOTO LATERAL,sdfser,sdfsd

2026-04-10T17:27:58.236Z,true,false,false,false,tesF,PURGA DE FOTO FRONTAL,sdfser,sdfsd

2026-04-10T17:28:05.294Z,true,false,false,false,29F,Distancia entre SE - Perpendicularidad SE,sdfser,sdfsd

2026-04-10T17:28:08.314Z,true,false,false,false,30F,Distancia entre SE - Perpendicularidad SE,sdfser,sdfsd

2026-04-10T17:28:12.366Z,true,false,false,false,31F,Distancia entre SE - Perpendicularidad SE,sdfser,sdfsd

2026-04-10T17:28:16.402Z,true,false,false,false,32F,Distancia entre SE - Perpendicularidad SE,sdfser,sdfsd

2026-04-10T17:28:20.432Z,true,false,false,false,33F,Distancia entre SE - Perpendicularidad SE,sdfser,sdfsd

2026-04-10T17:28:24.463Z,true,false,false,false,34F,Distancia entre SE - Perpendicularidad SE,sdfser,sdfsd

2026-04-10T17:28:27.478Z,true,false,false,false,36F,Distancia entre SE - Perpendicularidad SE,sdfser,sdfsd

2026-04-10T17:28:32.541Z,true,false,false,false,37F,Distancia entre SE - Perpendicularidad SE,sdfser,sdfsd

2026-04-10T17:28:35.645Z,true,false,false,false,38F,Distancia entre SE - Perpendicularidad SE,sdfser,sdfsd

2026-04-10T17:28:38.637Z,true,false,false,false,11T.1,Rectitud EC,sdfser,sdfsd

2026-04-10T17:28:45.666Z,true,false,false,false,11T.2,Rectitud EC,sdfser,sdfsd

2026-04-10T17:28:47.702Z,true,false,false,false,11T.3,Rectitud EC,sdfser,sdfsd

2026-04-10T17:28:48.702Z,true,false,false,false,tesL,PURGA DE FOTO LATERAL,sdfser,sdfsd

2026-04-10T17:28:55.765Z,true,false,false,false,39L,PURGA DE FOTO LATERAL,sdfser,sdfsd

2026-04-10T17:28:58.800Z,true,false,false,false,40L,PURGA DE FOTO LATERAL,sdfser,sdfsd

2026-04-10T17:29:03.883Z,true,false,false,false,41L,PURGA DE FOTO LATERAL,sdfser,sdfsd

2026-04-10T17:29:09.963Z,true,false,false,false,42L,PURGA DE FOTO LATERAL,sdfser,sdfsd

2026-04-10T17:29:15.983Z,true,false,false,false,43L,PURGA DE FOTO LATERAL,sdfser,sdfsd

2026-04-10T17:29:21.042Z,true,false,false,false,tesF,PURGA DE FOTO FRONTAL,sdfser,sdfsd

2026-04-10T17:29:28.102Z,true,false,false,false,44F,Distancia entre SE - Perpendicularidad SE,sdfser,sdfsd

2026-04-10T17:29:31.149Z,true,false,false,false,45F,Distancia entre SE - Perpendicularidad SE,sdfser,sdfsd

2026-04-10T17:29:35.187Z,true,false,false,false,46F,Distancia entre SE - Perpendicularidad SE,sdfser,sdfsd

2026-04-10T17:29:39.238Z,true,false,false,false,47F,Distancia entre SE - Perpendicularidad SE,sdfser,sdfsd

2026-04-10T17:29:43.260Z,true,false,false,false,48F,Distancia entre SE - Perpendicularidad SE,sdfser,sdfsd

2026-04-10T17:29:47.286Z,true,false,false,false,49F,Distancia entre SE - Perpendicularidad SE,sdfser,sdfsd

2026-04-10T17:29:50.313Z,true,false,false,false,51F,Distancia entre SE - Perpendicularidad SE,sdfser,sdfsd

2026-04-10T17:29:55.381Z,true,false,false,false,52F,Distancia entre SE - Perpendicularidad SE,sdfser,sdfsd

2026-04-10T17:29:58.416Z,true,false,false,false,53F,Distancia entre SE - Perpendicularidad SE,sdfser,sdfsd

2026-04-10T17:30:01.423Z,true,false,false,false,10T.1,Rectitud EC,sdfser,sdfsd

2026-04-10T17:30:08.537Z,true,false,false,false,10T.2,Rectitud EC,sdfser,sdfsd

2026-04-10T17:30:10.543Z,true,false,false,false,10T.3,Rectitud EC,sdfser,sdfsd

2026-04-10T17:30:11.616Z,true,false,false,false,tesL,PURGA DE FOTO LATERAL,sdfser,sdfsd

2026-04-10T17:30:18.675Z,true,false,false,false,54L,PURGA DE FOTO LATERAL,sdfser,sdfsd

2026-04-10T17:30:21.658Z,true,false,false,false,55L,PURGA DE FOTO LATERAL,sdfser,sdfsd

2026-04-10T17:30:26.658Z,true,false,false,false,56L,PURGA DE FOTO LATERAL,sdfser,sdfsd

2026-04-10T17:30:32.710Z,true,false,false,false,57L,PURGA DE FOTO LATERAL,sdfser,sdfsd

2026-04-10T17:30:38.752Z,true,false,false,false,58L,PURGA DE FOTO LATERAL,sdfser,sdfsd

2026-04-10T17:30:45.807Z,true,false,true,false,,,sdfser,sdfsd

2026-04-10T17:30:55.927Z,false,false,false,true,,,sdfser,sdfsd

2026-04-10T17:31:05.976Z,false,false,false,false,,,sdfser,sdfsd

2026-04-10T17:32:47.986Z,true,false,false,false,,,EE3784,CNAII

2026-04-10T17:33:08.221Z,true,false,false,false,13T.1,Rectitud EC,EE3784,CNAII

2026-04-10T17:33:26.400Z,true,false,false,false,13T.2,Rectitud EC,EE3784,CNAII

2026-04-10T17:33:28.418Z,true,false,false,false,13T.3,Rectitud EC,EE3784,CNAII

2026-04-10T17:33:30.459Z,true,false,false,false,AZ4-A,Rectitud EC,EE3784,CNAII

2026-04-10T17:33:31.453Z,true,false,false,false,AZ4-B,Zapata tipo I/II 4,EE3784,CNAII

2026-04-10T17:33:34.494Z,true,false,false,false,AZ3-A,Zapata tipo I/II 4,EE3784,CNAII

2026-04-10T17:33:38.515Z,true,false,false,false,AZ3-B,Zapata tipo I/II 3,EE3784,CNAII

2026-04-10T17:33:41.625Z,true,false,false,false,AZ2-B,Zapata tipo I/II 2,EE3784,CNAII

2026-04-10T17:33:45.638Z,true,false,false,false,AZ12-A,Zapata tipo I/II 2,EE3784,CNAII

2026-04-10T17:33:48.637Z,true,false,false,false,AZ1-B,Zapata tipo I/II 1,EE3784,CNAII

2026-04-10T17:33:50.669Z,true,false,false,false,AZ6-B,Zapata tipo I/II 6,EE3784,CNAII

2026-04-10T17:33:58.737Z,true,false,false,false,AZ56-A,Zapata tipo I/II 6,EE3784,CNAII

2026-04-10T17:34:01.755Z,true,false,false,false,AZ5-B,Zapata tipo I/II 5,EE3784,CNAII

2026-04-10T17:34:04.788Z,true,false,false,false,tesF,PURGA DE FOTO FRONTAL,EE3784,CNAII

2026-04-10T17:34:05.801Z,true,false,false,false,1F,PURGA DE FOTO FRONTAL,EE3784,CNAII

2026-04-10T17:34:09.854Z,true,false,false,false,2F,PURGA DE FOTO FRONTAL,EE3784,CNAII

2026-04-10T17:34:13.888Z,true,false,false,false,3F,Distancia entre SE - Perpendicularidad SE,EE3784,CNAII

2026-04-10T17:34:17.905Z,true,false,false,false,4F,Distancia entre SE - Perpendicularidad SE,EE3784,CNAII

2026-04-10T17:34:20.933Z,true,false,false,false,5F,Distancia entre SE - Perpendicularidad SE,EE3784,CNAII

2026-04-10T17:34:24.963Z,true,false,false,false,6F,Distancia entre SE - Perpendicularidad SE,EE3784,CNAII

2026-04-10T17:34:26.972Z,true,false,false,false,7F,Distancia entre SE - Perpendicularidad SE,EE3784,CNAII

2026-04-10T17:34:30.001Z,true,false,false,false,9F,Distancia entre SE - Perpendicularidad SE,EE3784,CNAII

2026-04-10T17:34:35.056Z,true,false,false,false,10F,Distancia entre SE - Perpendicularidad SE,EE3784,CNAII

2026-04-10T17:34:38.082Z,true,false,false,false,11F,Distancia entre SE - Perpendicularidad SE,EE3784,CNAII

2026-04-10T17:34:42.105Z,true,false,false,false,12F,Distancia entre SE - Perpendicularidad SE,EE3784,CNAII

2026-04-10T17:34:44.146Z,true,false,false,false,tesL,PURGA DE FOTO LATERAL,EE3784,CNAII

2026-04-10T17:34:51.162Z,true,false,false,false,13L,PURGA DE FOTO LATERAL,EE3784,CNAII

2026-04-10T17:34:52.173Z,true,false,false,false,14L,PURGA DE FOTO LATERAL,EE3784,CNAII

2026-04-10T17:34:57.218Z,true,false,false,false,15L,PURGA DE FOTO LATERAL,EE3784,CNAII

2026-04-10T17:35:01.255Z,true,false,false,false,16L,PURGA DE FOTO LATERAL,EE3784,CNAII

2026-04-10T17:35:05.273Z,true,false,false,false,17L,PURGA DE FOTO LATERAL,EE3784,CNAII

2026-04-10T17:35:11.366Z,true,false,false,false,18L,PURGA DE FOTO LATERAL,EE3784,CNAII

2026-04-10T17:35:15.394Z,true,false,false,false,19L,PURGA DE FOTO LATERAL,EE3784,CNAII

2026-04-10T17:35:18.449Z,true,false,false,false,12T.1,Rectitud EC,EE3784,CNAII

2026-04-10T17:35:33.624Z,true,false,false,false,12T.2,Rectitud EC,EE3784,CNAII

2026-04-10T17:35:35.619Z,true,false,false,false,12T.3,Rectitud EC,EE3784,CNAII

2026-04-10T17:35:36.653Z,true,false,false,false,tesL,PURGA DE FOTO LATERAL,EE3784,CNAII

2026-04-10T17:35:43.708Z,true,false,false,false,24L,PURGA DE FOTO LATERAL,EE3784,CNAII

2026-04-10T17:35:46.747Z,true,false,false,false,25L,PURGA DE FOTO LATERAL,EE3784,CNAII

2026-04-10T17:35:51.775Z,true,false,false,false,26L,PURGA DE FOTO LATERAL,EE3784,CNAII

2026-04-10T17:35:57.867Z,true,false,false,false,27L,PURGA DE FOTO LATERAL,EE3784,CNAII

2026-04-10T17:36:03.899Z,true,false,false,false,28L,PURGA DE FOTO LATERAL,EE3784,CNAII

2026-04-10T17:36:09.961Z,true,false,false,false,tesF,PURGA DE FOTO FRONTAL,EE3784,CNAII

2026-04-10T17:36:16.015Z,true,false,false,false,29F,Distancia entre SE - Perpendicularidad SE,EE3784,CNAII

2026-04-10T17:36:19.068Z,true,false,false,false,30F,Distancia entre SE - Perpendicularidad SE,EE3784,CNAII

2026-04-10T17:36:24.083Z,true,false,false,false,31F,Distancia entre SE - Perpendicularidad SE,EE3784,CNAII

2026-04-10T17:36:27.090Z,true,false,false,false,32F,Distancia entre SE - Perpendicularidad SE,EE3784,CNAII

2026-04-10T17:36:31.148Z,true,false,false,false,33F,Distancia entre SE - Perpendicularidad SE,EE3784,CNAII

2026-04-10T17:36:35.187Z,true,false,false,false,34F,Distancia entre SE - Perpendicularidad SE,EE3784,CNAII

2026-04-10T17:36:39.225Z,true,false,false,false,36F,Distancia entre SE - Perpendicularidad SE,EE3784,CNAII

2026-04-10T17:36:43.266Z,true,false,false,false,37F,Distancia entre SE - Perpendicularidad SE,EE3784,CNAII

2026-04-10T17:36:47.288Z,true,false,false,false,38F,Distancia entre SE - Perpendicularidad SE,EE3784,CNAII

2026-04-10T17:36:50.319Z,true,false,false,false,11T.1,Rectitud EC,EE3784,CNAII

2026-04-10T17:36:56.397Z,true,false,false,false,11T.2,Rectitud EC,EE3784,CNAII

2026-04-10T17:36:58.393Z,true,false,false,false,11T.3,Rectitud EC,EE3784,CNAII

2026-04-10T17:37:00.420Z,true,false,false,false,tesL,PURGA DE FOTO LATERAL,EE3784,CNAII

2026-04-10T17:37:06.469Z,true,false,false,false,39L,PURGA DE FOTO LATERAL,EE3784,CNAII

2026-04-10T17:37:09.506Z,true,false,false,false,40L,PURGA DE FOTO LATERAL,EE3784,CNAII

2026-04-10T17:37:14.618Z,true,false,false,false,41L,PURGA DE FOTO LATERAL,EE3784,CNAII

2026-04-10T17:37:20.624Z,true,false,false,false,42L,PURGA DE FOTO LATERAL,EE3784,CNAII

2026-04-10T17:37:26.693Z,true,false,false,false,43L,PURGA DE FOTO LATERAL,EE3784,CNAII

2026-04-10T17:37:32.748Z,true,false,false,false,tesF,PURGA DE FOTO FRONTAL,EE3784,CNAII

2026-04-10T17:37:38.792Z,true,false,false,false,44F,Distancia entre SE - Perpendicularidad SE,EE3784,CNAII

2026-04-10T17:37:41.817Z,true,false,false,false,45F,Distancia entre SE - Perpendicularidad SE,EE3784,CNAII

2026-04-10T17:37:46.896Z,true,false,false,false,46F,Distancia entre SE - Perpendicularidad SE,EE3784,CNAII

2026-04-10T17:37:49.898Z,true,false,false,false,47F,Distancia entre SE - Perpendicularidad SE,EE3784,CNAII

2026-04-10T17:37:53.916Z,true,false,false,false,48F,Distancia entre SE - Perpendicularidad SE,EE3784,CNAII

2026-04-10T17:37:57.961Z,true,false,false,false,49F,Distancia entre SE - Perpendicularidad SE,EE3784,CNAII

2026-04-10T17:38:01.975Z,true,false,false,false,51F,Distancia entre SE - Perpendicularidad SE,EE3784,CNAII

2026-04-10T17:38:06.006Z,true,false,false,false,52F,Distancia entre SE - Perpendicularidad SE,EE3784,CNAII

2026-04-10T17:38:10.051Z,true,false,false,false,53F,Distancia entre SE - Perpendicularidad SE,EE3784,CNAII

2026-04-10T17:38:13.075Z,true,false,false,false,10T.1,Rectitud EC,EE3784,CNAII

2026-04-10T17:38:20.125Z,true,false,false,false,10T.2,Rectitud EC,EE3784,CNAII

2026-04-10T17:38:21.144Z,true,false,false,false,10T.3,Rectitud EC,EE3784,CNAII

2026-04-10T17:38:23.201Z,true,false,false,false,tesL,PURGA DE FOTO LATERAL,EE3784,CNAII

2026-04-10T17:38:29.224Z,true,false,false,false,54L,PURGA DE FOTO LATERAL,EE3784,CNAII

2026-04-10T17:38:33.285Z,true,false,false,false,55L,PURGA DE FOTO LATERAL,EE3784,CNAII

2026-04-10T17:38:38.313Z,true,false,false,false,56L,PURGA DE FOTO LATERAL,EE3784,CNAII

2026-04-10T17:38:43.371Z,true,false,false,false,57L,PURGA DE FOTO LATERAL,EE3784,CNAII

2026-04-10T17:38:49.434Z,true,false,false,false,58L,PURGA DE FOTO LATERAL,EE3784,CNAII

2026-04-10T17:38:55.491Z,true,false,false,false,tesF,PURGA DE FOTO FRONTAL,EE3784,CNAII

2026-04-10T17:39:02.631Z,true,false,false,false,59F,Distancia entre SE - Perpendicularidad SE,EE3784,CNAII

2026-04-10T17:39:05.628Z,true,false,false,false,60F,Distancia entre SE - Perpendicularidad SE,EE3784,CNAII

2026-04-10T17:39:09.654Z,true,false,false,false,61F,Distancia entre SE - Perpendicularidad SE,EE3784,CNAII

2026-04-10T17:39:13.687Z,true,false,false,false,62F,Distancia entre SE - Perpendicularidad SE,EE3784,CNAII

2026-04-10T17:39:17.709Z,true,false,false,false,63F,Distancia entre SE - Perpendicularidad SE,EE3784,CNAII

2026-04-10T17:39:21.753Z,true,false,false,false,64F,Distancia entre SE - Perpendicularidad SE,EE3784,CNAII

2026-04-10T17:39:24.779Z,true,false,false,false,66F,Distancia entre SE - Perpendicularidad SE,EE3784,CNAII

2026-04-10T17:39:29.858Z,true,false,false,false,67F,Distancia entre SE - Perpendicularidad SE,EE3784,CNAII

2026-04-10T17:39:32.876Z,true,false,false,false,68F,Distancia entre SE - Perpendicularidad SE,EE3784,CNAII

2026-04-10T17:39:35.917Z,true,false,false,false,9T.1,Rectitud EC,EE3784,CNAII

2026-04-10T17:39:43.970Z,true,false,false,false,9T.2,Rectitud EC,EE3784,CNAII

2026-04-10T17:39:44.982Z,true,false,false,false,9T.3,Rectitud EC,EE3784,CNAII

2026-04-10T17:39:47.007Z,true,false,false,false,tesL,PURGA DE FOTO LATERAL,EE3784,CNAII

2026-04-10T17:39:53.099Z,true,false,false,false,69L,PURGA DE FOTO LATERAL,EE3784,CNAII

2026-04-10T17:39:57.115Z,true,false,false,false,70L,PURGA DE FOTO LATERAL,EE3784,CNAII

2026-04-10T17:40:01.150Z,true,false,false,false,71L,PURGA DE FOTO LATERAL,EE3784,CNAII

2026-04-10T17:40:07.196Z,true,false,false,false,72L,PURGA DE FOTO LATERAL,EE3784,CNAII

2026-04-10T17:40:13.280Z,true,false,false,false,73L,PURGA DE FOTO LATERAL,EE3784,CNAII

2026-04-10T17:40:19.309Z,true,false,false,false,tesF,PURGA DE FOTO FRONTAL,EE3784,CNAII

2026-04-10T17:40:26.394Z,true,false,false,false,74F,Distancia entre SE - Perpendicularidad SE,EE3784,CNAII

2026-04-10T17:40:29.415Z,true,false,false,false,75F,Distancia entre SE - Perpendicularidad SE,EE3784,CNAII

2026-04-10T17:40:33.466Z,true,false,false,false,76F,Distancia entre SE - Perpendicularidad SE,EE3784,CNAII

2026-04-10T17:40:37.488Z,true,false,false,false,77F,Distancia entre SE - Perpendicularidad SE,EE3784,CNAII

2026-04-10T17:40:41.533Z,true,false,false,false,78F,Distancia entre SE - Perpendicularidad SE,EE3784,CNAII

2026-04-10T17:40:45.651Z,true,false,false,false,79F,Distancia entre SE - Perpendicularidad SE,EE3784,CNAII

2026-04-10T17:40:48.649Z,true,false,false,false,81F,Distancia entre SE - Perpendicularidad SE,EE3784,CNAII

2026-04-10T17:40:53.688Z,true,false,false,false,82F,Distancia entre SE - Perpendicularidad SE,EE3784,CNAII

2026-04-10T17:40:56.672Z,true,false,false,false,83F,Distancia entre SE - Perpendicularidad SE,EE3784,CNAII

2026-04-10T17:41:00.747Z,true,false,false,false,8T.1,Rectitud EC,EE3784,CNAII

2026-04-10T17:41:07.790Z,true,false,false,false,8T.2,Rectitud EC,EE3784,CNAII

2026-04-10T17:41:08.806Z,true,false,false,false,8T.3,Rectitud EC,EE3784,CNAII

2026-04-10T17:41:10.828Z,true,false,false,false,tesL,PURGA DE FOTO LATERAL,EE3784,CNAII

2026-04-10T17:41:17.905Z,true,false,false,false,84L,PURGA DE FOTO LATERAL,EE3784,CNAII

2026-04-10T17:41:20.926Z,true,false,false,false,85L,PURGA DE FOTO LATERAL,EE3784,CNAII

2026-04-10T17:41:25.963Z,true,false,false,false,86L,PURGA DE FOTO LATERAL,EE3784,CNAII

2026-04-10T17:41:32.018Z,true,false,false,false,87L,PURGA DE FOTO LATERAL,EE3784,CNAII

2026-04-10T17:41:38.084Z,true,false,false,false,88L,PURGA DE FOTO LATERAL,EE3784,CNAII

2026-04-10T17:41:44.128Z,true,false,false,false,tesF,PURGA DE FOTO FRONTAL,EE3784,CNAII

2026-04-10T17:41:50.191Z,true,false,false,false,89F,Distancia entre SE - Perpendicularidad SE,EE3784,CNAII

2026-04-10T17:41:53.220Z,true,false,false,false,90F,Distancia entre SE - Perpendicularidad SE,EE3784,CNAII

2026-04-10T17:41:58.294Z,true,false,false,false,91F,Distancia entre SE - Perpendicularidad SE,EE3784,CNAII

2026-04-10T17:42:01.269Z,true,false,false,false,92F,Distancia entre SE - Perpendicularidad SE,EE3784,CNAII

2026-04-10T17:42:05.307Z,true,false,false,false,93F,Distancia entre SE - Perpendicularidad SE,EE3784,CNAII

2026-04-10T17:42:09.372Z,true,false,false,false,94F,Distancia entre SE - Perpendicularidad SE,EE3784,CNAII

2026-04-10T17:42:13.388Z,true,false,false,false,96F,Distancia entre SE - Perpendicularidad SE,EE3784,CNAII

2026-04-10T17:42:17.411Z,true,false,false,false,97F,Distancia entre SE - Perpendicularidad SE,EE3784,CNAII

2026-04-10T17:42:21.471Z,true,false,false,false,98F,Distancia entre SE - Perpendicularidad SE,EE3784,CNAII

2026-04-10T17:42:24.489Z,true,false,false,false,7T.1,Rectitud EC,EE3784,CNAII

2026-04-10T17:42:31.540Z,true,false,false,false,7T.2,Rectitud EC,EE3784,CNAII

2026-04-10T17:42:33.566Z,true,false,false,false,7T.3,Rectitud EC,EE3784,CNAII

2026-04-10T17:42:35.619Z,true,false,false,false,tesL,PURGA DE FOTO LATERAL,EE3784,CNAII

2026-04-10T17:42:41.659Z,true,false,false,false,99L,PURGA DE FOTO LATERAL,EE3784,CNAII

2026-04-10T17:42:44.662Z,true,false,false,false,100L,PURGA DE FOTO LATERAL,EE3784,CNAII

2026-04-10T17:42:49.703Z,true,false,false,false,101L,PURGA DE FOTO LATERAL,EE3784,CNAII

2026-04-10T17:42:55.752Z,true,false,false,false,102L,PURGA DE FOTO LATERAL,EE3784,CNAII

2026-04-10T17:43:01.809Z,true,false,false,false,103L,PURGA DE FOTO LATERAL,EE3784,CNAII

2026-04-10T17:43:07.881Z,true,false,false,false,tesF,PURGA DE FOTO FRONTAL,EE3784,CNAII

2026-04-10T17:43:14.920Z,true,false,false,false,104F,Distancia entre SE - Perpendicularidad SE,EE3784,CNAII

2026-04-10T17:43:17.947Z,true,false,false,false,105F,Distancia entre SE - Perpendicularidad SE,EE3784,CNAII

2026-04-10T17:43:21.976Z,true,false,false,false,106F,Distancia entre SE - Perpendicularidad SE,EE3784,CNAII

2026-04-10T17:43:26.023Z,true,false,false,false,107F,Distancia entre SE - Perpendicularidad SE,EE3784,CNAII

2026-04-10T17:43:29.075Z,true,false,false,false,108F,Distancia entre SE - Perpendicularidad SE,EE3784,CNAII

2026-04-10T17:43:34.118Z,true,false,false,false,109F,Distancia entre SE - Perpendicularidad SE,EE3784,CNAII

2026-04-10T17:43:37.122Z,true,false,false,false,111F,Distancia entre SE - Perpendicularidad SE,EE3784,CNAII

2026-04-10T17:43:42.179Z,true,false,false,false,112F,Distancia entre SE - Perpendicularidad SE,EE3784,CNAII

2026-04-10T17:43:45.222Z,true,false,false,false,113F,Distancia entre SE - Perpendicularidad SE,EE3784,CNAII

2026-04-10T17:43:48.254Z,true,false,false,false,6T.1,Rectitud EC,EE3784,CNAII

2026-04-10T17:43:56.315Z,true,false,false,false,6T.2,Rectitud EC,EE3784,CNAII

2026-04-10T17:43:57.324Z,true,false,false,false,6T.3,Rectitud EC,EE3784,CNAII

2026-04-10T17:43:59.371Z,true,false,false,false,tesL,PURGA DE FOTO LATERAL,EE3784,CNAII

2026-04-10T17:44:05.422Z,true,false,false,false,114L,PURGA DE FOTO LATERAL,EE3784,CNAII

2026-04-10T17:44:09.456Z,true,false,false,false,115L,PURGA DE FOTO LATERAL,EE3784,CNAII

2026-04-10T17:44:13.500Z,true,false,false,false,116L,PURGA DE FOTO LATERAL,EE3784,CNAII

2026-04-10T17:44:19.644Z,true,false,false,false,117L,PURGA DE FOTO LATERAL,EE3784,CNAII

2026-04-10T17:44:25.661Z,true,false,false,false,118L,PURGA DE FOTO LATERAL,EE3784,CNAII

2026-04-10T17:44:31.711Z,true,false,false,false,tesF,PURGA DE FOTO FRONTAL,EE3784,CNAII

2026-04-10T17:44:38.760Z,true,false,false,false,119F,Distancia entre SE - Perpendicularidad SE,EE3784,CNAII

2026-04-10T17:44:41.798Z,true,false,false,false,120F,Distancia entre SE - Perpendicularidad SE,EE3784,CNAII

2026-04-10T17:44:45.817Z,true,false,false,false,121F,Distancia entre SE - Perpendicularidad SE,EE3784,CNAII

2026-04-10T17:44:49.885Z,true,false,false,false,122F,Distancia entre SE - Perpendicularidad SE,EE3784,CNAII

2026-04-10T17:44:53.912Z,true,false,false,false,123F,Distancia entre SE - Perpendicularidad SE,EE3784,CNAII

2026-04-10T17:44:57.935Z,true,false,false,false,124F,Distancia entre SE - Perpendicularidad SE,EE3784,CNAII

2026-04-10T17:45:00.965Z,true,false,false,false,126F,Distancia entre SE - Perpendicularidad SE,EE3784,CNAII

2026-04-10T17:45:05.990Z,true,false,false,false,127F,Distancia entre SE - Perpendicularidad SE,EE3784,CNAII

2026-04-10T17:45:09.046Z,true,false,false,false,128F,Distancia entre SE - Perpendicularidad SE,EE3784,CNAII

2026-04-10T17:45:12.074Z,true,false,false,false,5T.1,Rectitud EC,EE3784,CNAII

2026-04-10T17:45:20.167Z,true,false,false,false,5T.2,Rectitud EC,EE3784,CNAII

2026-04-10T17:45:22.178Z,true,false,false,false,5T.3,Rectitud EC,EE3784,CNAII

2026-04-10T17:45:23.204Z,true,false,false,false,tesL,PURGA DE FOTO LATERAL,EE3784,CNAII

2026-04-10T17:45:30.263Z,true,false,false,false,129L,PURGA DE FOTO LATERAL,EE3784,CNAII

2026-04-10T17:45:33.301Z,true,false,false,false,130L,PURGA DE FOTO LATERAL,EE3784,CNAII

2026-04-10T17:45:38.369Z,true,false,false,false,131L,PURGA DE FOTO LATERAL,EE3784,CNAII

2026-04-10T17:45:44.406Z,true,false,false,false,132L,PURGA DE FOTO LATERAL,EE3784,CNAII

2026-04-10T17:45:50.475Z,true,false,false,false,133L,PURGA DE FOTO LATERAL,EE3784,CNAII

2026-04-10T17:45:56.525Z,true,false,false,false,tesF,PURGA DE FOTO FRONTAL,EE3784,CNAII

2026-04-10T17:46:02.625Z,true,false,false,false,134F,Distancia entre SE - Perpendicularidad SE,EE3784,CNAII

2026-04-10T17:46:05.622Z,true,false,false,false,135F,Distancia entre SE - Perpendicularidad SE,EE3784,CNAII

2026-04-10T17:46:10.649Z,true,false,false,false,136F,Distancia entre SE - Perpendicularidad SE,EE3784,CNAII

2026-04-10T17:46:13.669Z,true,false,false,false,137F,Distancia entre SE - Perpendicularidad SE,EE3784,CNAII

2026-04-10T17:46:17.693Z,true,false,false,false,138F,Distancia entre SE - Perpendicularidad SE,EE3784,CNAII

2026-04-10T17:46:21.721Z,true,false,false,false,139F,Distancia entre SE - Perpendicularidad SE,EE3784,CNAII

2026-04-10T17:46:25.761Z,true,false,false,false,141F,Distancia entre SE - Perpendicularidad SE,EE3784,CNAII

2026-04-10T17:46:30.798Z,true,false,false,false,142F,Distancia entre SE - Perpendicularidad SE,EE3784,CNAII

2026-04-10T17:46:33.867Z,true,false,false,false,143F,Distancia entre SE - Perpendicularidad SE,EE3784,CNAII

2026-04-10T17:46:36.882Z,true,false,false,false,4T.1,Rectitud EC,EE3784,CNAII

2026-04-10T17:46:43.948Z,true,false,false,false,4T.2,Rectitud EC,EE3784,CNAII

2026-04-10T17:46:45.981Z,true,false,false,false,4T.3,Rectitud EC,EE3784,CNAII

2026-04-10T17:46:47.984Z,true,false,false,false,tesL,PURGA DE FOTO LATERAL,EE3784,CNAII

2026-04-10T17:46:54.077Z,true,false,false,false,144L,PURGA DE FOTO LATERAL,EE3784,CNAII

2026-04-10T17:46:57.096Z,true,false,false,false,145L,PURGA DE FOTO LATERAL,EE3784,CNAII

2026-04-10T17:47:02.120Z,true,false,false,false,146L,PURGA DE FOTO LATERAL,EE3784,CNAII

2026-04-10T17:47:08.168Z,true,false,false,false,147L,PURGA DE FOTO LATERAL,EE3784,CNAII

2026-04-10T17:47:14.219Z,true,false,false,false,148L,PURGA DE FOTO LATERAL,EE3784,CNAII

2026-04-10T17:47:20.286Z,true,false,false,false,tesF,PURGA DE FOTO FRONTAL,EE3784,CNAII

2026-04-10T17:47:27.359Z,true,false,false,false,149F,Distancia entre SE - Perpendicularidad SE,EE3784,CNAII

2026-04-10T17:47:30.413Z,true,false,false,false,150F,Distancia entre SE - Perpendicularidad SE,EE3784,CNAII

2026-04-10T17:47:34.398Z,true,false,false,false,151F,Distancia entre SE - Perpendicularidad SE,EE3784,CNAII

2026-04-10T17:47:38.449Z,true,false,false,false,152F,Distancia entre SE - Perpendicularidad SE,EE3784,CNAII

2026-04-10T17:47:42.488Z,true,false,false,false,153F,Distancia entre SE - Perpendicularidad SE,EE3784,CNAII

2026-04-10T17:47:46.517Z,true,false,false,false,154F,Distancia entre SE - Perpendicularidad SE,EE3784,CNAII

2026-04-10T17:47:49.633Z,true,false,false,false,156F,Distancia entre SE - Perpendicularidad SE,EE3784,CNAII

2026-04-10T17:47:54.630Z,true,false,false,false,157F,Distancia entre SE - Perpendicularidad SE,EE3784,CNAII

2026-04-10T17:47:57.664Z,true,false,false,false,158F,Distancia entre SE - Perpendicularidad SE,EE3784,CNAII

2026-04-10T17:48:00.670Z,true,false,false,false,3T.1,Rectitud EC,EE3784,CNAII

2026-04-10T17:48:08.722Z,true,false,false,false,3T.2,Rectitud EC,EE3784,CNAII

2026-04-10T17:48:09.737Z,true,false,false,false,3T.3,Rectitud EC,EE3784,CNAII

2026-04-10T17:48:11.769Z,true,false,false,false,tesL,PURGA DE FOTO LATERAL,EE3784,CNAII

2026-04-10T17:48:17.810Z,true,false,false,false,159L,PURGA DE FOTO LATERAL,EE3784,CNAII

2026-04-10T17:48:21.878Z,true,false,false,false,160L,PURGA DE FOTO LATERAL,EE3784,CNAII

2026-04-10T17:48:26.921Z,true,false,false,false,161L,PURGA DE FOTO LATERAL,EE3784,CNAII

2026-04-10T17:48:32.961Z,true,false,false,false,162L,PURGA DE FOTO LATERAL,EE3784,CNAII

2026-04-10T17:48:37.991Z,true,false,false,false,163L,PURGA DE FOTO LATERAL,EE3784,CNAII

2026-04-10T17:48:44.082Z,true,false,false,false,tesF,PURGA DE FOTO FRONTAL,EE3784,CNAII

2026-04-10T17:48:51.140Z,true,false,false,false,164F,Distancia entre SE - Perpendicularidad SE,EE3784,CNAII

2026-04-10T17:48:54.156Z,true,false,false,false,165F,Distancia entre SE - Perpendicularidad SE,EE3784,CNAII

2026-04-10T17:48:58.197Z,true,false,false,false,166F,Distancia entre SE - Perpendicularidad SE,EE3784,CNAII

2026-04-10T17:49:02.217Z,true,false,false,false,167F,Distancia entre SE - Perpendicularidad SE,EE3784,CNAII

2026-04-10T17:49:06.254Z,true,false,false,false,168F,Distancia entre SE - Perpendicularidad SE,EE3784,CNAII

2026-04-10T17:49:10.321Z,true,false,false,false,169F,Distancia entre SE - Perpendicularidad SE,EE3784,CNAII

2026-04-10T17:49:13.313Z,true,false,false,false,171F,Distancia entre SE - Perpendicularidad SE,EE3784,CNAII

2026-04-10T17:49:18.382Z,true,false,false,false,172F,Distancia entre SE - Perpendicularidad SE,EE3784,CNAII

2026-04-10T17:49:21.398Z,true,false,false,false,173F,Distancia entre SE - Perpendicularidad SE,EE3784,CNAII

2026-04-10T17:49:25.399Z,true,false,false,false,2T.1,Rectitud EC,EE3784,CNAII

2026-04-10T17:49:32.475Z,true,false,false,false,2T.2,Rectitud EC,EE3784,CNAII

2026-04-10T17:49:34.495Z,true,false,false,false,2T.3,Rectitud EC,EE3784,CNAII

2026-04-10T17:49:35.509Z,true,false,false,false,tesL,PURGA DE FOTO LATERAL,EE3784,CNAII

2026-04-10T17:49:42.631Z,true,false,false,false,174L,PURGA DE FOTO LATERAL,EE3784,CNAII

2026-04-10T17:49:45.658Z,true,false,false,false,175L,PURGA DE FOTO LATERAL,EE3784,CNAII

2026-04-10T17:49:50.684Z,true,false,false,false,176L,PURGA DE FOTO LATERAL,EE3784,CNAII

2026-04-10T17:49:56.753Z,true,false,false,false,177L,PURGA DE FOTO LATERAL,EE3784,CNAII

2026-04-10T17:50:02.797Z,true,false,false,false,178L,PURGA DE FOTO LATERAL,EE3784,CNAII

2026-04-10T17:50:08.883Z,true,false,false,false,tesF,PURGA DE FOTO FRONTAL,EE3784,CNAII

2026-04-10T17:50:14.918Z,true,false,false,false,179F,Distancia entre SE - Perpendicularidad SE,EE3784,CNAII

2026-04-10T17:50:17.957Z,true,false,false,false,180F,Distancia entre SE - Perpendicularidad SE,EE3784,CNAII

2026-04-10T17:50:23.016Z,true,false,false,false,181F,Distancia entre SE - Perpendicularidad SE,EE3784,CNAII

2026-04-10T17:50:26.076Z,true,false,false,false,182F,Distancia entre SE - Perpendicularidad SE,EE3784,CNAII

2026-04-10T17:50:30.076Z,true,false,false,false,183F,Distancia entre SE - Perpendicularidad SE,EE3784,CNAII

2026-04-10T17:50:34.092Z,true,false,false,false,184F,Distancia entre SE - Perpendicularidad SE,EE3784,CNAII

2026-04-10T17:50:38.115Z,true,false,false,false,186F,Distancia entre SE - Perpendicularidad SE,EE3784,CNAII

2026-04-10T17:50:42.158Z,true,false,false,false,187F,Distancia entre SE - Perpendicularidad SE,EE3784,CNAII

2026-04-10T17:50:46.191Z,true,false,false,false,188F,Distancia entre SE - Perpendicularidad SE,EE3784,CNAII

2026-04-10T17:50:49.243Z,true,false,false,false,1T.1,Rectitud EC,EE3784,CNAII

2026-04-10T17:50:56.289Z,true,false,false,false,1T.2,Rectitud EC,EE3784,CNAII

2026-04-10T17:50:58.313Z,true,false,false,false,1T.3,Rectitud EC,EE3784,CNAII

2026-04-10T17:51:00.328Z,true,false,false,false,tesL,PURGA DE FOTO LATERAL,EE3784,CNAII

2026-04-10T17:51:06.394Z,true,false,false,false,189L,PURGA DE FOTO LATERAL,EE3784,CNAII

2026-04-10T17:51:09.445Z,true,false,false,false,190L,PURGA DE FOTO LATERAL,EE3784,CNAII

2026-04-10T17:51:14.470Z,true,false,false,false,191L,PURGA DE FOTO LATERAL,EE3784,CNAII

2026-04-10T17:51:20.516Z,true,false,false,false,192L,PURGA DE FOTO LATERAL,EE3784,CNAII

2026-04-10T17:51:26.626Z,true,false,false,false,193L,PURGA DE FOTO LATERAL,EE3784,CNAII

2026-04-10T17:51:32.670Z,true,false,false,false,tesF,PURGA DE FOTO FRONTAL,EE3784,CNAII

2026-04-10T17:51:38.702Z,true,false,false,false,194F,Distancia entre SE - Perpendicularidad SE,EE3784,CNAII

2026-04-10T17:51:42.756Z,true,false,false,false,195F,Distancia entre SE - Perpendicularidad SE,EE3784,CNAII

2026-04-10T17:51:46.787Z,true,false,false,false,196F,Distancia entre SE - Perpendicularidad SE,EE3784,CNAII

2026-04-10T17:51:50.828Z,true,false,false,false,197F,Distancia entre SE - Perpendicularidad SE,EE3784,CNAII

2026-04-10T17:51:53.865Z,true,false,false,false,198F,Distancia entre SE - Perpendicularidad SE,EE3784,CNAII

2026-04-10T17:51:58.905Z,true,false,false,false,199F,Distancia entre SE - Perpendicularidad SE,EE3784,CNAII

2026-04-10T17:52:01.905Z,true,false,false,false,201F,Distancia entre SE - Perpendicularidad SE,EE3784,CNAII

2026-04-10T17:52:06.940Z,true,false,false,false,202F,Distancia entre SE - Perpendicularidad SE,EE3784,CNAII

2026-04-10T17:52:09.972Z,true,false,false,false,203F,Distancia entre SE - Perpendicularidad SE,EE3784,CNAII

2026-04-10T17:52:13.000Z,true,false,false,false,001F,Distancia entre SE y PP,EE3784,CNAII

2026-04-10T17:52:19.071Z,true,false,false,false,210F,Distancia entre SE y PP,EE3784,CNAII

2026-04-10T17:52:23.092Z,true,false,false,false,002F,Distancia entre SE y PP,EE3784,CNAII

2026-04-10T17:52:29.153Z,true,false,false,false,211F,Distancia entre SE y PP,EE3784,CNAII

2026-04-10T17:52:36.195Z,true,false,false,false,003F,Distancia entre SE y PP,EE3784,CNAII

2026-04-10T17:52:42.276Z,true,false,false,false,tesL,PURGA DE FOTO LATERAL,EE3784,CNAII

2026-04-10T17:52:48.303Z,true,false,false,false,212L,PURGA DE FOTO LATERAL,EE3784,CNAII

2026-04-10T17:52:50.323Z,true,false,false,false,213L,PURGA DE FOTO LATERAL,EE3784,CNAII

2026-04-10T17:52:58.417Z,true,false,false,false,214L,PURGA DE FOTO LATERAL,EE3784,CNAII

2026-04-10T17:53:06.481Z,true,false,false,false,tesL,PURGA DE FOTO LATERAL,EE3784,CNAII

2026-04-10T17:53:14.631Z,true,false,false,false,216L,Presencia de soldadura TVS - Fisuras soldadura TVS,EE3784,CNAII

2026-04-10T17:53:20.660Z,true,false,false,false,217L,Presencia de soldadura TVS - Fisuras soldadura TVS,EE3784,CNAII

2026-04-10T17:53:28.705Z,true,false,false,false,218L,Presencia de soldadura TVS - Fisuras soldadura TVS,EE3784,CNAII

2026-04-10T17:53:36.799Z,true,false,false,false,tesL,PURGA DE FOTO LATERAL,EE3784,CNAII

2026-04-10T17:53:47.913Z,true,false,false,false,0T.1,Rectitud EC PP,EE3784,CNAII

2026-04-10T17:53:51.972Z,true,false,false,false,0T.2,Rectitud EC PP,EE3784,CNAII

2026-04-10T17:53:53.986Z,true,false,false,false,0T.3,Rectitud EC PP,EE3784,CNAII

2026-04-10T17:53:54.996Z,true,false,false,false,14T.1,Rectitud EC PP,EE3784,CNAII

2026-04-10T17:53:59.091Z,true,false,false,false,14T.2,Rectitud EC PP,EE3784,CNAII

2026-04-10T17:54:00.075Z,true,false,false,false,14T.3,Rectitud EC PP,EE3784,CNAII

2026-04-10T17:54:01.078Z,true,false,false,false,222L,Rectitud EC PP,EE3784,CNAII

2026-04-10T17:54:06.149Z,true,false,false,false,223L,Rectitud EC PP,EE3784,CNAII

2026-04-10T17:54:11.172Z,true,false,false,false,224L,Rectitud EC PP,EE3784,CNAII

2026-04-10T17:54:15.204Z,true,false,false,false,225L,Rectitud EC PP,EE3784,CNAII

2026-04-10T17:54:20.280Z,true,false,false,false,226L,Rectitud EC PP,EE3784,CNAII

2026-04-10T17:54:25.308Z,true,false,false,false,227L,Rectitud EC PP,EE3784,CNAII

2026-04-10T17:54:30.349Z,true,false,false,false,tesL,PURGA DE FOTO LATERAL,EE3784,CNAII

2026-04-10T17:54:36.401Z,true,false,false,false,228L,PURGA DE FOTO LATERAL,EE3784,CNAII

2026-04-10T17:54:48.499Z,true,false,false,false,229L,PURGA DE FOTO LATERAL,EE3784,CNAII

2026-04-10T17:54:53.536Z,true,false,false,false,230L,PURGA DE FOTO LATERAL,EE3784,CNAII

2026-04-10T17:54:57.635Z,true,false,false,false,231L,PURGA DE FOTO LATERAL,EE3784,CNAII

2026-04-10T17:55:02.648Z,true,false,false,false,232L,PURGA DE FOTO LATERAL,EE3784,CNAII

2026-04-10T17:55:07.662Z,true,false,false,false,233L,PURGA DE FOTO LATERAL,EE3784,CNAII

2026-04-10T17:55:12.731Z,true,false,false,false,tesF,PURGA DE FOTO FRONTAL,EE3784,CNAII

2026-04-10T17:55:17.761Z,true,false,false,false,240F,PURGA DE FOTO FRONTAL,EE3784,CNAII

2026-04-10T17:55:20.777Z,true,false,false,false,241F,PURGA DE FOTO FRONTAL,EE3784,CNAII

2026-04-10T17:55:24.815Z,true,false,false,false,242F,PURGA DE FOTO FRONTAL,EE3784,CNAII

2026-04-10T17:55:25.825Z,true,false,false,false,tesF,PURGA DE FOTO FRONTAL,EE3784,CNAII

2026-04-10T17:55:30.869Z,true,false,false,false,,,EE3784,CNAII

2026-04-10T17:56:48.695Z,false,false,false,true,,,EE3784,CNAII

2026-04-10T17:57:29.103Z,false,false,false,false,,,EE3784,CNAII

2026-04-10T19:17:53.538Z,true,false,false,false,,,E3785,CNAII

2026-04-10T19:18:19.769Z,true,false,false,false,13T.1,Rectitud EC,E3785,CNAII

2026-04-10T19:18:37.981Z,true,false,false,false,13T.2,Rectitud EC,E3785,CNAII

2026-04-10T19:18:40.023Z,true,false,false,false,13T.3,Rectitud EC,E3785,CNAII

2026-04-10T19:18:42.024Z,true,false,false,false,AZ4-A,Rectitud EC,E3785,CNAII

2026-04-10T19:18:43.054Z,true,false,false,false,AZ4-B,Zapata tipo I/II 4,E3785,CNAII

2026-04-10T19:18:46.071Z,true,false,false,false,AZ3-A,Zapata tipo I/II 4,E3785,CNAII

2026-04-10T19:18:50.119Z,true,false,false,false,AZ3-B,Zapata tipo I/II 3,E3785,CNAII

2026-04-10T19:18:53.147Z,true,false,false,false,AZ2-B,Zapata tipo I/II 2,E3785,CNAII

2026-04-10T19:18:57.186Z,true,false,false,false,AZ12-A,Zapata tipo I/II 2,E3785,CNAII

2026-04-10T19:19:00.218Z,true,false,false,false,AZ1-B,Zapata tipo I/II 1,E3785,CNAII

2026-04-10T19:19:02.242Z,true,false,false,false,AZ6-B,Zapata tipo I/II 6,E3785,CNAII

2026-04-10T19:19:10.366Z,true,false,false,false,AZ56-A,Zapata tipo I/II 6,E3785,CNAII

2026-04-10T19:19:13.373Z,true,false,false,false,AZ5-B,Zapata tipo I/II 5,E3785,CNAII

2026-04-10T19:19:16.392Z,true,false,false,false,tesF,PURGA DE FOTO FRONTAL,E3785,CNAII

2026-04-10T19:19:18.420Z,true,false,false,false,1F,PURGA DE FOTO FRONTAL,E3785,CNAII

2026-04-10T19:19:21.432Z,true,false,false,false,2F,PURGA DE FOTO FRONTAL,E3785,CNAII

2026-04-10T19:19:25.484Z,true,false,false,false,3F,Distancia entre SE - Perpendicularidad SE,E3785,CNAII

2026-04-10T19:19:29.544Z,true,false,false,false,4F,Distancia entre SE - Perpendicularidad SE,E3785,CNAII

2026-04-10T19:19:32.574Z,true,false,false,false,5F,Distancia entre SE - Perpendicularidad SE,E3785,CNAII

2026-04-10T19:19:36.617Z,true,false,false,false,6F,Distancia entre SE - Perpendicularidad SE,E3785,CNAII

2026-04-10T19:19:38.632Z,true,false,false,false,7F,Distancia entre SE - Perpendicularidad SE,E3785,CNAII

2026-04-10T19:19:41.659Z,true,false,false,false,9F,Distancia entre SE - Perpendicularidad SE,E3785,CNAII

2026-04-10T19:19:46.738Z,true,false,false,false,10F,Distancia entre SE - Perpendicularidad SE,E3785,CNAII

2026-04-10T19:19:50.735Z,true,false,false,false,11F,Distancia entre SE - Perpendicularidad SE,E3785,CNAII

2026-04-10T19:19:53.764Z,true,false,false,false,12F,Distancia entre SE - Perpendicularidad SE,E3785,CNAII

2026-04-10T19:19:56.802Z,true,false,false,false,tesL,PURGA DE FOTO LATERAL,E3785,CNAII

2026-04-10T19:20:02.876Z,true,false,false,false,13L,PURGA DE FOTO LATERAL,E3785,CNAII

2026-04-10T19:20:04.904Z,true,false,false,false,14L,PURGA DE FOTO LATERAL,E3785,CNAII

2026-04-10T19:20:09.956Z,true,false,false,false,15L,PURGA DE FOTO LATERAL,E3785,CNAII

2026-04-10T19:20:13.017Z,true,false,false,false,16L,PURGA DE FOTO LATERAL,E3785,CNAII

2026-04-10T19:20:17.036Z,true,false,false,false,17L,PURGA DE FOTO LATERAL,E3785,CNAII

2026-04-10T19:20:23.118Z,true,false,false,false,18L,PURGA DE FOTO LATERAL,E3785,CNAII

2026-04-10T19:20:27.148Z,true,false,false,false,19L,PURGA DE FOTO LATERAL,E3785,CNAII

2026-04-10T19:20:30.184Z,true,false,false,false,12T.1,Rectitud EC,E3785,CNAII

2026-04-10T19:20:45.380Z,true,false,false,false,12T.2,Rectitud EC,E3785,CNAII

2026-04-10T19:20:47.382Z,true,false,false,false,12T.3,Rectitud EC,E3785,CNAII

2026-04-10T19:20:48.405Z,true,false,false,false,tesL,PURGA DE FOTO LATERAL,E3785,CNAII

2026-04-10T19:20:55.451Z,true,false,false,false,24L,PURGA DE FOTO LATERAL,E3785,CNAII

2026-04-10T19:20:58.490Z,true,false,false,false,25L,PURGA DE FOTO LATERAL,E3785,CNAII

2026-04-10T19:21:03.527Z,true,false,false,false,26L,PURGA DE FOTO LATERAL,E3785,CNAII

2026-04-10T19:21:09.577Z,true,false,false,false,27L,PURGA DE FOTO LATERAL,E3785,CNAII

2026-04-10T19:21:15.651Z,true,false,false,false,28L,PURGA DE FOTO LATERAL,E3785,CNAII

2026-04-10T19:21:21.726Z,true,false,false,false,tesF,PURGA DE FOTO FRONTAL,E3785,CNAII

2026-04-10T19:21:27.795Z,true,false,false,false,29F,Distancia entre SE - Perpendicularidad SE,E3785,CNAII

2026-04-10T19:21:31.845Z,true,false,false,false,30F,Distancia entre SE - Perpendicularidad SE,E3785,CNAII

2026-04-10T19:21:35.896Z,true,false,false,false,31F,Distancia entre SE - Perpendicularidad SE,E3785,CNAII

2026-04-10T19:21:39.947Z,true,false,false,false,32F,Distancia entre SE - Perpendicularidad SE,E3785,CNAII

2026-04-10T19:21:42.989Z,true,false,false,false,33F,Distancia entre SE - Perpendicularidad SE,E3785,CNAII

2026-04-10T19:21:48.044Z,true,false,false,false,34F,Distancia entre SE - Perpendicularidad SE,E3785,CNAII

2026-04-10T19:21:51.080Z,true,false,false,false,36F,Distancia entre SE - Perpendicularidad SE,E3785,CNAII

2026-04-10T19:21:56.143Z,true,false,false,false,37F,Distancia entre SE - Perpendicularidad SE,E3785,CNAII

2026-04-10T19:21:59.198Z,true,false,false,false,38F,Distancia entre SE - Perpendicularidad SE,E3785,CNAII

2026-04-10T19:22:02.236Z,true,false,false,false,11T.1,Rectitud EC,E3785,CNAII

2026-04-10T19:22:08.297Z,true,false,false,false,11T.2,Rectitud EC,E3785,CNAII

2026-04-10T19:22:10.336Z,true,false,false,false,11T.3,Rectitud EC,E3785,CNAII

2026-04-10T19:22:12.396Z,true,false,false,false,tesL,PURGA DE FOTO LATERAL,E3785,CNAII

2026-04-10T19:22:18.440Z,true,false,false,false,39L,PURGA DE FOTO LATERAL,E3785,CNAII

2026-04-10T19:22:21.451Z,true,false,false,false,40L,PURGA DE FOTO LATERAL,E3785,CNAII

2026-04-10T19:22:26.483Z,true,false,false,false,41L,PURGA DE FOTO LATERAL,E3785,CNAII

2026-04-10T19:22:32.552Z,true,false,false,false,42L,PURGA DE FOTO LATERAL,E3785,CNAII

2026-04-10T19:22:38.606Z,true,false,false,false,43L,PURGA DE FOTO LATERAL,E3785,CNAII

2026-04-10T19:22:44.680Z,true,false,false,false,tesF,PURGA DE FOTO FRONTAL,E3785,CNAII

2026-04-10T19:22:51.765Z,true,false,false,false,44F,Distancia entre SE - Perpendicularidad SE,E3785,CNAII

2026-04-10T19:22:54.806Z,true,false,false,false,45F,Distancia entre SE - Perpendicularidad SE,E3785,CNAII

2026-04-10T19:22:58.852Z,true,false,false,false,46F,Distancia entre SE - Perpendicularidad SE,E3785,CNAII

2026-04-10T19:23:02.876Z,true,false,false,false,47F,Distancia entre SE - Perpendicularidad SE,E3785,CNAII

2026-04-10T19:23:06.932Z,true,false,false,false,48F,Distancia entre SE - Perpendicularidad SE,E3785,CNAII

2026-04-10T19:23:10.971Z,true,false,false,false,49F,Distancia entre SE - Perpendicularidad SE,E3785,CNAII

2026-04-10T19:23:14.010Z,true,false,false,false,51F,Distancia entre SE - Perpendicularidad SE,E3785,CNAII

2026-04-10T19:23:19.059Z,true,false,false,false,52F,Distancia entre SE - Perpendicularidad SE,E3785,CNAII

2026-04-10T19:23:22.096Z,true,false,false,false,53F,Distancia entre SE - Perpendicularidad SE,E3785,CNAII

2026-04-10T19:23:25.130Z,true,false,false,false,10T.1,Rectitud EC,E3785,CNAII

2026-04-10T19:23:32.184Z,true,false,false,false,10T.2,Rectitud EC,E3785,CNAII

2026-04-10T19:23:34.208Z,true,false,false,false,10T.3,Rectitud EC,E3785,CNAII

2026-04-10T19:23:35.218Z,true,false,false,false,tesL,PURGA DE FOTO LATERAL,E3785,CNAII

2026-04-10T19:23:42.366Z,true,false,false,false,54L,PURGA DE FOTO LATERAL,E3785,CNAII

2026-04-10T19:23:45.366Z,true,false,false,false,55L,PURGA DE FOTO LATERAL,E3785,CNAII

2026-04-10T19:23:50.415Z,true,false,false,false,56L,PURGA DE FOTO LATERAL,E3785,CNAII

2026-04-10T19:23:56.484Z,true,false,false,false,57L,PURGA DE FOTO LATERAL,E3785,CNAII

2026-04-10T19:24:02.529Z,true,false,false,false,58L,PURGA DE FOTO LATERAL,E3785,CNAII

2026-04-10T19:24:08.593Z,true,false,false,false,tesF,PURGA DE FOTO FRONTAL,E3785,CNAII

2026-04-10T19:24:14.669Z,true,false,false,false,59F,Distancia entre SE - Perpendicularidad SE,E3785,CNAII

2026-04-10T19:24:17.733Z,true,false,false,false,60F,Distancia entre SE - Perpendicularidad SE,E3785,CNAII

2026-04-10T19:24:22.758Z,true,false,false,false,61F,Distancia entre SE - Perpendicularidad SE,E3785,CNAII

2026-04-10T19:24:25.786Z,true,false,false,false,62F,Distancia entre SE - Perpendicularidad SE,E3785,CNAII

2026-04-10T19:24:29.848Z,true,false,false,false,63F,Distancia entre SE - Perpendicularidad SE,E3785,CNAII

2026-04-10T19:24:33.878Z,true,false,false,false,64F,Distancia entre SE - Perpendicularidad SE,E3785,CNAII

2026-04-10T19:24:37.921Z,true,false,false,false,66F,Distancia entre SE - Perpendicularidad SE,E3785,CNAII

2026-04-10T19:24:41.964Z,true,false,false,false,67F,Distancia entre SE - Perpendicularidad SE,E3785,CNAII

2026-04-10T19:24:46.038Z,true,false,false,false,68F,Distancia entre SE - Perpendicularidad SE,E3785,CNAII

2026-04-10T19:24:49.060Z,true,false,false,false,9T.1,Rectitud EC,E3785,CNAII

2026-04-10T19:24:56.146Z,true,false,false,false,9T.2,Rectitud EC,E3785,CNAII

2026-04-10T19:24:58.176Z,true,false,false,false,9T.3,Rectitud EC,E3785,CNAII

2026-04-10T19:25:00.187Z,true,false,false,false,tesL,PURGA DE FOTO LATERAL,E3785,CNAII

2026-04-10T19:25:06.246Z,true,false,false,false,69L,PURGA DE FOTO LATERAL,E3785,CNAII

2026-04-10T19:25:09.264Z,true,false,false,false,70L,PURGA DE FOTO LATERAL,E3785,CNAII

2026-04-10T19:25:14.366Z,true,false,false,false,71L,PURGA DE FOTO LATERAL,E3785,CNAII

2026-04-10T19:25:20.410Z,true,false,false,false,72L,PURGA DE FOTO LATERAL,E3785,CNAII

2026-04-10T19:25:26.481Z,true,false,false,false,73L,PURGA DE FOTO LATERAL,E3785,CNAII

2026-04-10T19:25:32.530Z,true,false,false,false,tesF,PURGA DE FOTO FRONTAL,E3785,CNAII

2026-04-10T19:25:38.594Z,true,false,false,false,74F,Distancia entre SE - Perpendicularidad SE,E3785,CNAII

2026-04-10T19:25:42.633Z,true,false,false,false,75F,Distancia entre SE - Perpendicularidad SE,E3785,CNAII

2026-04-10T19:25:46.683Z,true,false,false,false,76F,Distancia entre SE - Perpendicularidad SE,E3785,CNAII

2026-04-10T19:25:50.731Z,true,false,false,false,77F,Distancia entre SE - Perpendicularidad SE,E3785,CNAII

2026-04-10T19:25:53.772Z,true,false,false,false,78F,Distancia entre SE - Perpendicularidad SE,E3785,CNAII

2026-04-10T19:25:58.847Z,true,false,false,false,79F,Distancia entre SE - Perpendicularidad SE,E3785,CNAII

2026-04-10T19:26:01.878Z,true,false,false,false,81F,Distancia entre SE - Perpendicularidad SE,E3785,CNAII

2026-04-10T19:26:06.919Z,true,false,false,false,82F,Distancia entre SE - Perpendicularidad SE,E3785,CNAII

2026-04-10T19:26:09.951Z,true,false,false,false,83F,Distancia entre SE - Perpendicularidad SE,E3785,CNAII

2026-04-10T19:26:12.986Z,true,false,false,false,8T.1,Rectitud EC,E3785,CNAII

2026-04-10T19:26:20.078Z,true,false,false,false,8T.2,Rectitud EC,E3785,CNAII

2026-04-10T19:26:22.108Z,true,false,false,false,8T.3,Rectitud EC,E3785,CNAII

2026-04-10T19:26:24.135Z,true,false,false,false,tesL,PURGA DE FOTO LATERAL,E3785,CNAII

2026-04-10T19:26:30.185Z,true,false,false,false,84L,PURGA DE FOTO LATERAL,E3785,CNAII

2026-04-10T19:26:33.223Z,true,false,false,false,85L,PURGA DE FOTO LATERAL,E3785,CNAII

2026-04-10T19:26:38.270Z,true,false,false,false,86L,PURGA DE FOTO LATERAL,E3785,CNAII

2026-04-10T19:26:44.367Z,true,false,false,false,87L,PURGA DE FOTO LATERAL,E3785,CNAII

2026-04-10T19:26:50.388Z,true,false,false,false,88L,PURGA DE FOTO LATERAL,E3785,CNAII

2026-04-10T19:26:56.479Z,true,false,false,false,tesF,PURGA DE FOTO FRONTAL,E3785,CNAII

2026-04-10T19:27:02.536Z,true,false,false,false,89F,Distancia entre SE - Perpendicularidad SE,E3785,CNAII

2026-04-10T19:27:06.567Z,true,false,false,false,90F,Distancia entre SE - Perpendicularidad SE,E3785,CNAII

2026-04-10T19:27:10.630Z,true,false,false,false,91F,Distancia entre SE - Perpendicularidad SE,E3785,CNAII

2026-04-10T19:27:14.643Z,true,false,false,false,92F,Distancia entre SE - Perpendicularidad SE,E3785,CNAII

2026-04-10T19:27:17.671Z,true,false,false,false,93F,Distancia entre SE - Perpendicularidad SE,E3785,CNAII

2026-04-10T19:27:22.725Z,true,false,false,false,94F,Distancia entre SE - Perpendicularidad SE,E3785,CNAII

2026-04-10T19:27:25.746Z,true,false,false,false,96F,Distancia entre SE - Perpendicularidad SE,E3785,CNAII

2026-04-10T19:27:30.805Z,true,false,false,false,97F,Distancia entre SE - Perpendicularidad SE,E3785,CNAII

2026-04-10T19:27:33.848Z,true,false,false,false,98F,Distancia entre SE - Perpendicularidad SE,E3785,CNAII

2026-04-10T19:27:36.855Z,true,false,false,false,7T.1,Rectitud EC,E3785,CNAII

2026-04-10T19:27:44.950Z,true,false,false,false,7T.2,Rectitud EC,E3785,CNAII

2026-04-10T19:27:45.981Z,true,false,false,false,7T.3,Rectitud EC,E3785,CNAII

2026-04-10T19:27:47.994Z,true,false,false,false,tesL,PURGA DE FOTO LATERAL,E3785,CNAII

2026-04-10T19:27:54.065Z,true,false,false,false,99L,PURGA DE FOTO LATERAL,E3785,CNAII

2026-04-10T19:27:58.114Z,true,false,false,false,100L,PURGA DE FOTO LATERAL,E3785,CNAII

2026-04-10T19:28:02.146Z,true,false,false,false,101L,PURGA DE FOTO LATERAL,E3785,CNAII

2026-04-10T19:28:08.182Z,true,false,false,false,102L,PURGA DE FOTO LATERAL,E3785,CNAII

2026-04-10T19:28:14.257Z,true,false,false,false,103L,PURGA DE FOTO LATERAL,E3785,CNAII

2026-04-10T19:28:20.370Z,true,false,false,false,tesF,PURGA DE FOTO FRONTAL,E3785,CNAII

2026-04-10T19:28:27.412Z,true,false,false,false,104F,Distancia entre SE - Perpendicularidad SE,E3785,CNAII

2026-04-10T19:28:30.429Z,true,false,false,false,105F,Distancia entre SE - Perpendicularidad SE,E3785,CNAII

2026-04-10T19:28:34.477Z,true,false,false,false,106F,Distancia entre SE - Perpendicularidad SE,E3785,CNAII

2026-04-10T19:28:38.531Z,true,false,false,false,107F,Distancia entre SE - Perpendicularidad SE,E3785,CNAII

2026-04-10T19:28:42.587Z,true,false,false,false,108F,Distancia entre SE - Perpendicularidad SE,E3785,CNAII

2026-04-10T19:28:46.632Z,true,false,false,false,109F,Distancia entre SE - Perpendicularidad SE,E3785,CNAII

2026-04-10T19:28:49.651Z,true,false,false,false,111F,Distancia entre SE - Perpendicularidad SE,E3785,CNAII

2026-04-10T19:28:54.721Z,true,false,false,false,112F,Distancia entre SE - Perpendicularidad SE,E3785,CNAII

2026-04-10T19:28:57.750Z,true,false,false,false,113F,Distancia entre SE - Perpendicularidad SE,E3785,CNAII

2026-04-10T19:29:00.792Z,true,false,false,false,6T.1,Rectitud EC,E3785,CNAII

2026-04-10T19:29:08.865Z,true,false,false,false,6T.2,Rectitud EC,E3785,CNAII

2026-04-10T19:29:10.897Z,true,false,false,false,6T.3,Rectitud EC,E3785,CNAII

2026-04-10T19:29:11.920Z,true,false,false,false,tesL,PURGA DE FOTO LATERAL,E3785,CNAII

2026-04-10T19:29:18.996Z,true,false,false,false,114L,PURGA DE FOTO LATERAL,E3785,CNAII

2026-04-10T19:29:22.041Z,true,false,false,false,115L,PURGA DE FOTO LATERAL,E3785,CNAII

2026-04-10T19:29:27.066Z,true,false,false,false,116L,PURGA DE FOTO LATERAL,E3785,CNAII

2026-04-10T19:29:33.124Z,true,false,false,false,117L,PURGA DE FOTO LATERAL,E3785,CNAII

2026-04-10T19:29:39.183Z,true,false,false,false,118L,PURGA DE FOTO LATERAL,E3785,CNAII

2026-04-10T19:29:45.254Z,true,false,false,false,tesF,PURGA DE FOTO FRONTAL,E3785,CNAII

2026-04-10T19:29:51.367Z,true,false,false,false,119F,Distancia entre SE - Perpendicularidad SE,E3785,CNAII

2026-04-10T19:29:54.362Z,true,false,false,false,120F,Distancia entre SE - Perpendicularidad SE,E3785,CNAII

2026-04-10T19:29:59.404Z,true,false,false,false,121F,Distancia entre SE - Perpendicularidad SE,E3785,CNAII

2026-04-10T19:30:02.444Z,true,false,false,false,122F,Distancia entre SE - Perpendicularidad SE,E3785,CNAII

2026-04-10T19:30:06.483Z,true,false,false,false,123F,Distancia entre SE - Perpendicularidad SE,E3785,CNAII

2026-04-10T19:30:10.543Z,true,false,false,false,124F,Distancia entre SE - Perpendicularidad SE,E3785,CNAII

2026-04-10T19:30:14.586Z,true,false,false,false,126F,Distancia entre SE - Perpendicularidad SE,E3785,CNAII

2026-04-10T19:30:18.630Z,true,false,false,false,127F,Distancia entre SE - Perpendicularidad SE,E3785,CNAII

2026-04-10T19:30:22.676Z,true,false,false,false,128F,Distancia entre SE - Perpendicularidad SE,E3785,CNAII

2026-04-10T19:30:25.721Z,true,false,false,false,5T.1,Rectitud EC,E3785,CNAII

2026-04-10T19:30:32.808Z,true,false,false,false,5T.2,Rectitud EC,E3785,CNAII

2026-04-10T19:30:34.827Z,true,false,false,false,5T.3,Rectitud EC,E3785,CNAII

2026-04-10T19:30:35.840Z,true,false,false,false,tesL,PURGA DE FOTO LATERAL,E3785,CNAII

2026-04-10T19:30:42.925Z,true,false,false,false,129L,PURGA DE FOTO LATERAL,E3785,CNAII

2026-04-10T19:30:45.952Z,true,false,false,false,130L,PURGA DE FOTO LATERAL,E3785,CNAII

2026-04-10T19:30:51.033Z,true,false,false,false,131L,PURGA DE FOTO LATERAL,E3785,CNAII

2026-04-10T19:30:57.087Z,true,false,false,false,132L,PURGA DE FOTO LATERAL,E3785,CNAII

2026-04-10T19:31:03.164Z,true,false,false,false,133L,PURGA DE FOTO LATERAL,E3785,CNAII

2026-04-10T19:31:09.240Z,true,false,false,false,tesF,PURGA DE FOTO FRONTAL,E3785,CNAII

2026-04-10T19:31:15.369Z,true,false,false,false,134F,Distancia entre SE - Perpendicularidad SE,E3785,CNAII

2026-04-10T19:31:18.369Z,true,false,false,false,135F,Distancia entre SE - Perpendicularidad SE,E3785,CNAII

2026-04-10T19:31:23.382Z,true,false,false,false,136F,Distancia entre SE - Perpendicularidad SE,E3785,CNAII

2026-04-10T19:31:27.441Z,true,false,false,false,137F,Distancia entre SE - Perpendicularidad SE,E3785,CNAII

2026-04-10T19:31:30.465Z,true,false,false,false,138F,Distancia entre SE - Perpendicularidad SE,E3785,CNAII

2026-04-10T19:31:35.538Z,true,false,false,false,139F,Distancia entre SE - Perpendicularidad SE,E3785,CNAII

2026-04-10T19:31:38.550Z,true,false,false,false,141F,Distancia entre SE - Perpendicularidad SE,E3785,CNAII

2026-04-10T19:31:43.593Z,true,false,false,false,142F,Distancia entre SE - Perpendicularidad SE,E3785,CNAII

2026-04-10T19:31:46.631Z,true,false,false,false,143F,Distancia entre SE - Perpendicularidad SE,E3785,CNAII

2026-04-10T19:31:49.663Z,true,false,false,false,4T.1,Rectitud EC,E3785,CNAII

2026-04-10T19:31:56.735Z,true,false,false,false,4T.2,Rectitud EC,E3785,CNAII

2026-04-10T19:31:58.766Z,true,false,false,false,4T.3,Rectitud EC,E3785,CNAII

2026-04-10T19:32:00.782Z,true,false,false,false,tesL,PURGA DE FOTO LATERAL,E3785,CNAII

2026-04-10T19:32:06.845Z,true,false,false,false,144L,PURGA DE FOTO LATERAL,E3785,CNAII

2026-04-10T19:32:09.862Z,true,false,false,false,145L,PURGA DE FOTO LATERAL,E3785,CNAII

2026-04-10T19:32:14.925Z,true,false,false,false,146L,PURGA DE FOTO LATERAL,E3785,CNAII

2026-04-10T19:32:20.972Z,true,false,false,false,147L,PURGA DE FOTO LATERAL,E3785,CNAII

2026-04-10T19:32:27.053Z,true,false,false,false,148L,PURGA DE FOTO LATERAL,E3785,CNAII

2026-04-10T19:32:33.120Z,true,false,false,false,tesF,PURGA DE FOTO FRONTAL,E3785,CNAII

2026-04-10T19:32:40.181Z,true,false,false,false,149F,Distancia entre SE - Perpendicularidad SE,E3785,CNAII

2026-04-10T19:32:43.224Z,true,false,false,false,150F,Distancia entre SE - Perpendicularidad SE,E3785,CNAII

2026-04-10T19:32:47.254Z,true,false,false,false,151F,Distancia entre SE - Perpendicularidad SE,E3785,CNAII

2026-04-10T19:32:51.293Z,true,false,false,false,152F,Distancia entre SE - Perpendicularidad SE,E3785,CNAII

2026-04-10T19:32:55.368Z,true,false,false,false,153F,Distancia entre SE - Perpendicularidad SE,E3785,CNAII

2026-04-10T19:32:59.400Z,true,false,false,false,154F,Distancia entre SE - Perpendicularidad SE,E3785,CNAII

2026-04-10T19:33:02.425Z,true,false,false,false,156F,Distancia entre SE - Perpendicularidad SE,E3785,CNAII

2026-04-10T19:33:07.475Z,true,false,false,false,157F,Distancia entre SE - Perpendicularidad SE,E3785,CNAII

2026-04-10T19:33:10.547Z,true,false,false,false,158F,Distancia entre SE - Perpendicularidad SE,E3785,CNAII

2026-04-10T19:33:13.560Z,true,false,false,false,3T.1,Rectitud EC,E3785,CNAII

2026-04-10T19:33:21.639Z,true,false,false,false,3T.2,Rectitud EC,E3785,CNAII

2026-04-10T19:33:22.643Z,true,false,false,false,3T.3,Rectitud EC,E3785,CNAII

2026-04-10T19:33:24.672Z,true,false,false,false,tesL,PURGA DE FOTO LATERAL,E3785,CNAII

2026-04-10T19:33:30.751Z,true,false,false,false,159L,PURGA DE FOTO LATERAL,E3785,CNAII

2026-04-10T19:33:34.787Z,true,false,false,false,160L,PURGA DE FOTO LATERAL,E3785,CNAII

2026-04-10T19:33:38.828Z,true,false,false,false,161L,PURGA DE FOTO LATERAL,E3785,CNAII

2026-04-10T19:33:44.868Z,true,false,false,false,162L,PURGA DE FOTO LATERAL,E3785,CNAII

2026-04-10T19:33:50.964Z,true,false,false,false,163L,PURGA DE FOTO LATERAL,E3785,CNAII

2026-04-10T19:33:57.047Z,true,false,false,false,tesF,PURGA DE FOTO FRONTAL,E3785,CNAII

2026-04-10T19:34:04.095Z,true,false,false,false,164F,Distancia entre SE - Perpendicularidad SE,E3785,CNAII

2026-04-10T19:34:07.147Z,true,false,false,false,165F,Distancia entre SE - Perpendicularidad SE,E3785,CNAII

2026-04-10T19:34:11.174Z,true,false,false,false,166F,Distancia entre SE - Perpendicularidad SE,E3785,CNAII

2026-04-10T19:34:15.205Z,true,false,false,false,167F,Distancia entre SE - Perpendicularidad SE,E3785,CNAII

2026-04-10T19:34:19.245Z,true,false,false,false,168F,Distancia entre SE - Perpendicularidad SE,E3785,CNAII

2026-04-10T19:34:23.291Z,true,false,false,false,169F,Distancia entre SE - Perpendicularidad SE,E3785,CNAII

2026-04-10T19:34:26.363Z,true,false,false,false,171F,Distancia entre SE - Perpendicularidad SE,E3785,CNAII

2026-04-10T19:34:31.414Z,true,false,false,false,172F,Distancia entre SE - Perpendicularidad SE,E3785,CNAII

2026-04-10T19:34:34.429Z,true,false,false,false,173F,Distancia entre SE - Perpendicularidad SE,E3785,CNAII

2026-04-10T19:34:37.465Z,true,false,false,false,2T.1,Rectitud EC,E3785,CNAII

2026-04-10T19:34:45.549Z,true,false,false,false,2T.2,Rectitud EC,E3785,CNAII

2026-04-10T19:34:46.556Z,true,false,false,false,2T.3,Rectitud EC,E3785,CNAII

2026-04-10T19:34:48.584Z,true,false,false,false,tesL,PURGA DE FOTO LATERAL,E3785,CNAII

2026-04-10T19:34:55.653Z,true,false,false,false,174L,PURGA DE FOTO LATERAL,E3785,CNAII

2026-04-10T19:34:58.680Z,true,false,false,false,175L,PURGA DE FOTO LATERAL,E3785,CNAII

2026-04-10T19:35:03.725Z,true,false,false,false,176L,PURGA DE FOTO LATERAL,E3785,CNAII

2026-04-10T19:35:09.785Z,true,false,false,false,177L,PURGA DE FOTO LATERAL,E3785,CNAII

2026-04-10T19:35:15.840Z,true,false,false,false,178L,PURGA DE FOTO LATERAL,E3785,CNAII

2026-04-10T19:35:21.894Z,true,false,false,false,tesF,PURGA DE FOTO FRONTAL,E3785,CNAII

2026-04-10T19:35:27.958Z,true,false,false,false,179F,Distancia entre SE - Perpendicularidad SE,E3785,CNAII

2026-04-10T19:35:30.981Z,true,false,false,false,180F,Distancia entre SE - Perpendicularidad SE,E3785,CNAII

2026-04-10T19:35:36.048Z,true,false,false,false,181F,Distancia entre SE - Perpendicularidad SE,E3785,CNAII

2026-04-10T19:35:39.070Z,true,false,false,false,182F,Distancia entre SE - Perpendicularidad SE,E3785,CNAII

2026-04-10T19:35:43.128Z,true,false,false,false,183F,Distancia entre SE - Perpendicularidad SE,E3785,CNAII

2026-04-10T19:35:47.155Z,true,false,false,false,184F,Distancia entre SE - Perpendicularidad SE,E3785,CNAII

2026-04-10T19:35:51.189Z,true,false,false,false,186F,Distancia entre SE - Perpendicularidad SE,E3785,CNAII

2026-04-10T19:35:55.235Z,true,false,false,false,187F,Distancia entre SE - Perpendicularidad SE,E3785,CNAII

2026-04-10T19:35:59.268Z,true,false,false,false,188F,Distancia entre SE - Perpendicularidad SE,E3785,CNAII

2026-04-10T19:36:02.290Z,true,false,false,false,1T.1,Rectitud EC,E3785,CNAII

2026-04-10T19:36:09.377Z,true,false,false,false,1T.2,Rectitud EC,E3785,CNAII

2026-04-10T19:36:11.395Z,true,false,false,false,1T.3,Rectitud EC,E3785,CNAII

2026-04-10T19:36:12.415Z,true,false,false,false,tesL,PURGA DE FOTO LATERAL,E3785,CNAII

2026-04-10T19:36:19.471Z,true,false,false,false,189L,PURGA DE FOTO LATERAL,E3785,CNAII

2026-04-10T19:36:22.499Z,true,false,false,false,190L,PURGA DE FOTO LATERAL,E3785,CNAII

2026-04-10T19:36:27.556Z,true,false,false,false,191L,PURGA DE FOTO LATERAL,E3785,CNAII

2026-04-10T19:36:33.646Z,true,false,false,false,192L,PURGA DE FOTO LATERAL,E3785,CNAII

2026-04-10T19:36:39.697Z,true,false,false,false,193L,PURGA DE FOTO LATERAL,E3785,CNAII

2026-04-10T19:36:45.761Z,true,false,false,false,tesF,PURGA DE FOTO FRONTAL,E3785,CNAII

2026-04-10T19:36:51.806Z,true,false,false,false,194F,Distancia entre SE - Perpendicularidad SE,E3785,CNAII

2026-04-10T19:36:55.843Z,true,false,false,false,195F,Distancia entre SE - Perpendicularidad SE,E3785,CNAII

2026-04-10T19:36:59.868Z,true,false,false,false,196F,Distancia entre SE - Perpendicularidad SE,E3785,CNAII

2026-04-10T19:37:03.924Z,true,false,false,false,197F,Distancia entre SE - Perpendicularidad SE,E3785,CNAII

2026-04-10T19:37:06.961Z,true,false,false,false,198F,Distancia entre SE - Perpendicularidad SE,E3785,CNAII

2026-04-10T19:37:11.977Z,true,false,false,false,199F,Distancia entre SE - Perpendicularidad SE,E3785,CNAII

2026-04-10T19:37:15.016Z,true,false,false,false,201F,Distancia entre SE - Perpendicularidad SE,E3785,CNAII

2026-04-10T19:37:20.048Z,true,false,false,false,202F,Distancia entre SE - Perpendicularidad SE,E3785,CNAII

2026-04-10T19:37:23.067Z,true,false,false,false,203F,Distancia entre SE - Perpendicularidad SE,E3785,CNAII

2026-04-10T19:37:26.089Z,true,false,false,false,001F,Distancia entre SE y PP,E3785,CNAII

2026-04-10T19:37:32.156Z,true,false,false,false,210F,Distancia entre SE y PP,E3785,CNAII

2026-04-10T19:37:35.193Z,true,false,false,false,002F,Distancia entre SE y PP,E3785,CNAII

2026-04-10T19:37:42.270Z,true,false,false,false,211F,Distancia entre SE y PP,E3785,CNAII

2026-04-10T19:37:48.366Z,true,false,false,false,003F,Distancia entre SE y PP,E3785,CNAII

2026-04-10T19:37:55.445Z,true,false,false,false,tesL,PURGA DE FOTO LATERAL,E3785,CNAII

2026-04-10T19:38:01.533Z,true,false,false,false,212L,PURGA DE FOTO LATERAL,E3785,CNAII

2026-04-10T19:38:03.542Z,true,false,false,false,213L,PURGA DE FOTO LATERAL,E3785,CNAII

2026-04-10T19:38:11.660Z,true,false,false,false,214L,PURGA DE FOTO LATERAL,E3785,CNAII

2026-04-10T19:38:19.742Z,true,false,false,false,tesL,PURGA DE FOTO LATERAL,E3785,CNAII

2026-04-10T19:38:27.797Z,true,false,false,false,216L,Presencia de soldadura TVS - Fisuras soldadura TVS,E3785,CNAII

2026-04-10T19:38:33.846Z,true,false,false,false,217L,Presencia de soldadura TVS - Fisuras soldadura TVS,E3785,CNAII

2026-04-10T19:38:41.943Z,true,false,false,false,218L,Presencia de soldadura TVS - Fisuras soldadura TVS,E3785,CNAII

2026-04-10T19:38:50.009Z,true,false,false,false,tesL,PURGA DE FOTO LATERAL,E3785,CNAII

2026-04-10T19:39:01.087Z,true,false,false,false,0T.1,Rectitud EC PP,E3785,CNAII

2026-04-10T19:39:05.133Z,true,false,false,false,0T.2,Rectitud EC PP,E3785,CNAII

2026-04-10T19:39:06.147Z,true,false,false,false,0T.3,Rectitud EC PP,E3785,CNAII

2026-04-10T19:39:08.195Z,true,false,false,false,14T.1,Rectitud EC PP,E3785,CNAII

2026-04-10T19:39:12.212Z,true,false,false,false,14T.2,Rectitud EC PP,E3785,CNAII

2026-04-10T19:39:13.225Z,true,false,false,false,14T.3,Rectitud EC PP,E3785,CNAII

2026-04-10T19:39:14.231Z,true,false,false,false,222L,Rectitud EC PP,E3785,CNAII

2026-04-10T19:39:19.274Z,true,false,false,false,223L,Rectitud EC PP,E3785,CNAII

2026-04-10T19:39:23.391Z,true,false,false,false,224L,Rectitud EC PP,E3785,CNAII

2026-04-10T19:39:28.390Z,true,false,false,false,225L,Rectitud EC PP,E3785,CNAII

2026-04-10T19:39:33.442Z,true,false,false,false,226L,Rectitud EC PP,E3785,CNAII

2026-04-10T19:39:38.514Z,true,false,false,false,227L,Rectitud EC PP,E3785,CNAII

2026-04-10T19:39:43.565Z,true,false,false,false,tesL,PURGA DE FOTO LATERAL,E3785,CNAII

2026-04-10T19:39:49.637Z,true,false,false,false,228L,PURGA DE FOTO LATERAL,E3785,CNAII

2026-04-10T19:40:00.724Z,true,false,false,false,229L,PURGA DE FOTO LATERAL,E3785,CNAII

2026-04-10T19:40:05.777Z,true,false,false,false,230L,PURGA DE FOTO LATERAL,E3785,CNAII

2026-04-10T19:40:10.841Z,true,false,false,false,231L,PURGA DE FOTO LATERAL,E3785,CNAII

2026-04-10T19:40:15.882Z,true,false,false,false,232L,PURGA DE FOTO LATERAL,E3785,CNAII

2026-04-10T19:40:20.934Z,true,false,false,false,233L,PURGA DE FOTO LATERAL,E3785,CNAII

2026-04-10T19:40:25.967Z,true,false,false,false,tesF,PURGA DE FOTO FRONTAL,E3785,CNAII

2026-04-10T19:40:30.054Z,true,false,false,false,240F,PURGA DE FOTO FRONTAL,E3785,CNAII

2026-04-10T19:40:34.063Z,true,false,false,false,241F,PURGA DE FOTO FRONTAL,E3785,CNAII

2026-04-10T19:40:38.107Z,true,false,false,false,242F,PURGA DE FOTO FRONTAL,E3785,CNAII

2026-04-10T19:40:39.125Z,true,false,false,false,tesF,PURGA DE FOTO FRONTAL,E3785,CNAII

2026-04-10T19:40:44.174Z,true,false,false,false,,,E3785,CNAII

2026-04-10T19:42:00.985Z,false,false,false,true,,,E3785,CNAII

2026-04-10T19:42:06.015Z,false,false,false,false,,,E3785,CNAII

2026-04-11T12:00:03.093Z,false,false,false,false,,,E3785,CNAII

2026-04-11T15:16:16.421Z,false,false,false,false,,,E3785,CNAII

2026-04-11T15:34:09.557Z,false,false,false,false,,,E3785,CNAII


2026-04-11T15:34:09.557Z,false,false,false,false,,,A3775,11ABR

2026-04-11T15:35:09.557Z,true,false,false,false,1F,,A3775,11ABR

2026-04-11T15:36:09.557Z,true,false,false,false,1F,,A3775,11ABR

2026-04-11T15:37:09.557Z,false,false,false,false,1F,,A3775,11ABR



2026-04-11T15:38:09.557Z,false,false,false,false,,,A3776,11ABR

2026-04-11T15:39:09.557Z,true,false,false,false,1F,,A3776,11ABR

2026-04-11T15:40:09.557Z,true,false,false,false,1F,,A3776,11ABR

2026-04-11T15:41:09.557Z,false,false,false,false,1F,,A3776,11ABR


2026-04-11T15:41:09.557Z,false,false,false,false,,,A3777,11ABR

2026-04-11T15:42:09.557Z,true,false,false,false,1F,,A3777,11ABR

2026-04-11T15:43:09.557Z,true,false,false,false,1F,,A3777,11ABR

2026-04-11T15:44:09.557Z,false,false,false,false,1F,,A3777,11ABR


2026-04-11T15:44:09.557Z,false,false,false,false,,,A3778,11ABR

2026-04-11T15:45:09.557Z,true,false,false,false,1F,,A3778,11ABR

2026-04-11T15:46:09.557Z,true,false,false,false,1F,,A3778,11ABR

2026-04-11T15:47:09.557Z,false,false,false,false,1F,,A3778,11ABR

2026-04-11T20:06:04.601Z,false,false,false,false,,,E3785,CNAII

2026-04-13T11:48:14.936Z,true,false,false,false,,,E3785R1,CNAII

2026-04-13T11:48:41.118Z,true,false,false,false,13T.1,Rectitud EC,E3785R1,CNAII

2026-04-13T11:48:59.239Z,true,false,false,false,13T.2,Rectitud EC,E3785R1,CNAII

2026-04-13T11:49:01.244Z,true,false,false,false,13T.3,Rectitud EC,E3785R1,CNAII

2026-04-13T11:49:03.255Z,true,false,false,false,AZ4-A,Rectitud EC,E3785R1,CNAII

2026-04-13T11:49:04.257Z,true,false,false,false,AZ4-B,Zapata tipo I/II 4,E3785R1,CNAII

2026-04-13T11:49:07.290Z,true,false,false,false,AZ3-A,Zapata tipo I/II 4,E3785R1,CNAII

2026-04-13T11:49:12.320Z,true,false,false,false,AZ3-B,Zapata tipo I/II 3,E3785R1,CNAII

2026-04-13T11:49:14.341Z,true,false,false,false,AZ2-B,Zapata tipo I/II 2,E3785R1,CNAII

2026-04-13T11:49:18.352Z,true,false,false,false,AZ12-A,Zapata tipo I/II 2,E3785R1,CNAII

2026-04-13T11:49:21.370Z,true,false,false,false,AZ1-B,Zapata tipo I/II 1,E3785R1,CNAII

2026-04-13T11:49:23.378Z,true,false,false,false,AZ6-B,Zapata tipo I/II 6,E3785R1,CNAII

2026-04-13T11:49:32.414Z,true,false,false,false,AZ56-A,Zapata tipo I/II 6,E3785R1,CNAII

2026-04-13T11:49:34.428Z,true,false,false,false,AZ5-B,Zapata tipo I/II 5,E3785R1,CNAII

2026-04-13T11:49:37.436Z,true,false,false,false,tesF,PURGA DE FOTO FRONTAL,E3785R1,CNAII

2026-04-13T11:49:39.445Z,true,false,false,false,1F,PURGA DE FOTO FRONTAL,E3785R1,CNAII

2026-04-13T11:49:42.480Z,true,false,false,false,2F,PURGA DE FOTO FRONTAL,E3785R1,CNAII

2026-04-13T11:49:46.501Z,true,false,false,false,3F,Distancia entre SE - Perpendicularidad SE,E3785R1,CNAII

2026-04-13T11:49:50.536Z,true,false,false,false,4F,Distancia entre SE - Perpendicularidad SE,E3785R1,CNAII

2026-04-13T11:49:54.570Z,true,false,false,false,5F,Distancia entre SE - Perpendicularidad SE,E3785R1,CNAII

2026-04-13T11:49:57.571Z,true,false,false,false,6F,Distancia entre SE - Perpendicularidad SE,E3785R1,CNAII

2026-04-13T11:50:00.583Z,true,false,false,false,7F,Distancia entre SE - Perpendicularidad SE,E3785R1,CNAII

2026-04-13T11:50:03.614Z,true,false,false,false,9F,Distancia entre SE - Perpendicularidad SE,E3785R1,CNAII

2026-04-13T11:50:08.710Z,true,false,false,false,10F,Distancia entre SE - Perpendicularidad SE,E3785R1,CNAII

2026-04-13T11:50:11.706Z,true,false,false,false,11F,Distancia entre SE - Perpendicularidad SE,E3785R1,CNAII

2026-04-13T11:50:14.695Z,true,false,false,false,12F,Distancia entre SE - Perpendicularidad SE,E3785R1,CNAII

2026-04-13T11:50:17.718Z,true,false,false,false,tesL,PURGA DE FOTO LATERAL,E3785R1,CNAII

2026-04-13T11:50:23.773Z,true,false,false,false,13L,PURGA DE FOTO LATERAL,E3785R1,CNAII

2026-04-13T11:50:25.804Z,true,false,false,false,14L,PURGA DE FOTO LATERAL,E3785R1,CNAII

2026-04-13T11:50:30.839Z,true,false,false,false,15L,PURGA DE FOTO LATERAL,E3785R1,CNAII

2026-04-13T11:50:34.854Z,true,false,false,false,16L,PURGA DE FOTO LATERAL,E3785R1,CNAII

2026-04-13T11:50:37.878Z,true,false,false,false,17L,PURGA DE FOTO LATERAL,E3785R1,CNAII

2026-04-13T11:50:43.916Z,true,false,false,false,18L,PURGA DE FOTO LATERAL,E3785R1,CNAII

2026-04-13T11:50:47.933Z,true,false,false,false,19L,PURGA DE FOTO LATERAL,E3785R1,CNAII

2026-04-13T11:50:51.954Z,true,false,false,false,12T.1,Rectitud EC,E3785R1,CNAII

2026-04-13T11:51:07.056Z,true,false,false,false,12T.2,Rectitud EC,E3785R1,CNAII

2026-04-13T11:51:08.057Z,true,false,false,false,12T.3,Rectitud EC,E3785R1,CNAII

2026-04-13T11:51:10.066Z,true,false,false,false,tesL,PURGA DE FOTO LATERAL,E3785R1,CNAII

2026-04-13T11:51:17.088Z,true,false,false,false,24L,PURGA DE FOTO LATERAL,E3785R1,CNAII

2026-04-13T11:51:20.114Z,true,false,false,false,25L,PURGA DE FOTO LATERAL,E3785R1,CNAII

2026-04-13T11:51:25.129Z,true,false,false,false,26L,PURGA DE FOTO LATERAL,E3785R1,CNAII

2026-04-13T11:51:31.166Z,true,false,false,false,27L,PURGA DE FOTO LATERAL,E3785R1,CNAII

2026-04-13T11:51:37.180Z,true,false,false,false,28L,PURGA DE FOTO LATERAL,E3785R1,CNAII

2026-04-13T11:51:43.229Z,true,false,false,false,tesF,PURGA DE FOTO FRONTAL,E3785R1,CNAII

2026-04-13T11:51:49.253Z,true,false,false,false,29F,Distancia entre SE - Perpendicularidad SE,E3785R1,CNAII

2026-04-13T11:51:52.270Z,true,false,false,false,30F,Distancia entre SE - Perpendicularidad SE,E3785R1,CNAII

2026-04-13T11:51:57.299Z,true,false,false,false,31F,Distancia entre SE - Perpendicularidad SE,E3785R1,CNAII

2026-04-13T11:52:00.319Z,true,false,false,false,32F,Distancia entre SE - Perpendicularidad SE,E3785R1,CNAII

2026-04-13T11:52:04.331Z,true,false,false,false,33F,Distancia entre SE - Perpendicularidad SE,E3785R1,CNAII

2026-04-13T11:52:08.353Z,true,false,false,false,34F,Distancia entre SE - Perpendicularidad SE,E3785R1,CNAII

2026-04-13T11:52:12.383Z,true,false,false,false,36F,Distancia entre SE - Perpendicularidad SE,E3785R1,CNAII

2026-04-13T11:52:16.420Z,true,false,false,false,37F,Distancia entre SE - Perpendicularidad SE,E3785R1,CNAII

2026-04-13T11:52:20.430Z,true,false,false,false,38F,Distancia entre SE - Perpendicularidad SE,E3785R1,CNAII

2026-04-13T11:52:23.451Z,true,false,false,false,11T.1,Rectitud EC,E3785R1,CNAII

2026-04-13T11:52:29.480Z,true,false,false,false,11T.2,Rectitud EC,E3785R1,CNAII

2026-04-13T11:52:31.521Z,true,false,false,false,11T.3,Rectitud EC,E3785R1,CNAII

2026-04-13T11:52:33.540Z,true,false,false,false,tesL,PURGA DE FOTO LATERAL,E3785R1,CNAII

2026-04-13T11:52:39.561Z,true,false,false,false,39L,PURGA DE FOTO LATERAL,E3785R1,CNAII

2026-04-13T11:52:42.569Z,true,false,false,false,40L,PURGA DE FOTO LATERAL,E3785R1,CNAII

2026-04-13T11:52:47.621Z,true,false,false,false,41L,PURGA DE FOTO LATERAL,E3785R1,CNAII

2026-04-13T11:52:53.701Z,true,false,false,false,42L,PURGA DE FOTO LATERAL,E3785R1,CNAII

2026-04-13T11:52:59.706Z,true,false,false,false,43L,PURGA DE FOTO LATERAL,E3785R1,CNAII

2026-04-13T11:53:05.707Z,true,false,false,false,tesF,PURGA DE FOTO FRONTAL,E3785R1,CNAII

2026-04-13T11:53:12.732Z,true,false,false,false,44F,Distancia entre SE - Perpendicularidad SE,E3785R1,CNAII

2026-04-13T11:53:15.743Z,true,false,false,false,45F,Distancia entre SE - Perpendicularidad SE,E3785R1,CNAII

2026-04-13T11:53:19.766Z,true,false,false,false,46F,Distancia entre SE - Perpendicularidad SE,E3785R1,CNAII

2026-04-13T11:53:23.779Z,true,false,false,false,47F,Distancia entre SE - Perpendicularidad SE,E3785R1,CNAII

2026-04-13T11:53:27.835Z,true,false,false,false,48F,Distancia entre SE - Perpendicularidad SE,E3785R1,CNAII

2026-04-13T11:53:31.828Z,true,false,false,false,49F,Distancia entre SE - Perpendicularidad SE,E3785R1,CNAII

2026-04-13T11:53:34.860Z,true,false,false,false,51F,Distancia entre SE - Perpendicularidad SE,E3785R1,CNAII

2026-04-13T11:53:39.893Z,true,false,false,false,52F,Distancia entre SE - Perpendicularidad SE,E3785R1,CNAII

2026-04-13T11:53:42.915Z,true,false,false,false,53F,Distancia entre SE - Perpendicularidad SE,E3785R1,CNAII

2026-04-13T11:53:46.933Z,true,false,false,false,10T.1,Rectitud EC,E3785R1,CNAII

2026-04-13T11:53:52.965Z,true,false,false,false,10T.2,Rectitud EC,E3785R1,CNAII

2026-04-13T11:53:54.976Z,true,false,false,false,10T.3,Rectitud EC,E3785R1,CNAII

2026-04-13T11:53:56.986Z,true,false,false,false,tesL,PURGA DE FOTO LATERAL,E3785R1,CNAII

2026-04-13T11:54:03.017Z,true,false,false,false,54L,PURGA DE FOTO LATERAL,E3785R1,CNAII

2026-04-13T11:54:06.021Z,true,false,false,false,55L,PURGA DE FOTO LATERAL,E3785R1,CNAII

2026-04-13T11:54:11.072Z,true,false,false,false,56L,PURGA DE FOTO LATERAL,E3785R1,CNAII

2026-04-13T11:54:17.115Z,true,false,false,false,57L,PURGA DE FOTO LATERAL,E3785R1,CNAII

2026-04-13T11:54:23.164Z,true,false,false,false,58L,PURGA DE FOTO LATERAL,E3785R1,CNAII

2026-04-13T11:54:29.230Z,true,false,false,false,tesF,PURGA DE FOTO FRONTAL,E3785R1,CNAII

2026-04-13T11:54:35.269Z,true,false,false,false,59F,Distancia entre SE - Perpendicularidad SE,E3785R1,CNAII

2026-04-13T11:54:39.283Z,true,false,false,false,60F,Distancia entre SE - Perpendicularidad SE,E3785R1,CNAII

2026-04-13T11:54:43.322Z,true,false,false,false,61F,Distancia entre SE - Perpendicularidad SE,E3785R1,CNAII

2026-04-13T11:54:47.341Z,true,false,false,false,62F,Distancia entre SE - Perpendicularidad SE,E3785R1,CNAII

2026-04-13T11:54:51.364Z,true,false,false,false,63F,Distancia entre SE - Perpendicularidad SE,E3785R1,CNAII

2026-04-13T11:54:55.377Z,true,false,false,false,64F,Distancia entre SE - Perpendicularidad SE,E3785R1,CNAII

2026-04-13T11:54:58.421Z,true,false,false,false,66F,Distancia entre SE - Perpendicularidad SE,E3785R1,CNAII

2026-04-13T11:55:03.433Z,true,false,false,false,67F,Distancia entre SE - Perpendicularidad SE,E3785R1,CNAII

2026-04-13T11:55:06.458Z,true,false,false,false,68F,Distancia entre SE - Perpendicularidad SE,E3785R1,CNAII

2026-04-13T11:55:09.490Z,true,false,false,false,9T.1,Rectitud EC,E3785R1,CNAII

2026-04-13T11:55:17.541Z,true,false,false,false,9T.2,Rectitud EC,E3785R1,CNAII

2026-04-13T11:55:18.566Z,true,false,false,false,9T.3,Rectitud EC,E3785R1,CNAII

2026-04-13T11:55:20.553Z,true,false,false,false,tesL,PURGA DE FOTO LATERAL,E3785R1,CNAII

2026-04-13T11:55:26.594Z,true,false,false,false,69L,PURGA DE FOTO LATERAL,E3785R1,CNAII

2026-04-13T11:55:30.693Z,true,false,false,false,70L,PURGA DE FOTO LATERAL,E3785R1,CNAII

2026-04-13T11:55:35.705Z,true,false,false,false,71L,PURGA DE FOTO LATERAL,E3785R1,CNAII

2026-04-13T11:55:40.730Z,true,false,false,false,72L,PURGA DE FOTO LATERAL,E3785R1,CNAII

2026-04-13T11:55:47.739Z,true,false,false,false,73L,PURGA DE FOTO LATERAL,E3785R1,CNAII

2026-04-13T11:55:53.770Z,true,false,false,false,tesF,PURGA DE FOTO FRONTAL,E3785R1,CNAII

2026-04-13T11:55:59.815Z,true,false,false,false,74F,Distancia entre SE - Perpendicularidad SE,E3785R1,CNAII

2026-04-13T11:56:02.826Z,true,false,false,false,75F,Distancia entre SE - Perpendicularidad SE,E3785R1,CNAII

2026-04-13T11:56:06.855Z,true,false,false,false,76F,Distancia entre SE - Perpendicularidad SE,E3785R1,CNAII

2026-04-13T11:56:10.865Z,true,false,false,false,77F,Distancia entre SE - Perpendicularidad SE,E3785R1,CNAII

2026-04-13T11:56:14.894Z,true,false,false,false,78F,Distancia entre SE - Perpendicularidad SE,E3785R1,CNAII

2026-04-13T11:56:18.918Z,true,false,false,false,79F,Distancia entre SE - Perpendicularidad SE,E3785R1,CNAII

2026-04-13T11:56:21.927Z,true,false,false,false,81F,Distancia entre SE - Perpendicularidad SE,E3785R1,CNAII

2026-04-13T11:56:26.943Z,true,false,false,false,82F,Distancia entre SE - Perpendicularidad SE,E3785R1,CNAII

2026-04-13T11:56:30.970Z,true,false,false,false,83F,Distancia entre SE - Perpendicularidad SE,E3785R1,CNAII

2026-04-13T11:56:33.996Z,true,false,false,false,8T.1,Rectitud EC,E3785R1,CNAII

2026-04-13T11:56:41.037Z,true,false,false,false,8T.2,Rectitud EC,E3785R1,CNAII

2026-04-13T11:56:43.040Z,true,false,false,false,8T.3,Rectitud EC,E3785R1,CNAII

2026-04-13T11:56:44.043Z,true,false,false,false,tesL,PURGA DE FOTO LATERAL,E3785R1,CNAII

2026-04-13T11:56:51.099Z,true,false,false,false,84L,PURGA DE FOTO LATERAL,E3785R1,CNAII

2026-04-13T11:56:54.115Z,true,false,false,false,85L,PURGA DE FOTO LATERAL,E3785R1,CNAII

2026-04-13T11:56:59.144Z,true,false,false,false,86L,PURGA DE FOTO LATERAL,E3785R1,CNAII

2026-04-13T11:57:05.176Z,true,false,false,false,87L,PURGA DE FOTO LATERAL,E3785R1,CNAII

2026-04-13T11:57:11.228Z,true,false,false,false,88L,PURGA DE FOTO LATERAL,E3785R1,CNAII

2026-04-13T11:57:17.275Z,true,false,false,false,tesF,PURGA DE FOTO FRONTAL,E3785R1,CNAII

2026-04-13T11:57:23.336Z,true,false,false,false,89F,Distancia entre SE - Perpendicularidad SE,E3785R1,CNAII

2026-04-13T11:57:27.340Z,true,false,false,false,90F,Distancia entre SE - Perpendicularidad SE,E3785R1,CNAII

2026-04-13T11:57:31.374Z,true,false,false,false,91F,Distancia entre SE - Perpendicularidad SE,E3785R1,CNAII

2026-04-13T11:57:35.419Z,true,false,false,false,92F,Distancia entre SE - Perpendicularidad SE,E3785R1,CNAII

2026-04-13T11:57:38.419Z,true,false,false,false,93F,Distancia entre SE - Perpendicularidad SE,E3785R1,CNAII

2026-04-13T11:57:43.440Z,true,false,false,false,94F,Distancia entre SE - Perpendicularidad SE,E3785R1,CNAII

2026-04-13T11:57:46.458Z,true,false,false,false,96F,Distancia entre SE - Perpendicularidad SE,E3785R1,CNAII

2026-04-13T11:57:51.494Z,true,false,false,false,97F,Distancia entre SE - Perpendicularidad SE,E3785R1,CNAII

2026-04-13T11:57:54.538Z,true,false,false,false,98F,Distancia entre SE - Perpendicularidad SE,E3785R1,CNAII

2026-04-13T11:57:57.563Z,true,false,false,false,7T.1,Rectitud EC,E3785R1,CNAII

2026-04-13T11:58:05.589Z,true,false,false,false,7T.2,Rectitud EC,E3785R1,CNAII

2026-04-13T11:58:06.617Z,true,false,false,false,7T.3,Rectitud EC,E3785R1,CNAII

2026-04-13T11:58:08.711Z,true,false,false,false,tesL,PURGA DE FOTO LATERAL,E3785R1,CNAII

2026-04-13T11:58:15.699Z,true,false,false,false,99L,PURGA DE FOTO LATERAL,E3785R1,CNAII

2026-04-13T11:58:18.701Z,true,false,false,false,100L,PURGA DE FOTO LATERAL,E3785R1,CNAII

2026-04-13T11:58:23.720Z,true,false,false,false,101L,PURGA DE FOTO LATERAL,E3785R1,CNAII

2026-04-13T11:58:29.737Z,true,false,false,false,102L,PURGA DE FOTO LATERAL,E3785R1,CNAII

2026-04-13T11:58:35.757Z,true,false,false,false,103L,PURGA DE FOTO LATERAL,E3785R1,CNAII

2026-04-13T11:58:41.778Z,true,false,false,false,tesF,PURGA DE FOTO FRONTAL,E3785R1,CNAII

2026-04-13T11:58:47.824Z,true,false,false,false,104F,Distancia entre SE - Perpendicularidad SE,E3785R1,CNAII

2026-04-13T11:58:50.831Z,true,false,false,false,105F,Distancia entre SE - Perpendicularidad SE,E3785R1,CNAII

2026-04-13T11:58:55.871Z,true,false,false,false,106F,Distancia entre SE - Perpendicularidad SE,E3785R1,CNAII

2026-04-13T11:58:58.880Z,true,false,false,false,107F,Distancia entre SE - Perpendicularidad SE,E3785R1,CNAII

2026-04-13T11:59:02.906Z,true,false,false,false,108F,Distancia entre SE - Perpendicularidad SE,E3785R1,CNAII

2026-04-13T11:59:06.916Z,true,false,false,false,109F,Distancia entre SE - Perpendicularidad SE,E3785R1,CNAII

2026-04-13T11:59:10.943Z,true,false,false,false,111F,Distancia entre SE - Perpendicularidad SE,E3785R1,CNAII

2026-04-13T11:59:15.976Z,true,false,false,false,112F,Distancia entre SE - Perpendicularidad SE,E3785R1,CNAII

2026-04-13T11:59:19.018Z,true,false,false,false,113F,Distancia entre SE - Perpendicularidad SE,E3785R1,CNAII

2026-04-13T11:59:22.017Z,true,false,false,false,6T.1,Rectitud EC,E3785R1,CNAII

2026-04-13T11:59:29.060Z,true,false,false,false,6T.2,Rectitud EC,E3785R1,CNAII

2026-04-13T11:59:31.073Z,true,false,false,false,6T.3,Rectitud EC,E3785R1,CNAII

2026-04-13T11:59:33.078Z,true,false,false,false,tesL,PURGA DE FOTO LATERAL,E3785R1,CNAII

2026-04-13T11:59:39.118Z,true,false,false,false,114L,PURGA DE FOTO LATERAL,E3785R1,CNAII

2026-04-13T11:59:43.140Z,true,false,false,false,115L,PURGA DE FOTO LATERAL,E3785R1,CNAII

2026-04-13T11:59:47.164Z,true,false,false,false,116L,PURGA DE FOTO LATERAL,E3785R1,CNAII

2026-04-13T11:59:53.202Z,true,false,false,false,117L,PURGA DE FOTO LATERAL,E3785R1,CNAII

2026-04-13T11:59:59.251Z,true,false,false,false,118L,PURGA DE FOTO LATERAL,E3785R1,CNAII

2026-04-13T12:00:05.333Z,true,false,false,false,tesF,PURGA DE FOTO FRONTAL,E3785R1,CNAII

2026-04-13T12:00:12.327Z,true,false,false,false,119F,Distancia entre SE - Perpendicularidad SE,E3785R1,CNAII

2026-04-13T12:00:15.359Z,true,false,false,false,120F,Distancia entre SE - Perpendicularidad SE,E3785R1,CNAII

2026-04-13T12:00:19.375Z,true,false,false,false,121F,Distancia entre SE - Perpendicularidad SE,E3785R1,CNAII

2026-04-13T12:00:23.399Z,true,false,false,false,122F,Distancia entre SE - Perpendicularidad SE,E3785R1,CNAII

2026-04-13T12:00:27.423Z,true,false,false,false,123F,Distancia entre SE - Perpendicularidad SE,E3785R1,CNAII

2026-04-13T12:00:31.432Z,true,false,false,false,124F,Distancia entre SE - Perpendicularidad SE,E3785R1,CNAII

2026-04-13T12:00:34.457Z,true,false,false,false,126F,Distancia entre SE - Perpendicularidad SE,E3785R1,CNAII

2026-04-13T12:00:39.489Z,true,false,false,false,127F,Distancia entre SE - Perpendicularidad SE,E3785R1,CNAII

2026-04-13T12:00:42.555Z,true,false,false,false,128F,Distancia entre SE - Perpendicularidad SE,E3785R1,CNAII

2026-04-13T12:00:46.540Z,true,false,false,false,5T.1,Rectitud EC,E3785R1,CNAII

2026-04-13T12:00:53.564Z,true,false,false,false,5T.2,Rectitud EC,E3785R1,CNAII

2026-04-13T12:00:55.577Z,true,false,false,false,5T.3,Rectitud EC,E3785R1,CNAII

2026-04-13T12:00:56.591Z,true,false,false,false,tesL,PURGA DE FOTO LATERAL,E3785R1,CNAII

2026-04-13T12:01:03.707Z,true,false,false,false,129L,PURGA DE FOTO LATERAL,E3785R1,CNAII

2026-04-13T12:01:06.700Z,true,false,false,false,130L,PURGA DE FOTO LATERAL,E3785R1,CNAII

2026-04-13T12:01:11.719Z,true,false,false,false,131L,PURGA DE FOTO LATERAL,E3785R1,CNAII

2026-04-13T12:01:17.721Z,true,false,false,false,132L,PURGA DE FOTO LATERAL,E3785R1,CNAII

2026-04-13T12:01:23.744Z,true,false,false,false,133L,PURGA DE FOTO LATERAL,E3785R1,CNAII

2026-04-13T12:01:29.781Z,true,false,false,false,tesF,PURGA DE FOTO FRONTAL,E3785R1,CNAII

2026-04-13T12:01:36.839Z,true,false,false,false,134F,Distancia entre SE - Perpendicularidad SE,E3785R1,CNAII

2026-04-13T12:01:39.840Z,true,false,false,false,135F,Distancia entre SE - Perpendicularidad SE,E3785R1,CNAII

2026-04-13T12:01:43.841Z,true,false,false,false,136F,Distancia entre SE - Perpendicularidad SE,E3785R1,CNAII

2026-04-13T12:01:47.880Z,true,false,false,false,137F,Distancia entre SE - Perpendicularidad SE,E3785R1,CNAII

2026-04-13T12:01:51.929Z,true,false,false,false,138F,Distancia entre SE - Perpendicularidad SE,E3785R1,CNAII

2026-04-13T12:01:55.973Z,true,false,false,false,139F,Distancia entre SE - Perpendicularidad SE,E3785R1,CNAII

2026-04-13T12:01:58.998Z,true,false,false,false,141F,Distancia entre SE - Perpendicularidad SE,E3785R1,CNAII

2026-04-13T12:02:04.031Z,true,false,false,false,142F,Distancia entre SE - Perpendicularidad SE,E3785R1,CNAII

2026-04-13T12:02:07.048Z,true,false,false,false,143F,Distancia entre SE - Perpendicularidad SE,E3785R1,CNAII

2026-04-13T12:02:10.082Z,true,false,false,false,4T.1,Rectitud EC,E3785R1,CNAII

2026-04-13T12:02:18.158Z,true,false,false,false,4T.2,Rectitud EC,E3785R1,CNAII

2026-04-13T12:02:19.168Z,true,false,false,false,4T.3,Rectitud EC,E3785R1,CNAII

2026-04-13T12:02:21.177Z,true,false,false,false,tesL,PURGA DE FOTO LATERAL,E3785R1,CNAII

2026-04-13T12:02:28.223Z,true,false,false,false,144L,PURGA DE FOTO LATERAL,E3785R1,CNAII

2026-04-13T12:02:31.222Z,true,false,false,false,145L,PURGA DE FOTO LATERAL,E3785R1,CNAII

2026-04-13T12:02:36.236Z,true,false,false,false,146L,PURGA DE FOTO LATERAL,E3785R1,CNAII

2026-04-13T12:02:42.277Z,true,false,false,false,147L,PURGA DE FOTO LATERAL,E3785R1,CNAII

2026-04-13T12:02:48.321Z,true,false,false,false,148L,PURGA DE FOTO LATERAL,E3785R1,CNAII

2026-04-13T12:02:54.328Z,true,false,false,false,tesF,PURGA DE FOTO FRONTAL,E3785R1,CNAII

2026-04-13T12:03:00.376Z,true,false,false,false,149F,Distancia entre SE - Perpendicularidad SE,E3785R1,CNAII

2026-04-13T12:03:04.393Z,true,false,false,false,150F,Distancia entre SE - Perpendicularidad SE,E3785R1,CNAII

2026-04-13T12:03:08.423Z,true,false,false,false,151F,Distancia entre SE - Perpendicularidad SE,E3785R1,CNAII

2026-04-13T12:03:12.444Z,true,false,false,false,152F,Distancia entre SE - Perpendicularidad SE,E3785R1,CNAII

2026-04-13T12:03:15.456Z,true,false,false,false,153F,Distancia entre SE - Perpendicularidad SE,E3785R1,CNAII

2026-04-13T12:03:20.496Z,true,false,false,false,154F,Distancia entre SE - Perpendicularidad SE,E3785R1,CNAII

2026-04-13T12:03:23.543Z,true,false,false,false,156F,Distancia entre SE - Perpendicularidad SE,E3785R1,CNAII

2026-04-13T12:03:28.544Z,true,false,false,false,157F,Distancia entre SE - Perpendicularidad SE,E3785R1,CNAII

2026-04-13T12:03:31.548Z,true,false,false,false,158F,Distancia entre SE - Perpendicularidad SE,E3785R1,CNAII

2026-04-13T12:03:34.560Z,true,false,false,false,3T.1,Rectitud EC,E3785R1,CNAII

2026-04-13T12:03:42.591Z,true,false,false,false,3T.2,Rectitud EC,E3785R1,CNAII

2026-04-13T12:03:43.620Z,true,false,false,false,3T.3,Rectitud EC,E3785R1,CNAII

2026-04-13T12:03:45.627Z,true,false,false,false,tesL,PURGA DE FOTO LATERAL,E3785R1,CNAII

2026-04-13T12:03:51.694Z,true,false,false,false,159L,PURGA DE FOTO LATERAL,E3785R1,CNAII

2026-04-13T12:03:55.709Z,true,false,false,false,160L,PURGA DE FOTO LATERAL,E3785R1,CNAII

2026-04-13T12:03:59.722Z,true,false,false,false,161L,PURGA DE FOTO LATERAL,E3785R1,CNAII

2026-04-13T12:04:05.748Z,true,false,false,false,162L,PURGA DE FOTO LATERAL,E3785R1,CNAII

2026-04-13T12:04:11.826Z,true,false,false,false,163L,PURGA DE FOTO LATERAL,E3785R1,CNAII

2026-04-13T12:04:17.860Z,true,false,false,false,tesF,PURGA DE FOTO FRONTAL,E3785R1,CNAII

2026-04-13T12:04:24.889Z,true,false,false,false,164F,Distancia entre SE - Perpendicularidad SE,E3785R1,CNAII

2026-04-13T12:04:27.920Z,true,false,false,false,165F,Distancia entre SE - Perpendicularidad SE,E3785R1,CNAII

2026-04-13T12:04:31.933Z,true,false,false,false,166F,Distancia entre SE - Perpendicularidad SE,E3785R1,CNAII

2026-04-13T12:04:35.961Z,true,false,false,false,167F,Distancia entre SE - Perpendicularidad SE,E3785R1,CNAII

2026-04-13T12:04:39.979Z,true,false,false,false,168F,Distancia entre SE - Perpendicularidad SE,E3785R1,CNAII

2026-04-13T12:04:44.036Z,true,false,false,false,169F,Distancia entre SE - Perpendicularidad SE,E3785R1,CNAII

2026-04-13T12:04:47.038Z,true,false,false,false,171F,Distancia entre SE - Perpendicularidad SE,E3785R1,CNAII

2026-04-13T12:04:52.061Z,true,false,false,false,172F,Distancia entre SE - Perpendicularidad SE,E3785R1,CNAII

2026-04-13T12:04:56.098Z,true,false,false,false,173F,Distancia entre SE - Perpendicularidad SE,E3785R1,CNAII

2026-04-13T12:04:59.105Z,true,false,false,false,2T.1,Rectitud EC,E3785R1,CNAII

2026-04-13T12:05:06.143Z,true,false,false,false,2T.2,Rectitud EC,E3785R1,CNAII

2026-04-13T12:05:08.141Z,true,false,false,false,2T.3,Rectitud EC,E3785R1,CNAII

2026-04-13T12:05:10.144Z,true,false,false,false,tesL,PURGA DE FOTO LATERAL,E3785R1,CNAII

2026-04-13T12:05:16.175Z,true,false,false,false,174L,PURGA DE FOTO LATERAL,E3785R1,CNAII

2026-04-13T12:05:19.187Z,true,false,false,false,175L,PURGA DE FOTO LATERAL,E3785R1,CNAII

2026-04-13T12:05:24.235Z,true,false,false,false,176L,PURGA DE FOTO LATERAL,E3785R1,CNAII

2026-04-13T12:05:30.252Z,true,false,false,false,177L,PURGA DE FOTO LATERAL,E3785R1,CNAII

2026-04-13T12:05:36.326Z,true,false,false,false,178L,PURGA DE FOTO LATERAL,E3785R1,CNAII

2026-04-13T12:05:42.382Z,true,false,false,false,tesF,PURGA DE FOTO FRONTAL,E3785R1,CNAII

2026-04-13T12:05:49.452Z,true,false,false,false,179F,Distancia entre SE - Perpendicularidad SE,E3785R1,CNAII

2026-04-13T12:05:52.468Z,true,false,false,false,180F,Distancia entre SE - Perpendicularidad SE,E3785R1,CNAII

2026-04-13T12:05:56.481Z,true,false,false,false,181F,Distancia entre SE - Perpendicularidad SE,E3785R1,CNAII

2026-04-13T12:06:00.564Z,true,false,false,false,182F,Distancia entre SE - Perpendicularidad SE,E3785R1,CNAII

2026-04-13T12:06:04.547Z,true,false,false,false,183F,Distancia entre SE - Perpendicularidad SE,E3785R1,CNAII

2026-04-13T12:06:08.581Z,true,false,false,false,184F,Distancia entre SE - Perpendicularidad SE,E3785R1,CNAII

2026-04-13T12:06:11.596Z,true,false,false,false,186F,Distancia entre SE - Perpendicularidad SE,E3785R1,CNAII

2026-04-13T12:06:16.626Z,true,false,false,false,187F,Distancia entre SE - Perpendicularidad SE,E3785R1,CNAII

2026-04-13T12:06:19.709Z,true,false,false,false,188F,Distancia entre SE - Perpendicularidad SE,E3785R1,CNAII

2026-04-13T12:06:22.708Z,true,false,false,false,1T.1,Rectitud EC,E3785R1,CNAII

2026-04-13T12:06:30.759Z,true,false,false,false,1T.2,Rectitud EC,E3785R1,CNAII

2026-04-13T12:06:31.761Z,true,false,false,false,1T.3,Rectitud EC,E3785R1,CNAII

2026-04-13T12:06:33.783Z,true,false,false,false,tesL,PURGA DE FOTO LATERAL,E3785R1,CNAII

2026-04-13T12:06:39.849Z,true,false,false,false,189L,PURGA DE FOTO LATERAL,E3785R1,CNAII

2026-04-13T12:06:43.839Z,true,false,false,false,190L,PURGA DE FOTO LATERAL,E3785R1,CNAII

2026-04-13T12:06:48.877Z,true,false,false,false,191L,PURGA DE FOTO LATERAL,E3785R1,CNAII

2026-04-13T12:06:53.930Z,true,false,false,false,192L,PURGA DE FOTO LATERAL,E3785R1,CNAII

2026-04-13T12:06:59.961Z,true,false,false,false,193L,PURGA DE FOTO LATERAL,E3785R1,CNAII

2026-04-13T12:07:06.039Z,true,false,false,false,tesF,PURGA DE FOTO FRONTAL,E3785R1,CNAII

2026-04-13T12:07:13.080Z,true,false,false,false,194F,Distancia entre SE - Perpendicularidad SE,E3785R1,CNAII

2026-04-13T12:07:16.129Z,true,false,false,false,195F,Distancia entre SE - Perpendicularidad SE,E3785R1,CNAII

2026-04-13T12:07:20.159Z,true,false,false,false,196F,Distancia entre SE - Perpendicularidad SE,E3785R1,CNAII

2026-04-13T12:07:24.197Z,true,false,false,false,197F,Distancia entre SE - Perpendicularidad SE,E3785R1,CNAII

2026-04-13T12:07:28.241Z,true,false,false,false,198F,Distancia entre SE - Perpendicularidad SE,E3785R1,CNAII

2026-04-13T12:07:32.253Z,true,false,false,false,199F,Distancia entre SE - Perpendicularidad SE,E3785R1,CNAII

2026-04-13T12:07:35.280Z,true,false,false,false,201F,Distancia entre SE - Perpendicularidad SE,E3785R1,CNAII

2026-04-13T12:07:40.327Z,true,false,false,false,202F,Distancia entre SE - Perpendicularidad SE,E3785R1,CNAII

2026-04-13T12:07:43.337Z,true,false,false,false,203F,Distancia entre SE - Perpendicularidad SE,E3785R1,CNAII

2026-04-13T12:07:47.374Z,true,false,false,false,001F,Distancia entre SE y PP,E3785R1,CNAII

2026-04-13T12:07:53.422Z,true,false,false,false,210F,Distancia entre SE y PP,E3785R1,CNAII

2026-04-13T12:07:56.433Z,true,false,false,false,002F,Distancia entre SE y PP,E3785R1,CNAII

2026-04-13T12:08:03.462Z,true,false,false,false,211F,Distancia entre SE y PP,E3785R1,CNAII

2026-04-13T12:08:09.564Z,true,false,false,false,003F,Distancia entre SE y PP,E3785R1,CNAII

2026-04-13T12:08:16.618Z,true,false,false,false,tesL,PURGA DE FOTO LATERAL,E3785R1,CNAII

2026-04-13T12:08:22.708Z,true,false,false,false,212L,PURGA DE FOTO LATERAL,E3785R1,CNAII

2026-04-13T12:08:24.708Z,true,false,false,false,213L,PURGA DE FOTO LATERAL,E3785R1,CNAII

2026-04-13T12:08:32.752Z,true,false,false,false,214L,PURGA DE FOTO LATERAL,E3785R1,CNAII

2026-04-13T12:08:40.829Z,true,false,false,false,tesL,PURGA DE FOTO LATERAL,E3785R1,CNAII

2026-04-13T12:08:48.881Z,true,false,false,false,216L,Presencia de soldadura TVS - Fisuras soldadura TVS,E3785R1,CNAII

2026-04-13T12:08:53.937Z,true,false,false,false,217L,Presencia de soldadura TVS - Fisuras soldadura TVS,E3785R1,CNAII

2026-04-13T12:09:03.031Z,true,false,false,false,218L,Presencia de soldadura TVS - Fisuras soldadura TVS,E3785R1,CNAII

2026-04-13T12:09:11.082Z,true,false,false,false,tesL,PURGA DE FOTO LATERAL,E3785R1,CNAII

2026-04-13T12:09:22.155Z,true,false,false,false,0T.1,Rectitud EC PP,E3785R1,CNAII

2026-04-13T12:09:26.187Z,true,false,false,false,0T.2,Rectitud EC PP,E3785R1,CNAII

2026-04-13T12:09:27.198Z,true,false,false,false,0T.3,Rectitud EC PP,E3785R1,CNAII

2026-04-13T12:09:29.235Z,true,false,false,false,14T.1,Rectitud EC PP,E3785R1,CNAII

2026-04-13T12:09:33.261Z,true,false,false,false,14T.2,Rectitud EC PP,E3785R1,CNAII

2026-04-13T12:09:34.274Z,true,false,false,false,14T.3,Rectitud EC PP,E3785R1,CNAII

2026-04-13T12:09:35.297Z,true,false,false,false,222L,Rectitud EC PP,E3785R1,CNAII

2026-04-13T12:09:39.330Z,true,false,false,false,223L,Rectitud EC PP,E3785R1,CNAII

2026-04-13T12:09:44.381Z,true,false,false,false,224L,Rectitud EC PP,E3785R1,CNAII

2026-04-13T12:09:49.438Z,true,false,false,false,225L,Rectitud EC PP,E3785R1,CNAII

2026-04-13T12:09:54.453Z,true,false,false,false,226L,Rectitud EC PP,E3785R1,CNAII

2026-04-13T12:09:59.491Z,true,false,false,false,227L,Rectitud EC PP,E3785R1,CNAII

2026-04-13T12:10:04.546Z,true,false,false,false,tesL,PURGA DE FOTO LATERAL,E3785R1,CNAII

2026-04-13T12:10:10.577Z,true,false,false,false,228L,PURGA DE FOTO LATERAL,E3785R1,CNAII

2026-04-13T12:10:22.721Z,true,false,false,false,229L,PURGA DE FOTO LATERAL,E3785R1,CNAII

2026-04-13T12:10:26.748Z,true,false,false,false,230L,PURGA DE FOTO LATERAL,E3785R1,CNAII

2026-04-13T12:10:31.779Z,true,false,false,false,231L,PURGA DE FOTO LATERAL,E3785R1,CNAII

2026-04-13T12:10:36.836Z,true,false,false,false,232L,PURGA DE FOTO LATERAL,E3785R1,CNAII

2026-04-13T12:10:41.857Z,true,false,false,false,233L,PURGA DE FOTO LATERAL,E3785R1,CNAII

2026-04-13T12:10:46.908Z,true,false,false,false,tesF,PURGA DE FOTO FRONTAL,E3785R1,CNAII

2026-04-13T12:10:50.977Z,true,false,false,false,240F,PURGA DE FOTO FRONTAL,E3785R1,CNAII

2026-04-13T12:10:54.973Z,true,false,false,false,241F,PURGA DE FOTO FRONTAL,E3785R1,CNAII

2026-04-13T12:10:58.995Z,true,false,false,false,242F,PURGA DE FOTO FRONTAL,E3785R1,CNAII

2026-04-13T12:10:59.996Z,true,false,false,false,tesF,PURGA DE FOTO FRONTAL,E3785R1,CNAII

2026-04-13T12:11:05.039Z,true,false,false,false,,,E3785R1,CNAII

2026-04-13T12:12:22.757Z,false,false,false,true,,,E3785R1,CNAII

2026-04-13T12:12:32.863Z,false,false,false,false,,,E3785R1,CNAII

2026-04-13T13:09:24.918Z,true,false,false,false,,,E3786,CNAII

2026-04-13T13:09:52.125Z,true,false,false,false,13T.1,Rectitud EC,E3786,CNAII

2026-04-13T13:10:10.279Z,true,false,false,false,13T.2,Rectitud EC,E3786,CNAII

2026-04-13T13:10:11.284Z,true,false,false,false,13T.3,Rectitud EC,E3786,CNAII

2026-04-13T13:10:13.297Z,true,false,false,false,AZ4-A,Rectitud EC,E3786,CNAII

2026-04-13T13:10:15.332Z,true,false,false,false,AZ4-B,Zapata tipo I/II 4,E3786,CNAII

2026-04-13T13:10:18.363Z,true,false,false,false,AZ3-A,Zapata tipo I/II 4,E3786,CNAII

2026-04-13T13:10:23.372Z,true,false,false,false,AZ3-B,Zapata tipo I/II 3,E3786,CNAII

2026-04-13T13:10:25.382Z,true,false,false,false,AZ2-B,Zapata tipo I/II 2,E3786,CNAII

2026-04-13T13:10:29.422Z,true,false,false,false,AZ12-A,Zapata tipo I/II 2,E3786,CNAII

2026-04-13T13:10:32.496Z,true,false,false,false,AZ1-B,Zapata tipo I/II 1,E3786,CNAII

2026-04-13T13:10:34.487Z,true,false,false,false,AZ6-B,Zapata tipo I/II 6,E3786,CNAII

2026-04-13T13:10:43.521Z,true,false,false,false,AZ56-A,Zapata tipo I/II 6,E3786,CNAII

2026-04-13T13:10:45.515Z,true,false,false,false,AZ5-B,Zapata tipo I/II 5,E3786,CNAII

2026-04-13T13:10:48.542Z,true,false,false,false,tesF,PURGA DE FOTO FRONTAL,E3786,CNAII

2026-04-13T13:10:50.550Z,true,false,false,false,1F,PURGA DE FOTO FRONTAL,E3786,CNAII

2026-04-13T13:10:53.570Z,true,false,false,false,2F,PURGA DE FOTO FRONTAL,E3786,CNAII

2026-04-13T13:10:57.593Z,true,false,false,false,3F,Distancia entre SE - Perpendicularidad SE,E3786,CNAII

2026-04-13T13:11:01.622Z,true,false,false,false,4F,Distancia entre SE - Perpendicularidad SE,E3786,CNAII

2026-04-13T13:11:05.644Z,true,false,false,false,5F,Distancia entre SE - Perpendicularidad SE,E3786,CNAII

2026-04-13T13:11:08.674Z,true,false,false,false,6F,Distancia entre SE - Perpendicularidad SE,E3786,CNAII

2026-04-13T13:11:11.714Z,true,false,false,false,7F,Distancia entre SE - Perpendicularidad SE,E3786,CNAII

2026-04-13T13:11:14.730Z,true,false,false,false,9F,Distancia entre SE - Perpendicularidad SE,E3786,CNAII

2026-04-13T13:11:19.764Z,true,false,false,false,10F,Distancia entre SE - Perpendicularidad SE,E3786,CNAII

2026-04-13T13:11:22.769Z,true,false,false,false,11F,Distancia entre SE - Perpendicularidad SE,E3786,CNAII

2026-04-13T13:11:25.791Z,true,false,false,false,12F,Distancia entre SE - Perpendicularidad SE,E3786,CNAII

2026-04-13T13:11:28.834Z,true,false,false,false,tesL,PURGA DE FOTO LATERAL,E3786,CNAII

2026-04-13T13:11:34.848Z,true,false,false,false,13L,PURGA DE FOTO LATERAL,E3786,CNAII

2026-04-13T13:11:36.861Z,true,false,false,false,14L,PURGA DE FOTO LATERAL,E3786,CNAII

2026-04-13T13:11:41.883Z,true,false,false,false,15L,PURGA DE FOTO LATERAL,E3786,CNAII

2026-04-13T13:11:45.930Z,true,false,false,false,16L,PURGA DE FOTO LATERAL,E3786,CNAII

2026-04-13T13:11:48.942Z,true,false,false,false,17L,PURGA DE FOTO LATERAL,E3786,CNAII

2026-04-13T13:11:55.008Z,true,false,false,false,18L,PURGA DE FOTO LATERAL,E3786,CNAII

2026-04-13T13:11:59.040Z,true,false,false,false,19L,PURGA DE FOTO LATERAL,E3786,CNAII

2026-04-13T13:12:03.062Z,true,false,false,false,12T.1,Rectitud EC,E3786,CNAII

2026-04-13T13:12:18.155Z,true,false,false,false,12T.2,Rectitud EC,E3786,CNAII

2026-04-13T13:12:19.168Z,true,false,false,false,12T.3,Rectitud EC,E3786,CNAII

2026-04-13T13:12:21.182Z,true,false,false,false,tesL,PURGA DE FOTO LATERAL,E3786,CNAII

2026-04-13T13:12:28.230Z,true,false,false,false,24L,PURGA DE FOTO LATERAL,E3786,CNAII

2026-04-13T13:12:31.236Z,true,false,false,false,25L,PURGA DE FOTO LATERAL,E3786,CNAII

2026-04-13T13:12:36.281Z,true,false,false,false,26L,PURGA DE FOTO LATERAL,E3786,CNAII

2026-04-13T13:12:42.334Z,true,false,false,false,27L,PURGA DE FOTO LATERAL,E3786,CNAII

2026-04-13T13:12:48.362Z,true,false,false,false,28L,PURGA DE FOTO LATERAL,E3786,CNAII

2026-04-13T13:12:54.399Z,true,false,false,false,tesF,PURGA DE FOTO FRONTAL,E3786,CNAII

2026-04-13T13:13:00.493Z,true,false,false,false,29F,Distancia entre SE - Perpendicularidad SE,E3786,CNAII

2026-04-13T13:13:03.484Z,true,false,false,false,30F,Distancia entre SE - Perpendicularidad SE,E3786,CNAII

2026-04-13T13:13:08.531Z,true,false,false,false,31F,Distancia entre SE - Perpendicularidad SE,E3786,CNAII

2026-04-13T13:13:11.528Z,true,false,false,false,32F,Distancia entre SE - Perpendicularidad SE,E3786,CNAII

2026-04-13T13:13:15.550Z,true,false,false,false,33F,Distancia entre SE - Perpendicularidad SE,E3786,CNAII

2026-04-13T13:13:19.568Z,true,false,false,false,34F,Distancia entre SE - Perpendicularidad SE,E3786,CNAII

2026-04-13T13:13:23.589Z,true,false,false,false,36F,Distancia entre SE - Perpendicularidad SE,E3786,CNAII

2026-04-13T13:13:27.621Z,true,false,false,false,37F,Distancia entre SE - Perpendicularidad SE,E3786,CNAII

2026-04-13T13:13:31.647Z,true,false,false,false,38F,Distancia entre SE - Perpendicularidad SE,E3786,CNAII

2026-04-13T13:13:34.679Z,true,false,false,false,11T.1,Rectitud EC,E3786,CNAII

2026-04-13T13:13:40.721Z,true,false,false,false,11T.2,Rectitud EC,E3786,CNAII

2026-04-13T13:13:42.739Z,true,false,false,false,11T.3,Rectitud EC,E3786,CNAII

2026-04-13T13:13:44.750Z,true,false,false,false,tesL,PURGA DE FOTO LATERAL,E3786,CNAII

2026-04-13T13:13:51.816Z,true,false,false,false,39L,PURGA DE FOTO LATERAL,E3786,CNAII

2026-04-13T13:13:54.833Z,true,false,false,false,40L,PURGA DE FOTO LATERAL,E3786,CNAII

2026-04-13T13:13:59.872Z,true,false,false,false,41L,PURGA DE FOTO LATERAL,E3786,CNAII

2026-04-13T13:14:05.904Z,true,false,false,false,42L,PURGA DE FOTO LATERAL,E3786,CNAII

2026-04-13T13:14:11.945Z,true,false,false,false,43L,PURGA DE FOTO LATERAL,E3786,CNAII

2026-04-13T13:14:17.990Z,true,false,false,false,tesF,PURGA DE FOTO FRONTAL,E3786,CNAII

2026-04-13T13:14:24.034Z,true,false,false,false,44F,Distancia entre SE - Perpendicularidad SE,E3786,CNAII

2026-04-13T13:14:27.038Z,true,false,false,false,45F,Distancia entre SE - Perpendicularidad SE,E3786,CNAII

2026-04-13T13:14:31.089Z,true,false,false,false,46F,Distancia entre SE - Perpendicularidad SE,E3786,CNAII

2026-04-13T13:14:35.131Z,true,false,false,false,47F,Distancia entre SE - Perpendicularidad SE,E3786,CNAII

2026-04-13T13:14:39.154Z,true,false,false,false,48F,Distancia entre SE - Perpendicularidad SE,E3786,CNAII

2026-04-13T13:14:43.191Z,true,false,false,false,49F,Distancia entre SE - Perpendicularidad SE,E3786,CNAII

2026-04-13T13:14:46.239Z,true,false,false,false,51F,Distancia entre SE - Perpendicularidad SE,E3786,CNAII

2026-04-13T13:14:51.241Z,true,false,false,false,52F,Distancia entre SE - Perpendicularidad SE,E3786,CNAII

2026-04-13T13:14:54.266Z,true,false,false,false,53F,Distancia entre SE - Perpendicularidad SE,E3786,CNAII

2026-04-13T13:14:57.308Z,true,false,false,false,10T.1,Rectitud EC,E3786,CNAII

2026-04-13T13:15:04.337Z,true,false,false,false,10T.2,Rectitud EC,E3786,CNAII

2026-04-13T13:15:06.344Z,true,false,false,false,10T.3,Rectitud EC,E3786,CNAII

2026-04-13T13:15:08.351Z,true,false,false,false,tesL,PURGA DE FOTO LATERAL,E3786,CNAII

2026-04-13T13:15:15.408Z,true,false,false,false,54L,PURGA DE FOTO LATERAL,E3786,CNAII

2026-04-13T13:15:18.418Z,true,false,false,false,55L,PURGA DE FOTO LATERAL,E3786,CNAII

2026-04-13T13:15:23.517Z,true,false,false,false,56L,PURGA DE FOTO LATERAL,E3786,CNAII

2026-04-13T13:15:29.527Z,true,false,false,false,57L,PURGA DE FOTO LATERAL,E3786,CNAII

2026-04-13T13:15:35.550Z,true,false,false,false,58L,PURGA DE FOTO LATERAL,E3786,CNAII

2026-04-13T13:15:41.589Z,true,false,false,false,tesF,PURGA DE FOTO FRONTAL,E3786,CNAII

2026-04-13T13:15:47.630Z,true,false,false,false,59F,Distancia entre SE - Perpendicularidad SE,E3786,CNAII

2026-04-13T13:15:50.651Z,true,false,false,false,60F,Distancia entre SE - Perpendicularidad SE,E3786,CNAII

2026-04-13T13:15:54.673Z,true,false,false,false,61F,Distancia entre SE - Perpendicularidad SE,E3786,CNAII

2026-04-13T13:15:58.729Z,true,false,false,false,62F,Distancia entre SE - Perpendicularidad SE,E3786,CNAII

2026-04-13T13:16:02.737Z,true,false,false,false,63F,Distancia entre SE - Perpendicularidad SE,E3786,CNAII

2026-04-13T13:16:06.768Z,true,false,false,false,64F,Distancia entre SE - Perpendicularidad SE,E3786,CNAII

2026-04-13T13:16:09.773Z,true,false,false,false,66F,Distancia entre SE - Perpendicularidad SE,E3786,CNAII

2026-04-13T13:16:14.845Z,true,false,false,false,67F,Distancia entre SE - Perpendicularidad SE,E3786,CNAII

2026-04-13T13:16:17.849Z,true,false,false,false,68F,Distancia entre SE - Perpendicularidad SE,E3786,CNAII

2026-04-13T13:16:20.860Z,true,false,false,false,9T.1,Rectitud EC,E3786,CNAII

2026-04-13T13:16:28.904Z,true,false,false,false,9T.2,Rectitud EC,E3786,CNAII

2026-04-13T13:16:30.928Z,true,false,false,false,9T.3,Rectitud EC,E3786,CNAII

2026-04-13T13:16:31.922Z,true,false,false,false,tesL,PURGA DE FOTO LATERAL,E3786,CNAII

2026-04-13T13:16:38.946Z,true,false,false,false,69L,PURGA DE FOTO LATERAL,E3786,CNAII

2026-04-13T13:16:41.961Z,true,false,false,false,70L,PURGA DE FOTO LATERAL,E3786,CNAII

2026-04-13T13:16:46.996Z,true,false,false,false,71L,PURGA DE FOTO LATERAL,E3786,CNAII

2026-04-13T13:16:53.036Z,true,false,false,false,72L,PURGA DE FOTO LATERAL,E3786,CNAII

2026-04-13T13:16:59.094Z,true,false,false,false,73L,PURGA DE FOTO LATERAL,E3786,CNAII

2026-04-13T13:17:05.135Z,true,false,false,false,tesF,PURGA DE FOTO FRONTAL,E3786,CNAII

2026-04-13T13:17:11.163Z,true,false,false,false,74F,Distancia entre SE - Perpendicularidad SE,E3786,CNAII

2026-04-13T13:17:14.200Z,true,false,false,false,75F,Distancia entre SE - Perpendicularidad SE,E3786,CNAII

2026-04-13T13:17:19.237Z,true,false,false,false,76F,Distancia entre SE - Perpendicularidad SE,E3786,CNAII

2026-04-13T13:17:22.242Z,true,false,false,false,77F,Distancia entre SE - Perpendicularidad SE,E3786,CNAII

2026-04-13T13:17:26.275Z,true,false,false,false,78F,Distancia entre SE - Perpendicularidad SE,E3786,CNAII

2026-04-13T13:17:31.323Z,true,false,false,false,79F,Distancia entre SE - Perpendicularidad SE,E3786,CNAII

2026-04-13T13:17:34.327Z,true,false,false,false,81F,Distancia entre SE - Perpendicularidad SE,E3786,CNAII

2026-04-13T13:17:39.364Z,true,false,false,false,82F,Distancia entre SE - Perpendicularidad SE,E3786,CNAII

2026-04-13T13:17:42.391Z,true,false,false,false,83F,Distancia entre SE - Perpendicularidad SE,E3786,CNAII

2026-04-13T13:17:45.432Z,true,false,false,false,8T.1,Rectitud EC,E3786,CNAII

2026-04-13T13:17:52.506Z,true,false,false,false,8T.2,Rectitud EC,E3786,CNAII

2026-04-13T13:17:54.487Z,true,false,false,false,8T.3,Rectitud EC,E3786,CNAII

2026-04-13T13:17:56.507Z,true,false,false,false,tesL,PURGA DE FOTO LATERAL,E3786,CNAII

2026-04-13T13:18:02.531Z,true,false,false,false,84L,PURGA DE FOTO LATERAL,E3786,CNAII

2026-04-13T13:18:06.557Z,true,false,false,false,85L,PURGA DE FOTO LATERAL,E3786,CNAII

2026-04-13T13:18:10.592Z,true,false,false,false,86L,PURGA DE FOTO LATERAL,E3786,CNAII

2026-04-13T13:18:16.628Z,true,false,false,false,87L,PURGA DE FOTO LATERAL,E3786,CNAII

2026-04-13T13:18:22.653Z,true,false,false,false,88L,PURGA DE FOTO LATERAL,E3786,CNAII

2026-04-13T13:18:28.675Z,true,false,false,false,tesF,PURGA DE FOTO FRONTAL,E3786,CNAII

2026-04-13T13:18:35.728Z,true,false,false,false,89F,Distancia entre SE - Perpendicularidad SE,E3786,CNAII

2026-04-13T13:18:38.734Z,true,false,false,false,90F,Distancia entre SE - Perpendicularidad SE,E3786,CNAII

2026-04-13T13:18:42.757Z,true,false,false,false,91F,Distancia entre SE - Perpendicularidad SE,E3786,CNAII

2026-04-13T13:18:46.781Z,true,false,false,false,92F,Distancia entre SE - Perpendicularidad SE,E3786,CNAII

2026-04-13T13:18:50.833Z,true,false,false,false,93F,Distancia entre SE - Perpendicularidad SE,E3786,CNAII

2026-04-13T13:18:54.858Z,true,false,false,false,94F,Distancia entre SE - Perpendicularidad SE,E3786,CNAII

2026-04-13T13:18:57.869Z,true,false,false,false,96F,Distancia entre SE - Perpendicularidad SE,E3786,CNAII

2026-04-13T13:19:02.904Z,true,false,false,false,97F,Distancia entre SE - Perpendicularidad SE,E3786,CNAII

2026-04-13T13:19:05.913Z,true,false,false,false,98F,Distancia entre SE - Perpendicularidad SE,E3786,CNAII

2026-04-13T13:19:09.940Z,true,false,false,false,7T.1,Rectitud EC,E3786,CNAII

2026-04-13T13:19:16.984Z,true,false,false,false,7T.2,Rectitud EC,E3786,CNAII

2026-04-13T13:19:18.994Z,true,false,false,false,7T.3,Rectitud EC,E3786,CNAII

2026-04-13T13:19:19.999Z,true,false,false,false,tesL,PURGA DE FOTO LATERAL,E3786,CNAII

2026-04-13T13:19:27.048Z,true,false,false,false,99L,PURGA DE FOTO LATERAL,E3786,CNAII

2026-04-13T13:19:30.067Z,true,false,false,false,100L,PURGA DE FOTO LATERAL,E3786,CNAII

2026-04-13T13:19:35.114Z,true,false,false,false,101L,PURGA DE FOTO LATERAL,E3786,CNAII

2026-04-13T13:19:41.138Z,true,false,false,false,102L,PURGA DE FOTO LATERAL,E3786,CNAII

2026-04-13T13:19:47.169Z,true,false,false,false,103L,PURGA DE FOTO LATERAL,E3786,CNAII

2026-04-13T13:19:53.241Z,true,false,false,false,tesF,PURGA DE FOTO FRONTAL,E3786,CNAII

2026-04-13T13:19:59.264Z,true,false,false,false,104F,Distancia entre SE - Perpendicularidad SE,E3786,CNAII

2026-04-13T13:20:03.294Z,true,false,false,false,105F,Distancia entre SE - Perpendicularidad SE,E3786,CNAII

2026-04-13T13:20:07.318Z,true,false,false,false,106F,Distancia entre SE - Perpendicularidad SE,E3786,CNAII

2026-04-13T13:20:11.354Z,true,false,false,false,107F,Distancia entre SE - Perpendicularidad SE,E3786,CNAII

2026-04-13T13:20:14.349Z,true,false,false,false,108F,Distancia entre SE - Perpendicularidad SE,E3786,CNAII

2026-04-13T13:20:19.372Z,true,false,false,false,109F,Distancia entre SE - Perpendicularidad SE,E3786,CNAII

2026-04-13T13:20:22.396Z,true,false,false,false,111F,Distancia entre SE - Perpendicularidad SE,E3786,CNAII

2026-04-13T13:20:27.429Z,true,false,false,false,112F,Distancia entre SE - Perpendicularidad SE,E3786,CNAII

2026-04-13T13:20:30.461Z,true,false,false,false,113F,Distancia entre SE - Perpendicularidad SE,E3786,CNAII

2026-04-13T13:20:33.479Z,true,false,false,false,6T.1,Rectitud EC,E3786,CNAII

2026-04-13T13:20:41.543Z,true,false,false,false,6T.2,Rectitud EC,E3786,CNAII

2026-04-13T13:20:42.549Z,true,false,false,false,6T.3,Rectitud EC,E3786,CNAII

2026-04-13T13:20:44.556Z,true,false,false,false,tesL,PURGA DE FOTO LATERAL,E3786,CNAII

2026-04-13T13:20:50.583Z,true,false,false,false,114L,PURGA DE FOTO LATERAL,E3786,CNAII

2026-04-13T13:20:53.626Z,true,false,false,false,115L,PURGA DE FOTO LATERAL,E3786,CNAII

2026-04-13T13:20:58.665Z,true,false,false,false,116L,PURGA DE FOTO LATERAL,E3786,CNAII

2026-04-13T13:21:04.677Z,true,false,false,false,117L,PURGA DE FOTO LATERAL,E3786,CNAII

2026-04-13T13:21:10.716Z,true,false,false,false,118L,PURGA DE FOTO LATERAL,E3786,CNAII

2026-04-13T13:21:16.766Z,true,false,false,false,tesF,PURGA DE FOTO FRONTAL,E3786,CNAII

2026-04-13T13:21:23.806Z,true,false,false,false,119F,Distancia entre SE - Perpendicularidad SE,E3786,CNAII

2026-04-13T13:21:26.833Z,true,false,false,false,120F,Distancia entre SE - Perpendicularidad SE,E3786,CNAII

2026-04-13T13:21:30.849Z,true,false,false,false,121F,Distancia entre SE - Perpendicularidad SE,E3786,CNAII

2026-04-13T13:21:34.874Z,true,false,false,false,122F,Distancia entre SE - Perpendicularidad SE,E3786,CNAII

2026-04-13T13:21:38.875Z,true,false,false,false,123F,Distancia entre SE - Perpendicularidad SE,E3786,CNAII

2026-04-13T13:21:42.921Z,true,false,false,false,124F,Distancia entre SE - Perpendicularidad SE,E3786,CNAII

2026-04-13T13:21:45.939Z,true,false,false,false,126F,Distancia entre SE - Perpendicularidad SE,E3786,CNAII

2026-04-13T13:21:50.970Z,true,false,false,false,127F,Distancia entre SE - Perpendicularidad SE,E3786,CNAII

2026-04-13T13:21:53.995Z,true,false,false,false,128F,Distancia entre SE - Perpendicularidad SE,E3786,CNAII

2026-04-13T13:21:57.014Z,true,false,false,false,5T.1,Rectitud EC,E3786,CNAII

2026-04-13T13:22:05.048Z,true,false,false,false,5T.2,Rectitud EC,E3786,CNAII

2026-04-13T13:22:07.059Z,true,false,false,false,5T.3,Rectitud EC,E3786,CNAII

2026-04-13T13:22:08.061Z,true,false,false,false,tesL,PURGA DE FOTO LATERAL,E3786,CNAII

2026-04-13T13:22:15.089Z,true,false,false,false,129L,PURGA DE FOTO LATERAL,E3786,CNAII

2026-04-13T13:22:18.137Z,true,false,false,false,130L,PURGA DE FOTO LATERAL,E3786,CNAII

2026-04-13T13:22:23.154Z,true,false,false,false,131L,PURGA DE FOTO LATERAL,E3786,CNAII

2026-04-13T13:22:29.191Z,true,false,false,false,132L,PURGA DE FOTO LATERAL,E3786,CNAII

2026-04-13T13:22:35.242Z,true,false,false,false,133L,PURGA DE FOTO LATERAL,E3786,CNAII

2026-04-13T13:22:41.270Z,true,false,false,false,tesF,PURGA DE FOTO FRONTAL,E3786,CNAII

2026-04-13T13:22:47.320Z,true,false,false,false,134F,Distancia entre SE - Perpendicularidad SE,E3786,CNAII

2026-04-13T13:22:50.344Z,true,false,false,false,135F,Distancia entre SE - Perpendicularidad SE,E3786,CNAII

2026-04-13T13:22:54.354Z,true,false,false,false,136F,Distancia entre SE - Perpendicularidad SE,E3786,CNAII

2026-04-13T13:22:58.373Z,true,false,false,false,137F,Distancia entre SE - Perpendicularidad SE,E3786,CNAII

2026-04-13T13:23:02.414Z,true,false,false,false,138F,Distancia entre SE - Perpendicularidad SE,E3786,CNAII

2026-04-13T13:23:06.513Z,true,false,false,false,139F,Distancia entre SE - Perpendicularidad SE,E3786,CNAII

2026-04-13T13:23:09.507Z,true,false,false,false,141F,Distancia entre SE - Perpendicularidad SE,E3786,CNAII

2026-04-13T13:23:14.501Z,true,false,false,false,142F,Distancia entre SE - Perpendicularidad SE,E3786,CNAII

2026-04-13T13:23:17.523Z,true,false,false,false,143F,Distancia entre SE - Perpendicularidad SE,E3786,CNAII

2026-04-13T13:23:21.540Z,true,false,false,false,4T.1,Rectitud EC,E3786,CNAII

2026-04-13T13:23:28.575Z,true,false,false,false,4T.2,Rectitud EC,E3786,CNAII

2026-04-13T13:23:30.586Z,true,false,false,false,4T.3,Rectitud EC,E3786,CNAII

2026-04-13T13:23:31.586Z,true,false,false,false,tesL,PURGA DE FOTO LATERAL,E3786,CNAII

2026-04-13T13:23:38.621Z,true,false,false,false,144L,PURGA DE FOTO LATERAL,E3786,CNAII

2026-04-13T13:23:41.634Z,true,false,false,false,145L,PURGA DE FOTO LATERAL,E3786,CNAII

2026-04-13T13:23:46.656Z,true,false,false,false,146L,PURGA DE FOTO LATERAL,E3786,CNAII

2026-04-13T13:23:52.703Z,true,false,false,false,147L,PURGA DE FOTO LATERAL,E3786,CNAII

2026-04-13T13:23:58.745Z,true,false,false,false,148L,PURGA DE FOTO LATERAL,E3786,CNAII

2026-04-13T13:24:04.757Z,true,false,false,false,tesF,PURGA DE FOTO FRONTAL,E3786,CNAII

2026-04-13T13:24:10.804Z,true,false,false,false,149F,Distancia entre SE - Perpendicularidad SE,E3786,CNAII

2026-04-13T13:24:13.825Z,true,false,false,false,150F,Distancia entre SE - Perpendicularidad SE,E3786,CNAII

2026-04-13T13:24:17.842Z,true,false,false,false,151F,Distancia entre SE - Perpendicularidad SE,E3786,CNAII

2026-04-13T13:24:21.876Z,true,false,false,false,152F,Distancia entre SE - Perpendicularidad SE,E3786,CNAII

2026-04-13T13:24:25.937Z,true,false,false,false,153F,Distancia entre SE - Perpendicularidad SE,E3786,CNAII

2026-04-13T13:24:29.957Z,true,false,false,false,154F,Distancia entre SE - Perpendicularidad SE,E3786,CNAII

2026-04-13T13:24:32.975Z,true,false,false,false,156F,Distancia entre SE - Perpendicularidad SE,E3786,CNAII

2026-04-13T13:24:38.000Z,true,false,false,false,157F,Distancia entre SE - Perpendicularidad SE,E3786,CNAII

2026-04-13T13:24:41.030Z,true,false,false,false,158F,Distancia entre SE - Perpendicularidad SE,E3786,CNAII

2026-04-13T13:24:45.047Z,true,false,false,false,3T.1,Rectitud EC,E3786,CNAII

2026-04-13T13:24:52.067Z,true,false,false,false,3T.2,Rectitud EC,E3786,CNAII

2026-04-13T13:24:54.075Z,true,false,false,false,3T.3,Rectitud EC,E3786,CNAII

2026-04-13T13:24:55.079Z,true,false,false,false,tesL,PURGA DE FOTO LATERAL,E3786,CNAII

2026-04-13T13:25:02.134Z,true,false,false,false,159L,PURGA DE FOTO LATERAL,E3786,CNAII

2026-04-13T13:25:05.152Z,true,false,false,false,160L,PURGA DE FOTO LATERAL,E3786,CNAII

2026-04-13T13:25:10.205Z,true,false,false,false,161L,PURGA DE FOTO LATERAL,E3786,CNAII

2026-04-13T13:25:16.248Z,true,false,false,false,162L,PURGA DE FOTO LATERAL,E3786,CNAII

2026-04-13T13:25:22.323Z,true,false,false,false,163L,PURGA DE FOTO LATERAL,E3786,CNAII

2026-04-13T13:25:28.349Z,true,false,false,false,tesF,PURGA DE FOTO FRONTAL,E3786,CNAII

2026-04-13T13:25:34.386Z,true,false,false,false,164F,Distancia entre SE - Perpendicularidad SE,E3786,CNAII

2026-04-13T13:25:37.423Z,true,false,false,false,165F,Distancia entre SE - Perpendicularidad SE,E3786,CNAII

2026-04-13T13:25:41.503Z,true,false,false,false,166F,Distancia entre SE - Perpendicularidad SE,E3786,CNAII

2026-04-13T13:25:45.494Z,true,false,false,false,167F,Distancia entre SE - Perpendicularidad SE,E3786,CNAII

2026-04-13T13:25:49.496Z,true,false,false,false,168F,Distancia entre SE - Perpendicularidad SE,E3786,CNAII

2026-04-13T13:25:53.510Z,true,false,true,false,,,E3786,CNAII

2026-04-13T13:26:30.736Z,false,false,false,true,,,E3786,CNAII

2026-04-13T13:27:53.287Z,false,false,false,false,,,E3786,CNAII

2026-04-13T13:28:29.498Z,true,false,false,false,,,E3786flecha,Test

2026-04-13T13:28:55.587Z,true,false,false,false,13T.1,Rectitud EC,E3786flecha,Test

2026-04-13T13:39:19.156Z,true,false,true,false,,,E3786flecha,Test

2026-04-13T13:39:37.264Z,false,false,false,true,,,E3786flecha,Test

2026-04-13T13:39:39.269Z,false,false,false,false,,,E3786flecha,Test

2026-04-13T15:02:53.676Z,false,false,false,false,,,E3786flecha,Test

2026-04-13T17:43:24.693Z,false,false,false,false,,,-,-

2026-04-13T17:47:47.519Z,false,false,false,false,,,E3786flecha,Test

2026-04-13T19:23:53.333Z,true,false,false,false,,,Filmadora1304,test2

2026-04-13T19:24:06.472Z,true,false,false,false,5.1,Posicion 1,Filmadora1304,test2

2026-04-13T19:24:15.561Z,true,false,false,false,240F,PURGA DE FOTO FRONTAL,Filmadora1304,test2

2026-04-13T19:24:22.625Z,true,false,false,false,241F,PURGA DE FOTO FRONTAL,Filmadora1304,test2

2026-04-13T19:24:25.695Z,true,false,false,false,242F,PURGA DE FOTO FRONTAL,Filmadora1304,test2

2026-04-13T19:24:26.672Z,true,false,false,false,tesF,PURGA DE FOTO FRONTAL,Filmadora1304,test2

2026-04-13T19:24:29.701Z,true,false,false,false,240C,Posicionamiento separador 13,Filmadora1304,test2

2026-04-13T19:26:29.821Z,true,false,true,false,,,Filmadora1304,test2

2026-04-13T19:26:32.862Z,false,false,false,true,,,Filmadora1304,test2

2026-04-13T19:26:37.872Z,false,false,false,false,,,Filmadora1304,test2

2026-04-13T19:26:55.074Z,true,false,false,false,,,ggyu,ftyhft

2026-04-13T19:27:23.315Z,true,false,false,false,5.1,Posicion 1,ggyu,ftyhft

2026-04-13T19:27:32.424Z,true,false,false,false,240F,PURGA DE FOTO FRONTAL,ggyu,ftyhft

2026-04-13T19:27:38.471Z,true,false,false,false,241F,PURGA DE FOTO FRONTAL,ggyu,ftyhft

2026-04-13T19:27:42.526Z,true,false,false,false,242F,PURGA DE FOTO FRONTAL,ggyu,ftyhft

2026-04-13T19:27:43.544Z,true,false,false,false,tesF,PURGA DE FOTO FRONTAL,ggyu,ftyhft

2026-04-13T19:27:45.563Z,true,false,false,false,240C,Posicionamiento separador 13,ggyu,ftyhft

2026-04-13T19:36:39.131Z,true,false,false,false,241C,Separador 13,ggyu,ftyhft

2026-04-13T19:37:00.194Z,true,false,false,false,242C,Posicionamiento separador 12,ggyu,ftyhft

2026-04-13T19:37:04.240Z,true,false,false,false,243C,Separador 12,ggyu,ftyhft

2026-04-13T19:37:25.485Z,true,false,false,false,244C,Posicionamiento separador 11,ggyu,ftyhft

2026-04-13T19:37:30.498Z,true,false,false,false,245C,Separador 11,ggyu,ftyhft

2026-04-13T19:37:51.697Z,true,false,false,false,246C,Posicionamiento separador 10,ggyu,ftyhft

2026-04-13T19:37:57.734Z,true,false,false,false,247C,Separador 10,ggyu,ftyhft

2026-04-13T19:38:18.985Z,true,false,false,false,248C,Posicionamiento separador 9,ggyu,ftyhft

2026-04-13T19:38:25.076Z,true,false,false,false,249C,Separador 9,ggyu,ftyhft

2026-04-13T19:38:46.260Z,true,false,false,false,250C,Posicionamiento separador 8,ggyu,ftyhft

2026-04-13T19:38:52.365Z,true,false,false,false,251C,Separador 8,ggyu,ftyhft

2026-04-13T19:39:13.521Z,true,false,false,false,252C,Posicionamiento separador 7,ggyu,ftyhft

2026-04-13T19:39:19.579Z,true,false,false,false,253C,Separador 7,ggyu,ftyhft

2026-04-13T19:39:40.834Z,true,false,false,false,254C,Posicionamiento separador 6,ggyu,ftyhft

2026-04-13T19:39:46.900Z,true,false,false,false,255C,Separador 6,ggyu,ftyhft

2026-04-13T19:40:09.111Z,true,false,false,false,256C,Posicionamiento separador 5,ggyu,ftyhft

2026-04-13T19:40:15.193Z,true,false,false,false,257C,Separador 5,ggyu,ftyhft

2026-04-13T19:40:36.381Z,true,false,false,false,258C,Posicionamiento separador 4,ggyu,ftyhft

2026-04-13T19:40:42.406Z,true,false,false,false,259C,Separador 4,ggyu,ftyhft

2026-04-13T19:41:03.639Z,true,false,false,false,260C,Posicionamiento separador 3,ggyu,ftyhft

2026-04-13T19:41:09.688Z,true,false,false,false,261C,Separador 3,ggyu,ftyhft

2026-04-13T19:41:30.931Z,true,false,false,false,262C,Posicionamiento separador 2,ggyu,ftyhft

2026-04-13T19:41:37.057Z,true,false,false,false,263C,Separador 2,ggyu,ftyhft

2026-04-13T19:41:58.192Z,true,false,false,false,264C,Posicionamiento separador 1,ggyu,ftyhft

2026-04-13T19:42:04.269Z,true,false,false,false,265C,Separador 1,ggyu,ftyhft

2026-04-13T19:42:26.505Z,true,false,false,false,266C,Posicionamiento placa portante,ggyu,ftyhft

2026-04-13T19:42:32.584Z,true,false,false,false,267C,Placa portante,ggyu,ftyhft

2026-04-13T19:42:53.814Z,true,false,false,false,,,ggyu,ftyhft

2026-04-13T19:44:08.605Z,false,false,false,true,,,ggyu,ftyhft

2026-04-13T19:48:55.469Z,false,false,false,false,,,ggyu,ftyhft

2026-04-14T13:24:25.784Z,false,false,false,false,,,ggyu,ftyhft

2026-04-14T13:25:22.614Z,false,false,false,false,,,ggyu,ftyhft

2026-04-14T13:25:56.099Z,false,false,false,false,,,ggyu,ftyhft

2026-04-14T13:26:12.185Z,false,false,false,false,,,ggyu,ftyhft

2026-04-14T13:28:50.408Z,false,false,false,false,,,ggyu,ftyhft

2026-04-14T13:29:01.196Z,false,false,false,false,,,ggyu,ftyhft

2026-04-14T13:29:10.290Z,false,false,false,false,,,ggyu,ftyhft

2026-04-14T13:29:34.295Z,false,false,false,false,,,ggyu,ftyhft

2026-04-14T13:29:46.617Z,false,false,false,false,,,ggyu,ftyhft

2026-04-14T13:34:44.507Z,false,false,false,false,,,ggyu,ftyhft

2026-04-14T13:34:45.530Z,false,false,false,false,,,ggyu,ftyhft

2026-04-14T13:34:46.507Z,false,false,false,false,,,ggyu,ftyhft

2026-04-14T13:34:47.534Z,false,false,false,false,,,ggyu,ftyhft

2026-04-14T13:34:53.575Z,false,false,false,false,,,ggyu,ftyhft

2026-04-14T13:34:55.604Z,false,false,false,false,,,ggyu,ftyhft

2026-04-14T13:34:58.621Z,false,false,false,false,,,ggyu,ftyhft

2026-04-14T13:35:00.673Z,false,false,false,false,,,ggyu,ftyhft

2026-04-14T13:35:01.662Z,false,false,false,false,,,ggyu,ftyhft

2026-04-14T13:35:02.666Z,false,false,false,false,,,ggyu,ftyhft

2026-04-14T13:35:08.737Z,false,false,false,false,,,ggyu,ftyhft

2026-04-14T13:35:10.742Z,false,false,false,false,,,ggyu,ftyhft

2026-04-14T13:35:11.750Z,false,false,false,false,,,ggyu,ftyhft

2026-04-14T13:35:12.743Z,false,false,false,false,,,ggyu,ftyhft

2026-04-14T13:35:15.770Z,false,false,false,false,,,ggyu,ftyhft

2026-04-14T13:35:16.798Z,false,false,false,false,,,ggyu,ftyhft

2026-04-14T13:35:19.806Z,false,false,false,false,,,ggyu,ftyhft

2026-04-14T13:35:21.847Z,false,false,false,false,,,ggyu,ftyhft

2026-04-14T13:35:24.859Z,false,false,false,false,,,ggyu,ftyhft

2026-04-14T13:35:27.899Z,false,false,false,false,,,ggyu,ftyhft

2026-04-14T13:35:29.914Z,false,false,false,false,,,ggyu,ftyhft

2026-04-14T13:35:30.939Z,false,false,false,false,,,ggyu,ftyhft

2026-04-14T13:35:40.012Z,false,false,false,false,,,ggyu,ftyhft

2026-04-14T13:35:42.047Z,false,false,false,false,,,ggyu,ftyhft

2026-04-14T13:35:49.105Z,false,false,false,false,,,ggyu,ftyhft

2026-04-14T13:35:52.139Z,false,false,false,false,,,ggyu,ftyhft

2026-04-14T13:35:55.202Z,false,false,false,false,,,ggyu,ftyhft

2026-04-14T13:35:56.199Z,false,false,false,false,,,ggyu,ftyhft

2026-04-14T13:35:57.206Z,false,false,false,false,,,ggyu,ftyhft

2026-04-14T13:35:58.219Z,false,false,false,false,,,ggyu,ftyhft

2026-04-14T13:35:59.219Z,false,false,false,false,,,ggyu,ftyhft

2026-04-14T13:36:02.253Z,false,false,false,false,,,ggyu,ftyhft

2026-04-14T13:36:03.270Z,false,false,false,false,,,ggyu,ftyhft

2026-04-14T13:36:08.329Z,false,false,false,false,,,ggyu,ftyhft

2026-04-14T13:36:09.348Z,false,false,false,false,,,ggyu,ftyhft

2026-04-14T13:36:10.353Z,false,false,false,false,,,ggyu,ftyhft

2026-04-14T13:36:11.358Z,false,false,false,false,,,ggyu,ftyhft

2026-04-14T13:36:13.386Z,false,false,false,false,,,ggyu,ftyhft

2026-04-14T13:36:14.481Z,false,false,false,false,,,ggyu,ftyhft

2026-04-14T13:36:19.495Z,false,false,false,false,,,ggyu,ftyhft

2026-04-14T13:36:20.487Z,false,false,false,false,,,ggyu,ftyhft

2026-04-14T13:36:21.502Z,false,false,false,false,,,ggyu,ftyhft

2026-04-14T13:36:22.488Z,false,false,false,false,,,ggyu,ftyhft

2026-04-14T13:36:23.519Z,false,false,false,false,,,ggyu,ftyhft

2026-04-14T13:36:25.508Z,false,false,false,false,,,ggyu,ftyhft

2026-04-14T13:36:26.538Z,false,false,false,false,,,ggyu,ftyhft

2026-04-14T13:36:30.559Z,false,false,false,false,,,ggyu,ftyhft

2026-04-14T13:36:33.617Z,false,false,false,false,,,ggyu,ftyhft

2026-04-14T13:36:34.604Z,false,false,false,false,,,ggyu,ftyhft

2026-04-14T13:36:36.634Z,false,false,false,false,,,ggyu,ftyhft

2026-04-14T13:36:37.639Z,false,false,false,false,,,ggyu,ftyhft

2026-04-14T13:36:39.668Z,false,false,false,false,,,ggyu,ftyhft

2026-04-14T13:36:41.710Z,false,false,false,false,,,ggyu,ftyhft

2026-04-14T13:36:43.722Z,false,false,false,false,,,ggyu,ftyhft

2026-04-14T13:36:44.715Z,false,false,false,false,,,ggyu,ftyhft

2026-04-14T13:36:48.715Z,false,false,false,false,,,ggyu,ftyhft

2026-04-14T13:36:49.725Z,false,false,false,false,,,ggyu,ftyhft

2026-04-14T13:36:50.771Z,false,false,false,false,,,ggyu,ftyhft

2026-04-14T13:36:53.782Z,false,false,false,false,,,ggyu,ftyhft

2026-04-14T13:36:54.788Z,false,false,false,false,,,ggyu,ftyhft

2026-04-14T13:36:56.788Z,false,false,false,false,,,ggyu,ftyhft

2026-04-14T13:36:57.800Z,false,false,false,false,,,ggyu,ftyhft

2026-04-14T13:36:58.813Z,false,false,false,false,,,ggyu,ftyhft

2026-04-14T13:37:02.862Z,false,false,false,false,,,ggyu,ftyhft

2026-04-14T13:37:04.907Z,false,false,false,false,,,ggyu,ftyhft

2026-04-14T13:37:05.927Z,false,false,false,false,,,ggyu,ftyhft

2026-04-14T13:37:06.947Z,false,false,false,false,,,ggyu,ftyhft

2026-04-14T13:37:07.957Z,false,false,false,false,,,ggyu,ftyhft

2026-04-14T13:37:12.052Z,false,false,false,false,,,ggyu,ftyhft

2026-04-14T13:37:16.022Z,false,false,false,false,,,ggyu,ftyhft

2026-04-14T13:37:17.030Z,false,false,false,false,,,ggyu,ftyhft

2026-04-14T13:37:19.046Z,false,false,false,false,,,ggyu,ftyhft

2026-04-14T13:37:24.150Z,false,false,false,false,,,ggyu,ftyhft

2026-04-14T13:37:25.148Z,false,false,false,false,,,ggyu,ftyhft

2026-04-14T13:37:28.221Z,false,false,false,false,,,ggyu,ftyhft

2026-04-14T13:37:29.238Z,false,false,false,false,,,ggyu,ftyhft

2026-04-14T13:37:31.250Z,false,false,false,false,,,ggyu,ftyhft

2026-04-14T13:37:32.248Z,false,false,false,false,,,ggyu,ftyhft

2026-04-14T13:38:01.488Z,false,false,false,false,,,ggyu,ftyhft

2026-04-14T13:38:03.506Z,false,false,false,false,,,ggyu,ftyhft

2026-04-14T13:38:04.532Z,false,false,false,false,,,ggyu,ftyhft

2026-04-14T13:38:05.532Z,false,false,false,false,,,ggyu,ftyhft

2026-04-14T13:38:06.537Z,false,false,false,false,,,ggyu,ftyhft

2026-04-14T13:38:07.563Z,false,false,false,false,,,ggyu,ftyhft

2026-04-14T13:38:08.543Z,false,false,false,false,,,ggyu,ftyhft

2026-04-14T13:38:10.557Z,false,false,false,false,,,ggyu,ftyhft

2026-04-14T13:38:14.605Z,false,false,false,false,,,ggyu,ftyhft

2026-04-14T13:38:15.641Z,false,false,false,false,,,ggyu,ftyhft

2026-04-14T13:38:18.657Z,false,false,false,false,,,ggyu,ftyhft

2026-04-14T13:38:19.663Z,false,false,false,false,,,ggyu,ftyhft

2026-04-14T13:38:21.670Z,false,false,false,false,,,ggyu,ftyhft

2026-04-14T13:38:22.696Z,false,false,false,false,,,ggyu,ftyhft

2026-04-14T13:38:23.703Z,false,false,false,false,,,ggyu,ftyhft

2026-04-14T13:38:26.713Z,false,false,false,false,,,ggyu,ftyhft

2026-04-14T13:38:28.731Z,false,false,false,false,,,ggyu,ftyhft

2026-04-14T13:38:30.755Z,false,false,false,false,,,ggyu,ftyhft

2026-04-14T13:38:34.807Z,false,false,false,false,,,ggyu,ftyhft

2026-04-14T13:38:36.830Z,false,false,false,false,,,ggyu,ftyhft

2026-04-14T13:38:37.848Z,false,false,false,false,,,ggyu,ftyhft

2026-04-14T13:38:40.888Z,false,false,false,false,,,ggyu,ftyhft

2026-04-14T13:38:41.921Z,false,false,false,false,,,ggyu,ftyhft

2026-04-14T13:38:42.905Z,false,false,false,false,,,ggyu,ftyhft

2026-04-14T13:38:45.951Z,false,false,false,false,,,ggyu,ftyhft

2026-04-14T13:38:46.950Z,false,false,false,false,,,ggyu,ftyhft

2026-04-14T13:38:49.991Z,false,false,false,false,,,ggyu,ftyhft

2026-04-14T13:38:54.043Z,false,false,false,false,,,ggyu,ftyhft

2026-04-14T13:38:57.054Z,false,false,false,false,,,ggyu,ftyhft

2026-04-14T13:38:58.070Z,false,false,false,false,,,ggyu,ftyhft

2026-04-14T13:38:59.109Z,false,false,false,false,,,ggyu,ftyhft

2026-04-14T13:39:00.098Z,false,false,false,false,,,ggyu,ftyhft

2026-04-14T13:39:02.126Z,false,false,false,false,,,ggyu,ftyhft

2026-04-14T13:39:03.123Z,false,false,false,false,,,ggyu,ftyhft

2026-04-14T13:39:04.126Z,false,false,false,false,,,ggyu,ftyhft

2026-04-14T13:39:07.144Z,false,false,false,false,,,ggyu,ftyhft

2026-04-14T13:39:08.147Z,false,false,false,false,,,ggyu,ftyhft

2026-04-14T13:39:09.198Z,false,false,false,false,,,ggyu,ftyhft

2026-04-14T13:39:10.191Z,false,false,false,false,,,ggyu,ftyhft

2026-04-14T13:39:12.224Z,false,false,false,false,,,ggyu,ftyhft

2026-04-14T13:39:13.213Z,false,false,false,false,,,ggyu,ftyhft

2026-04-14T13:39:14.220Z,false,false,false,false,,,ggyu,ftyhft

2026-04-14T13:39:19.287Z,false,false,false,false,,,ggyu,ftyhft

2026-04-14T13:39:20.296Z,false,false,false,false,,,ggyu,ftyhft

2026-04-14T13:39:27.375Z,false,false,false,false,,,ggyu,ftyhft

2026-04-14T13:39:29.397Z,false,false,false,false,,,ggyu,ftyhft

2026-04-14T13:39:30.789Z,false,false,false,false,,,ggyu,ftyhft

2026-04-14T13:39:31.801Z,false,false,false,false,,,ggyu,ftyhft

2026-04-14T13:39:32.808Z,false,false,false,false,,,ggyu,ftyhft

2026-04-14T13:39:40.905Z,false,false,false,false,,,ggyu,ftyhft

2026-04-14T13:39:41.915Z,false,false,false,false,,,ggyu,ftyhft

2026-04-14T13:39:45.963Z,false,false,false,false,,,ggyu,ftyhft

2026-04-14T13:39:50.016Z,false,false,false,false,,,ggyu,ftyhft

2026-04-14T13:39:54.055Z,false,false,false,false,,,ggyu,ftyhft

2026-04-14T13:39:55.006Z,false,false,false,false,,,ggyu,ftyhft

2026-04-14T13:40:02.057Z,false,false,false,false,,,ggyu,ftyhft

2026-04-14T13:40:03.077Z,false,false,false,false,,,ggyu,ftyhft

2026-04-14T13:40:04.090Z,false,false,false,false,,,ggyu,ftyhft

2026-04-14T13:40:05.095Z,false,false,false,false,,,ggyu,ftyhft

2026-04-14T13:40:06.100Z,false,false,false,false,,,ggyu,ftyhft

2026-04-14T13:40:09.128Z,false,false,false,false,,,ggyu,ftyhft

2026-04-14T13:40:14.200Z,false,false,false,false,,,ggyu,ftyhft

2026-04-14T13:40:15.194Z,false,false,false,false,,,ggyu,ftyhft

2026-04-14T13:40:16.933Z,false,false,false,false,,,ggyu,ftyhft

2026-04-14T13:40:17.948Z,false,false,false,false,,,ggyu,ftyhft

2026-04-14T13:40:19.978Z,false,false,false,false,,,ggyu,ftyhft

2026-04-14T13:40:21.001Z,false,false,false,false,,,ggyu,ftyhft

2026-04-14T13:40:23.001Z,false,false,false,false,,,ggyu,ftyhft

2026-04-14T13:40:26.030Z,false,false,false,false,,,ggyu,ftyhft

2026-04-14T13:40:27.037Z,false,false,false,false,,,ggyu,ftyhft

2026-04-14T13:40:29.063Z,false,false,false,false,,,ggyu,ftyhft

2026-04-14T13:40:31.105Z,false,false,false,false,,,ggyu,ftyhft

2026-04-14T13:40:32.107Z,false,false,false,false,,,ggyu,ftyhft

2026-04-14T13:40:35.124Z,false,false,false,false,,,ggyu,ftyhft

2026-04-14T13:40:42.167Z,false,false,false,false,,,ggyu,ftyhft

2026-04-14T13:40:43.204Z,false,false,false,false,,,ggyu,ftyhft

2026-04-14T13:40:48.222Z,false,false,false,false,,,ggyu,ftyhft

2026-04-14T13:40:49.242Z,false,false,false,false,,,ggyu,ftyhft

2026-04-14T13:40:52.308Z,false,false,false,false,,,ggyu,ftyhft

2026-04-14T13:40:53.290Z,false,false,false,false,,,ggyu,ftyhft

2026-04-14T13:40:56.318Z,false,false,false,false,,,ggyu,ftyhft

2026-04-14T13:40:57.338Z,false,false,false,false,,,ggyu,ftyhft

2026-04-14T13:40:58.340Z,false,false,false,false,,,ggyu,ftyhft

2026-04-14T13:40:59.355Z,false,false,false,false,,,ggyu,ftyhft

2026-04-14T13:41:00.357Z,false,false,false,false,,,ggyu,ftyhft

2026-04-14T13:41:01.398Z,false,false,false,false,,,ggyu,ftyhft

2026-04-14T13:41:02.395Z,false,false,false,false,,,ggyu,ftyhft

2026-04-14T13:41:05.502Z,false,false,false,false,,,ggyu,ftyhft

2026-04-14T13:41:07.487Z,false,false,false,false,,,ggyu,ftyhft

2026-04-14T13:41:08.477Z,false,false,false,false,,,ggyu,ftyhft

2026-04-14T13:41:09.497Z,false,false,false,false,,,ggyu,ftyhft

2026-04-14T13:41:11.515Z,false,false,false,false,,,ggyu,ftyhft

2026-04-14T13:41:12.509Z,false,false,false,false,,,ggyu,ftyhft

2026-04-14T13:41:16.555Z,false,false,false,false,,,ggyu,ftyhft

2026-04-14T13:41:17.544Z,false,false,false,false,,,ggyu,ftyhft

2026-04-14T13:41:19.555Z,false,false,false,false,,,ggyu,ftyhft

2026-04-14T13:41:22.608Z,false,false,false,false,,,ggyu,ftyhft

2026-04-14T13:41:23.607Z,false,false,false,false,,,ggyu,ftyhft

2026-04-14T13:41:26.655Z,false,false,false,false,,,ggyu,ftyhft

2026-04-14T13:41:27.652Z,false,false,false,false,,,ggyu,ftyhft

2026-04-14T13:41:28.660Z,false,false,false,false,,,ggyu,ftyhft

2026-04-14T13:41:30.667Z,false,false,false,false,,,ggyu,ftyhft

2026-04-14T13:41:31.684Z,false,false,false,false,,,ggyu,ftyhft

2026-04-14T13:41:33.704Z,false,false,false,false,,,ggyu,ftyhft

2026-04-14T13:41:34.734Z,false,false,false,false,,,ggyu,ftyhft

2026-04-14T13:41:35.728Z,false,false,false,false,,,ggyu,ftyhft

2026-04-14T13:41:37.748Z,false,false,false,false,,,ggyu,ftyhft

2026-04-14T13:41:38.763Z,false,false,false,false,,,ggyu,ftyhft

2026-04-14T13:41:39.770Z,false,false,false,false,,,ggyu,ftyhft

2026-04-14T13:41:41.794Z,false,false,false,false,,,ggyu,ftyhft

2026-04-14T13:41:42.804Z,false,false,false,false,,,ggyu,ftyhft

2026-04-14T13:41:43.811Z,false,false,false,false,,,ggyu,ftyhft

2026-04-14T13:41:45.833Z,false,false,false,false,,,ggyu,ftyhft

2026-04-14T13:41:46.851Z,false,false,false,false,,,ggyu,ftyhft

2026-04-14T13:41:48.893Z,false,false,false,false,,,ggyu,ftyhft

2026-04-14T13:41:50.923Z,false,false,false,false,,,ggyu,ftyhft

2026-04-14T13:41:56.954Z,false,false,false,false,,,ggyu,ftyhft

2026-04-14T13:41:57.963Z,false,false,false,false,,,ggyu,ftyhft

2026-04-14T13:42:00.000Z,false,false,false,false,,,ggyu,ftyhft

2026-04-14T13:42:03.040Z,false,false,false,false,,,ggyu,ftyhft

2026-04-14T13:42:04.032Z,false,false,false,false,,,ggyu,ftyhft

2026-04-14T13:42:06.056Z,false,false,false,false,,,ggyu,ftyhft

2026-04-14T13:42:07.076Z,false,false,false,false,,,ggyu,ftyhft

2026-04-14T13:42:09.111Z,false,false,false,false,,,ggyu,ftyhft

2026-04-14T13:42:11.135Z,false,false,false,false,,,ggyu,ftyhft

2026-04-14T13:42:12.140Z,false,false,false,false,,,ggyu,ftyhft

2026-04-14T13:42:13.152Z,false,false,false,false,,,ggyu,ftyhft

2026-04-14T13:42:17.211Z,false,false,false,false,,,ggyu,ftyhft

2026-04-14T13:44:48.868Z,false,false,false,false,,,ggyu,ftyhft

2026-04-14T13:44:50.883Z,false,false,false,false,,,ggyu,ftyhft

2026-04-14T13:44:54.916Z,false,false,false,false,,,ggyu,ftyhft

2026-04-14T13:44:55.928Z,false,false,false,false,,,ggyu,ftyhft

2026-04-14T13:44:56.929Z,false,false,false,false,,,ggyu,ftyhft

2026-04-14T13:44:57.942Z,false,false,false,false,,,ggyu,ftyhft

2026-04-14T13:44:58.953Z,false,false,false,false,,,ggyu,ftyhft

2026-04-14T13:45:00.968Z,false,false,false,false,,,ggyu,ftyhft

2026-04-14T13:45:01.991Z,false,false,false,false,,,ggyu,ftyhft

2026-04-14T13:45:02.997Z,false,false,false,false,,,ggyu,ftyhft

2026-04-14T13:45:08.028Z,false,false,false,false,,,ggyu,ftyhft

2026-04-14T13:45:09.035Z,false,false,false,false,,,ggyu,ftyhft

2026-04-14T13:45:15.103Z,false,false,false,false,,,ggyu,ftyhft

2026-04-14T13:45:16.110Z,false,false,false,false,,,ggyu,ftyhft

2026-04-14T13:45:17.110Z,false,false,false,false,,,ggyu,ftyhft

2026-04-14T13:45:21.151Z,false,false,false,false,,,ggyu,ftyhft

2026-04-14T13:45:22.156Z,false,false,false,false,,,ggyu,ftyhft

2026-04-14T13:45:23.174Z,false,false,false,false,,,ggyu,ftyhft

2026-04-14T13:45:25.191Z,false,false,false,false,,,ggyu,ftyhft

2026-04-14T13:45:26.195Z,false,false,false,false,,,ggyu,ftyhft

2026-04-14T13:45:30.281Z,false,false,false,false,,,ggyu,ftyhft

2026-04-14T13:45:31.288Z,false,false,false,false,,,ggyu,ftyhft

2026-04-14T13:45:32.280Z,false,false,false,false,,,ggyu,ftyhft

2026-04-14T13:45:35.308Z,false,false,false,false,,,ggyu,ftyhft

2026-04-14T13:45:36.293Z,false,false,false,false,,,ggyu,ftyhft

2026-04-14T13:45:38.294Z,false,false,false,false,,,ggyu,ftyhft

2026-04-14T13:45:42.306Z,false,false,false,false,,,ggyu,ftyhft

2026-04-14T13:45:43.311Z,false,false,false,false,,,ggyu,ftyhft

2026-04-14T13:45:44.326Z,false,false,false,false,,,ggyu,ftyhft

2026-04-14T13:45:45.331Z,false,false,false,false,,,ggyu,ftyhft

2026-04-14T13:45:50.347Z,false,false,false,false,,,ggyu,ftyhft

2026-04-14T13:45:51.347Z,false,false,false,false,,,ggyu,ftyhft

2026-04-14T13:45:54.363Z,false,false,false,false,,,ggyu,ftyhft

2026-04-14T13:45:55.380Z,false,false,false,false,,,ggyu,ftyhft

2026-04-14T13:45:56.394Z,false,false,false,false,,,ggyu,ftyhft

2026-04-14T13:45:57.382Z,false,false,false,false,,,ggyu,ftyhft

2026-04-14T13:45:58.420Z,false,false,false,false,,,ggyu,ftyhft

2026-04-14T13:45:59.413Z,false,false,false,false,,,ggyu,ftyhft

2026-04-14T13:46:00.417Z,false,false,false,false,,,ggyu,ftyhft

2026-04-14T13:46:02.427Z,false,false,false,false,,,ggyu,ftyhft

2026-04-14T13:46:08.466Z,false,false,false,false,,,ggyu,ftyhft

2026-04-14T13:46:09.487Z,false,false,false,false,,,ggyu,ftyhft

2026-04-14T13:46:10.496Z,false,false,false,false,,,ggyu,ftyhft

2026-04-14T13:46:11.504Z,false,false,false,false,,,ggyu,ftyhft

2026-04-14T13:46:16.575Z,false,false,false,false,,,ggyu,ftyhft

2026-04-14T13:46:17.601Z,false,false,false,false,,,ggyu,ftyhft

2026-04-14T13:46:18.596Z,false,false,false,false,,,ggyu,ftyhft

2026-04-14T13:46:23.647Z,false,false,false,false,,,ggyu,ftyhft

2026-04-14T13:46:25.678Z,false,false,false,false,,,ggyu,ftyhft

2026-04-14T13:46:27.702Z,false,false,false,false,,,ggyu,ftyhft

2026-04-14T13:46:28.712Z,false,false,false,false,,,ggyu,ftyhft

2026-04-14T13:46:29.723Z,false,false,false,false,,,ggyu,ftyhft

2026-04-14T13:46:31.738Z,false,false,false,false,,,ggyu,ftyhft

2026-04-14T13:46:37.809Z,false,false,false,false,,,ggyu,ftyhft

2026-04-14T13:46:38.814Z,false,false,false,false,,,ggyu,ftyhft

2026-04-14T13:46:39.814Z,false,false,false,false,,,ggyu,ftyhft

2026-04-14T13:46:41.839Z,false,false,false,false,,,ggyu,ftyhft

2026-04-14T13:46:42.852Z,false,false,false,false,,,ggyu,ftyhft

2026-04-14T13:46:45.865Z,false,false,false,false,,,ggyu,ftyhft

2026-04-14T13:46:46.882Z,false,false,false,false,,,ggyu,ftyhft

2026-04-14T13:46:47.906Z,false,false,false,false,,,ggyu,ftyhft

2026-04-14T13:46:49.923Z,false,false,false,false,,,ggyu,ftyhft

2026-04-14T13:46:50.923Z,false,false,false,false,,,ggyu,ftyhft

2026-04-14T13:46:51.929Z,false,false,false,false,,,ggyu,ftyhft

2026-04-14T13:46:58.970Z,false,false,false,false,,,ggyu,ftyhft

2026-04-14T13:47:02.015Z,false,false,false,false,,,ggyu,ftyhft

2026-04-14T13:47:07.064Z,false,false,false,false,,,ggyu,ftyhft

2026-04-14T13:47:09.098Z,false,false,false,false,,,ggyu,ftyhft

2026-04-14T13:47:10.111Z,false,false,false,false,,,ggyu,ftyhft

2026-04-14T13:47:12.115Z,false,false,false,false,,,ggyu,ftyhft

2026-04-14T13:47:19.157Z,false,false,false,false,,,ggyu,ftyhft

2026-04-14T13:47:20.155Z,false,false,false,false,,,ggyu,ftyhft

2026-04-14T13:47:21.181Z,false,false,false,false,,,ggyu,ftyhft

2026-04-14T13:47:22.186Z,false,false,false,false,,,ggyu,ftyhft

2026-04-14T13:47:24.220Z,false,false,false,false,,,ggyu,ftyhft

2026-04-14T13:47:25.280Z,false,false,false,false,,,ggyu,ftyhft

2026-04-14T13:47:29.293Z,false,false,false,false,,,ggyu,ftyhft

2026-04-14T13:47:30.288Z,false,false,false,false,,,ggyu,ftyhft

2026-04-14T13:47:32.316Z,false,false,false,false,,,ggyu,ftyhft

2026-04-14T13:47:33.299Z,false,false,false,false,,,ggyu,ftyhft

2026-04-14T13:47:35.339Z,false,false,false,false,,,ggyu,ftyhft

2026-04-14T13:47:36.337Z,false,false,false,false,,,ggyu,ftyhft

2026-04-14T13:47:38.347Z,false,false,false,false,,,ggyu,ftyhft

2026-04-14T13:47:39.360Z,false,false,false,false,,,ggyu,ftyhft

2026-04-14T13:47:43.384Z,false,false,false,false,,,ggyu,ftyhft

2026-04-14T13:47:44.398Z,false,false,false,false,,,ggyu,ftyhft

2026-04-14T13:47:46.427Z,false,false,false,false,,,ggyu,ftyhft

2026-04-14T13:47:49.447Z,false,false,false,false,,,ggyu,ftyhft

2026-04-14T13:47:50.445Z,false,false,false,false,,,ggyu,ftyhft

2026-04-14T13:47:54.469Z,false,false,false,false,,,ggyu,ftyhft

2026-04-14T13:47:56.495Z,false,false,false,false,,,ggyu,ftyhft

2026-04-14T13:47:57.513Z,false,false,false,false,,,ggyu,ftyhft

2026-04-14T13:47:59.523Z,false,false,false,false,,,ggyu,ftyhft

2026-04-14T13:48:01.527Z,false,false,false,false,,,ggyu,ftyhft

2026-04-14T13:48:02.545Z,false,false,false,false,,,ggyu,ftyhft

2026-04-14T13:48:03.560Z,false,false,false,false,,,ggyu,ftyhft

2026-04-14T13:48:04.570Z,false,false,false,false,,,ggyu,ftyhft

2026-04-14T13:48:06.600Z,false,false,false,false,,,ggyu,ftyhft

2026-04-14T13:48:07.612Z,false,false,false,false,,,ggyu,ftyhft

2026-04-14T13:48:10.651Z,false,false,false,false,,,ggyu,ftyhft

2026-04-14T13:48:13.704Z,false,false,false,false,,,ggyu,ftyhft

2026-04-14T13:48:14.700Z,false,false,false,false,,,ggyu,ftyhft

2026-04-14T13:48:16.723Z,false,false,false,false,,,ggyu,ftyhft

2026-04-14T13:48:17.734Z,false,false,false,false,,,ggyu,ftyhft

2026-04-14T13:48:22.796Z,false,false,false,false,,,ggyu,ftyhft

2026-04-14T13:48:25.812Z,false,false,false,false,,,ggyu,ftyhft

2026-04-14T13:48:26.822Z,false,false,false,false,,,ggyu,ftyhft

2026-04-14T13:48:27.837Z,false,false,false,false,,,ggyu,ftyhft

2026-04-14T13:48:29.863Z,false,false,false,false,,,ggyu,ftyhft

2026-04-14T13:48:30.871Z,false,false,false,false,,,ggyu,ftyhft

2026-04-14T13:48:31.909Z,false,false,false,false,,,ggyu,ftyhft

2026-04-14T13:48:35.938Z,false,false,false,false,,,ggyu,ftyhft

2026-04-14T13:48:39.999Z,false,false,false,false,,,ggyu,ftyhft

2026-04-14T13:48:44.040Z,false,false,false,false,,,ggyu,ftyhft

2026-04-14T13:48:45.054Z,false,false,false,false,,,ggyu,ftyhft

2026-04-14T13:48:46.067Z,false,false,false,false,,,ggyu,ftyhft

2026-04-14T13:48:47.096Z,false,false,false,false,,,ggyu,ftyhft

2026-04-14T13:48:48.099Z,false,false,false,false,,,ggyu,ftyhft

2026-04-14T13:48:51.134Z,false,false,false,false,,,ggyu,ftyhft

2026-04-14T13:48:52.144Z,false,false,false,false,,,ggyu,ftyhft

2026-04-14T13:48:53.161Z,false,false,false,false,,,ggyu,ftyhft

2026-04-14T13:48:54.184Z,false,false,false,false,,,ggyu,ftyhft

2026-04-14T13:48:55.198Z,false,false,false,false,,,ggyu,ftyhft

2026-04-14T13:48:57.219Z,false,false,false,false,,,ggyu,ftyhft

2026-04-14T13:48:59.290Z,false,false,false,false,,,ggyu,ftyhft

2026-04-14T13:49:00.292Z,false,false,false,false,,,ggyu,ftyhft

2026-04-14T13:49:03.291Z,false,false,false,false,,,ggyu,ftyhft

2026-04-14T13:49:04.379Z,false,false,false,false,,,ggyu,ftyhft

2026-04-14T13:49:05.395Z,false,false,false,false,,,ggyu,ftyhft

2026-04-14T13:49:06.376Z,false,false,false,false,,,ggyu,ftyhft

2026-04-14T13:49:07.380Z,false,false,false,false,,,ggyu,ftyhft

2026-04-14T13:49:08.359Z,false,false,false,false,,,ggyu,ftyhft

2026-04-14T13:49:12.334Z,false,false,false,false,,,ggyu,ftyhft

2026-04-14T13:49:15.418Z,false,false,false,false,,,ggyu,ftyhft

2026-04-14T13:49:21.486Z,false,false,false,false,,,ggyu,ftyhft

2026-04-14T13:49:22.480Z,false,false,false,false,,,ggyu,ftyhft

2026-04-14T13:49:23.501Z,false,false,false,false,,,ggyu,ftyhft

2026-04-14T13:49:25.497Z,false,false,false,false,,,ggyu,ftyhft

2026-04-14T13:49:26.503Z,false,false,false,false,,,ggyu,ftyhft

2026-04-14T13:49:27.514Z,false,false,false,false,,,ggyu,ftyhft

2026-04-14T13:49:28.534Z,false,false,false,false,,,ggyu,ftyhft

2026-04-14T13:49:30.536Z,false,false,false,false,,,ggyu,ftyhft

2026-04-14T13:49:33.554Z,false,false,false,false,,,ggyu,ftyhft

2026-04-14T13:49:34.563Z,false,false,false,false,,,ggyu,ftyhft

2026-04-14T13:49:38.591Z,false,false,false,false,,,ggyu,ftyhft

2026-04-14T13:49:39.587Z,false,false,false,false,,,ggyu,ftyhft

2026-04-14T13:49:41.600Z,false,false,false,false,,,ggyu,ftyhft

2026-04-14T13:49:42.623Z,false,false,false,false,,,ggyu,ftyhft

2026-04-14T13:49:46.634Z,false,false,false,false,,,ggyu,ftyhft

2026-04-14T13:49:47.627Z,false,false,false,false,,,ggyu,ftyhft

2026-04-14T13:49:48.668Z,false,false,false,false,,,ggyu,ftyhft

2026-04-14T13:49:49.644Z,false,false,false,false,,,ggyu,ftyhft

2026-04-14T13:49:55.727Z,false,false,false,false,,,ggyu,ftyhft

2026-04-14T13:49:56.741Z,false,false,false,false,,,ggyu,ftyhft

2026-04-14T13:49:57.744Z,false,false,false,false,,,ggyu,ftyhft

2026-04-14T13:49:58.756Z,false,false,false,false,,,ggyu,ftyhft

2026-04-14T13:49:59.775Z,false,false,false,false,,,ggyu,ftyhft

2026-04-14T13:50:00.778Z,false,false,false,false,,,ggyu,ftyhft

2026-04-14T13:50:01.772Z,false,false,false,false,,,ggyu,ftyhft

2026-04-14T13:50:02.810Z,false,false,false,false,,,ggyu,ftyhft

2026-04-14T13:50:04.803Z,false,false,false,false,,,ggyu,ftyhft

2026-04-14T13:50:10.870Z,false,false,false,false,,,ggyu,ftyhft

2026-04-14T13:50:13.907Z,false,false,false,false,,,ggyu,ftyhft

2026-04-14T13:50:14.936Z,false,false,false,false,,,ggyu,ftyhft

2026-04-14T13:50:22.996Z,false,false,false,false,,,ggyu,ftyhft

2026-04-14T13:50:23.999Z,false,false,false,false,,,ggyu,ftyhft

2026-04-14T13:50:26.015Z,false,false,false,false,,,ggyu,ftyhft

2026-04-14T13:50:27.017Z,false,false,false,false,,,ggyu,ftyhft

2026-04-14T13:50:29.041Z,false,false,false,false,,,ggyu,ftyhft

2026-04-14T13:50:30.049Z,false,false,false,false,,,ggyu,ftyhft

2026-04-14T13:50:31.049Z,false,false,false,false,,,ggyu,ftyhft

2026-04-14T13:50:33.075Z,false,false,false,false,,,ggyu,ftyhft

2026-04-14T13:50:36.120Z,false,false,false,false,,,ggyu,ftyhft

2026-04-14T13:50:37.117Z,false,false,false,false,,,ggyu,ftyhft

2026-04-14T13:50:38.130Z,false,false,false,false,,,ggyu,ftyhft

2026-04-14T13:50:39.158Z,false,false,false,false,,,ggyu,ftyhft

2026-04-14T13:50:40.188Z,false,false,false,false,,,ggyu,ftyhft

2026-04-14T13:50:41.200Z,false,false,false,false,,,ggyu,ftyhft

2026-04-14T13:50:45.285Z,false,false,false,false,,,ggyu,ftyhft

2026-04-14T13:50:49.303Z,false,false,false,false,,,ggyu,ftyhft

2026-04-14T13:50:52.304Z,false,false,false,false,,,ggyu,ftyhft

2026-04-14T13:50:53.331Z,false,false,false,false,,,ggyu,ftyhft

2026-04-14T13:50:54.327Z,false,false,false,false,,,ggyu,ftyhft

2026-04-14T13:50:56.336Z,false,false,false,false,,,ggyu,ftyhft

2026-04-14T13:50:58.348Z,false,false,false,false,,,ggyu,ftyhft

2026-04-14T13:50:59.364Z,false,false,false,false,,,ggyu,ftyhft

2026-04-14T13:51:03.438Z,false,false,false,false,,,ggyu,ftyhft

2026-04-14T13:51:04.487Z,false,false,false,false,,,ggyu,ftyhft

2026-04-14T13:51:05.501Z,false,false,false,false,,,ggyu,ftyhft

2026-04-14T13:51:07.486Z,false,false,false,false,,,ggyu,ftyhft

2026-04-14T13:51:11.509Z,false,false,false,false,,,ggyu,ftyhft

2026-04-14T13:51:12.566Z,false,false,false,false,,,ggyu,ftyhft

2026-04-14T13:51:45.308Z,false,false,false,false,,,ggyu,ftyhft

2026-04-14T13:51:55.411Z,false,false,false,false,,,ggyu,ftyhft

2026-04-14T13:52:27.738Z,false,false,false,false,,,ggyu,ftyhft

2026-04-14T13:52:31.787Z,false,false,false,false,,,ggyu,ftyhft

2026-04-14T13:54:47.211Z,false,false,false,false,,,ggyu,ftyhft

2026-04-14T13:54:54.290Z,false,false,false,false,,,ggyu,ftyhft

2026-04-14T13:54:57.324Z,false,false,false,false,,,ggyu,ftyhft

2026-04-14T13:55:32.121Z,false,false,false,false,,,ggyu,ftyhft

2026-04-14T13:55:56.430Z,false,false,false,false,,,ggyu,ftyhft

2026-04-14T13:56:06.512Z,false,false,false,false,,,ggyu,ftyhft

2026-04-14T13:56:22.664Z,false,false,false,false,,,ggyu,ftyhft

2026-04-14T13:56:26.826Z,false,false,false,false,,,ggyu,ftyhft

2026-04-14T13:57:11.534Z,false,false,false,false,,,ggyu,ftyhft

2026-04-14T13:57:21.665Z,false,false,false,false,,,ggyu,ftyhft

2026-04-14T13:57:30.121Z,false,false,false,false,,,ggyu,ftyhft

2026-04-14T13:57:39.207Z,false,false,false,false,,,ggyu,ftyhft

2026-04-14T13:57:42.220Z,false,false,false,false,,,ggyu,ftyhft

2026-04-14T13:57:51.317Z,false,false,false,false,,,ggyu,ftyhft

2026-04-14T14:00:46.809Z,false,false,false,false,,,ggyu,ftyhft

2026-04-14T14:00:53.870Z,false,false,false,false,,,ggyu,ftyhft

2026-04-14T14:01:20.803Z,false,false,false,false,,,ggyu,ftyhft

2026-04-14T14:01:26.868Z,false,false,false,false,,,ggyu,ftyhft

2026-04-14T14:01:41.006Z,false,false,false,false,,,ggyu,ftyhft

2026-04-14T14:03:39.910Z,false,false,false,false,,,ggyu,ftyhft

2026-04-14T14:03:45.960Z,false,false,false,false,,,ggyu,ftyhft

2026-04-14T14:03:57.116Z,false,false,false,false,,,ggyu,ftyhft

2026-04-14T14:04:08.326Z,false,false,false,false,,,ggyu,ftyhft

2026-04-14T14:05:33.457Z,false,false,false,false,,,ggyu,ftyhft

2026-04-14T14:05:42.519Z,false,false,false,false,,,ggyu,ftyhft

2026-04-14T14:05:49.610Z,false,false,false,false,,,ggyu,ftyhft

2026-04-14T14:08:18.441Z,false,false,false,false,,,ggyu,ftyhft

2026-04-14T14:08:25.538Z,false,false,false,false,,,ggyu,ftyhft

2026-04-14T14:08:30.561Z,false,false,false,false,,,ggyu,ftyhft

2026-04-14T14:29:18.233Z,false,false,false,false,,,ggyu,ftyhft

2026-04-14T14:30:04.426Z,false,false,false,false,,,ggyu,ftyhft

2026-04-14T14:30:13.435Z,false,false,false,false,,,ggyu,ftyhft

2026-04-14T14:31:04.947Z,false,false,false,false,,,ggyu,ftyhft

2026-04-14T14:32:19.022Z,false,false,false,false,,,ggyu,ftyhft

2026-04-14T15:04:34.727Z,false,false,false,false,,,ggyu,ftyhft

2026-04-14T15:05:04.894Z,false,false,false,false,,,ggyu,ftyhft

2026-04-14T15:05:56.038Z,false,false,false,false,,,ggyu,ftyhft

2026-04-14T15:06:07.197Z,false,false,false,false,,,ggyu,ftyhft

2026-04-14T15:07:14.956Z,false,false,false,false,,,ggyu,ftyhft

2026-04-14T15:07:20.056Z,false,false,false,false,,,ggyu,ftyhft

2026-04-14T15:07:27.108Z,false,false,false,false,,,ggyu,ftyhft

2026-04-14T15:08:40.285Z,false,false,false,false,,,ggyu,ftyhft

2026-04-14T15:08:43.488Z,false,false,false,false,,,ggyu,ftyhft

2026-04-14T15:08:49.535Z,false,false,false,false,,,ggyu,ftyhft

2026-04-14T15:08:54.612Z,false,false,false,false,,,ggyu,ftyhft

2026-04-14T15:09:19.748Z,false,false,false,false,,,ggyu,ftyhft

2026-04-14T15:09:25.827Z,false,false,false,false,,,ggyu,ftyhft

2026-04-14T15:09:34.949Z,false,false,false,false,,,ggyu,ftyhft

2026-04-14T15:13:53.381Z,false,false,false,false,,,ggyu,ftyhft

2026-04-14T15:15:27.862Z,false,false,false,false,,,ggyu,ftyhft

2026-04-14T15:15:46.622Z,false,false,false,false,,,ggyu,ftyhft

2026-04-14T15:15:50.687Z,false,false,false,false,,,ggyu,ftyhft

2026-04-14T15:15:54.700Z,false,false,false,false,,,ggyu,ftyhft

2026-04-14T15:17:09.536Z,false,false,false,false,,,ggyu,ftyhft

2026-04-14T15:17:19.657Z,false,false,false,false,,,ggyu,ftyhft

2026-04-14T15:17:30.776Z,false,false,false,false,,,ggyu,ftyhft

2026-04-14T15:18:43.688Z,false,false,false,false,,,ggyu,ftyhft

2026-04-14T15:22:16.165Z,false,false,false,false,,,ggyu,ftyhft

2026-04-14T15:23:18.382Z,false,false,false,false,,,ggyu,ftyhft

2026-04-14T15:24:37.397Z,false,false,false,false,,,ggyu,ftyhft

2026-04-14T15:24:51.880Z,false,false,false,false,,,ggyu,ftyhft

2026-04-14T15:26:44.680Z,false,false,false,false,,,ggyu,ftyhft

2026-04-14T15:27:10.901Z,false,false,false,false,,,ggyu,ftyhft

2026-04-14T15:33:26.687Z,false,false,false,false,,,ggyu,ftyhft

2026-04-14T15:33:48.064Z,false,false,false,false,,,ggyu,ftyhft

2026-04-14T15:33:58.389Z,false,false,false,false,,,ggyu,ftyhft

2026-04-14T15:34:06.839Z,false,false,false,false,,,ggyu,ftyhft

2026-04-14T17:36:01.417Z,false,false,false,false,,,ggyu,ftyhft

2026-04-14T17:36:11.498Z,false,false,false,false,,,ggyu,ftyhft

2026-04-14T18:28:42.128Z,true,false,false,false,,,set5ryte5yu,sdfs

2026-04-14T18:28:55.267Z,true,false,false,false,5.1,Posicion 1,set5ryte5yu,sdfs

2026-04-14T18:29:04.390Z,true,false,false,false,240F,PURGA DE FOTO FRONTAL,set5ryte5yu,sdfs

2026-04-14T18:29:10.425Z,true,false,false,false,241F,PURGA DE FOTO FRONTAL,set5ryte5yu,sdfs

2026-04-14T18:29:14.456Z,true,false,false,false,242F,PURGA DE FOTO FRONTAL,set5ryte5yu,sdfs

2026-04-14T18:29:15.465Z,true,false,false,false,tesF,PURGA DE FOTO FRONTAL,set5ryte5yu,sdfs

2026-04-14T18:29:17.483Z,true,false,false,false,240C,Posicionamiento separador 13,set5ryte5yu,sdfs

2026-04-14T18:29:24.537Z,true,false,false,false,241C,Separador 13,set5ryte5yu,sdfs

2026-04-14T18:29:45.733Z,true,false,false,false,242C,Posicionamiento separador 12,set5ryte5yu,sdfs

2026-04-14T18:29:49.767Z,true,false,false,false,243C,Separador 12,set5ryte5yu,sdfs

2026-04-14T18:30:10.985Z,true,false,false,false,244C,Posicionamiento separador 11,set5ryte5yu,sdfs

2026-04-14T18:30:16.040Z,true,false,false,false,245C,Separador 11,set5ryte5yu,sdfs

2026-04-14T18:30:37.254Z,true,false,false,false,246C,Posicionamiento separador 10,set5ryte5yu,sdfs

2026-04-14T18:30:43.394Z,true,false,false,false,247C,Separador 10,set5ryte5yu,sdfs

2026-04-14T18:31:04.529Z,true,false,false,false,248C,Posicionamiento separador 9,set5ryte5yu,sdfs

2026-04-14T18:31:10.575Z,true,false,false,false,249C,Separador 9,set5ryte5yu,sdfs

2026-04-14T18:31:31.804Z,true,false,false,false,250C,Posicionamiento separador 8,set5ryte5yu,sdfs

2026-04-14T18:31:37.866Z,true,false,false,false,251C,Separador 8,set5ryte5yu,sdfs

2026-04-14T18:31:59.048Z,true,false,false,false,252C,Posicionamiento separador 7,set5ryte5yu,sdfs

2026-04-14T18:32:05.117Z,true,false,false,false,253C,Separador 7,set5ryte5yu,sdfs

2026-04-14T18:32:26.395Z,true,false,false,false,254C,Posicionamiento separador 6,set5ryte5yu,sdfs

2026-04-14T18:32:32.417Z,true,false,false,false,255C,Separador 6,set5ryte5yu,sdfs

2026-04-14T18:32:54.635Z,true,false,false,false,256C,Posicionamiento separador 5,set5ryte5yu,sdfs

2026-04-14T18:33:00.713Z,true,false,false,false,257C,Separador 5,set5ryte5yu,sdfs

2026-04-14T18:33:21.911Z,true,false,false,false,258C,Posicionamiento separador 4,set5ryte5yu,sdfs

2026-04-14T18:33:27.949Z,true,false,false,false,259C,Separador 4,set5ryte5yu,sdfs

2026-04-14T18:33:49.155Z,true,false,false,false,260C,Posicionamiento separador 3,set5ryte5yu,sdfs

2026-04-14T18:33:55.201Z,true,false,false,false,261C,Separador 3,set5ryte5yu,sdfs

2026-04-14T18:34:16.410Z,true,false,false,false,262C,Posicionamiento separador 2,set5ryte5yu,sdfs

2026-04-14T18:34:22.480Z,true,false,false,false,263C,Separador 2,set5ryte5yu,sdfs

2026-04-14T18:34:43.618Z,true,false,false,false,264C,Posicionamiento separador 1,set5ryte5yu,sdfs

2026-04-14T18:34:49.662Z,true,false,false,false,265C,Separador 1,set5ryte5yu,sdfs

2026-04-14T18:35:11.912Z,true,false,false,false,266C,Posicionamiento placa portante,set5ryte5yu,sdfs

2026-04-14T18:35:17.955Z,true,false,false,false,267C,Placa portante,set5ryte5yu,sdfs

2026-04-14T18:35:39.144Z,true,false,false,false,,,set5ryte5yu,sdfs

2026-04-14T18:36:54.890Z,false,false,false,true,,,set5ryte5yu,sdfs

2026-04-14T19:01:16.710Z,false,false,false,false,,,set5ryte5yu,sdfs

2026-04-14T19:01:17.710Z,false,false,false,true,,,set5ryte5yu,sdfs

2026-04-14T19:08:36.886Z,false,false,false,false,,,set5ryte5yu,sdfs

2026-04-14T19:08:37.894Z,false,false,false,true,,,set5ryte5yu,sdfs

2026-04-14T19:20:13.636Z,false,false,false,false,,,set5ryte5yu,sdfs

2026-04-14T19:32:26.876Z,true,false,false,false,,,sregts,dghbdt

2026-04-14T19:32:55.145Z,true,false,false,false,5.1,Posicion 1,sregts,dghbdt

2026-04-14T19:33:03.220Z,true,false,false,false,240F,PURGA DE FOTO FRONTAL,sregts,dghbdt

2026-04-14T19:33:10.302Z,true,false,false,false,241F,PURGA DE FOTO FRONTAL,sregts,dghbdt

2026-04-14T19:33:13.415Z,true,false,false,false,242F,PURGA DE FOTO FRONTAL,sregts,dghbdt

2026-04-14T19:33:15.405Z,true,false,false,false,tesF,PURGA DE FOTO FRONTAL,sregts,dghbdt

2026-04-14T19:33:17.400Z,true,false,false,false,240C,Posicionamiento separador 13,sregts,dghbdt

2026-04-14T19:33:23.442Z,true,false,false,false,241C,Separador 13,sregts,dghbdt

2026-04-14T19:33:45.635Z,true,false,false,false,242C,Posicionamiento separador 12,sregts,dghbdt

2026-04-14T19:33:48.675Z,true,false,false,false,243C,Separador 12,sregts,dghbdt

2026-04-14T19:34:09.894Z,true,false,false,false,244C,Posicionamiento separador 11,sregts,dghbdt

2026-04-14T19:34:14.949Z,true,false,false,false,245C,Separador 11,sregts,dghbdt

2026-04-14T19:34:36.158Z,true,false,false,false,246C,Posicionamiento separador 10,sregts,dghbdt

2026-04-14T19:34:39.930Z,true,false,false,false,246C,Posicionamiento separador 10,sregts,dghbdt

2026-04-14T19:34:41.928Z,true,false,false,false,247C,Separador 10,sregts,dghbdt

2026-04-14T19:35:04.144Z,true,false,false,false,248C,Posicionamiento separador 9,sregts,dghbdt

2026-04-14T19:35:09.183Z,true,false,false,false,249C,Separador 9,sregts,dghbdt

2026-04-14T19:35:31.426Z,true,false,false,false,250C,Posicionamiento separador 8,sregts,dghbdt

2026-04-14T19:35:37.461Z,true,false,false,false,251C,Separador 8,sregts,dghbdt

2026-04-14T19:35:59.654Z,true,false,true,false,,,sregts,dghbdt

2026-04-14T19:36:17.787Z,false,false,false,true,,,sregts,dghbdt

2026-04-14T19:36:21.842Z,false,false,false,false,,,sregts,dghbdt

2026-04-14T19:37:07.957Z,false,false,false,false,,,sregts,dghbdt

2026-04-14T19:37:42.311Z,false,false,false,false,,,sregts,dghbdt

2026-04-14T19:38:00.855Z,false,false,false,false,,,sregts,dghbdt

2026-04-14T19:40:15.651Z,false,false,false,false,,,sregts,dghbdt

2026-04-14T19:40:27.536Z,false,false,false,false,,,sregts,dghbdt

2026-04-14T19:40:48.232Z,false,false,false,false,,,sregts,dghbdt

2026-04-14T20:00:31.648Z,false,false,false,false,,,sregts,dghbdt

2026-04-14T20:00:56.808Z,false,false,false,false,,,sregts,dghbdt

2026-04-14T20:01:18.766Z,false,false,false,false,,,sregts,dghbdt

2026-04-14T20:02:26.931Z,false,false,false,false,,,sregts,dghbdt

2026-04-14T20:04:10.161Z,false,false,false,false,,,sregts,dghbdt

2026-04-15T12:51:08.925Z,true,false,false,false,,,E3787,CNAII

2026-04-15T12:51:37.211Z,true,false,false,false,13T.1,Rectitud EC,E3787,CNAII

2026-04-15T12:51:55.417Z,true,false,false,false,13T.2,Rectitud EC,E3787,CNAII

2026-04-15T12:51:57.444Z,true,false,false,false,13T.3,Rectitud EC,E3787,CNAII

2026-04-15T12:51:58.452Z,true,false,false,false,AZ4-A,Rectitud EC,E3787,CNAII

2026-04-15T12:52:00.483Z,true,false,false,false,AZ4-B,Zapata tipo I/II 4,E3787,CNAII

2026-04-15T12:52:02.500Z,true,false,false,false,AZ3-A,Zapata tipo I/II 4,E3787,CNAII

2026-04-15T12:52:07.538Z,true,false,false,false,AZ3-B,Zapata tipo I/II 3,E3787,CNAII

2026-04-15T12:52:10.560Z,true,false,false,false,AZ2-B,Zapata tipo I/II 2,E3787,CNAII

2026-04-15T12:52:14.605Z,true,false,false,false,AZ12-A,Zapata tipo I/II 2,E3787,CNAII

2026-04-15T12:52:16.619Z,true,false,false,false,AZ1-B,Zapata tipo I/II 1,E3787,CNAII

2026-04-15T12:52:19.710Z,true,false,false,false,AZ6-B,Zapata tipo I/II 6,E3787,CNAII

2026-04-15T12:52:27.721Z,true,false,false,false,AZ56-A,Zapata tipo I/II 6,E3787,CNAII

2026-04-15T12:52:30.757Z,true,false,false,false,AZ5-B,Zapata tipo I/II 5,E3787,CNAII

2026-04-15T12:52:32.778Z,true,false,false,false,tesF,PURGA DE FOTO FRONTAL,E3787,CNAII

2026-04-15T12:52:34.824Z,true,false,false,false,1F,PURGA DE FOTO FRONTAL,E3787,CNAII

2026-04-15T12:52:38.874Z,true,false,false,false,2F,PURGA DE FOTO FRONTAL,E3787,CNAII

2026-04-15T12:52:42.875Z,true,false,false,false,3F,Distancia entre SE - Perpendicularidad SE,E3787,CNAII

2026-04-15T12:52:45.916Z,true,false,false,false,4F,Distancia entre SE - Perpendicularidad SE,E3787,CNAII

2026-04-15T12:52:49.939Z,true,false,false,false,5F,Distancia entre SE - Perpendicularidad SE,E3787,CNAII

2026-04-15T12:52:53.961Z,true,false,false,false,6F,Distancia entre SE - Perpendicularidad SE,E3787,CNAII

2026-04-15T12:52:55.984Z,true,false,false,false,7F,Distancia entre SE - Perpendicularidad SE,E3787,CNAII

2026-04-15T12:52:59.016Z,true,false,false,false,9F,Distancia entre SE - Perpendicularidad SE,E3787,CNAII

2026-04-15T12:53:04.050Z,true,false,false,false,10F,Distancia entre SE - Perpendicularidad SE,E3787,CNAII

2026-04-15T12:53:07.077Z,true,false,false,false,11F,Distancia entre SE - Perpendicularidad SE,E3787,CNAII

2026-04-15T12:53:10.115Z,true,false,false,false,12F,Distancia entre SE - Perpendicularidad SE,E3787,CNAII

2026-04-15T12:53:13.136Z,true,false,false,false,tesL,PURGA DE FOTO LATERAL,E3787,CNAII

2026-04-15T12:53:19.214Z,true,false,false,false,13L,PURGA DE FOTO LATERAL,E3787,CNAII

2026-04-15T12:53:21.215Z,true,false,false,false,14L,PURGA DE FOTO LATERAL,E3787,CNAII

2026-04-15T12:53:26.262Z,true,false,false,false,15L,PURGA DE FOTO LATERAL,E3787,CNAII

2026-04-15T12:53:30.298Z,true,false,false,false,16L,PURGA DE FOTO LATERAL,E3787,CNAII

2026-04-15T12:53:34.338Z,true,false,false,false,17L,PURGA DE FOTO LATERAL,E3787,CNAII

2026-04-15T12:53:40.416Z,true,false,false,false,18L,PURGA DE FOTO LATERAL,E3787,CNAII

2026-04-15T12:53:43.429Z,true,false,false,false,19L,PURGA DE FOTO LATERAL,E3787,CNAII

2026-04-15T12:53:47.465Z,true,false,false,false,12T.1,Rectitud EC,E3787,CNAII

2026-04-15T12:54:02.613Z,true,false,false,false,12T.2,Rectitud EC,E3787,CNAII

2026-04-15T12:54:04.634Z,true,false,false,false,12T.3,Rectitud EC,E3787,CNAII

2026-04-15T12:54:05.702Z,true,false,false,false,tesL,PURGA DE FOTO LATERAL,E3787,CNAII

2026-04-15T12:54:12.735Z,true,false,false,false,24L,PURGA DE FOTO LATERAL,E3787,CNAII

2026-04-15T12:54:15.772Z,true,false,false,false,25L,PURGA DE FOTO LATERAL,E3787,CNAII

2026-04-15T12:54:20.842Z,true,false,false,false,26L,PURGA DE FOTO LATERAL,E3787,CNAII

2026-04-15T12:54:26.909Z,true,false,false,false,27L,PURGA DE FOTO LATERAL,E3787,CNAII

2026-04-15T12:54:32.980Z,true,false,false,false,28L,PURGA DE FOTO LATERAL,E3787,CNAII

2026-04-15T12:54:39.037Z,true,false,false,false,tesF,PURGA DE FOTO FRONTAL,E3787,CNAII

2026-04-15T12:54:45.116Z,true,false,false,false,29F,Distancia entre SE - Perpendicularidad SE,E3787,CNAII

2026-04-15T12:54:48.153Z,true,false,false,false,30F,Distancia entre SE - Perpendicularidad SE,E3787,CNAII

2026-04-15T12:54:53.220Z,true,false,false,false,31F,Distancia entre SE - Perpendicularidad SE,E3787,CNAII

2026-04-15T12:54:56.256Z,true,false,false,false,32F,Distancia entre SE - Perpendicularidad SE,E3787,CNAII

2026-04-15T12:55:00.322Z,true,false,false,false,33F,Distancia entre SE - Perpendicularidad SE,E3787,CNAII

2026-04-15T12:55:04.356Z,true,false,false,false,34F,Distancia entre SE - Perpendicularidad SE,E3787,CNAII

2026-04-15T12:55:08.390Z,true,false,false,false,36F,Distancia entre SE - Perpendicularidad SE,E3787,CNAII

2026-04-15T12:55:12.425Z,true,false,false,false,37F,Distancia entre SE - Perpendicularidad SE,E3787,CNAII

2026-04-15T12:55:16.447Z,true,false,false,false,38F,Distancia entre SE - Perpendicularidad SE,E3787,CNAII

2026-04-15T12:55:19.478Z,true,false,false,false,11T.1,Rectitud EC,E3787,CNAII

2026-04-15T12:55:25.549Z,true,false,false,false,11T.2,Rectitud EC,E3787,CNAII

2026-04-15T12:55:27.577Z,true,false,false,false,11T.3,Rectitud EC,E3787,CNAII

2026-04-15T12:55:28.577Z,true,false,false,false,tesL,PURGA DE FOTO LATERAL,E3787,CNAII

2026-04-15T12:55:35.702Z,true,false,false,false,39L,PURGA DE FOTO LATERAL,E3787,CNAII

2026-04-15T12:55:38.714Z,true,false,false,false,40L,PURGA DE FOTO LATERAL,E3787,CNAII

2026-04-15T12:55:43.731Z,true,false,false,false,41L,PURGA DE FOTO LATERAL,E3787,CNAII

2026-04-15T12:55:49.794Z,true,false,false,false,42L,PURGA DE FOTO LATERAL,E3787,CNAII

2026-04-15T12:55:55.867Z,true,false,false,false,43L,PURGA DE FOTO LATERAL,E3787,CNAII

2026-04-15T12:56:01.917Z,true,false,false,false,tesF,PURGA DE FOTO FRONTAL,E3787,CNAII

2026-04-15T12:56:07.949Z,true,false,false,false,44F,Distancia entre SE - Perpendicularidad SE,E3787,CNAII

2026-04-15T12:56:11.971Z,true,false,false,false,45F,Distancia entre SE - Perpendicularidad SE,E3787,CNAII

2026-04-15T12:56:16.016Z,true,false,false,false,46F,Distancia entre SE - Perpendicularidad SE,E3787,CNAII

2026-04-15T12:56:20.058Z,true,false,false,false,47F,Distancia entre SE - Perpendicularidad SE,E3787,CNAII

2026-04-15T12:56:23.085Z,true,false,false,false,48F,Distancia entre SE - Perpendicularidad SE,E3787,CNAII

2026-04-15T12:56:28.138Z,true,false,false,false,49F,Distancia entre SE - Perpendicularidad SE,E3787,CNAII

2026-04-15T12:56:31.169Z,true,false,false,false,51F,Distancia entre SE - Perpendicularidad SE,E3787,CNAII

2026-04-15T12:56:36.219Z,true,false,false,false,52F,Distancia entre SE - Perpendicularidad SE,E3787,CNAII

2026-04-15T12:56:39.263Z,true,false,false,false,53F,Distancia entre SE - Perpendicularidad SE,E3787,CNAII

2026-04-15T12:56:42.303Z,true,false,false,false,10T.1,Rectitud EC,E3787,CNAII

2026-04-15T12:56:49.374Z,true,false,false,false,10T.2,Rectitud EC,E3787,CNAII

2026-04-15T12:56:51.414Z,true,false,false,false,10T.3,Rectitud EC,E3787,CNAII

2026-04-15T12:56:52.416Z,true,false,false,false,tesL,PURGA DE FOTO LATERAL,E3787,CNAII

2026-04-15T12:56:59.502Z,true,false,false,false,54L,PURGA DE FOTO LATERAL,E3787,CNAII

2026-04-15T12:57:02.526Z,true,false,false,false,55L,PURGA DE FOTO LATERAL,E3787,CNAII

2026-04-15T12:57:07.568Z,true,false,false,false,56L,PURGA DE FOTO LATERAL,E3787,CNAII

2026-04-15T12:57:13.628Z,true,false,false,false,57L,PURGA DE FOTO LATERAL,E3787,CNAII

2026-04-15T12:57:19.708Z,true,false,false,false,58L,PURGA DE FOTO LATERAL,E3787,CNAII

2026-04-15T12:57:25.753Z,true,false,false,false,tesF,PURGA DE FOTO FRONTAL,E3787,CNAII

2026-04-15T12:57:31.841Z,true,false,false,false,59F,Distancia entre SE - Perpendicularidad SE,E3787,CNAII

2026-04-15T12:57:35.887Z,true,false,false,false,60F,Distancia entre SE - Perpendicularidad SE,E3787,CNAII

2026-04-15T12:57:39.888Z,true,false,false,false,61F,Distancia entre SE - Perpendicularidad SE,E3787,CNAII

2026-04-15T12:57:43.916Z,true,false,false,false,62F,Distancia entre SE - Perpendicularidad SE,E3787,CNAII

2026-04-15T12:57:46.941Z,true,false,false,false,63F,Distancia entre SE - Perpendicularidad SE,E3787,CNAII

2026-04-15T12:57:51.989Z,true,false,false,false,64F,Distancia entre SE - Perpendicularidad SE,E3787,CNAII

2026-04-15T12:57:55.022Z,true,false,false,false,66F,Distancia entre SE - Perpendicularidad SE,E3787,CNAII

2026-04-15T12:58:00.070Z,true,false,false,false,67F,Distancia entre SE - Perpendicularidad SE,E3787,CNAII

2026-04-15T12:58:03.116Z,true,false,false,false,68F,Distancia entre SE - Perpendicularidad SE,E3787,CNAII

2026-04-15T12:58:06.141Z,true,false,false,false,9T.1,Rectitud EC,E3787,CNAII

2026-04-15T12:58:13.236Z,true,false,false,false,9T.2,Rectitud EC,E3787,CNAII

2026-04-15T12:58:15.230Z,true,false,false,false,9T.3,Rectitud EC,E3787,CNAII

2026-04-15T12:58:17.257Z,true,false,false,false,tesL,PURGA DE FOTO LATERAL,E3787,CNAII

2026-04-15T12:58:23.327Z,true,false,false,false,69L,PURGA DE FOTO LATERAL,E3787,CNAII

2026-04-15T12:58:27.362Z,true,false,false,false,70L,PURGA DE FOTO LATERAL,E3787,CNAII

2026-04-15T12:58:31.419Z,true,false,false,false,71L,PURGA DE FOTO LATERAL,E3787,CNAII

2026-04-15T12:58:37.470Z,true,false,false,false,72L,PURGA DE FOTO LATERAL,E3787,CNAII

2026-04-15T12:58:43.520Z,true,false,false,false,73L,PURGA DE FOTO LATERAL,E3787,CNAII

2026-04-15T12:58:49.561Z,true,false,false,false,tesF,PURGA DE FOTO FRONTAL,E3787,CNAII

2026-04-15T12:58:56.715Z,true,false,false,false,74F,Distancia entre SE - Perpendicularidad SE,E3787,CNAII

2026-04-15T12:58:59.701Z,true,false,false,false,75F,Distancia entre SE - Perpendicularidad SE,E3787,CNAII

2026-04-15T12:59:03.722Z,true,false,false,false,76F,Distancia entre SE - Perpendicularidad SE,E3787,CNAII

2026-04-15T12:59:07.756Z,true,false,false,false,77F,Distancia entre SE - Perpendicularidad SE,E3787,CNAII

2026-04-15T12:59:11.838Z,true,false,false,false,78F,Distancia entre SE - Perpendicularidad SE,E3787,CNAII

2026-04-15T12:59:15.844Z,true,false,false,false,79F,Distancia entre SE - Perpendicularidad SE,E3787,CNAII

2026-04-15T12:59:18.870Z,true,false,false,false,81F,Distancia entre SE - Perpendicularidad SE,E3787,CNAII

2026-04-15T12:59:23.929Z,true,false,false,false,82F,Distancia entre SE - Perpendicularidad SE,E3787,CNAII

2026-04-15T12:59:26.965Z,true,false,false,false,83F,Distancia entre SE - Perpendicularidad SE,E3787,CNAII

2026-04-15T12:59:30.007Z,true,false,false,false,8T.1,Rectitud EC,E3787,CNAII

2026-04-15T12:59:38.073Z,true,false,false,false,8T.2,Rectitud EC,E3787,CNAII

2026-04-15T12:59:39.081Z,true,false,false,false,8T.3,Rectitud EC,E3787,CNAII

2026-04-15T12:59:41.110Z,true,false,false,false,tesL,PURGA DE FOTO LATERAL,E3787,CNAII

2026-04-15T12:59:48.198Z,true,false,false,false,84L,PURGA DE FOTO LATERAL,E3787,CNAII

2026-04-15T12:59:51.217Z,true,false,false,false,85L,PURGA DE FOTO LATERAL,E3787,CNAII

2026-04-15T12:59:56.249Z,true,false,false,false,86L,PURGA DE FOTO LATERAL,E3787,CNAII

2026-04-15T13:00:02.304Z,true,false,false,false,87L,PURGA DE FOTO LATERAL,E3787,CNAII

2026-04-15T13:00:08.366Z,true,false,false,false,88L,PURGA DE FOTO LATERAL,E3787,CNAII

2026-04-15T13:00:14.434Z,true,false,false,false,tesF,PURGA DE FOTO FRONTAL,E3787,CNAII

2026-04-15T13:00:20.518Z,true,false,false,false,89F,Distancia entre SE - Perpendicularidad SE,E3787,CNAII

2026-04-15T13:00:23.541Z,true,false,false,false,90F,Distancia entre SE - Perpendicularidad SE,E3787,CNAII

2026-04-15T13:00:28.589Z,true,false,false,false,91F,Distancia entre SE - Perpendicularidad SE,E3787,CNAII

2026-04-15T13:00:31.623Z,true,false,false,false,92F,Distancia entre SE - Perpendicularidad SE,E3787,CNAII

2026-04-15T13:00:35.712Z,true,false,false,false,93F,Distancia entre SE - Perpendicularidad SE,E3787,CNAII

2026-04-15T13:00:39.726Z,true,false,false,false,94F,Distancia entre SE - Perpendicularidad SE,E3787,CNAII

2026-04-15T13:00:42.750Z,true,false,false,false,96F,Distancia entre SE - Perpendicularidad SE,E3787,CNAII

2026-04-15T13:00:47.825Z,true,false,false,false,97F,Distancia entre SE - Perpendicularidad SE,E3787,CNAII

2026-04-15T13:00:50.843Z,true,false,false,false,98F,Distancia entre SE - Perpendicularidad SE,E3787,CNAII

2026-04-15T13:00:54.870Z,true,false,false,false,7T.1,Rectitud EC,E3787,CNAII

2026-04-15T13:01:01.938Z,true,false,false,false,7T.2,Rectitud EC,E3787,CNAII

2026-04-15T13:01:03.948Z,true,false,false,false,7T.3,Rectitud EC,E3787,CNAII

2026-04-15T13:01:04.964Z,true,false,false,false,tesL,PURGA DE FOTO LATERAL,E3787,CNAII

2026-04-15T13:01:12.040Z,true,false,false,false,99L,PURGA DE FOTO LATERAL,E3787,CNAII

2026-04-15T13:01:15.075Z,true,false,false,false,100L,PURGA DE FOTO LATERAL,E3787,CNAII

2026-04-15T13:01:20.140Z,true,false,false,false,101L,PURGA DE FOTO LATERAL,E3787,CNAII

2026-04-15T13:01:26.220Z,true,false,false,false,102L,PURGA DE FOTO LATERAL,E3787,CNAII

2026-04-15T13:01:32.264Z,true,false,false,false,103L,PURGA DE FOTO LATERAL,E3787,CNAII

2026-04-15T13:01:38.344Z,true,false,false,false,tesF,PURGA DE FOTO FRONTAL,E3787,CNAII

2026-04-15T13:01:45.419Z,true,false,false,false,104F,Distancia entre SE - Perpendicularidad SE,E3787,CNAII

2026-04-15T13:01:48.455Z,true,false,false,false,105F,Distancia entre SE - Perpendicularidad SE,E3787,CNAII

2026-04-15T13:01:52.493Z,true,false,false,false,106F,Distancia entre SE - Perpendicularidad SE,E3787,CNAII

2026-04-15T13:01:56.524Z,true,false,false,false,107F,Distancia entre SE - Perpendicularidad SE,E3787,CNAII

2026-04-15T13:02:00.562Z,true,false,false,false,108F,Distancia entre SE - Perpendicularidad SE,E3787,CNAII

2026-04-15T13:02:04.594Z,true,false,false,false,109F,Distancia entre SE - Perpendicularidad SE,E3787,CNAII

2026-04-15T13:02:07.644Z,true,false,false,false,111F,Distancia entre SE - Perpendicularidad SE,E3787,CNAII

2026-04-15T13:02:12.737Z,true,false,false,false,112F,Distancia entre SE - Perpendicularidad SE,E3787,CNAII

2026-04-15T13:02:15.727Z,true,false,false,false,113F,Distancia entre SE - Perpendicularidad SE,E3787,CNAII

2026-04-15T13:02:18.743Z,true,false,false,false,6T.1,Rectitud EC,E3787,CNAII

2026-04-15T13:02:26.801Z,true,false,false,false,6T.2,Rectitud EC,E3787,CNAII

2026-04-15T13:02:27.832Z,true,false,false,false,6T.3,Rectitud EC,E3787,CNAII

2026-04-15T13:02:29.844Z,true,false,false,false,tesL,PURGA DE FOTO LATERAL,E3787,CNAII

2026-04-15T13:02:35.899Z,true,false,false,false,114L,PURGA DE FOTO LATERAL,E3787,CNAII

2026-04-15T13:02:38.928Z,true,false,false,false,115L,PURGA DE FOTO LATERAL,E3787,CNAII

2026-04-15T13:02:43.972Z,true,false,false,false,116L,PURGA DE FOTO LATERAL,E3787,CNAII

2026-04-15T13:02:50.025Z,true,false,false,false,117L,PURGA DE FOTO LATERAL,E3787,CNAII

2026-04-15T13:02:56.125Z,true,false,false,false,118L,PURGA DE FOTO LATERAL,E3787,CNAII

2026-04-15T13:03:02.191Z,true,false,false,false,tesF,PURGA DE FOTO FRONTAL,E3787,CNAII

2026-04-15T13:03:09.230Z,true,false,false,false,119F,Distancia entre SE - Perpendicularidad SE,E3787,CNAII

2026-04-15T13:03:12.274Z,true,false,false,false,120F,Distancia entre SE - Perpendicularidad SE,E3787,CNAII

2026-04-15T13:03:16.329Z,true,false,false,false,121F,Distancia entre SE - Perpendicularidad SE,E3787,CNAII

2026-04-15T13:03:20.376Z,true,false,false,false,122F,Distancia entre SE - Perpendicularidad SE,E3787,CNAII

2026-04-15T13:03:24.420Z,true,false,false,false,123F,Distancia entre SE - Perpendicularidad SE,E3787,CNAII

2026-04-15T13:03:28.443Z,true,false,false,false,124F,Distancia entre SE - Perpendicularidad SE,E3787,CNAII

2026-04-15T13:03:31.482Z,true,false,false,false,126F,Distancia entre SE - Perpendicularidad SE,E3787,CNAII

2026-04-15T13:03:36.547Z,true,false,false,false,127F,Distancia entre SE - Perpendicularidad SE,E3787,CNAII

2026-04-15T13:03:39.585Z,true,false,false,false,128F,Distancia entre SE - Perpendicularidad SE,E3787,CNAII

2026-04-15T13:03:42.637Z,true,false,false,false,5T.1,Rectitud EC,E3787,CNAII

2026-04-15T13:03:50.732Z,true,false,false,false,5T.2,Rectitud EC,E3787,CNAII

2026-04-15T13:03:51.721Z,true,false,false,false,5T.3,Rectitud EC,E3787,CNAII

2026-04-15T13:03:53.747Z,true,false,false,false,tesL,PURGA DE FOTO LATERAL,E3787,CNAII

2026-04-15T13:04:00.830Z,true,false,false,false,129L,PURGA DE FOTO LATERAL,E3787,CNAII

2026-04-15T13:04:03.841Z,true,false,false,false,130L,PURGA DE FOTO LATERAL,E3787,CNAII

2026-04-15T13:04:08.877Z,true,false,false,false,131L,PURGA DE FOTO LATERAL,E3787,CNAII

2026-04-15T13:04:14.935Z,true,false,false,false,132L,PURGA DE FOTO LATERAL,E3787,CNAII

2026-04-15T13:04:19.973Z,true,false,false,false,133L,PURGA DE FOTO LATERAL,E3787,CNAII

2026-04-15T13:04:26.041Z,true,false,false,false,tesF,PURGA DE FOTO FRONTAL,E3787,CNAII

2026-04-15T13:04:33.121Z,true,false,false,false,134F,Distancia entre SE - Perpendicularidad SE,E3787,CNAII

2026-04-15T13:04:36.163Z,true,false,false,false,135F,Distancia entre SE - Perpendicularidad SE,E3787,CNAII

2026-04-15T13:04:40.217Z,true,false,false,false,136F,Distancia entre SE - Perpendicularidad SE,E3787,CNAII

2026-04-15T13:04:44.256Z,true,false,false,false,137F,Distancia entre SE - Perpendicularidad SE,E3787,CNAII

2026-04-15T13:04:48.282Z,true,false,false,false,138F,Distancia entre SE - Perpendicularidad SE,E3787,CNAII

2026-04-15T13:04:52.346Z,true,false,false,false,139F,Distancia entre SE - Perpendicularidad SE,E3787,CNAII

2026-04-15T13:04:55.356Z,true,false,false,false,141F,Distancia entre SE - Perpendicularidad SE,E3787,CNAII

2026-04-15T13:05:00.421Z,true,false,false,false,142F,Distancia entre SE - Perpendicularidad SE,E3787,CNAII

2026-04-15T13:05:03.439Z,true,false,false,false,143F,Distancia entre SE - Perpendicularidad SE,E3787,CNAII

2026-04-15T13:05:07.488Z,true,false,false,false,4T.1,Rectitud EC,E3787,CNAII

2026-04-15T13:05:14.572Z,true,false,false,false,4T.2,Rectitud EC,E3787,CNAII

2026-04-15T13:05:16.604Z,true,false,false,false,4T.3,Rectitud EC,E3787,CNAII

2026-04-15T13:05:17.617Z,true,false,false,false,tesL,PURGA DE FOTO LATERAL,E3787,CNAII

2026-04-15T13:05:24.714Z,true,false,false,false,144L,PURGA DE FOTO LATERAL,E3787,CNAII

2026-04-15T13:05:27.724Z,true,false,false,false,145L,PURGA DE FOTO LATERAL,E3787,CNAII

2026-04-15T13:05:32.791Z,true,false,false,false,146L,PURGA DE FOTO LATERAL,E3787,CNAII

2026-04-15T13:05:38.844Z,true,false,false,false,147L,PURGA DE FOTO LATERAL,E3787,CNAII

2026-04-15T13:05:44.924Z,true,false,false,false,148L,PURGA DE FOTO LATERAL,E3787,CNAII

2026-04-15T13:05:50.956Z,true,false,false,false,tesF,PURGA DE FOTO FRONTAL,E3787,CNAII

2026-04-15T13:05:57.032Z,true,false,false,false,149F,Distancia entre SE - Perpendicularidad SE,E3787,CNAII

2026-04-15T13:06:00.068Z,true,false,false,false,150F,Distancia entre SE - Perpendicularidad SE,E3787,CNAII

2026-04-15T13:06:05.093Z,true,false,false,false,151F,Distancia entre SE - Perpendicularidad SE,E3787,CNAII

2026-04-15T13:06:08.132Z,true,false,false,false,152F,Distancia entre SE - Perpendicularidad SE,E3787,CNAII

2026-04-15T13:06:12.195Z,true,false,false,false,153F,Distancia entre SE - Perpendicularidad SE,E3787,CNAII

2026-04-15T13:06:16.238Z,true,false,false,false,154F,Distancia entre SE - Perpendicularidad SE,E3787,CNAII

2026-04-15T13:06:19.245Z,true,false,false,false,156F,Distancia entre SE - Perpendicularidad SE,E3787,CNAII

2026-04-15T13:06:24.289Z,true,false,false,false,157F,Distancia entre SE - Perpendicularidad SE,E3787,CNAII

2026-04-15T13:06:27.346Z,true,false,false,false,158F,Distancia entre SE - Perpendicularidad SE,E3787,CNAII

2026-04-15T13:06:31.357Z,true,false,false,false,3T.1,Rectitud EC,E3787,CNAII

2026-04-15T13:06:38.437Z,true,false,false,false,3T.2,Rectitud EC,E3787,CNAII

2026-04-15T13:06:40.465Z,true,false,false,false,3T.3,Rectitud EC,E3787,CNAII

2026-04-15T13:06:41.473Z,true,false,false,false,tesL,PURGA DE FOTO LATERAL,E3787,CNAII

2026-04-15T13:06:48.547Z,true,false,false,false,159L,PURGA DE FOTO LATERAL,E3787,CNAII

2026-04-15T13:06:51.578Z,true,false,false,false,160L,PURGA DE FOTO LATERAL,E3787,CNAII

2026-04-15T13:06:56.635Z,true,false,false,false,161L,PURGA DE FOTO LATERAL,E3787,CNAII

2026-04-15T13:07:02.733Z,true,false,false,false,162L,PURGA DE FOTO LATERAL,E3787,CNAII

2026-04-15T13:07:08.755Z,true,false,false,false,163L,PURGA DE FOTO LATERAL,E3787,CNAII

2026-04-15T13:07:14.823Z,true,false,false,false,tesF,PURGA DE FOTO FRONTAL,E3787,CNAII

2026-04-15T13:07:20.860Z,true,false,false,false,164F,Distancia entre SE - Perpendicularidad SE,E3787,CNAII

2026-04-15T13:07:23.903Z,true,false,false,false,165F,Distancia entre SE - Perpendicularidad SE,E3787,CNAII

2026-04-15T13:07:28.960Z,true,false,false,false,166F,Distancia entre SE - Perpendicularidad SE,E3787,CNAII

2026-04-15T13:07:31.974Z,true,false,false,false,167F,Distancia entre SE - Perpendicularidad SE,E3787,CNAII

2026-04-15T13:07:36.034Z,true,false,false,false,168F,Distancia entre SE - Perpendicularidad SE,E3787,CNAII

2026-04-15T13:07:40.065Z,true,false,false,false,169F,Distancia entre SE - Perpendicularidad SE,E3787,CNAII

2026-04-15T13:07:44.102Z,true,false,false,false,171F,Distancia entre SE - Perpendicularidad SE,E3787,CNAII

2026-04-15T13:07:49.154Z,true,false,false,false,172F,Distancia entre SE - Perpendicularidad SE,E3787,CNAII

2026-04-15T13:07:52.169Z,true,false,false,false,173F,Distancia entre SE - Perpendicularidad SE,E3787,CNAII

2026-04-15T13:07:55.219Z,true,false,false,false,2T.1,Rectitud EC,E3787,CNAII

2026-04-15T13:08:02.265Z,true,false,false,false,2T.2,Rectitud EC,E3787,CNAII

2026-04-15T13:08:04.288Z,true,false,false,false,2T.3,Rectitud EC,E3787,CNAII

2026-04-15T13:08:06.332Z,true,false,false,false,tesL,PURGA DE FOTO LATERAL,E3787,CNAII

2026-04-15T13:08:12.379Z,true,false,false,false,174L,PURGA DE FOTO LATERAL,E3787,CNAII

2026-04-15T13:08:15.418Z,true,false,false,false,175L,PURGA DE FOTO LATERAL,E3787,CNAII

2026-04-15T13:08:20.435Z,true,false,false,false,176L,PURGA DE FOTO LATERAL,E3787,CNAII

2026-04-15T13:08:26.485Z,true,false,false,false,177L,PURGA DE FOTO LATERAL,E3787,CNAII

2026-04-15T13:08:32.536Z,true,false,false,false,178L,PURGA DE FOTO LATERAL,E3787,CNAII

2026-04-15T13:08:38.581Z,true,false,false,false,tesF,PURGA DE FOTO FRONTAL,E3787,CNAII

2026-04-15T13:08:44.703Z,true,false,false,false,179F,Distancia entre SE - Perpendicularidad SE,E3787,CNAII

2026-04-15T13:08:48.723Z,true,false,false,false,180F,Distancia entre SE - Perpendicularidad SE,E3787,CNAII

2026-04-15T13:08:52.726Z,true,false,false,false,181F,Distancia entre SE - Perpendicularidad SE,E3787,CNAII

2026-04-15T13:08:56.771Z,true,false,false,false,182F,Distancia entre SE - Perpendicularidad SE,E3787,CNAII

2026-04-15T13:08:59.802Z,true,false,false,false,183F,Distancia entre SE - Perpendicularidad SE,E3787,CNAII

2026-04-15T13:09:04.849Z,true,false,false,false,184F,Distancia entre SE - Perpendicularidad SE,E3787,CNAII

2026-04-15T13:09:07.856Z,true,false,false,false,186F,Distancia entre SE - Perpendicularidad SE,E3787,CNAII

2026-04-15T13:09:12.893Z,true,false,false,false,187F,Distancia entre SE - Perpendicularidad SE,E3787,CNAII

2026-04-15T13:09:15.934Z,true,false,false,false,188F,Distancia entre SE - Perpendicularidad SE,E3787,CNAII

2026-04-15T13:09:18.965Z,true,false,false,false,1T.1,Rectitud EC,E3787,CNAII

2026-04-15T13:09:27.044Z,true,false,false,false,1T.2,Rectitud EC,E3787,CNAII

2026-04-15T13:09:28.057Z,true,false,false,false,1T.3,Rectitud EC,E3787,CNAII

2026-04-15T13:09:30.078Z,true,false,false,false,tesL,PURGA DE FOTO LATERAL,E3787,CNAII

2026-04-15T13:09:36.160Z,true,false,false,false,189L,PURGA DE FOTO LATERAL,E3787,CNAII

2026-04-15T13:09:40.230Z,true,false,false,false,190L,PURGA DE FOTO LATERAL,E3787,CNAII

2026-04-15T13:09:44.270Z,true,false,false,false,191L,PURGA DE FOTO LATERAL,E3787,CNAII

2026-04-15T13:09:50.341Z,true,false,false,false,192L,PURGA DE FOTO LATERAL,E3787,CNAII

2026-04-15T13:09:56.368Z,true,false,false,false,193L,PURGA DE FOTO LATERAL,E3787,CNAII

2026-04-15T13:10:02.435Z,true,false,false,false,tesF,PURGA DE FOTO FRONTAL,E3787,CNAII

2026-04-15T13:10:09.518Z,true,false,false,false,194F,Distancia entre SE - Perpendicularidad SE,E3787,CNAII

2026-04-15T13:10:12.541Z,true,false,false,false,195F,Distancia entre SE - Perpendicularidad SE,E3787,CNAII

2026-04-15T13:10:16.581Z,true,false,false,false,196F,Distancia entre SE - Perpendicularidad SE,E3787,CNAII

2026-04-15T13:10:20.630Z,true,false,false,false,197F,Distancia entre SE - Perpendicularidad SE,E3787,CNAII

2026-04-15T13:10:24.707Z,true,false,false,false,198F,Distancia entre SE - Perpendicularidad SE,E3787,CNAII

2026-04-15T13:10:28.723Z,true,false,false,false,199F,Distancia entre SE - Perpendicularidad SE,E3787,CNAII

2026-04-15T13:10:31.745Z,true,false,false,false,201F,Distancia entre SE - Perpendicularidad SE,E3787,CNAII

2026-04-15T13:10:36.797Z,true,false,false,false,202F,Distancia entre SE - Perpendicularidad SE,E3787,CNAII

2026-04-15T13:10:39.841Z,true,false,false,false,203F,Distancia entre SE - Perpendicularidad SE,E3787,CNAII

2026-04-15T13:10:42.857Z,true,false,false,false,001F,Distancia entre SE y PP,E3787,CNAII

2026-04-15T13:10:49.943Z,true,false,false,false,210F,Distancia entre SE y PP,E3787,CNAII

2026-04-15T13:10:52.956Z,true,false,false,false,002F,Distancia entre SE y PP,E3787,CNAII

2026-04-15T13:10:59.021Z,true,false,false,false,211F,Distancia entre SE y PP,E3787,CNAII

2026-04-15T13:11:06.119Z,true,false,false,false,003F,Distancia entre SE y PP,E3787,CNAII

2026-04-15T13:11:12.165Z,true,false,false,false,tesL,PURGA DE FOTO LATERAL,E3787,CNAII

2026-04-15T13:11:19.247Z,true,false,false,false,212L,PURGA DE FOTO LATERAL,E3787,CNAII

2026-04-15T13:11:20.262Z,true,false,false,false,213L,PURGA DE FOTO LATERAL,E3787,CNAII

2026-04-15T13:11:28.354Z,true,false,false,false,214L,PURGA DE FOTO LATERAL,E3787,CNAII

2026-04-15T13:11:37.455Z,true,false,false,false,tesL,PURGA DE FOTO LATERAL,E3787,CNAII

2026-04-15T13:11:45.547Z,true,false,false,false,216L,Presencia de soldadura TVS - Fisuras soldadura TVS,E3787,CNAII

2026-04-15T13:11:50.621Z,true,false,false,false,217L,Presencia de soldadura TVS - Fisuras soldadura TVS,E3787,CNAII

2026-04-15T13:11:58.705Z,true,false,false,false,218L,Presencia de soldadura TVS - Fisuras soldadura TVS,E3787,CNAII

2026-04-15T13:12:06.762Z,true,false,false,false,tesL,PURGA DE FOTO LATERAL,E3787,CNAII

2026-04-15T13:12:18.866Z,true,false,false,false,0T.1,Rectitud EC PP,E3787,CNAII

2026-04-15T13:12:22.923Z,true,false,false,false,0T.2,Rectitud EC PP,E3787,CNAII

2026-04-15T13:12:23.921Z,true,false,false,false,0T.3,Rectitud EC PP,E3787,CNAII

2026-04-15T13:12:24.937Z,true,false,false,false,14T.1,Rectitud EC PP,E3787,CNAII

2026-04-15T13:12:28.980Z,true,false,false,false,14T.2,Rectitud EC PP,E3787,CNAII

2026-04-15T13:12:30.001Z,true,false,false,false,14T.3,Rectitud EC PP,E3787,CNAII

2026-04-15T13:12:32.023Z,true,false,false,false,222L,Rectitud EC PP,E3787,CNAII

2026-04-15T13:12:36.057Z,true,false,false,false,223L,Rectitud EC PP,E3787,CNAII

2026-04-15T13:12:41.135Z,true,false,false,false,224L,Rectitud EC PP,E3787,CNAII

2026-04-15T13:12:46.161Z,true,false,false,false,225L,Rectitud EC PP,E3787,CNAII

2026-04-15T13:12:50.219Z,true,false,false,false,226L,Rectitud EC PP,E3787,CNAII

2026-04-15T13:12:55.241Z,true,false,false,false,227L,Rectitud EC PP,E3787,CNAII

2026-04-15T13:13:00.285Z,true,false,false,false,tesL,PURGA DE FOTO LATERAL,E3787,CNAII

2026-04-15T13:13:07.352Z,true,false,false,false,228L,PURGA DE FOTO LATERAL,E3787,CNAII

2026-04-15T13:13:18.476Z,true,false,false,false,229L,PURGA DE FOTO LATERAL,E3787,CNAII

2026-04-15T13:13:23.526Z,true,false,false,false,230L,PURGA DE FOTO LATERAL,E3787,CNAII

2026-04-15T13:13:28.578Z,true,false,false,false,231L,PURGA DE FOTO LATERAL,E3787,CNAII

2026-04-15T13:13:32.621Z,true,false,false,false,232L,PURGA DE FOTO LATERAL,E3787,CNAII

2026-04-15T13:13:37.706Z,true,false,false,false,233L,PURGA DE FOTO LATERAL,E3787,CNAII

2026-04-15T13:13:42.730Z,true,false,false,false,tesF,PURGA DE FOTO FRONTAL,E3787,CNAII

2026-04-15T13:13:47.760Z,true,false,false,false,240F,PURGA DE FOTO FRONTAL,E3787,CNAII

2026-04-15T13:13:50.794Z,true,false,false,false,241F,PURGA DE FOTO FRONTAL,E3787,CNAII

2026-04-15T13:13:54.843Z,true,false,false,false,242F,PURGA DE FOTO FRONTAL,E3787,CNAII

2026-04-15T13:13:55.857Z,true,false,false,false,tesF,PURGA DE FOTO FRONTAL,E3787,CNAII

2026-04-15T13:14:01.902Z,true,false,false,false,,,E3787,CNAII

2026-04-15T13:15:19.739Z,false,false,false,true,,,E3787,CNAII

2026-04-15T13:21:02.182Z,false,false,false,false,,,E3787,CNAII

2026-04-15T13:21:03.197Z,false,false,false,true,,,E3787,CNAII

2026-04-15T13:40:52.078Z,false,false,false,false,,,E3787,CNAII

2026-04-15T13:41:39.599Z,true,false,false,false,,,E3787,CNAIIR1

2026-04-15T13:42:05.889Z,true,false,false,false,13T.1,Rectitud EC,E3787,CNAIIR1

2026-04-15T13:42:24.089Z,true,false,false,false,13T.2,Rectitud EC,E3787,CNAIIR1

2026-04-15T13:42:26.132Z,true,false,false,false,13T.3,Rectitud EC,E3787,CNAIIR1

2026-04-15T13:42:28.137Z,true,false,false,false,AZ4-A,Rectitud EC,E3787,CNAIIR1

2026-04-15T13:42:29.145Z,true,false,false,false,AZ4-B,Zapata tipo I/II 4,E3787,CNAIIR1

2026-04-15T13:42:32.168Z,true,false,false,false,AZ3-A,Zapata tipo I/II 4,E3787,CNAIIR1

2026-04-15T13:42:37.233Z,true,false,false,false,AZ3-B,Zapata tipo I/II 3,E3787,CNAIIR1

2026-04-15T13:42:39.242Z,true,false,false,false,AZ2-B,Zapata tipo I/II 2,E3787,CNAIIR1

2026-04-15T13:42:43.296Z,true,false,false,false,AZ12-A,Zapata tipo I/II 2,E3787,CNAIIR1

2026-04-15T13:42:46.336Z,true,false,false,false,AZ1-B,Zapata tipo I/II 1,E3787,CNAIIR1

2026-04-15T13:42:48.362Z,true,false,false,false,AZ6-B,Zapata tipo I/II 6,E3787,CNAIIR1

2026-04-15T13:42:56.434Z,true,false,false,false,AZ56-A,Zapata tipo I/II 6,E3787,CNAIIR1

2026-04-15T13:42:59.460Z,true,false,false,false,AZ5-B,Zapata tipo I/II 5,E3787,CNAIIR1

2026-04-15T13:43:02.483Z,true,false,false,false,tesF,PURGA DE FOTO FRONTAL,E3787,CNAIIR1

2026-04-15T13:43:04.506Z,true,false,false,false,1F,PURGA DE FOTO FRONTAL,E3787,CNAIIR1

2026-04-15T13:43:07.543Z,true,false,false,false,2F,PURGA DE FOTO FRONTAL,E3787,CNAIIR1

2026-04-15T13:43:11.576Z,true,false,false,false,3F,Distancia entre SE - Perpendicularidad SE,E3787,CNAIIR1

2026-04-15T13:43:15.632Z,true,false,false,false,4F,Distancia entre SE - Perpendicularidad SE,E3787,CNAIIR1

2026-04-15T13:43:18.723Z,true,false,false,false,5F,Distancia entre SE - Perpendicularidad SE,E3787,CNAIIR1

2026-04-15T13:43:22.729Z,true,false,false,false,6F,Distancia entre SE - Perpendicularidad SE,E3787,CNAIIR1

2026-04-15T13:43:24.735Z,true,false,false,false,7F,Distancia entre SE - Perpendicularidad SE,E3787,CNAIIR1

2026-04-15T13:43:27.757Z,true,false,false,false,9F,Distancia entre SE - Perpendicularidad SE,E3787,CNAIIR1

2026-04-15T13:43:32.841Z,true,false,false,false,10F,Distancia entre SE - Perpendicularidad SE,E3787,CNAIIR1

2026-04-15T13:43:35.857Z,true,false,false,false,11F,Distancia entre SE - Perpendicularidad SE,E3787,CNAIIR1

2026-04-15T13:43:39.893Z,true,false,false,false,12F,Distancia entre SE - Perpendicularidad SE,E3787,CNAIIR1

2026-04-15T13:43:41.934Z,true,false,false,false,tesL,PURGA DE FOTO LATERAL,E3787,CNAIIR1

2026-04-15T13:43:48.978Z,true,false,false,false,13L,PURGA DE FOTO LATERAL,E3787,CNAIIR1

2026-04-15T13:43:51.014Z,true,false,false,false,14L,PURGA DE FOTO LATERAL,E3787,CNAIIR1

2026-04-15T13:43:56.064Z,true,false,false,false,15L,PURGA DE FOTO LATERAL,E3787,CNAIIR1

2026-04-15T13:43:59.100Z,true,false,false,false,16L,PURGA DE FOTO LATERAL,E3787,CNAIIR1

2026-04-15T13:44:03.130Z,true,false,false,false,17L,PURGA DE FOTO LATERAL,E3787,CNAIIR1

2026-04-15T13:44:09.192Z,true,false,false,false,18L,PURGA DE FOTO LATERAL,E3787,CNAIIR1

2026-04-15T13:44:13.238Z,true,false,false,false,19L,PURGA DE FOTO LATERAL,E3787,CNAIIR1

2026-04-15T13:44:16.240Z,true,false,false,false,12T.1,Rectitud EC,E3787,CNAIIR1

2026-04-15T13:44:31.357Z,true,false,false,false,12T.2,Rectitud EC,E3787,CNAIIR1

2026-04-15T13:44:33.382Z,true,false,false,false,12T.3,Rectitud EC,E3787,CNAIIR1

2026-04-15T13:44:35.416Z,true,false,false,false,tesL,PURGA DE FOTO LATERAL,E3787,CNAIIR1

2026-04-15T13:44:41.466Z,true,false,false,false,24L,PURGA DE FOTO LATERAL,E3787,CNAIIR1

2026-04-15T13:44:44.506Z,true,false,false,false,25L,PURGA DE FOTO LATERAL,E3787,CNAIIR1

2026-04-15T13:44:49.557Z,true,false,false,false,26L,PURGA DE FOTO LATERAL,E3787,CNAIIR1

2026-04-15T13:44:55.593Z,true,false,false,false,27L,PURGA DE FOTO LATERAL,E3787,CNAIIR1

2026-04-15T13:45:01.728Z,true,false,false,false,28L,PURGA DE FOTO LATERAL,E3787,CNAIIR1

2026-04-15T13:45:07.739Z,true,false,false,false,tesF,PURGA DE FOTO FRONTAL,E3787,CNAIIR1

2026-04-15T13:45:14.805Z,true,false,false,false,29F,Distancia entre SE - Perpendicularidad SE,E3787,CNAIIR1

2026-04-15T13:45:17.851Z,true,false,false,false,30F,Distancia entre SE - Perpendicularidad SE,E3787,CNAIIR1

2026-04-15T13:45:21.897Z,true,false,false,false,31F,Distancia entre SE - Perpendicularidad SE,E3787,CNAIIR1

2026-04-15T13:45:25.957Z,true,false,false,false,32F,Distancia entre SE - Perpendicularidad SE,E3787,CNAIIR1

2026-04-15T13:45:30.012Z,true,false,false,false,33F,Distancia entre SE - Perpendicularidad SE,E3787,CNAIIR1

2026-04-15T13:45:34.053Z,true,false,false,false,34F,Distancia entre SE - Perpendicularidad SE,E3787,CNAIIR1

2026-04-15T13:45:37.084Z,true,false,false,false,36F,Distancia entre SE - Perpendicularidad SE,E3787,CNAIIR1

2026-04-15T13:45:42.145Z,true,false,false,false,37F,Distancia entre SE - Perpendicularidad SE,E3787,CNAIIR1

2026-04-15T13:45:45.179Z,true,false,false,false,38F,Distancia entre SE - Perpendicularidad SE,E3787,CNAIIR1

2026-04-15T13:45:48.204Z,true,false,false,false,11T.1,Rectitud EC,E3787,CNAIIR1

2026-04-15T13:45:55.274Z,true,false,false,false,11T.2,Rectitud EC,E3787,CNAIIR1

2026-04-15T13:45:56.290Z,true,false,false,false,11T.3,Rectitud EC,E3787,CNAIIR1

2026-04-15T13:45:58.334Z,true,false,false,false,tesL,PURGA DE FOTO LATERAL,E3787,CNAIIR1

2026-04-15T13:46:04.387Z,true,false,false,false,39L,PURGA DE FOTO LATERAL,E3787,CNAIIR1

2026-04-15T13:46:08.448Z,true,false,false,false,40L,PURGA DE FOTO LATERAL,E3787,CNAIIR1

2026-04-15T13:46:12.472Z,true,false,false,false,41L,PURGA DE FOTO LATERAL,E3787,CNAIIR1

2026-04-15T13:46:18.535Z,true,false,false,false,42L,PURGA DE FOTO LATERAL,E3787,CNAIIR1

2026-04-15T13:46:24.583Z,true,false,false,false,43L,PURGA DE FOTO LATERAL,E3787,CNAIIR1

2026-04-15T13:46:30.645Z,true,false,false,false,tesF,PURGA DE FOTO FRONTAL,E3787,CNAIIR1

2026-04-15T13:46:37.726Z,true,false,false,false,44F,Distancia entre SE - Perpendicularidad SE,E3787,CNAIIR1

2026-04-15T13:46:40.737Z,true,false,false,false,45F,Distancia entre SE - Perpendicularidad SE,E3787,CNAIIR1

2026-04-15T13:46:44.774Z,true,false,false,false,46F,Distancia entre SE - Perpendicularidad SE,E3787,CNAIIR1

2026-04-15T13:46:48.816Z,true,false,false,false,47F,Distancia entre SE - Perpendicularidad SE,E3787,CNAIIR1

2026-04-15T13:46:52.873Z,true,false,false,false,48F,Distancia entre SE - Perpendicularidad SE,E3787,CNAIIR1

2026-04-15T13:46:56.898Z,true,false,false,false,49F,Distancia entre SE - Perpendicularidad SE,E3787,CNAIIR1

2026-04-15T13:46:59.929Z,true,false,false,false,51F,Distancia entre SE - Perpendicularidad SE,E3787,CNAIIR1

2026-04-15T13:47:04.977Z,true,false,false,false,52F,Distancia entre SE - Perpendicularidad SE,E3787,CNAIIR1

2026-04-15T13:47:08.028Z,true,false,false,false,53F,Distancia entre SE - Perpendicularidad SE,E3787,CNAIIR1

2026-04-15T13:47:11.059Z,true,false,false,false,10T.1,Rectitud EC,E3787,CNAIIR1

2026-04-15T13:47:18.107Z,true,false,false,false,10T.2,Rectitud EC,E3787,CNAIIR1

2026-04-15T13:47:20.139Z,true,false,false,false,10T.3,Rectitud EC,E3787,CNAIIR1

2026-04-15T13:47:22.158Z,true,false,false,false,tesL,PURGA DE FOTO LATERAL,E3787,CNAIIR1

2026-04-15T13:47:28.234Z,true,false,false,false,54L,PURGA DE FOTO LATERAL,E3787,CNAIIR1

2026-04-15T13:47:32.266Z,true,false,false,false,55L,PURGA DE FOTO LATERAL,E3787,CNAIIR1

2026-04-15T13:47:37.316Z,true,false,false,false,56L,PURGA DE FOTO LATERAL,E3787,CNAIIR1

2026-04-15T13:47:42.380Z,true,false,false,false,57L,PURGA DE FOTO LATERAL,E3787,CNAIIR1

2026-04-15T13:47:48.440Z,true,false,false,false,58L,PURGA DE FOTO LATERAL,E3787,CNAIIR1

2026-04-15T13:47:54.518Z,true,false,false,false,tesF,PURGA DE FOTO FRONTAL,E3787,CNAIIR1

2026-04-15T13:48:01.583Z,true,false,false,false,59F,Distancia entre SE - Perpendicularidad SE,E3787,CNAIIR1

2026-04-15T13:48:04.603Z,true,false,false,false,60F,Distancia entre SE - Perpendicularidad SE,E3787,CNAIIR1

2026-04-15T13:48:08.724Z,true,false,false,false,61F,Distancia entre SE - Perpendicularidad SE,E3787,CNAIIR1

2026-04-15T13:48:12.717Z,true,false,false,false,62F,Distancia entre SE - Perpendicularidad SE,E3787,CNAIIR1

2026-04-15T13:48:16.735Z,true,false,false,false,63F,Distancia entre SE - Perpendicularidad SE,E3787,CNAIIR1

2026-04-15T13:48:20.774Z,true,false,false,false,64F,Distancia entre SE - Perpendicularidad SE,E3787,CNAIIR1

2026-04-15T13:48:23.800Z,true,false,false,false,66F,Distancia entre SE - Perpendicularidad SE,E3787,CNAIIR1

2026-04-15T13:48:28.881Z,true,false,false,false,67F,Distancia entre SE - Perpendicularidad SE,E3787,CNAIIR1

2026-04-15T13:48:31.897Z,true,false,false,false,68F,Distancia entre SE - Perpendicularidad SE,E3787,CNAIIR1

2026-04-15T13:48:34.936Z,true,false,false,false,9T.1,Rectitud EC,E3787,CNAIIR1

2026-04-15T13:48:43.035Z,true,false,false,false,9T.2,Rectitud EC,E3787,CNAIIR1

2026-04-15T13:48:45.056Z,true,false,false,false,9T.3,Rectitud EC,E3787,CNAIIR1

2026-04-15T13:48:46.069Z,true,false,false,false,tesL,PURGA DE FOTO LATERAL,E3787,CNAIIR1

2026-04-15T13:48:53.153Z,true,false,false,false,69L,PURGA DE FOTO LATERAL,E3787,CNAIIR1

2026-04-15T13:48:56.177Z,true,false,false,false,70L,PURGA DE FOTO LATERAL,E3787,CNAIIR1

2026-04-15T13:49:01.246Z,true,false,false,false,71L,PURGA DE FOTO LATERAL,E3787,CNAIIR1

2026-04-15T13:49:07.300Z,true,false,false,false,72L,PURGA DE FOTO LATERAL,E3787,CNAIIR1

2026-04-15T13:49:13.358Z,true,false,false,false,73L,PURGA DE FOTO LATERAL,E3787,CNAIIR1

2026-04-15T13:49:19.434Z,true,false,false,false,tesF,PURGA DE FOTO FRONTAL,E3787,CNAIIR1

2026-04-15T13:49:25.517Z,true,false,false,false,74F,Distancia entre SE - Perpendicularidad SE,E3787,CNAIIR1

2026-04-15T13:49:28.547Z,true,false,false,false,75F,Distancia entre SE - Perpendicularidad SE,E3787,CNAIIR1

2026-04-15T13:49:32.591Z,true,false,false,false,76F,Distancia entre SE - Perpendicularidad SE,E3787,CNAIIR1

2026-04-15T13:49:36.651Z,true,false,false,false,77F,Distancia entre SE - Perpendicularidad SE,E3787,CNAIIR1

2026-04-15T13:49:40.726Z,true,false,false,false,78F,Distancia entre SE - Perpendicularidad SE,E3787,CNAIIR1

2026-04-15T13:49:44.744Z,true,false,false,false,79F,Distancia entre SE - Perpendicularidad SE,E3787,CNAIIR1

2026-04-15T13:49:47.762Z,true,false,false,false,81F,Distancia entre SE - Perpendicularidad SE,E3787,CNAIIR1

2026-04-15T13:49:52.785Z,true,false,false,false,82F,Distancia entre SE - Perpendicularidad SE,E3787,CNAIIR1

2026-04-15T13:49:56.803Z,true,false,false,false,83F,Distancia entre SE - Perpendicularidad SE,E3787,CNAIIR1

2026-04-15T13:49:59.854Z,true,false,false,false,8T.1,Rectitud EC,E3787,CNAIIR1

2026-04-15T13:50:06.885Z,true,false,false,false,8T.2,Rectitud EC,E3787,CNAIIR1

2026-04-15T13:50:08.893Z,true,false,false,false,8T.3,Rectitud EC,E3787,CNAIIR1

2026-04-15T13:50:09.909Z,true,false,false,false,tesL,PURGA DE FOTO LATERAL,E3787,CNAIIR1

2026-04-15T13:50:16.980Z,true,false,false,false,84L,PURGA DE FOTO LATERAL,E3787,CNAIIR1

2026-04-15T13:50:20.006Z,true,false,false,false,85L,PURGA DE FOTO LATERAL,E3787,CNAIIR1

2026-04-15T13:50:25.046Z,true,false,false,false,86L,PURGA DE FOTO LATERAL,E3787,CNAIIR1

2026-04-15T13:50:31.106Z,true,false,false,false,87L,PURGA DE FOTO LATERAL,E3787,CNAIIR1

2026-04-15T13:50:37.178Z,true,false,false,false,88L,PURGA DE FOTO LATERAL,E3787,CNAIIR1

2026-04-15T13:50:43.247Z,true,false,false,false,tesF,PURGA DE FOTO FRONTAL,E3787,CNAIIR1

2026-04-15T13:50:49.320Z,true,false,false,false,89F,Distancia entre SE - Perpendicularidad SE,E3787,CNAIIR1

2026-04-15T13:50:53.354Z,true,false,false,false,90F,Distancia entre SE - Perpendicularidad SE,E3787,CNAIIR1

2026-04-15T13:50:57.422Z,true,false,false,false,91F,Distancia entre SE - Perpendicularidad SE,E3787,CNAIIR1

2026-04-15T13:51:01.459Z,true,false,false,false,92F,Distancia entre SE - Perpendicularidad SE,E3787,CNAIIR1

2026-04-15T13:51:04.493Z,true,false,false,false,93F,Distancia entre SE - Perpendicularidad SE,E3787,CNAIIR1

2026-04-15T13:51:09.546Z,true,false,false,false,94F,Distancia entre SE - Perpendicularidad SE,E3787,CNAIIR1

2026-04-15T13:51:12.587Z,true,false,false,false,96F,Distancia entre SE - Perpendicularidad SE,E3787,CNAIIR1

2026-04-15T13:51:17.651Z,true,false,false,false,97F,Distancia entre SE - Perpendicularidad SE,E3787,CNAIIR1

2026-04-15T13:51:20.726Z,true,false,false,false,98F,Distancia entre SE - Perpendicularidad SE,E3787,CNAIIR1

2026-04-15T13:51:23.716Z,true,false,false,false,7T.1,Rectitud EC,E3787,CNAIIR1

2026-04-15T13:51:30.778Z,true,false,false,false,7T.2,Rectitud EC,E3787,CNAIIR1

2026-04-15T13:51:32.807Z,true,false,false,false,7T.3,Rectitud EC,E3787,CNAIIR1

2026-04-15T13:51:34.818Z,true,false,false,false,tesL,PURGA DE FOTO LATERAL,E3787,CNAIIR1

2026-04-15T13:51:40.904Z,true,false,false,false,99L,PURGA DE FOTO LATERAL,E3787,CNAIIR1

2026-04-15T13:51:43.941Z,true,false,false,false,100L,PURGA DE FOTO LATERAL,E3787,CNAIIR1

2026-04-15T13:51:48.981Z,true,false,false,false,101L,PURGA DE FOTO LATERAL,E3787,CNAIIR1

2026-04-15T13:51:55.044Z,true,false,false,false,102L,PURGA DE FOTO LATERAL,E3787,CNAIIR1

2026-04-15T13:52:01.100Z,true,false,false,false,103L,PURGA DE FOTO LATERAL,E3787,CNAIIR1

2026-04-15T13:52:07.136Z,true,false,false,false,tesF,PURGA DE FOTO FRONTAL,E3787,CNAIIR1

2026-04-15T13:52:14.195Z,true,false,false,false,104F,Distancia entre SE - Perpendicularidad SE,E3787,CNAIIR1

2026-04-15T13:52:17.236Z,true,false,false,false,105F,Distancia entre SE - Perpendicularidad SE,E3787,CNAIIR1

2026-04-15T13:52:21.280Z,true,false,false,false,106F,Distancia entre SE - Perpendicularidad SE,E3787,CNAIIR1

2026-04-15T13:52:25.339Z,true,false,false,false,107F,Distancia entre SE - Perpendicularidad SE,E3787,CNAIIR1

2026-04-15T13:52:29.358Z,true,false,false,false,108F,Distancia entre SE - Perpendicularidad SE,E3787,CNAIIR1

2026-04-15T13:52:33.425Z,true,false,false,false,109F,Distancia entre SE - Perpendicularidad SE,E3787,CNAIIR1

2026-04-15T13:52:36.445Z,true,false,false,false,111F,Distancia entre SE - Perpendicularidad SE,E3787,CNAIIR1

2026-04-15T13:52:41.498Z,true,false,false,false,112F,Distancia entre SE - Perpendicularidad SE,E3787,CNAIIR1

2026-04-15T13:52:44.537Z,true,false,false,false,113F,Distancia entre SE - Perpendicularidad SE,E3787,CNAIIR1

2026-04-15T13:52:47.576Z,true,false,false,false,6T.1,Rectitud EC,E3787,CNAIIR1

2026-04-15T13:52:55.637Z,true,false,false,false,6T.2,Rectitud EC,E3787,CNAIIR1

2026-04-15T13:52:56.725Z,true,false,false,false,6T.3,Rectitud EC,E3787,CNAIIR1

2026-04-15T13:52:58.722Z,true,false,false,false,tesL,PURGA DE FOTO LATERAL,E3787,CNAIIR1

2026-04-15T13:53:05.756Z,true,false,false,false,114L,PURGA DE FOTO LATERAL,E3787,CNAIIR1

2026-04-15T13:53:08.771Z,true,false,false,false,115L,PURGA DE FOTO LATERAL,E3787,CNAIIR1

2026-04-15T13:53:13.842Z,true,false,false,false,116L,PURGA DE FOTO LATERAL,E3787,CNAIIR1

2026-04-15T13:53:19.875Z,true,false,false,false,117L,PURGA DE FOTO LATERAL,E3787,CNAIIR1

2026-04-15T13:53:25.896Z,true,false,false,false,118L,PURGA DE FOTO LATERAL,E3787,CNAIIR1

2026-04-15T13:53:31.934Z,true,false,false,false,tesF,PURGA DE FOTO FRONTAL,E3787,CNAIIR1

2026-04-15T13:53:37.968Z,true,false,false,false,119F,Distancia entre SE - Perpendicularidad SE,E3787,CNAIIR1

2026-04-15T13:53:40.993Z,true,false,false,false,120F,Distancia entre SE - Perpendicularidad SE,E3787,CNAIIR1

2026-04-15T13:53:46.060Z,true,false,false,false,121F,Distancia entre SE - Perpendicularidad SE,E3787,CNAIIR1

2026-04-15T13:53:49.099Z,true,false,false,false,122F,Distancia entre SE - Perpendicularidad SE,E3787,CNAIIR1

2026-04-15T13:53:53.150Z,true,false,false,false,123F,Distancia entre SE - Perpendicularidad SE,E3787,CNAIIR1

2026-04-15T13:53:57.173Z,true,false,false,false,124F,Distancia entre SE - Perpendicularidad SE,E3787,CNAIIR1

2026-04-15T13:54:01.237Z,true,false,false,false,126F,Distancia entre SE - Perpendicularidad SE,E3787,CNAIIR1

2026-04-15T13:54:05.253Z,true,false,false,false,127F,Distancia entre SE - Perpendicularidad SE,E3787,CNAIIR1

2026-04-15T13:54:09.305Z,true,false,false,false,128F,Distancia entre SE - Perpendicularidad SE,E3787,CNAIIR1

2026-04-15T13:54:12.369Z,true,false,false,false,5T.1,Rectitud EC,E3787,CNAIIR1

2026-04-15T13:54:19.390Z,true,false,false,false,5T.2,Rectitud EC,E3787,CNAIIR1

2026-04-15T13:54:21.413Z,true,false,false,false,5T.3,Rectitud EC,E3787,CNAIIR1

2026-04-15T13:54:23.429Z,true,false,false,false,tesL,PURGA DE FOTO LATERAL,E3787,CNAIIR1

2026-04-15T13:54:29.486Z,true,false,false,false,129L,PURGA DE FOTO LATERAL,E3787,CNAIIR1

2026-04-15T13:54:32.509Z,true,false,false,false,130L,PURGA DE FOTO LATERAL,E3787,CNAIIR1

2026-04-15T13:54:37.560Z,true,false,false,false,131L,PURGA DE FOTO LATERAL,E3787,CNAIIR1

2026-04-15T13:54:43.634Z,true,false,false,false,132L,PURGA DE FOTO LATERAL,E3787,CNAIIR1

2026-04-15T13:54:49.728Z,true,false,false,false,133L,PURGA DE FOTO LATERAL,E3787,CNAIIR1

2026-04-15T13:54:55.761Z,true,false,false,false,tesF,PURGA DE FOTO FRONTAL,E3787,CNAIIR1

2026-04-15T13:55:01.826Z,true,false,false,false,134F,Distancia entre SE - Perpendicularidad SE,E3787,CNAIIR1

2026-04-15T13:55:05.870Z,true,false,false,false,135F,Distancia entre SE - Perpendicularidad SE,E3787,CNAIIR1

2026-04-15T13:55:09.920Z,true,false,false,false,136F,Distancia entre SE - Perpendicularidad SE,E3787,CNAIIR1

2026-04-15T13:55:13.948Z,true,false,false,false,137F,Distancia entre SE - Perpendicularidad SE,E3787,CNAIIR1

2026-04-15T13:55:16.985Z,true,false,false,false,138F,Distancia entre SE - Perpendicularidad SE,E3787,CNAIIR1

2026-04-15T13:55:22.034Z,true,false,false,false,139F,Distancia entre SE - Perpendicularidad SE,E3787,CNAIIR1

2026-04-15T13:55:25.061Z,true,false,false,false,141F,Distancia entre SE - Perpendicularidad SE,E3787,CNAIIR1

2026-04-15T13:55:30.113Z,true,false,false,false,142F,Distancia entre SE - Perpendicularidad SE,E3787,CNAIIR1

2026-04-15T13:55:33.139Z,true,false,false,false,143F,Distancia entre SE - Perpendicularidad SE,E3787,CNAIIR1

2026-04-15T13:55:36.172Z,true,false,false,false,4T.1,Rectitud EC,E3787,CNAIIR1

2026-04-15T13:55:44.262Z,true,false,false,false,4T.2,Rectitud EC,E3787,CNAIIR1

2026-04-15T13:55:45.272Z,true,false,false,false,4T.3,Rectitud EC,E3787,CNAIIR1

2026-04-15T13:55:47.289Z,true,false,false,false,tesL,PURGA DE FOTO LATERAL,E3787,CNAIIR1

2026-04-15T13:55:53.355Z,true,false,false,false,144L,PURGA DE FOTO LATERAL,E3787,CNAIIR1

2026-04-15T13:55:57.420Z,true,false,false,false,145L,PURGA DE FOTO LATERAL,E3787,CNAIIR1

2026-04-15T13:56:01.435Z,true,false,false,false,146L,PURGA DE FOTO LATERAL,E3787,CNAIIR1

2026-04-15T13:56:07.506Z,true,false,false,false,147L,PURGA DE FOTO LATERAL,E3787,CNAIIR1

2026-04-15T13:56:13.558Z,true,false,false,false,148L,PURGA DE FOTO LATERAL,E3787,CNAIIR1

2026-04-15T13:56:19.631Z,true,false,false,false,tesF,PURGA DE FOTO FRONTAL,E3787,CNAIIR1

2026-04-15T13:56:26.717Z,true,false,false,false,149F,Distancia entre SE - Perpendicularidad SE,E3787,CNAIIR1

2026-04-15T13:56:29.765Z,true,false,false,false,150F,Distancia entre SE - Perpendicularidad SE,E3787,CNAIIR1

2026-04-15T13:56:33.773Z,true,false,false,false,151F,Distancia entre SE - Perpendicularidad SE,E3787,CNAIIR1

2026-04-15T13:56:37.842Z,true,false,false,false,152F,Distancia entre SE - Perpendicularidad SE,E3787,CNAIIR1

2026-04-15T13:56:41.869Z,true,false,false,false,153F,Distancia entre SE - Perpendicularidad SE,E3787,CNAIIR1

2026-04-15T13:56:45.907Z,true,false,false,false,154F,Distancia entre SE - Perpendicularidad SE,E3787,CNAIIR1

2026-04-15T13:56:48.949Z,true,false,false,false,156F,Distancia entre SE - Perpendicularidad SE,E3787,CNAIIR1

2026-04-15T13:56:53.985Z,true,false,false,false,157F,Distancia entre SE - Perpendicularidad SE,E3787,CNAIIR1

2026-04-15T13:56:57.008Z,true,false,false,false,158F,Distancia entre SE - Perpendicularidad SE,E3787,CNAIIR1

2026-04-15T13:57:00.047Z,true,false,false,false,3T.1,Rectitud EC,E3787,CNAIIR1

2026-04-15T13:57:08.115Z,true,false,false,false,3T.2,Rectitud EC,E3787,CNAIIR1

2026-04-15T13:57:10.141Z,true,false,false,false,3T.3,Rectitud EC,E3787,CNAIIR1

2026-04-15T13:57:11.155Z,true,false,false,false,tesL,PURGA DE FOTO LATERAL,E3787,CNAIIR1

2026-04-15T13:57:18.245Z,true,false,false,false,159L,PURGA DE FOTO LATERAL,E3787,CNAIIR1

2026-04-15T13:57:21.266Z,true,false,false,false,160L,PURGA DE FOTO LATERAL,E3787,CNAIIR1

2026-04-15T13:57:26.299Z,true,false,false,false,161L,PURGA DE FOTO LATERAL,E3787,CNAIIR1

2026-04-15T13:57:32.364Z,true,false,false,false,162L,PURGA DE FOTO LATERAL,E3787,CNAIIR1

2026-04-15T13:57:38.447Z,true,false,false,false,163L,PURGA DE FOTO LATERAL,E3787,CNAIIR1

2026-04-15T13:57:44.509Z,true,false,false,false,tesF,PURGA DE FOTO FRONTAL,E3787,CNAIIR1

2026-04-15T13:57:50.568Z,true,false,false,false,164F,Distancia entre SE - Perpendicularidad SE,E3787,CNAIIR1

2026-04-15T13:57:53.605Z,true,false,false,false,165F,Distancia entre SE - Perpendicularidad SE,E3787,CNAIIR1

2026-04-15T13:57:57.652Z,true,false,false,false,166F,Distancia entre SE - Perpendicularidad SE,E3787,CNAIIR1

2026-04-15T13:58:01.731Z,true,false,false,false,167F,Distancia entre SE - Perpendicularidad SE,E3787,CNAIIR1

2026-04-15T13:58:05.762Z,true,false,false,false,168F,Distancia entre SE - Perpendicularidad SE,E3787,CNAIIR1

2026-04-15T13:58:09.788Z,true,false,false,false,169F,Distancia entre SE - Perpendicularidad SE,E3787,CNAIIR1

2026-04-15T13:58:12.839Z,true,false,false,false,171F,Distancia entre SE - Perpendicularidad SE,E3787,CNAIIR1

2026-04-15T13:58:17.867Z,true,false,false,false,172F,Distancia entre SE - Perpendicularidad SE,E3787,CNAIIR1

2026-04-15T13:58:20.910Z,true,false,false,false,173F,Distancia entre SE - Perpendicularidad SE,E3787,CNAIIR1

2026-04-15T13:58:24.942Z,true,false,false,false,2T.1,Rectitud EC,E3787,CNAIIR1

2026-04-15T13:58:32.035Z,true,false,false,false,2T.2,Rectitud EC,E3787,CNAIIR1

2026-04-15T13:58:34.041Z,true,false,false,false,2T.3,Rectitud EC,E3787,CNAIIR1

2026-04-15T13:58:35.044Z,true,false,false,false,tesL,PURGA DE FOTO LATERAL,E3787,CNAIIR1

2026-04-15T13:58:42.137Z,true,false,false,false,174L,PURGA DE FOTO LATERAL,E3787,CNAIIR1

2026-04-15T13:58:45.161Z,true,false,false,false,175L,PURGA DE FOTO LATERAL,E3787,CNAIIR1

2026-04-15T13:58:50.210Z,true,false,false,false,176L,PURGA DE FOTO LATERAL,E3787,CNAIIR1

2026-04-15T13:58:56.280Z,true,false,false,false,177L,PURGA DE FOTO LATERAL,E3787,CNAIIR1

2026-04-15T13:59:02.360Z,true,false,false,false,178L,PURGA DE FOTO LATERAL,E3787,CNAIIR1

2026-04-15T13:59:08.448Z,true,false,false,false,tesF,PURGA DE FOTO FRONTAL,E3787,CNAIIR1

2026-04-15T13:59:14.496Z,true,false,false,false,179F,Distancia entre SE - Perpendicularidad SE,E3787,CNAIIR1

2026-04-15T13:59:17.537Z,true,false,false,false,180F,Distancia entre SE - Perpendicularidad SE,E3787,CNAIIR1

2026-04-15T13:59:22.583Z,true,false,false,false,181F,Distancia entre SE - Perpendicularidad SE,E3787,CNAIIR1

2026-04-15T13:59:25.604Z,true,false,false,false,182F,Distancia entre SE - Perpendicularidad SE,E3787,CNAIIR1

2026-04-15T13:59:29.635Z,true,false,false,false,183F,Distancia entre SE - Perpendicularidad SE,E3787,CNAIIR1

2026-04-15T13:59:33.720Z,true,false,false,false,184F,Distancia entre SE - Perpendicularidad SE,E3787,CNAIIR1

2026-04-15T13:59:37.722Z,true,false,false,false,186F,Distancia entre SE - Perpendicularidad SE,E3787,CNAIIR1

2026-04-15T13:59:41.759Z,true,false,false,false,187F,Distancia entre SE - Perpendicularidad SE,E3787,CNAIIR1

2026-04-15T13:59:45.763Z,true,false,false,false,188F,Distancia entre SE - Perpendicularidad SE,E3787,CNAIIR1

2026-04-15T13:59:48.784Z,true,false,false,false,1T.1,Rectitud EC,E3787,CNAIIR1

2026-04-15T13:59:55.858Z,true,false,false,false,1T.2,Rectitud EC,E3787,CNAIIR1

2026-04-15T13:59:57.855Z,true,false,false,false,1T.3,Rectitud EC,E3787,CNAIIR1

2026-04-15T13:59:59.855Z,true,false,false,false,tesL,PURGA DE FOTO LATERAL,E3787,CNAIIR1

2026-04-15T14:00:05.934Z,true,false,false,false,189L,PURGA DE FOTO LATERAL,E3787,CNAIIR1

2026-04-15T14:00:08.964Z,true,false,false,false,190L,PURGA DE FOTO LATERAL,E3787,CNAIIR1

2026-04-15T14:00:14.035Z,true,false,false,false,191L,PURGA DE FOTO LATERAL,E3787,CNAIIR1

2026-04-15T14:00:20.081Z,true,false,false,false,192L,PURGA DE FOTO LATERAL,E3787,CNAIIR1

2026-04-15T14:00:26.159Z,true,false,false,false,193L,PURGA DE FOTO LATERAL,E3787,CNAIIR1

2026-04-15T14:00:32.236Z,true,false,false,false,tesF,PURGA DE FOTO FRONTAL,E3787,CNAIIR1

2026-04-15T14:00:38.282Z,true,false,false,false,194F,Distancia entre SE - Perpendicularidad SE,E3787,CNAIIR1

2026-04-15T14:00:42.368Z,true,false,false,false,195F,Distancia entre SE - Perpendicularidad SE,E3787,CNAIIR1

2026-04-15T14:00:46.396Z,true,false,false,false,196F,Distancia entre SE - Perpendicularidad SE,E3787,CNAIIR1

2026-04-15T14:00:50.441Z,true,false,false,false,197F,Distancia entre SE - Perpendicularidad SE,E3787,CNAIIR1

2026-04-15T14:00:53.464Z,true,false,false,false,198F,Distancia entre SE - Perpendicularidad SE,E3787,CNAIIR1

2026-04-15T14:00:58.538Z,true,false,false,false,199F,Distancia entre SE - Perpendicularidad SE,E3787,CNAIIR1

2026-04-15T14:01:01.559Z,true,false,false,false,201F,Distancia entre SE - Perpendicularidad SE,E3787,CNAIIR1

2026-04-15T14:01:06.603Z,true,false,false,false,202F,Distancia entre SE - Perpendicularidad SE,E3787,CNAIIR1

2026-04-15T14:01:09.655Z,true,false,false,false,203F,Distancia entre SE - Perpendicularidad SE,E3787,CNAIIR1

2026-04-15T14:01:12.728Z,true,false,false,false,001F,Distancia entre SE y PP,E3787,CNAIIR1

2026-04-15T14:01:18.741Z,true,false,false,false,210F,Distancia entre SE y PP,E3787,CNAIIR1

2026-04-15T14:01:21.772Z,true,false,false,false,002F,Distancia entre SE y PP,E3787,CNAIIR1

2026-04-15T14:01:28.879Z,true,false,false,false,211F,Distancia entre SE y PP,E3787,CNAIIR1

2026-04-15T14:01:34.927Z,true,false,false,false,003F,Distancia entre SE y PP,E3787,CNAIIR1

2026-04-15T14:01:42.001Z,true,false,false,false,tesL,PURGA DE FOTO LATERAL,E3787,CNAIIR1

2026-04-15T14:01:48.071Z,true,false,false,false,212L,PURGA DE FOTO LATERAL,E3787,CNAIIR1

2026-04-15T14:01:50.095Z,true,false,false,false,213L,PURGA DE FOTO LATERAL,E3787,CNAIIR1

2026-04-15T14:01:58.182Z,true,false,false,false,214L,PURGA DE FOTO LATERAL,E3787,CNAIIR1

2026-04-15T14:02:06.260Z,true,false,false,false,tesL,PURGA DE FOTO LATERAL,E3787,CNAIIR1

2026-04-15T14:02:14.355Z,true,false,false,false,216L,Presencia de soldadura TVS - Fisuras soldadura TVS,E3787,CNAIIR1

2026-04-15T14:02:20.422Z,true,false,false,false,217L,Presencia de soldadura TVS - Fisuras soldadura TVS,E3787,CNAIIR1

2026-04-15T14:02:28.504Z,true,false,false,false,218L,Presencia de soldadura TVS - Fisuras soldadura TVS,E3787,CNAIIR1

2026-04-15T14:02:36.588Z,true,false,false,false,tesL,PURGA DE FOTO LATERAL,E3787,CNAIIR1

2026-04-15T14:02:47.759Z,true,false,false,false,0T.1,Rectitud EC PP,E3787,CNAIIR1

2026-04-15T14:02:51.764Z,true,false,false,false,0T.2,Rectitud EC PP,E3787,CNAIIR1

2026-04-15T14:02:53.778Z,true,false,false,false,0T.3,Rectitud EC PP,E3787,CNAIIR1

2026-04-15T14:02:54.793Z,true,false,false,false,14T.1,Rectitud EC PP,E3787,CNAIIR1

2026-04-15T14:02:58.860Z,true,false,false,false,14T.2,Rectitud EC PP,E3787,CNAIIR1

2026-04-15T14:02:59.855Z,true,false,false,false,14T.3,Rectitud EC PP,E3787,CNAIIR1

2026-04-15T14:03:00.856Z,true,false,false,false,222L,Rectitud EC PP,E3787,CNAIIR1

2026-04-15T14:03:05.892Z,true,false,false,false,223L,Rectitud EC PP,E3787,CNAIIR1

2026-04-15T14:03:09.943Z,true,false,false,false,224L,Rectitud EC PP,E3787,CNAIIR1

2026-04-15T14:03:14.968Z,true,false,false,false,225L,Rectitud EC PP,E3787,CNAIIR1

2026-04-15T14:03:20.013Z,true,false,false,false,226L,Rectitud EC PP,E3787,CNAIIR1

2026-04-15T14:03:25.065Z,true,false,false,false,227L,Rectitud EC PP,E3787,CNAIIR1

2026-04-15T14:03:30.102Z,true,false,false,false,tesL,PURGA DE FOTO LATERAL,E3787,CNAIIR1

2026-04-15T14:03:36.151Z,true,false,false,false,228L,PURGA DE FOTO LATERAL,E3787,CNAIIR1

2026-04-15T14:03:48.273Z,true,false,false,false,229L,PURGA DE FOTO LATERAL,E3787,CNAIIR1

2026-04-15T14:03:52.310Z,true,false,false,false,230L,PURGA DE FOTO LATERAL,E3787,CNAIIR1

2026-04-15T14:03:57.364Z,true,false,false,false,231L,PURGA DE FOTO LATERAL,E3787,CNAIIR1

2026-04-15T14:04:02.390Z,true,false,false,false,232L,PURGA DE FOTO LATERAL,E3787,CNAIIR1

2026-04-15T14:04:07.443Z,true,false,false,false,233L,PURGA DE FOTO LATERAL,E3787,CNAIIR1

2026-04-15T14:04:12.493Z,true,false,false,false,tesF,PURGA DE FOTO FRONTAL,E3787,CNAIIR1

2026-04-15T14:04:16.549Z,true,false,false,false,240F,PURGA DE FOTO FRONTAL,E3787,CNAIIR1

2026-04-15T14:04:20.556Z,true,false,false,false,241F,PURGA DE FOTO FRONTAL,E3787,CNAIIR1

2026-04-15T14:04:24.606Z,true,false,false,false,242F,PURGA DE FOTO FRONTAL,E3787,CNAIIR1

2026-04-15T14:04:25.619Z,true,false,false,false,tesF,PURGA DE FOTO FRONTAL,E3787,CNAIIR1

2026-04-15T14:04:31.724Z,true,false,false,false,,,E3787,CNAIIR1

2026-04-15T14:05:50.471Z,false,false,false,true,,,E3787,CNAIIR1

2026-04-15T14:28:47.195Z,false,false,false,false,,,E3787,CNAIIR1

2026-04-15T14:34:25.557Z,true,false,false,false,,,E3787R2,CNAII

2026-04-15T14:34:52.829Z,true,false,false,false,13T.1,Rectitud EC,E3787R2,CNAII

2026-04-15T14:35:11.006Z,true,false,false,false,13T.2,Rectitud EC,E3787R2,CNAII

2026-04-15T14:35:13.035Z,true,false,false,false,13T.3,Rectitud EC,E3787R2,CNAII

2026-04-15T14:35:14.047Z,true,false,false,false,AZ4-A,Rectitud EC,E3787R2,CNAII

2026-04-15T14:35:16.056Z,true,false,false,false,AZ4-B,Zapata tipo I/II 4,E3787R2,CNAII

2026-04-15T14:35:18.064Z,true,false,false,false,AZ3-A,Zapata tipo I/II 4,E3787R2,CNAII

2026-04-15T14:35:23.134Z,true,false,false,false,AZ3-B,Zapata tipo I/II 3,E3787R2,CNAII

2026-04-15T14:35:26.152Z,true,false,false,false,AZ2-B,Zapata tipo I/II 2,E3787R2,CNAII

2026-04-15T14:35:30.199Z,true,false,false,false,AZ12-A,Zapata tipo I/II 2,E3787R2,CNAII

2026-04-15T14:35:32.235Z,true,false,false,false,AZ1-B,Zapata tipo I/II 1,E3787R2,CNAII

2026-04-15T14:35:35.263Z,true,false,false,false,AZ6-B,Zapata tipo I/II 6,E3787R2,CNAII

2026-04-15T14:35:43.320Z,true,false,false,false,AZ56-A,Zapata tipo I/II 6,E3787R2,CNAII

2026-04-15T14:35:46.377Z,true,false,false,false,AZ5-B,Zapata tipo I/II 5,E3787R2,CNAII

2026-04-15T14:35:48.365Z,true,false,false,false,tesF,PURGA DE FOTO FRONTAL,E3787R2,CNAII

2026-04-15T14:35:50.375Z,true,false,false,false,1F,PURGA DE FOTO FRONTAL,E3787R2,CNAII

2026-04-15T14:35:54.418Z,true,false,false,false,2F,PURGA DE FOTO FRONTAL,E3787R2,CNAII

2026-04-15T14:35:58.456Z,true,false,false,false,3F,Distancia entre SE - Perpendicularidad SE,E3787R2,CNAII

2026-04-15T14:36:01.480Z,true,false,false,false,4F,Distancia entre SE - Perpendicularidad SE,E3787R2,CNAII

2026-04-15T14:36:05.521Z,true,false,false,false,5F,Distancia entre SE - Perpendicularidad SE,E3787R2,CNAII

2026-04-15T14:36:09.566Z,true,false,false,false,6F,Distancia entre SE - Perpendicularidad SE,E3787R2,CNAII

2026-04-15T14:36:11.582Z,true,false,false,false,7F,Distancia entre SE - Perpendicularidad SE,E3787R2,CNAII

2026-04-15T14:36:14.609Z,true,false,false,false,9F,Distancia entre SE - Perpendicularidad SE,E3787R2,CNAII

2026-04-15T14:36:19.666Z,true,false,false,false,10F,Distancia entre SE - Perpendicularidad SE,E3787R2,CNAII

2026-04-15T14:36:22.732Z,true,false,false,false,11F,Distancia entre SE - Perpendicularidad SE,E3787R2,CNAII

2026-04-15T14:36:25.737Z,true,false,false,false,12F,Distancia entre SE - Perpendicularidad SE,E3787R2,CNAII

2026-04-15T14:36:28.752Z,true,false,false,false,tesL,PURGA DE FOTO LATERAL,E3787R2,CNAII

2026-04-15T14:36:35.796Z,true,false,false,false,13L,PURGA DE FOTO LATERAL,E3787R2,CNAII

2026-04-15T14:36:36.799Z,true,false,false,false,14L,PURGA DE FOTO LATERAL,E3787R2,CNAII

2026-04-15T14:36:41.862Z,true,false,false,false,15L,PURGA DE FOTO LATERAL,E3787R2,CNAII

2026-04-15T14:36:45.878Z,true,false,false,false,16L,PURGA DE FOTO LATERAL,E3787R2,CNAII

2026-04-15T14:36:49.945Z,true,false,false,false,17L,PURGA DE FOTO LATERAL,E3787R2,CNAII

2026-04-15T14:36:55.985Z,true,false,false,false,18L,PURGA DE FOTO LATERAL,E3787R2,CNAII

2026-04-15T14:36:59.011Z,true,false,false,false,19L,PURGA DE FOTO LATERAL,E3787R2,CNAII

2026-04-15T14:37:03.047Z,true,false,false,false,12T.1,Rectitud EC,E3787R2,CNAII

2026-04-15T14:37:18.205Z,true,false,false,false,12T.2,Rectitud EC,E3787R2,CNAII

2026-04-15T14:37:19.218Z,true,false,false,false,12T.3,Rectitud EC,E3787R2,CNAII

2026-04-15T14:37:21.244Z,true,false,false,false,tesL,PURGA DE FOTO LATERAL,E3787R2,CNAII

2026-04-15T14:37:28.287Z,true,false,false,false,24L,PURGA DE FOTO LATERAL,E3787R2,CNAII

2026-04-15T14:37:31.323Z,true,false,false,false,25L,PURGA DE FOTO LATERAL,E3787R2,CNAII

2026-04-15T14:37:36.368Z,true,false,false,false,26L,PURGA DE FOTO LATERAL,E3787R2,CNAII

2026-04-15T14:37:42.419Z,true,false,false,false,27L,PURGA DE FOTO LATERAL,E3787R2,CNAII

2026-04-15T14:37:48.481Z,true,false,false,false,28L,PURGA DE FOTO LATERAL,E3787R2,CNAII

2026-04-15T14:37:54.550Z,true,false,false,false,tesF,PURGA DE FOTO FRONTAL,E3787R2,CNAII

2026-04-15T14:38:00.582Z,true,false,false,false,29F,Distancia entre SE - Perpendicularidad SE,E3787R2,CNAII

2026-04-15T14:38:04.645Z,true,false,false,false,30F,Distancia entre SE - Perpendicularidad SE,E3787R2,CNAII

2026-04-15T14:38:08.658Z,true,false,false,false,31F,Distancia entre SE - Perpendicularidad SE,E3787R2,CNAII

2026-04-15T14:38:12.741Z,true,false,false,false,32F,Distancia entre SE - Perpendicularidad SE,E3787R2,CNAII

2026-04-15T14:38:15.744Z,true,false,false,false,33F,Distancia entre SE - Perpendicularidad SE,E3787R2,CNAII

2026-04-15T14:38:20.765Z,true,false,false,false,34F,Distancia entre SE - Perpendicularidad SE,E3787R2,CNAII

2026-04-15T14:38:23.767Z,true,false,false,false,36F,Distancia entre SE - Perpendicularidad SE,E3787R2,CNAII

2026-04-15T14:38:28.810Z,true,false,false,false,37F,Distancia entre SE - Perpendicularidad SE,E3787R2,CNAII

2026-04-15T14:38:31.839Z,true,false,false,false,38F,Distancia entre SE - Perpendicularidad SE,E3787R2,CNAII

2026-04-15T14:38:34.863Z,true,false,false,false,11T.1,Rectitud EC,E3787R2,CNAII

2026-04-15T14:38:40.907Z,true,false,false,false,11T.2,Rectitud EC,E3787R2,CNAII

2026-04-15T14:38:42.931Z,true,false,false,false,11T.3,Rectitud EC,E3787R2,CNAII

2026-04-15T14:38:44.951Z,true,false,false,false,tesL,PURGA DE FOTO LATERAL,E3787R2,CNAII

2026-04-15T14:38:51.041Z,true,false,false,false,39L,PURGA DE FOTO LATERAL,E3787R2,CNAII

2026-04-15T14:38:55.061Z,true,false,false,false,40L,PURGA DE FOTO LATERAL,E3787R2,CNAII

2026-04-15T14:38:59.089Z,true,false,false,false,41L,PURGA DE FOTO LATERAL,E3787R2,CNAII

2026-04-15T14:39:05.148Z,true,false,false,false,42L,PURGA DE FOTO LATERAL,E3787R2,CNAII

2026-04-15T14:39:11.215Z,true,false,false,false,43L,PURGA DE FOTO LATERAL,E3787R2,CNAII

2026-04-15T14:39:17.284Z,true,false,false,false,tesF,PURGA DE FOTO FRONTAL,E3787R2,CNAII

2026-04-15T14:39:24.374Z,true,false,false,false,44F,Distancia entre SE - Perpendicularidad SE,E3787R2,CNAII

2026-04-15T14:39:27.401Z,true,false,false,false,45F,Distancia entre SE - Perpendicularidad SE,E3787R2,CNAII

2026-04-15T14:39:31.439Z,true,false,false,false,46F,Distancia entre SE - Perpendicularidad SE,E3787R2,CNAII

2026-04-15T14:39:35.464Z,true,false,false,false,47F,Distancia entre SE - Perpendicularidad SE,E3787R2,CNAII

2026-04-15T14:39:39.500Z,true,false,false,false,48F,Distancia entre SE - Perpendicularidad SE,E3787R2,CNAII

2026-04-15T14:39:43.533Z,true,false,false,false,49F,Distancia entre SE - Perpendicularidad SE,E3787R2,CNAII

2026-04-15T14:39:46.549Z,true,false,false,false,51F,Distancia entre SE - Perpendicularidad SE,E3787R2,CNAII

2026-04-15T14:39:51.588Z,true,false,false,false,52F,Distancia entre SE - Perpendicularidad SE,E3787R2,CNAII

2026-04-15T14:39:54.606Z,true,false,false,false,53F,Distancia entre SE - Perpendicularidad SE,E3787R2,CNAII

2026-04-15T14:39:57.648Z,true,false,false,false,10T.1,Rectitud EC,E3787R2,CNAII

2026-04-15T14:40:04.738Z,true,false,false,false,10T.2,Rectitud EC,E3787R2,CNAII

2026-04-15T14:40:06.753Z,true,false,false,false,10T.3,Rectitud EC,E3787R2,CNAII

2026-04-15T14:40:08.787Z,true,false,false,false,tesL,PURGA DE FOTO LATERAL,E3787R2,CNAII

2026-04-15T14:40:14.816Z,true,false,false,false,54L,PURGA DE FOTO LATERAL,E3787R2,CNAII

2026-04-15T14:40:18.862Z,true,false,false,false,55L,PURGA DE FOTO LATERAL,E3787R2,CNAII

2026-04-15T14:40:23.895Z,true,false,false,false,56L,PURGA DE FOTO LATERAL,E3787R2,CNAII

2026-04-15T14:40:28.959Z,true,false,false,false,57L,PURGA DE FOTO LATERAL,E3787R2,CNAII

2026-04-15T14:40:34.990Z,true,false,false,false,58L,PURGA DE FOTO LATERAL,E3787R2,CNAII

2026-04-15T14:40:41.026Z,true,false,false,false,tesF,PURGA DE FOTO FRONTAL,E3787R2,CNAII

2026-04-15T14:40:48.067Z,true,false,false,false,59F,Distancia entre SE - Perpendicularidad SE,E3787R2,CNAII

2026-04-15T14:40:51.087Z,true,false,false,false,60F,Distancia entre SE - Perpendicularidad SE,E3787R2,CNAII

2026-04-15T14:40:55.122Z,true,false,false,false,61F,Distancia entre SE - Perpendicularidad SE,E3787R2,CNAII

2026-04-15T14:40:59.149Z,true,false,false,false,62F,Distancia entre SE - Perpendicularidad SE,E3787R2,CNAII

2026-04-15T14:41:03.186Z,true,false,false,false,63F,Distancia entre SE - Perpendicularidad SE,E3787R2,CNAII

2026-04-15T14:41:07.206Z,true,false,false,false,64F,Distancia entre SE - Perpendicularidad SE,E3787R2,CNAII

2026-04-15T14:41:10.218Z,true,false,false,false,66F,Distancia entre SE - Perpendicularidad SE,E3787R2,CNAII

2026-04-15T14:41:15.254Z,true,false,false,false,67F,Distancia entre SE - Perpendicularidad SE,E3787R2,CNAII

2026-04-15T14:41:18.280Z,true,false,false,false,68F,Distancia entre SE - Perpendicularidad SE,E3787R2,CNAII

2026-04-15T14:41:22.307Z,true,false,false,false,9T.1,Rectitud EC,E3787R2,CNAII

2026-04-15T14:41:29.389Z,true,false,false,false,9T.2,Rectitud EC,E3787R2,CNAII

2026-04-15T14:41:31.416Z,true,false,false,false,9T.3,Rectitud EC,E3787R2,CNAII

2026-04-15T14:41:32.447Z,true,false,false,false,tesL,PURGA DE FOTO LATERAL,E3787R2,CNAII

2026-04-15T14:41:39.479Z,true,false,false,false,69L,PURGA DE FOTO LATERAL,E3787R2,CNAII

2026-04-15T14:41:42.499Z,true,false,false,false,70L,PURGA DE FOTO LATERAL,E3787R2,CNAII

2026-04-15T14:41:47.548Z,true,false,false,false,71L,PURGA DE FOTO LATERAL,E3787R2,CNAII

2026-04-15T14:41:53.594Z,true,false,false,false,72L,PURGA DE FOTO LATERAL,E3787R2,CNAII

2026-04-15T14:41:59.669Z,true,false,false,false,73L,PURGA DE FOTO LATERAL,E3787R2,CNAII

2026-04-15T14:42:05.759Z,true,false,false,false,tesF,PURGA DE FOTO FRONTAL,E3787R2,CNAII

2026-04-15T14:42:11.793Z,true,false,false,false,74F,Distancia entre SE - Perpendicularidad SE,E3787R2,CNAII

2026-04-15T14:42:14.805Z,true,false,false,false,75F,Distancia entre SE - Perpendicularidad SE,E3787R2,CNAII

2026-04-15T14:42:19.860Z,true,false,false,false,76F,Distancia entre SE - Perpendicularidad SE,E3787R2,CNAII

2026-04-15T14:42:22.876Z,true,false,false,false,77F,Distancia entre SE - Perpendicularidad SE,E3787R2,CNAII

2026-04-15T14:42:26.886Z,true,false,false,false,78F,Distancia entre SE - Perpendicularidad SE,E3787R2,CNAII

2026-04-15T14:42:30.918Z,true,false,false,false,79F,Distancia entre SE - Perpendicularidad SE,E3787R2,CNAII

2026-04-15T14:42:34.950Z,true,false,false,false,81F,Distancia entre SE - Perpendicularidad SE,E3787R2,CNAII

2026-04-15T14:42:38.992Z,true,false,false,false,82F,Distancia entre SE - Perpendicularidad SE,E3787R2,CNAII

2026-04-15T14:42:43.049Z,true,false,false,false,83F,Distancia entre SE - Perpendicularidad SE,E3787R2,CNAII

2026-04-15T14:42:46.063Z,true,false,false,false,8T.1,Rectitud EC,E3787R2,CNAII

2026-04-15T14:42:53.114Z,true,false,false,false,8T.2,Rectitud EC,E3787R2,CNAII

2026-04-15T14:42:55.154Z,true,false,false,false,8T.3,Rectitud EC,E3787R2,CNAII

2026-04-15T14:42:57.167Z,true,false,false,false,tesL,PURGA DE FOTO LATERAL,E3787R2,CNAII

2026-04-15T14:43:03.222Z,true,false,false,false,84L,PURGA DE FOTO LATERAL,E3787R2,CNAII

2026-04-15T14:43:06.250Z,true,false,false,false,85L,PURGA DE FOTO LATERAL,E3787R2,CNAII

2026-04-15T14:43:11.280Z,true,false,false,false,86L,PURGA DE FOTO LATERAL,E3787R2,CNAII

2026-04-15T14:43:17.366Z,true,false,false,false,87L,PURGA DE FOTO LATERAL,E3787R2,CNAII

2026-04-15T14:43:23.385Z,true,false,false,false,88L,PURGA DE FOTO LATERAL,E3787R2,CNAII

2026-04-15T14:43:29.463Z,true,false,false,false,tesF,PURGA DE FOTO FRONTAL,E3787R2,CNAII

2026-04-15T14:43:36.499Z,true,false,false,false,89F,Distancia entre SE - Perpendicularidad SE,E3787R2,CNAII

2026-04-15T14:43:39.531Z,true,false,false,false,90F,Distancia entre SE - Perpendicularidad SE,E3787R2,CNAII

2026-04-15T14:43:43.556Z,true,false,false,false,91F,Distancia entre SE - Perpendicularidad SE,E3787R2,CNAII

2026-04-15T14:43:47.605Z,true,false,false,false,92F,Distancia entre SE - Perpendicularidad SE,E3787R2,CNAII

2026-04-15T14:43:51.621Z,true,false,false,false,93F,Distancia entre SE - Perpendicularidad SE,E3787R2,CNAII

2026-04-15T14:43:55.661Z,true,false,false,false,94F,Distancia entre SE - Perpendicularidad SE,E3787R2,CNAII

2026-04-15T14:43:58.730Z,true,false,false,false,96F,Distancia entre SE - Perpendicularidad SE,E3787R2,CNAII

2026-04-15T14:44:03.747Z,true,false,false,false,97F,Distancia entre SE - Perpendicularidad SE,E3787R2,CNAII

2026-04-15T14:44:06.774Z,true,false,false,false,98F,Distancia entre SE - Perpendicularidad SE,E3787R2,CNAII

2026-04-15T14:44:09.801Z,true,false,false,false,7T.1,Rectitud EC,E3787R2,CNAII

2026-04-15T14:44:17.893Z,true,false,false,false,7T.2,Rectitud EC,E3787R2,CNAII

2026-04-15T14:44:18.896Z,true,false,false,false,7T.3,Rectitud EC,E3787R2,CNAII

2026-04-15T14:44:20.916Z,true,false,false,false,tesL,PURGA DE FOTO LATERAL,E3787R2,CNAII

2026-04-15T14:44:26.964Z,true,false,false,false,99L,PURGA DE FOTO LATERAL,E3787R2,CNAII

2026-04-15T14:44:30.997Z,true,false,false,false,100L,PURGA DE FOTO LATERAL,E3787R2,CNAII

2026-04-15T14:44:35.022Z,true,false,false,false,101L,PURGA DE FOTO LATERAL,E3787R2,CNAII

2026-04-15T14:44:41.102Z,true,false,false,false,102L,PURGA DE FOTO LATERAL,E3787R2,CNAII

2026-04-15T14:44:47.153Z,true,false,false,false,103L,PURGA DE FOTO LATERAL,E3787R2,CNAII

2026-04-15T14:44:53.207Z,true,false,false,false,tesF,PURGA DE FOTO FRONTAL,E3787R2,CNAII

2026-04-15T14:45:00.264Z,true,false,false,false,104F,Distancia entre SE - Perpendicularidad SE,E3787R2,CNAII

2026-04-15T14:45:03.268Z,true,false,false,false,105F,Distancia entre SE - Perpendicularidad SE,E3787R2,CNAII

2026-04-15T14:45:07.298Z,true,false,false,false,106F,Distancia entre SE - Perpendicularidad SE,E3787R2,CNAII

2026-04-15T14:45:11.357Z,true,false,false,false,107F,Distancia entre SE - Perpendicularidad SE,E3787R2,CNAII

2026-04-15T14:45:15.381Z,true,false,false,false,108F,Distancia entre SE - Perpendicularidad SE,E3787R2,CNAII

2026-04-15T14:45:19.389Z,true,false,false,false,109F,Distancia entre SE - Perpendicularidad SE,E3787R2,CNAII

2026-04-15T14:45:22.408Z,true,false,false,false,111F,Distancia entre SE - Perpendicularidad SE,E3787R2,CNAII

2026-04-15T14:45:27.456Z,true,false,false,false,112F,Distancia entre SE - Perpendicularidad SE,E3787R2,CNAII

2026-04-15T14:45:30.474Z,true,false,false,false,113F,Distancia entre SE - Perpendicularidad SE,E3787R2,CNAII

2026-04-15T14:45:34.514Z,true,false,false,false,6T.1,Rectitud EC,E3787R2,CNAII

2026-04-15T14:45:41.554Z,true,false,false,false,6T.2,Rectitud EC,E3787R2,CNAII

2026-04-15T14:45:43.591Z,true,false,false,false,6T.3,Rectitud EC,E3787R2,CNAII

2026-04-15T14:45:44.605Z,true,false,false,false,tesL,PURGA DE FOTO LATERAL,E3787R2,CNAII

2026-04-15T14:45:51.633Z,true,false,false,false,114L,PURGA DE FOTO LATERAL,E3787R2,CNAII

2026-04-15T14:45:54.653Z,true,false,false,false,115L,PURGA DE FOTO LATERAL,E3787R2,CNAII

2026-04-15T14:45:59.735Z,true,false,false,false,116L,PURGA DE FOTO LATERAL,E3787R2,CNAII

2026-04-15T14:46:05.783Z,true,false,false,false,117L,PURGA DE FOTO LATERAL,E3787R2,CNAII

2026-04-15T14:46:11.819Z,true,false,false,false,118L,PURGA DE FOTO LATERAL,E3787R2,CNAII

2026-04-15T14:46:17.884Z,true,false,false,false,tesF,PURGA DE FOTO FRONTAL,E3787R2,CNAII

2026-04-15T14:46:23.954Z,true,false,false,false,119F,Distancia entre SE - Perpendicularidad SE,E3787R2,CNAII

2026-04-15T14:46:26.966Z,true,false,false,false,120F,Distancia entre SE - Perpendicularidad SE,E3787R2,CNAII

2026-04-15T14:46:32.005Z,true,false,false,false,121F,Distancia entre SE - Perpendicularidad SE,E3787R2,CNAII

2026-04-15T14:46:35.042Z,true,false,false,false,122F,Distancia entre SE - Perpendicularidad SE,E3787R2,CNAII

2026-04-15T14:46:39.065Z,true,false,false,false,123F,Distancia entre SE - Perpendicularidad SE,E3787R2,CNAII

2026-04-15T14:46:43.098Z,true,false,false,false,124F,Distancia entre SE - Perpendicularidad SE,E3787R2,CNAII

2026-04-15T14:46:47.125Z,true,false,false,false,126F,Distancia entre SE - Perpendicularidad SE,E3787R2,CNAII

2026-04-15T14:46:51.179Z,true,false,false,false,127F,Distancia entre SE - Perpendicularidad SE,E3787R2,CNAII

2026-04-15T14:46:55.216Z,true,false,false,false,128F,Distancia entre SE - Perpendicularidad SE,E3787R2,CNAII

2026-04-15T14:46:58.249Z,true,false,false,false,5T.1,Rectitud EC,E3787R2,CNAII

2026-04-15T14:47:05.328Z,true,false,false,false,5T.2,Rectitud EC,E3787R2,CNAII

2026-04-15T14:47:07.353Z,true,false,false,false,5T.3,Rectitud EC,E3787R2,CNAII

2026-04-15T14:47:09.360Z,true,false,false,false,tesL,PURGA DE FOTO LATERAL,E3787R2,CNAII

2026-04-15T14:47:15.422Z,true,false,false,false,129L,PURGA DE FOTO LATERAL,E3787R2,CNAII

2026-04-15T14:47:18.449Z,true,false,false,false,130L,PURGA DE FOTO LATERAL,E3787R2,CNAII

2026-04-15T14:47:23.494Z,true,false,false,false,131L,PURGA DE FOTO LATERAL,E3787R2,CNAII

2026-04-15T14:47:29.547Z,true,false,false,false,132L,PURGA DE FOTO LATERAL,E3787R2,CNAII

2026-04-15T14:47:35.598Z,true,false,false,false,133L,PURGA DE FOTO LATERAL,E3787R2,CNAII

2026-04-15T14:47:41.666Z,true,false,false,false,tesF,PURGA DE FOTO FRONTAL,E3787R2,CNAII

2026-04-15T14:47:47.757Z,true,false,false,false,134F,Distancia entre SE - Perpendicularidad SE,E3787R2,CNAII

2026-04-15T14:47:51.762Z,true,false,false,false,135F,Distancia entre SE - Perpendicularidad SE,E3787R2,CNAII

2026-04-15T14:47:55.785Z,true,false,false,false,136F,Distancia entre SE - Perpendicularidad SE,E3787R2,CNAII

2026-04-15T14:47:59.803Z,true,false,false,false,137F,Distancia entre SE - Perpendicularidad SE,E3787R2,CNAII

2026-04-15T14:48:02.861Z,true,false,false,false,138F,Distancia entre SE - Perpendicularidad SE,E3787R2,CNAII

2026-04-15T14:48:07.885Z,true,false,false,false,139F,Distancia entre SE - Perpendicularidad SE,E3787R2,CNAII

2026-04-15T14:48:10.904Z,true,false,false,false,141F,Distancia entre SE - Perpendicularidad SE,E3787R2,CNAII

2026-04-15T14:48:15.954Z,true,false,false,false,142F,Distancia entre SE - Perpendicularidad SE,E3787R2,CNAII

2026-04-15T14:48:18.975Z,true,false,false,false,143F,Distancia entre SE - Perpendicularidad SE,E3787R2,CNAII

2026-04-15T14:48:21.997Z,true,false,false,false,4T.1,Rectitud EC,E3787R2,CNAII

2026-04-15T14:48:30.097Z,true,false,false,false,4T.2,Rectitud EC,E3787R2,CNAII

2026-04-15T14:48:31.113Z,true,false,false,false,4T.3,Rectitud EC,E3787R2,CNAII

2026-04-15T14:48:33.151Z,true,false,false,false,tesL,PURGA DE FOTO LATERAL,E3787R2,CNAII

2026-04-15T14:48:39.182Z,true,false,false,false,144L,PURGA DE FOTO LATERAL,E3787R2,CNAII

2026-04-15T14:48:42.214Z,true,false,false,false,145L,PURGA DE FOTO LATERAL,E3787R2,CNAII

2026-04-15T14:48:47.268Z,true,false,false,false,146L,PURGA DE FOTO LATERAL,E3787R2,CNAII

2026-04-15T14:48:53.310Z,true,false,false,false,147L,PURGA DE FOTO LATERAL,E3787R2,CNAII

2026-04-15T14:48:59.381Z,true,false,false,false,148L,PURGA DE FOTO LATERAL,E3787R2,CNAII

2026-04-15T14:49:05.446Z,true,false,false,false,tesF,PURGA DE FOTO FRONTAL,E3787R2,CNAII

2026-04-15T14:49:12.507Z,true,false,false,false,149F,Distancia entre SE - Perpendicularidad SE,E3787R2,CNAII

2026-04-15T14:49:15.555Z,true,false,false,false,150F,Distancia entre SE - Perpendicularidad SE,E3787R2,CNAII

2026-04-15T14:49:19.593Z,true,false,false,false,151F,Distancia entre SE - Perpendicularidad SE,E3787R2,CNAII

2026-04-15T14:49:23.608Z,true,false,false,false,152F,Distancia entre SE - Perpendicularidad SE,E3787R2,CNAII

2026-04-15T14:49:27.636Z,true,false,false,false,153F,Distancia entre SE - Perpendicularidad SE,E3787R2,CNAII

2026-04-15T14:49:31.740Z,true,false,false,false,154F,Distancia entre SE - Perpendicularidad SE,E3787R2,CNAII

2026-04-15T14:49:34.739Z,true,false,false,false,156F,Distancia entre SE - Perpendicularidad SE,E3787R2,CNAII

2026-04-15T14:49:39.756Z,true,false,false,false,157F,Distancia entre SE - Perpendicularidad SE,E3787R2,CNAII

2026-04-15T14:49:42.762Z,true,false,false,false,158F,Distancia entre SE - Perpendicularidad SE,E3787R2,CNAII

2026-04-15T14:49:45.782Z,true,false,false,false,3T.1,Rectitud EC,E3787R2,CNAII

2026-04-15T14:49:53.884Z,true,false,false,false,3T.2,Rectitud EC,E3787R2,CNAII

2026-04-15T14:49:54.899Z,true,false,false,false,3T.3,Rectitud EC,E3787R2,CNAII

2026-04-15T14:49:56.926Z,true,false,false,false,tesL,PURGA DE FOTO LATERAL,E3787R2,CNAII

2026-04-15T14:50:02.986Z,true,false,false,false,159L,PURGA DE FOTO LATERAL,E3787R2,CNAII

2026-04-15T14:50:07.007Z,true,false,false,false,160L,PURGA DE FOTO LATERAL,E3787R2,CNAII

2026-04-15T14:50:11.064Z,true,false,false,false,161L,PURGA DE FOTO LATERAL,E3787R2,CNAII

2026-04-15T14:50:17.094Z,true,false,false,false,162L,PURGA DE FOTO LATERAL,E3787R2,CNAII

2026-04-15T14:50:23.151Z,true,false,false,false,163L,PURGA DE FOTO LATERAL,E3787R2,CNAII

2026-04-15T14:50:29.195Z,true,false,false,false,tesF,PURGA DE FOTO FRONTAL,E3787R2,CNAII

2026-04-15T14:50:36.264Z,true,false,false,false,164F,Distancia entre SE - Perpendicularidad SE,E3787R2,CNAII

2026-04-15T14:50:39.294Z,true,false,false,false,165F,Distancia entre SE - Perpendicularidad SE,E3787R2,CNAII

2026-04-15T14:50:43.326Z,true,false,false,false,166F,Distancia entre SE - Perpendicularidad SE,E3787R2,CNAII

2026-04-15T14:50:47.382Z,true,false,false,false,167F,Distancia entre SE - Perpendicularidad SE,E3787R2,CNAII

2026-04-15T14:50:51.383Z,true,false,false,false,168F,Distancia entre SE - Perpendicularidad SE,E3787R2,CNAII

2026-04-15T14:50:55.416Z,true,false,false,false,169F,Distancia entre SE - Perpendicularidad SE,E3787R2,CNAII

2026-04-15T14:50:58.436Z,true,false,false,false,171F,Distancia entre SE - Perpendicularidad SE,E3787R2,CNAII

2026-04-15T14:51:03.487Z,true,false,false,false,172F,Distancia entre SE - Perpendicularidad SE,E3787R2,CNAII

2026-04-15T14:51:06.499Z,true,false,false,false,173F,Distancia entre SE - Perpendicularidad SE,E3787R2,CNAII

2026-04-15T14:51:10.527Z,true,false,false,false,2T.1,Rectitud EC,E3787R2,CNAII

2026-04-15T14:51:17.612Z,true,false,false,false,2T.2,Rectitud EC,E3787R2,CNAII

2026-04-15T14:51:19.623Z,true,false,false,false,2T.3,Rectitud EC,E3787R2,CNAII

2026-04-15T14:51:20.624Z,true,false,false,false,tesL,PURGA DE FOTO LATERAL,E3787R2,CNAII

2026-04-15T14:51:27.737Z,true,false,false,false,174L,PURGA DE FOTO LATERAL,E3787R2,CNAII

2026-04-15T14:51:30.751Z,true,false,false,false,175L,PURGA DE FOTO LATERAL,E3787R2,CNAII

2026-04-15T14:51:35.774Z,true,false,false,false,176L,PURGA DE FOTO LATERAL,E3787R2,CNAII

2026-04-15T14:51:41.826Z,true,false,false,false,177L,PURGA DE FOTO LATERAL,E3787R2,CNAII

2026-04-15T14:51:47.895Z,true,false,false,false,178L,PURGA DE FOTO LATERAL,E3787R2,CNAII

2026-04-15T14:51:53.939Z,true,false,false,false,tesF,PURGA DE FOTO FRONTAL,E3787R2,CNAII

2026-04-15T14:52:00.003Z,true,false,false,false,179F,Distancia entre SE - Perpendicularidad SE,E3787R2,CNAII

2026-04-15T14:52:03.037Z,true,false,false,false,180F,Distancia entre SE - Perpendicularidad SE,E3787R2,CNAII

2026-04-15T14:52:08.079Z,true,false,false,false,181F,Distancia entre SE - Perpendicularidad SE,E3787R2,CNAII

2026-04-15T14:52:11.100Z,true,false,false,false,182F,Distancia entre SE - Perpendicularidad SE,E3787R2,CNAII

2026-04-15T14:52:15.142Z,true,false,false,false,183F,Distancia entre SE - Perpendicularidad SE,E3787R2,CNAII

2026-04-15T14:52:19.170Z,true,false,false,false,184F,Distancia entre SE - Perpendicularidad SE,E3787R2,CNAII

2026-04-15T14:52:23.195Z,true,false,false,false,186F,Distancia entre SE - Perpendicularidad SE,E3787R2,CNAII

2026-04-15T14:52:27.252Z,true,false,false,false,187F,Distancia entre SE - Perpendicularidad SE,E3787R2,CNAII

2026-04-15T14:52:31.253Z,true,false,false,false,188F,Distancia entre SE - Perpendicularidad SE,E3787R2,CNAII

2026-04-15T14:52:34.269Z,true,false,false,false,1T.1,Rectitud EC,E3787R2,CNAII

2026-04-15T14:52:41.350Z,true,false,false,false,1T.2,Rectitud EC,E3787R2,CNAII

2026-04-15T14:52:43.372Z,true,false,false,false,1T.3,Rectitud EC,E3787R2,CNAII

2026-04-15T14:52:45.379Z,true,false,false,false,tesL,PURGA DE FOTO LATERAL,E3787R2,CNAII

2026-04-15T14:52:51.424Z,true,false,false,false,189L,PURGA DE FOTO LATERAL,E3787R2,CNAII

2026-04-15T14:52:54.453Z,true,false,false,false,190L,PURGA DE FOTO LATERAL,E3787R2,CNAII

2026-04-15T14:52:59.496Z,true,false,false,false,191L,PURGA DE FOTO LATERAL,E3787R2,CNAII

2026-04-15T14:53:05.565Z,true,false,false,false,192L,PURGA DE FOTO LATERAL,E3787R2,CNAII

2026-04-15T14:53:11.596Z,true,false,false,false,193L,PURGA DE FOTO LATERAL,E3787R2,CNAII

2026-04-15T14:53:17.670Z,true,false,false,false,tesF,PURGA DE FOTO FRONTAL,E3787R2,CNAII

2026-04-15T14:53:23.761Z,true,false,false,false,194F,Distancia entre SE - Perpendicularidad SE,E3787R2,CNAII

2026-04-15T14:53:27.772Z,true,false,false,false,195F,Distancia entre SE - Perpendicularidad SE,E3787R2,CNAII

2026-04-15T14:53:31.794Z,true,false,false,false,196F,Distancia entre SE - Perpendicularidad SE,E3787R2,CNAII

2026-04-15T14:53:35.856Z,true,false,false,false,197F,Distancia entre SE - Perpendicularidad SE,E3787R2,CNAII

2026-04-15T14:53:38.873Z,true,false,false,false,198F,Distancia entre SE - Perpendicularidad SE,E3787R2,CNAII

2026-04-15T14:53:43.909Z,true,false,false,false,199F,Distancia entre SE - Perpendicularidad SE,E3787R2,CNAII

2026-04-15T14:53:46.927Z,true,false,false,false,201F,Distancia entre SE - Perpendicularidad SE,E3787R2,CNAII

2026-04-15T14:53:51.964Z,true,false,false,false,202F,Distancia entre SE - Perpendicularidad SE,E3787R2,CNAII

2026-04-15T14:53:54.990Z,true,false,false,false,203F,Distancia entre SE - Perpendicularidad SE,E3787R2,CNAII

2026-04-15T14:53:58.008Z,true,false,false,false,001F,Distancia entre SE y PP,E3787R2,CNAII

2026-04-15T14:54:04.073Z,true,false,false,false,210F,Distancia entre SE y PP,E3787R2,CNAII

2026-04-15T14:54:08.112Z,true,false,false,false,002F,Distancia entre SE y PP,E3787R2,CNAII

2026-04-15T14:54:14.162Z,true,false,false,false,211F,Distancia entre SE y PP,E3787R2,CNAII

2026-04-15T14:54:21.228Z,true,false,false,false,003F,Distancia entre SE y PP,E3787R2,CNAII

2026-04-15T14:54:27.291Z,true,false,false,false,tesL,PURGA DE FOTO LATERAL,E3787R2,CNAII

2026-04-15T14:54:33.358Z,true,false,false,false,212L,PURGA DE FOTO LATERAL,E3787R2,CNAII

2026-04-15T14:54:35.386Z,true,false,false,false,213L,PURGA DE FOTO LATERAL,E3787R2,CNAII

2026-04-15T14:54:43.437Z,true,false,false,false,214L,PURGA DE FOTO LATERAL,E3787R2,CNAII

2026-04-15T14:54:51.482Z,true,false,false,false,tesL,PURGA DE FOTO LATERAL,E3787R2,CNAII

2026-04-15T14:55:00.571Z,true,false,false,false,216L,Presencia de soldadura TVS - Fisuras soldadura TVS,E3787R2,CNAII

2026-04-15T14:55:05.613Z,true,false,false,false,217L,Presencia de soldadura TVS - Fisuras soldadura TVS,E3787R2,CNAII

2026-04-15T14:55:13.737Z,true,false,false,false,218L,Presencia de soldadura TVS - Fisuras soldadura TVS,E3787R2,CNAII

2026-04-15T14:55:21.777Z,true,false,false,false,tesL,PURGA DE FOTO LATERAL,E3787R2,CNAII

2026-04-15T14:55:32.891Z,true,false,false,false,0T.1,Rectitud EC PP,E3787R2,CNAII

2026-04-15T14:55:36.922Z,true,false,false,false,0T.2,Rectitud EC PP,E3787R2,CNAII

2026-04-15T14:55:38.962Z,true,false,false,false,0T.3,Rectitud EC PP,E3787R2,CNAII

2026-04-15T14:55:39.959Z,true,false,false,false,14T.1,Rectitud EC PP,E3787R2,CNAII

2026-04-15T14:55:43.997Z,true,false,false,false,14T.2,Rectitud EC PP,E3787R2,CNAII

2026-04-15T14:55:44.999Z,true,false,false,false,14T.3,Rectitud EC PP,E3787R2,CNAII

2026-04-15T14:55:46.009Z,true,false,false,false,222L,Rectitud EC PP,E3787R2,CNAII

2026-04-15T14:55:51.054Z,true,false,false,false,223L,Rectitud EC PP,E3787R2,CNAII

2026-04-15T14:55:56.089Z,true,false,false,false,224L,Rectitud EC PP,E3787R2,CNAII

2026-04-15T14:56:00.138Z,true,false,false,false,225L,Rectitud EC PP,E3787R2,CNAII

2026-04-15T14:56:05.173Z,true,false,false,false,226L,Rectitud EC PP,E3787R2,CNAII

2026-04-15T14:56:10.218Z,true,false,false,false,227L,Rectitud EC PP,E3787R2,CNAII

2026-04-15T14:56:15.276Z,true,false,false,false,tesL,PURGA DE FOTO LATERAL,E3787R2,CNAII

2026-04-15T14:56:21.309Z,true,false,false,false,228L,PURGA DE FOTO LATERAL,E3787R2,CNAII

2026-04-15T14:56:33.408Z,true,false,false,false,229L,PURGA DE FOTO LATERAL,E3787R2,CNAII

2026-04-15T14:56:38.465Z,true,false,false,false,230L,PURGA DE FOTO LATERAL,E3787R2,CNAII

2026-04-15T14:56:42.501Z,true,false,false,false,231L,PURGA DE FOTO LATERAL,E3787R2,CNAII

2026-04-15T14:56:47.571Z,true,false,false,false,232L,PURGA DE FOTO LATERAL,E3787R2,CNAII

2026-04-15T14:56:52.590Z,true,false,false,false,233L,PURGA DE FOTO LATERAL,E3787R2,CNAII

2026-04-15T14:56:57.641Z,true,false,false,false,tesF,PURGA DE FOTO FRONTAL,E3787R2,CNAII

2026-04-15T14:57:01.656Z,true,false,false,false,240F,PURGA DE FOTO FRONTAL,E3787R2,CNAII

2026-04-15T14:57:05.737Z,true,false,false,false,241F,PURGA DE FOTO FRONTAL,E3787R2,CNAII

2026-04-15T14:57:09.758Z,true,false,false,false,242F,PURGA DE FOTO FRONTAL,E3787R2,CNAII

2026-04-15T14:57:10.761Z,true,false,false,false,tesF,PURGA DE FOTO FRONTAL,E3787R2,CNAII

2026-04-15T14:57:16.793Z,true,false,false,false,,,E3787R2,CNAII

2026-04-15T14:58:35.584Z,false,false,false,true,,,E3787R2,CNAII

2026-04-15T14:58:40.601Z,false,false,false,false,,,E3787R2,CNAII

2026-04-15T14:59:22.918Z,true,false,false,false,,,E3787R3,CNAII

2026-04-15T14:59:50.126Z,true,false,false,false,13T.1,Rectitud EC,E3787R3,CNAII

2026-04-15T15:00:08.266Z,true,false,false,false,13T.2,Rectitud EC,E3787R3,CNAII

2026-04-15T15:00:10.291Z,true,false,false,false,13T.3,Rectitud EC,E3787R3,CNAII

2026-04-15T15:00:12.313Z,true,false,false,false,AZ4-A,Rectitud EC,E3787R3,CNAII

2026-04-15T15:00:13.307Z,true,false,false,false,AZ4-B,Zapata tipo I/II 4,E3787R3,CNAII

2026-04-15T15:00:16.330Z,true,false,false,false,AZ3-A,Zapata tipo I/II 4,E3787R3,CNAII

2026-04-15T15:00:20.383Z,true,false,false,false,AZ3-B,Zapata tipo I/II 3,E3787R3,CNAII

2026-04-15T15:00:23.389Z,true,false,false,false,AZ2-B,Zapata tipo I/II 2,E3787R3,CNAII

2026-04-15T15:00:27.427Z,true,false,false,false,AZ12-A,Zapata tipo I/II 2,E3787R3,CNAII

2026-04-15T15:00:30.446Z,true,false,false,false,AZ1-B,Zapata tipo I/II 1,E3787R3,CNAII

2026-04-15T15:00:32.462Z,true,false,false,false,AZ6-B,Zapata tipo I/II 6,E3787R3,CNAII

2026-04-15T15:00:40.564Z,true,false,false,false,AZ56-A,Zapata tipo I/II 6,E3787R3,CNAII

2026-04-15T15:00:43.568Z,true,false,false,false,AZ5-B,Zapata tipo I/II 5,E3787R3,CNAII

2026-04-15T15:00:46.592Z,true,false,false,false,tesF,PURGA DE FOTO FRONTAL,E3787R3,CNAII

2026-04-15T15:00:48.604Z,true,false,false,false,1F,PURGA DE FOTO FRONTAL,E3787R3,CNAII

2026-04-15T15:00:51.629Z,true,false,false,false,2F,PURGA DE FOTO FRONTAL,E3787R3,CNAII

2026-04-15T15:00:55.660Z,true,false,false,false,3F,Distancia entre SE - Perpendicularidad SE,E3787R3,CNAII

2026-04-15T15:00:59.740Z,true,false,false,false,4F,Distancia entre SE - Perpendicularidad SE,E3787R3,CNAII

2026-04-15T15:01:02.769Z,true,false,false,false,5F,Distancia entre SE - Perpendicularidad SE,E3787R3,CNAII

2026-04-15T15:01:06.765Z,true,false,false,false,6F,Distancia entre SE - Perpendicularidad SE,E3787R3,CNAII

2026-04-15T15:01:08.784Z,true,false,false,false,7F,Distancia entre SE - Perpendicularidad SE,E3787R3,CNAII

2026-04-15T15:01:12.823Z,true,false,false,false,9F,Distancia entre SE - Perpendicularidad SE,E3787R3,CNAII

2026-04-15T15:01:16.866Z,true,false,false,false,10F,Distancia entre SE - Perpendicularidad SE,E3787R3,CNAII

2026-04-15T15:01:20.888Z,true,false,false,false,11F,Distancia entre SE - Perpendicularidad SE,E3787R3,CNAII

2026-04-15T15:01:23.911Z,true,false,false,false,12F,Distancia entre SE - Perpendicularidad SE,E3787R3,CNAII

2026-04-15T15:01:25.929Z,true,false,false,false,tesL,PURGA DE FOTO LATERAL,E3787R3,CNAII

2026-04-15T15:01:32.980Z,true,false,false,false,13L,PURGA DE FOTO LATERAL,E3787R3,CNAII

2026-04-15T15:01:34.988Z,true,false,false,false,14L,PURGA DE FOTO LATERAL,E3787R3,CNAII

2026-04-15T15:01:40.022Z,true,false,false,false,15L,PURGA DE FOTO LATERAL,E3787R3,CNAII

2026-04-15T15:01:43.059Z,true,false,false,false,16L,PURGA DE FOTO LATERAL,E3787R3,CNAII

2026-04-15T15:01:47.095Z,true,false,false,false,17L,PURGA DE FOTO LATERAL,E3787R3,CNAII

2026-04-15T15:01:53.162Z,true,false,false,false,18L,PURGA DE FOTO LATERAL,E3787R3,CNAII

2026-04-15T15:01:57.189Z,true,false,false,false,19L,PURGA DE FOTO LATERAL,E3787R3,CNAII

2026-04-15T15:02:01.217Z,true,false,false,false,12T.1,Rectitud EC,E3787R3,CNAII

2026-04-15T15:02:15.365Z,true,false,false,false,12T.2,Rectitud EC,E3787R3,CNAII

2026-04-15T15:02:17.389Z,true,false,false,false,12T.3,Rectitud EC,E3787R3,CNAII

2026-04-15T15:02:19.391Z,true,false,false,false,tesL,PURGA DE FOTO LATERAL,E3787R3,CNAII

2026-04-15T15:02:25.466Z,true,false,false,false,24L,PURGA DE FOTO LATERAL,E3787R3,CNAII

2026-04-15T15:02:29.473Z,true,false,false,false,25L,PURGA DE FOTO LATERAL,E3787R3,CNAII

2026-04-15T15:02:33.505Z,true,false,false,false,26L,PURGA DE FOTO LATERAL,E3787R3,CNAII

2026-04-15T15:02:39.567Z,true,false,false,false,27L,PURGA DE FOTO LATERAL,E3787R3,CNAII

2026-04-15T15:02:45.600Z,true,false,false,false,28L,PURGA DE FOTO LATERAL,E3787R3,CNAII

2026-04-15T15:02:51.744Z,true,false,false,false,tesF,PURGA DE FOTO FRONTAL,E3787R3,CNAII

2026-04-15T15:02:58.760Z,true,false,false,false,29F,Distancia entre SE - Perpendicularidad SE,E3787R3,CNAII

2026-04-15T15:03:01.764Z,true,false,false,false,30F,Distancia entre SE - Perpendicularidad SE,E3787R3,CNAII

2026-04-15T15:03:05.804Z,true,false,false,false,31F,Distancia entre SE - Perpendicularidad SE,E3787R3,CNAII

2026-04-15T15:03:09.823Z,true,false,false,false,32F,Distancia entre SE - Perpendicularidad SE,E3787R3,CNAII

2026-04-15T15:03:13.870Z,true,false,false,false,33F,Distancia entre SE - Perpendicularidad SE,E3787R3,CNAII

2026-04-15T15:03:17.908Z,true,false,false,false,34F,Distancia entre SE - Perpendicularidad SE,E3787R3,CNAII

2026-04-15T15:03:20.926Z,true,false,false,false,36F,Distancia entre SE - Perpendicularidad SE,E3787R3,CNAII

2026-04-15T15:03:25.970Z,true,false,false,false,37F,Distancia entre SE - Perpendicularidad SE,E3787R3,CNAII

2026-04-15T15:03:28.984Z,true,false,false,false,38F,Distancia entre SE - Perpendicularidad SE,E3787R3,CNAII

2026-04-15T15:03:32.014Z,true,false,false,false,11T.1,Rectitud EC,E3787R3,CNAII

2026-04-15T15:03:39.068Z,true,false,false,false,11T.2,Rectitud EC,E3787R3,CNAII

2026-04-15T15:03:41.092Z,true,false,false,false,11T.3,Rectitud EC,E3787R3,CNAII

2026-04-15T15:03:42.110Z,true,false,false,false,tesL,PURGA DE FOTO LATERAL,E3787R3,CNAII

2026-04-15T15:03:49.170Z,true,false,false,false,39L,PURGA DE FOTO LATERAL,E3787R3,CNAII

2026-04-15T15:03:52.182Z,true,false,false,false,40L,PURGA DE FOTO LATERAL,E3787R3,CNAII

2026-04-15T15:03:57.236Z,true,false,false,false,41L,PURGA DE FOTO LATERAL,E3787R3,CNAII

2026-04-15T15:04:03.280Z,true,false,false,false,42L,PURGA DE FOTO LATERAL,E3787R3,CNAII

2026-04-15T15:04:09.376Z,true,false,false,false,43L,PURGA DE FOTO LATERAL,E3787R3,CNAII

2026-04-15T15:04:15.405Z,true,false,false,false,tesF,PURGA DE FOTO FRONTAL,E3787R3,CNAII

2026-04-15T15:04:21.457Z,true,false,false,false,44F,Distancia entre SE - Perpendicularidad SE,E3787R3,CNAII

2026-04-15T15:04:25.491Z,true,false,false,false,45F,Distancia entre SE - Perpendicularidad SE,E3787R3,CNAII

2026-04-15T15:04:29.551Z,true,false,false,false,46F,Distancia entre SE - Perpendicularidad SE,E3787R3,CNAII

2026-04-15T15:04:33.589Z,true,false,false,false,47F,Distancia entre SE - Perpendicularidad SE,E3787R3,CNAII

2026-04-15T15:04:36.591Z,true,false,false,false,48F,Distancia entre SE - Perpendicularidad SE,E3787R3,CNAII

2026-04-15T15:04:41.644Z,true,false,false,false,49F,Distancia entre SE - Perpendicularidad SE,E3787R3,CNAII

2026-04-15T15:04:44.675Z,true,false,false,false,51F,Distancia entre SE - Perpendicularidad SE,E3787R3,CNAII

2026-04-15T15:04:49.739Z,true,false,false,false,52F,Distancia entre SE - Perpendicularidad SE,E3787R3,CNAII

2026-04-15T15:04:52.741Z,true,false,false,false,53F,Distancia entre SE - Perpendicularidad SE,E3787R3,CNAII

2026-04-15T15:04:55.771Z,true,false,false,false,10T.1,Rectitud EC,E3787R3,CNAII

2026-04-15T15:05:02.828Z,true,false,false,false,10T.2,Rectitud EC,E3787R3,CNAII

2026-04-15T15:05:04.851Z,true,false,false,false,10T.3,Rectitud EC,E3787R3,CNAII

2026-04-15T15:05:05.867Z,true,false,false,false,tesL,PURGA DE FOTO LATERAL,E3787R3,CNAII

2026-04-15T15:05:12.917Z,true,false,false,false,54L,PURGA DE FOTO LATERAL,E3787R3,CNAII

2026-04-15T15:05:15.927Z,true,false,false,false,55L,PURGA DE FOTO LATERAL,E3787R3,CNAII

2026-04-15T15:05:20.974Z,true,false,false,false,56L,PURGA DE FOTO LATERAL,E3787R3,CNAII

2026-04-15T15:05:27.008Z,true,false,false,false,57L,PURGA DE FOTO LATERAL,E3787R3,CNAII

2026-04-15T15:05:33.076Z,true,false,false,false,58L,PURGA DE FOTO LATERAL,E3787R3,CNAII

2026-04-15T15:05:39.134Z,true,false,false,false,tesF,PURGA DE FOTO FRONTAL,E3787R3,CNAII

2026-04-15T15:05:45.201Z,true,false,false,false,59F,Distancia entre SE - Perpendicularidad SE,E3787R3,CNAII

2026-04-15T15:05:48.229Z,true,false,false,false,60F,Distancia entre SE - Perpendicularidad SE,E3787R3,CNAII

2026-04-15T15:05:53.267Z,true,false,false,false,61F,Distancia entre SE - Perpendicularidad SE,E3787R3,CNAII

2026-04-15T15:05:56.295Z,true,false,false,false,62F,Distancia entre SE - Perpendicularidad SE,E3787R3,CNAII

2026-04-15T15:06:00.357Z,true,false,false,false,63F,Distancia entre SE - Perpendicularidad SE,E3787R3,CNAII

2026-04-15T15:06:04.383Z,true,false,false,false,64F,Distancia entre SE - Perpendicularidad SE,E3787R3,CNAII

2026-04-15T15:06:08.408Z,true,false,false,false,66F,Distancia entre SE - Perpendicularidad SE,E3787R3,CNAII

2026-04-15T15:06:12.455Z,true,false,false,false,67F,Distancia entre SE - Perpendicularidad SE,E3787R3,CNAII

2026-04-15T15:06:16.474Z,true,false,false,false,68F,Distancia entre SE - Perpendicularidad SE,E3787R3,CNAII

2026-04-15T15:06:19.492Z,true,false,false,false,9T.1,Rectitud EC,E3787R3,CNAII

2026-04-15T15:06:26.568Z,true,false,false,false,9T.2,Rectitud EC,E3787R3,CNAII

2026-04-15T15:06:28.571Z,true,false,false,false,9T.3,Rectitud EC,E3787R3,CNAII

2026-04-15T15:06:30.599Z,true,false,false,false,tesL,PURGA DE FOTO LATERAL,E3787R3,CNAII

2026-04-15T15:06:36.674Z,true,false,false,false,69L,PURGA DE FOTO LATERAL,E3787R3,CNAII

2026-04-15T15:06:39.745Z,true,false,false,false,70L,PURGA DE FOTO LATERAL,E3787R3,CNAII

2026-04-15T15:06:44.749Z,true,false,false,false,71L,PURGA DE FOTO LATERAL,E3787R3,CNAII

2026-04-15T15:06:50.781Z,true,false,false,false,72L,PURGA DE FOTO LATERAL,E3787R3,CNAII

2026-04-15T15:06:56.838Z,true,false,false,false,73L,PURGA DE FOTO LATERAL,E3787R3,CNAII

2026-04-15T15:07:02.890Z,true,false,false,false,tesF,PURGA DE FOTO FRONTAL,E3787R3,CNAII

2026-04-15T15:07:08.969Z,true,false,false,false,74F,Distancia entre SE - Perpendicularidad SE,E3787R3,CNAII

2026-04-15T15:07:13.001Z,true,false,false,false,75F,Distancia entre SE - Perpendicularidad SE,E3787R3,CNAII

2026-04-15T15:07:17.025Z,true,false,false,false,76F,Distancia entre SE - Perpendicularidad SE,E3787R3,CNAII

2026-04-15T15:07:21.070Z,true,false,false,false,77F,Distancia entre SE - Perpendicularidad SE,E3787R3,CNAII

2026-04-15T15:07:24.105Z,true,false,false,false,78F,Distancia entre SE - Perpendicularidad SE,E3787R3,CNAII

2026-04-15T15:07:29.153Z,true,false,false,false,79F,Distancia entre SE - Perpendicularidad SE,E3787R3,CNAII

2026-04-15T15:07:32.171Z,true,false,false,false,81F,Distancia entre SE - Perpendicularidad SE,E3787R3,CNAII

2026-04-15T15:07:37.215Z,true,false,false,false,82F,Distancia entre SE - Perpendicularidad SE,E3787R3,CNAII

2026-04-15T15:07:40.256Z,true,false,false,false,83F,Distancia entre SE - Perpendicularidad SE,E3787R3,CNAII

2026-04-15T15:07:43.277Z,true,false,false,false,8T.1,Rectitud EC,E3787R3,CNAII

2026-04-15T15:07:50.381Z,true,false,false,false,8T.2,Rectitud EC,E3787R3,CNAII

2026-04-15T15:07:52.390Z,true,false,false,false,8T.3,Rectitud EC,E3787R3,CNAII

2026-04-15T15:07:54.403Z,true,false,false,false,tesL,PURGA DE FOTO LATERAL,E3787R3,CNAII

2026-04-15T15:08:00.462Z,true,false,false,false,84L,PURGA DE FOTO LATERAL,E3787R3,CNAII

2026-04-15T15:08:03.469Z,true,false,false,false,85L,PURGA DE FOTO LATERAL,E3787R3,CNAII

2026-04-15T15:08:08.513Z,true,false,false,false,86L,PURGA DE FOTO LATERAL,E3787R3,CNAII

2026-04-15T15:08:14.576Z,true,false,false,false,87L,PURGA DE FOTO LATERAL,E3787R3,CNAII

2026-04-15T15:08:20.617Z,true,false,false,false,88L,PURGA DE FOTO LATERAL,E3787R3,CNAII

2026-04-15T15:08:26.743Z,true,false,false,false,tesF,PURGA DE FOTO FRONTAL,E3787R3,CNAII

2026-04-15T15:08:33.750Z,true,false,false,false,89F,Distancia entre SE - Perpendicularidad SE,E3787R3,CNAII

2026-04-15T15:08:36.753Z,true,false,false,false,90F,Distancia entre SE - Perpendicularidad SE,E3787R3,CNAII

2026-04-15T15:08:40.780Z,true,false,false,false,91F,Distancia entre SE - Perpendicularidad SE,E3787R3,CNAII

2026-04-15T15:08:44.814Z,true,false,false,false,92F,Distancia entre SE - Perpendicularidad SE,E3787R3,CNAII

2026-04-15T15:08:48.869Z,true,false,false,false,93F,Distancia entre SE - Perpendicularidad SE,E3787R3,CNAII

2026-04-15T15:08:52.879Z,true,false,false,false,94F,Distancia entre SE - Perpendicularidad SE,E3787R3,CNAII

2026-04-15T15:08:55.898Z,true,false,false,false,96F,Distancia entre SE - Perpendicularidad SE,E3787R3,CNAII

2026-04-15T15:09:00.941Z,true,false,false,false,97F,Distancia entre SE - Perpendicularidad SE,E3787R3,CNAII

2026-04-15T15:09:03.963Z,true,false,false,false,98F,Distancia entre SE - Perpendicularidad SE,E3787R3,CNAII

2026-04-15T15:09:06.995Z,true,false,false,false,7T.1,Rectitud EC,E3787R3,CNAII

2026-04-15T15:09:15.071Z,true,false,false,false,7T.2,Rectitud EC,E3787R3,CNAII

2026-04-15T15:09:16.076Z,true,false,false,false,7T.3,Rectitud EC,E3787R3,CNAII

2026-04-15T15:09:18.100Z,true,false,false,false,tesL,PURGA DE FOTO LATERAL,E3787R3,CNAII

2026-04-15T15:09:25.180Z,true,false,false,false,99L,PURGA DE FOTO LATERAL,E3787R3,CNAII

2026-04-15T15:09:28.190Z,true,false,false,false,100L,PURGA DE FOTO LATERAL,E3787R3,CNAII

2026-04-15T15:09:33.259Z,true,false,false,false,101L,PURGA DE FOTO LATERAL,E3787R3,CNAII

2026-04-15T15:09:39.301Z,true,false,false,false,102L,PURGA DE FOTO LATERAL,E3787R3,CNAII

2026-04-15T15:09:45.375Z,true,false,false,false,103L,PURGA DE FOTO LATERAL,E3787R3,CNAII

2026-04-15T15:09:51.428Z,true,false,false,false,tesF,PURGA DE FOTO FRONTAL,E3787R3,CNAII

2026-04-15T15:09:57.492Z,true,false,false,false,104F,Distancia entre SE - Perpendicularidad SE,E3787R3,CNAII

2026-04-15T15:10:00.515Z,true,false,false,false,105F,Distancia entre SE - Perpendicularidad SE,E3787R3,CNAII

2026-04-15T15:10:05.567Z,true,false,false,false,106F,Distancia entre SE - Perpendicularidad SE,E3787R3,CNAII

2026-04-15T15:10:08.589Z,true,false,false,false,107F,Distancia entre SE - Perpendicularidad SE,E3787R3,CNAII

2026-04-15T15:10:12.620Z,true,false,false,false,108F,Distancia entre SE - Perpendicularidad SE,E3787R3,CNAII

2026-04-15T15:10:16.679Z,true,false,false,false,109F,Distancia entre SE - Perpendicularidad SE,E3787R3,CNAII

2026-04-15T15:10:20.739Z,true,false,false,false,111F,Distancia entre SE - Perpendicularidad SE,E3787R3,CNAII

2026-04-15T15:10:24.763Z,true,false,false,false,112F,Distancia entre SE - Perpendicularidad SE,E3787R3,CNAII

2026-04-15T15:10:28.780Z,true,false,false,false,113F,Distancia entre SE - Perpendicularidad SE,E3787R3,CNAII

2026-04-15T15:10:31.795Z,true,false,false,false,6T.1,Rectitud EC,E3787R3,CNAII

2026-04-15T15:10:38.868Z,true,false,false,false,6T.2,Rectitud EC,E3787R3,CNAII

2026-04-15T15:10:40.878Z,true,false,false,false,6T.3,Rectitud EC,E3787R3,CNAII

2026-04-15T15:10:42.905Z,true,false,false,false,tesL,PURGA DE FOTO LATERAL,E3787R3,CNAII

2026-04-15T15:10:48.957Z,true,false,false,false,114L,PURGA DE FOTO LATERAL,E3787R3,CNAII

2026-04-15T15:10:51.981Z,true,false,false,false,115L,PURGA DE FOTO LATERAL,E3787R3,CNAII

2026-04-15T15:10:57.019Z,true,false,false,false,116L,PURGA DE FOTO LATERAL,E3787R3,CNAII

2026-04-15T15:11:03.065Z,true,false,false,false,117L,PURGA DE FOTO LATERAL,E3787R3,CNAII

2026-04-15T15:11:09.127Z,true,false,false,false,118L,PURGA DE FOTO LATERAL,E3787R3,CNAII

2026-04-15T15:11:15.161Z,true,false,false,false,tesF,PURGA DE FOTO FRONTAL,E3787R3,CNAII

2026-04-15T15:11:21.238Z,true,false,false,false,119F,Distancia entre SE - Perpendicularidad SE,E3787R3,CNAII

2026-04-15T15:11:24.274Z,true,false,false,false,120F,Distancia entre SE - Perpendicularidad SE,E3787R3,CNAII

2026-04-15T15:11:29.300Z,true,false,false,false,121F,Distancia entre SE - Perpendicularidad SE,E3787R3,CNAII

2026-04-15T15:11:33.329Z,true,false,false,false,122F,Distancia entre SE - Perpendicularidad SE,E3787R3,CNAII

2026-04-15T15:11:36.339Z,true,false,false,false,123F,Distancia entre SE - Perpendicularidad SE,E3787R3,CNAII

2026-04-15T15:11:41.401Z,true,false,false,false,124F,Distancia entre SE - Perpendicularidad SE,E3787R3,CNAII

2026-04-15T15:11:44.424Z,true,false,false,false,126F,Distancia entre SE - Perpendicularidad SE,E3787R3,CNAII

2026-04-15T15:11:49.464Z,true,false,false,false,127F,Distancia entre SE - Perpendicularidad SE,E3787R3,CNAII

2026-04-15T15:11:52.472Z,true,false,false,false,128F,Distancia entre SE - Perpendicularidad SE,E3787R3,CNAII

2026-04-15T15:11:55.496Z,true,false,false,false,5T.1,Rectitud EC,E3787R3,CNAII

2026-04-15T15:12:02.571Z,true,false,false,false,5T.2,Rectitud EC,E3787R3,CNAII

2026-04-15T15:12:04.570Z,true,false,false,false,5T.3,Rectitud EC,E3787R3,CNAII

2026-04-15T15:12:06.601Z,true,false,false,false,tesL,PURGA DE FOTO LATERAL,E3787R3,CNAII

2026-04-15T15:12:12.662Z,true,false,false,false,129L,PURGA DE FOTO LATERAL,E3787R3,CNAII

2026-04-15T15:12:15.742Z,true,false,false,false,130L,PURGA DE FOTO LATERAL,E3787R3,CNAII

2026-04-15T15:12:20.770Z,true,false,false,false,131L,PURGA DE FOTO LATERAL,E3787R3,CNAII

2026-04-15T15:12:26.803Z,true,false,false,false,132L,PURGA DE FOTO LATERAL,E3787R3,CNAII

2026-04-15T15:12:32.887Z,true,false,false,false,133L,PURGA DE FOTO LATERAL,E3787R3,CNAII

2026-04-15T15:12:38.915Z,true,false,false,false,tesF,PURGA DE FOTO FRONTAL,E3787R3,CNAII

2026-04-15T15:12:45.991Z,true,false,false,false,134F,Distancia entre SE - Perpendicularidad SE,E3787R3,CNAII

2026-04-15T15:12:49.002Z,true,false,false,false,135F,Distancia entre SE - Perpendicularidad SE,E3787R3,CNAII

2026-04-15T15:12:53.033Z,true,false,false,false,136F,Distancia entre SE - Perpendicularidad SE,E3787R3,CNAII

2026-04-15T15:12:57.057Z,true,false,false,false,137F,Distancia entre SE - Perpendicularidad SE,E3787R3,CNAII

2026-04-15T15:13:01.096Z,true,false,false,false,138F,Distancia entre SE - Perpendicularidad SE,E3787R3,CNAII

2026-04-15T15:13:05.126Z,true,false,false,false,139F,Distancia entre SE - Perpendicularidad SE,E3787R3,CNAII

2026-04-15T15:13:08.156Z,true,false,false,false,141F,Distancia entre SE - Perpendicularidad SE,E3787R3,CNAII

2026-04-15T15:13:13.192Z,true,false,false,false,142F,Distancia entre SE - Perpendicularidad SE,E3787R3,CNAII

2026-04-15T15:13:16.218Z,true,false,false,false,143F,Distancia entre SE - Perpendicularidad SE,E3787R3,CNAII

2026-04-15T15:13:19.244Z,true,false,false,false,4T.1,Rectitud EC,E3787R3,CNAII

2026-04-15T15:13:27.310Z,true,false,false,false,4T.2,Rectitud EC,E3787R3,CNAII

2026-04-15T15:13:28.326Z,true,false,false,false,4T.3,Rectitud EC,E3787R3,CNAII

2026-04-15T15:13:30.379Z,true,false,false,false,tesL,PURGA DE FOTO LATERAL,E3787R3,CNAII

2026-04-15T15:13:36.389Z,true,false,false,false,144L,PURGA DE FOTO LATERAL,E3787R3,CNAII

2026-04-15T15:13:40.424Z,true,false,false,false,145L,PURGA DE FOTO LATERAL,E3787R3,CNAII

2026-04-15T15:13:44.458Z,true,false,false,false,146L,PURGA DE FOTO LATERAL,E3787R3,CNAII

2026-04-15T15:13:50.506Z,true,false,false,false,147L,PURGA DE FOTO LATERAL,E3787R3,CNAII

2026-04-15T15:13:56.575Z,true,false,false,false,148L,PURGA DE FOTO LATERAL,E3787R3,CNAII

2026-04-15T15:14:02.642Z,true,false,false,false,tesF,PURGA DE FOTO FRONTAL,E3787R3,CNAII

2026-04-15T15:14:09.747Z,true,false,false,false,149F,Distancia entre SE - Perpendicularidad SE,E3787R3,CNAII

2026-04-15T15:14:12.761Z,true,false,false,false,150F,Distancia entre SE - Perpendicularidad SE,E3787R3,CNAII

2026-04-15T15:14:16.780Z,true,false,false,false,151F,Distancia entre SE - Perpendicularidad SE,E3787R3,CNAII

2026-04-15T15:14:20.803Z,true,false,false,false,152F,Distancia entre SE - Perpendicularidad SE,E3787R3,CNAII

2026-04-15T15:14:24.839Z,true,false,false,false,153F,Distancia entre SE - Perpendicularidad SE,E3787R3,CNAII

2026-04-15T15:14:28.876Z,true,false,false,false,154F,Distancia entre SE - Perpendicularidad SE,E3787R3,CNAII

2026-04-15T15:14:31.887Z,true,false,false,false,156F,Distancia entre SE - Perpendicularidad SE,E3787R3,CNAII

2026-04-15T15:14:36.934Z,true,false,false,false,157F,Distancia entre SE - Perpendicularidad SE,E3787R3,CNAII

2026-04-15T15:14:39.958Z,true,false,false,false,158F,Distancia entre SE - Perpendicularidad SE,E3787R3,CNAII

2026-04-15T15:14:43.989Z,true,false,false,false,3T.1,Rectitud EC,E3787R3,CNAII

2026-04-15T15:14:51.060Z,true,false,false,false,3T.2,Rectitud EC,E3787R3,CNAII

2026-04-15T15:14:53.086Z,true,false,false,false,3T.3,Rectitud EC,E3787R3,CNAII

2026-04-15T15:14:54.099Z,true,false,false,false,tesL,PURGA DE FOTO LATERAL,E3787R3,CNAII

2026-04-15T15:15:00.159Z,true,false,false,false,159L,PURGA DE FOTO LATERAL,E3787R3,CNAII

2026-04-15T15:15:04.180Z,true,false,false,false,160L,PURGA DE FOTO LATERAL,E3787R3,CNAII

2026-04-15T15:15:08.218Z,true,false,false,false,161L,PURGA DE FOTO LATERAL,E3787R3,CNAII

2026-04-15T15:15:14.271Z,true,false,false,false,162L,PURGA DE FOTO LATERAL,E3787R3,CNAII

2026-04-15T15:15:20.313Z,true,false,false,false,163L,PURGA DE FOTO LATERAL,E3787R3,CNAII

2026-04-15T15:15:26.379Z,true,false,false,false,tesF,PURGA DE FOTO FRONTAL,E3787R3,CNAII

2026-04-15T15:15:33.420Z,true,false,false,false,164F,Distancia entre SE - Perpendicularidad SE,E3787R3,CNAII

2026-04-15T15:15:36.458Z,true,false,false,false,165F,Distancia entre SE - Perpendicularidad SE,E3787R3,CNAII

2026-04-15T15:15:40.473Z,true,false,false,false,166F,Distancia entre SE - Perpendicularidad SE,E3787R3,CNAII

2026-04-15T15:15:44.506Z,true,false,false,false,167F,Distancia entre SE - Perpendicularidad SE,E3787R3,CNAII

2026-04-15T15:15:48.552Z,true,false,false,false,168F,Distancia entre SE - Perpendicularidad SE,E3787R3,CNAII

2026-04-15T15:15:52.574Z,true,false,false,false,169F,Distancia entre SE - Perpendicularidad SE,E3787R3,CNAII

2026-04-15T15:15:55.577Z,true,false,false,false,171F,Distancia entre SE - Perpendicularidad SE,E3787R3,CNAII

2026-04-15T15:16:00.607Z,true,false,false,false,172F,Distancia entre SE - Perpendicularidad SE,E3787R3,CNAII

2026-04-15T15:16:04.637Z,true,false,false,false,173F,Distancia entre SE - Perpendicularidad SE,E3787R3,CNAII

2026-04-15T15:16:07.663Z,true,false,false,false,2T.1,Rectitud EC,E3787R3,CNAII

2026-04-15T15:16:14.753Z,true,false,false,false,2T.2,Rectitud EC,E3787R3,CNAII

2026-04-15T15:16:16.772Z,true,false,false,false,2T.3,Rectitud EC,E3787R3,CNAII

2026-04-15T15:16:17.779Z,true,false,false,false,tesL,PURGA DE FOTO LATERAL,E3787R3,CNAII

2026-04-15T15:16:24.838Z,true,false,false,false,174L,PURGA DE FOTO LATERAL,E3787R3,CNAII

2026-04-15T15:16:27.865Z,true,false,false,false,175L,PURGA DE FOTO LATERAL,E3787R3,CNAII

2026-04-15T15:16:32.892Z,true,false,false,false,176L,PURGA DE FOTO LATERAL,E3787R3,CNAII

2026-04-15T15:16:38.938Z,true,false,false,false,177L,PURGA DE FOTO LATERAL,E3787R3,CNAII

2026-04-15T15:16:44.984Z,true,false,false,false,178L,PURGA DE FOTO LATERAL,E3787R3,CNAII

2026-04-15T15:16:51.051Z,true,false,false,false,tesF,PURGA DE FOTO FRONTAL,E3787R3,CNAII

2026-04-15T15:16:57.102Z,true,false,false,false,179F,Distancia entre SE - Perpendicularidad SE,E3787R3,CNAII

2026-04-15T15:17:00.123Z,true,false,false,false,180F,Distancia entre SE - Perpendicularidad SE,E3787R3,CNAII

2026-04-15T15:17:05.158Z,true,false,false,false,181F,Distancia entre SE - Perpendicularidad SE,E3787R3,CNAII

2026-04-15T15:17:08.181Z,true,false,false,false,182F,Distancia entre SE - Perpendicularidad SE,E3787R3,CNAII

2026-04-15T15:17:12.217Z,true,false,false,false,183F,Distancia entre SE - Perpendicularidad SE,E3787R3,CNAII

2026-04-15T15:17:16.264Z,true,false,false,false,184F,Distancia entre SE - Perpendicularidad SE,E3787R3,CNAII

2026-04-15T15:17:20.299Z,true,false,false,false,186F,Distancia entre SE - Perpendicularidad SE,E3787R3,CNAII

2026-04-15T15:17:24.355Z,true,false,false,false,187F,Distancia entre SE - Perpendicularidad SE,E3787R3,CNAII

2026-04-15T15:17:28.390Z,true,false,false,false,188F,Distancia entre SE - Perpendicularidad SE,E3787R3,CNAII

2026-04-15T15:17:31.396Z,true,false,false,false,1T.1,Rectitud EC,E3787R3,CNAII

2026-04-15T15:17:38.454Z,true,false,false,false,1T.2,Rectitud EC,E3787R3,CNAII

2026-04-15T15:17:40.473Z,true,false,false,false,1T.3,Rectitud EC,E3787R3,CNAII

2026-04-15T15:17:42.484Z,true,false,false,false,tesL,PURGA DE FOTO LATERAL,E3787R3,CNAII

2026-04-15T15:17:48.577Z,true,false,false,false,189L,PURGA DE FOTO LATERAL,E3787R3,CNAII

2026-04-15T15:17:51.582Z,true,false,false,false,190L,PURGA DE FOTO LATERAL,E3787R3,CNAII

2026-04-15T15:17:56.586Z,true,false,false,false,191L,PURGA DE FOTO LATERAL,E3787R3,CNAII

2026-04-15T15:18:02.648Z,true,false,false,false,192L,PURGA DE FOTO LATERAL,E3787R3,CNAII

2026-04-15T15:18:08.753Z,true,false,false,false,193L,PURGA DE FOTO LATERAL,E3787R3,CNAII

2026-04-15T15:18:14.749Z,true,false,false,false,tesF,PURGA DE FOTO FRONTAL,E3787R3,CNAII

2026-04-15T15:18:20.785Z,true,false,false,false,194F,Distancia entre SE - Perpendicularidad SE,E3787R3,CNAII

2026-04-15T15:18:24.811Z,true,false,false,false,195F,Distancia entre SE - Perpendicularidad SE,E3787R3,CNAII

2026-04-15T15:18:28.842Z,true,false,false,false,196F,Distancia entre SE - Perpendicularidad SE,E3787R3,CNAII

2026-04-15T15:18:32.867Z,true,false,false,false,197F,Distancia entre SE - Perpendicularidad SE,E3787R3,CNAII

2026-04-15T15:18:35.894Z,true,false,false,false,198F,Distancia entre SE - Perpendicularidad SE,E3787R3,CNAII

2026-04-15T15:18:40.934Z,true,false,false,false,199F,Distancia entre SE - Perpendicularidad SE,E3787R3,CNAII

2026-04-15T15:18:43.960Z,true,false,false,false,201F,Distancia entre SE - Perpendicularidad SE,E3787R3,CNAII

2026-04-15T15:18:49.009Z,true,false,false,false,202F,Distancia entre SE - Perpendicularidad SE,E3787R3,CNAII

2026-04-15T15:18:52.050Z,true,false,false,false,203F,Distancia entre SE - Perpendicularidad SE,E3787R3,CNAII

2026-04-15T15:18:55.062Z,true,false,false,false,001F,Distancia entre SE y PP,E3787R3,CNAII

2026-04-15T15:19:01.134Z,true,false,false,false,210F,Distancia entre SE y PP,E3787R3,CNAII

2026-04-15T15:19:05.177Z,true,false,false,false,002F,Distancia entre SE y PP,E3787R3,CNAII

2026-04-15T15:19:11.257Z,true,false,false,false,211F,Distancia entre SE y PP,E3787R3,CNAII

2026-04-15T15:19:18.309Z,true,false,false,false,003F,Distancia entre SE y PP,E3787R3,CNAII

2026-04-15T15:19:24.370Z,true,false,false,false,tesL,PURGA DE FOTO LATERAL,E3787R3,CNAII

2026-04-15T15:19:30.394Z,true,false,false,false,212L,PURGA DE FOTO LATERAL,E3787R3,CNAII

2026-04-15T15:19:32.417Z,true,false,false,false,213L,PURGA DE FOTO LATERAL,E3787R3,CNAII

2026-04-15T15:19:40.504Z,true,false,false,false,214L,PURGA DE FOTO LATERAL,E3787R3,CNAII

2026-04-15T15:19:48.602Z,true,false,false,false,tesL,PURGA DE FOTO LATERAL,E3787R3,CNAII

2026-04-15T15:19:56.674Z,true,false,false,false,216L,Presencia de soldadura TVS - Fisuras soldadura TVS,E3787R3,CNAII

2026-04-15T15:20:02.740Z,true,false,false,false,217L,Presencia de soldadura TVS - Fisuras soldadura TVS,E3787R3,CNAII

2026-04-15T15:20:10.785Z,true,false,false,false,218L,Presencia de soldadura TVS - Fisuras soldadura TVS,E3787R3,CNAII

2026-04-15T15:20:18.898Z,true,false,false,false,tesL,PURGA DE FOTO LATERAL,E3787R3,CNAII

2026-04-15T15:20:29.976Z,true,false,false,false,0T.1,Rectitud EC PP,E3787R3,CNAII

2026-04-15T15:20:34.014Z,true,false,false,false,0T.2,Rectitud EC PP,E3787R3,CNAII

2026-04-15T15:20:36.043Z,true,false,false,false,0T.3,Rectitud EC PP,E3787R3,CNAII

2026-04-15T15:20:37.059Z,true,false,false,false,14T.1,Rectitud EC PP,E3787R3,CNAII

2026-04-15T15:20:41.075Z,true,false,false,false,14T.2,Rectitud EC PP,E3787R3,CNAII

2026-04-15T15:20:42.088Z,true,false,false,false,14T.3,Rectitud EC PP,E3787R3,CNAII

2026-04-15T15:20:43.088Z,true,false,false,false,222L,Rectitud EC PP,E3787R3,CNAII

2026-04-15T15:20:48.133Z,true,false,false,false,223L,Rectitud EC PP,E3787R3,CNAII

2026-04-15T15:20:53.180Z,true,false,false,false,224L,Rectitud EC PP,E3787R3,CNAII

2026-04-15T15:20:57.217Z,true,false,false,false,225L,Rectitud EC PP,E3787R3,CNAII

2026-04-15T15:21:02.259Z,true,false,false,false,226L,Rectitud EC PP,E3787R3,CNAII

2026-04-15T15:21:07.307Z,true,false,false,false,227L,Rectitud EC PP,E3787R3,CNAII

2026-04-15T15:21:12.363Z,true,false,false,false,tesL,PURGA DE FOTO LATERAL,E3787R3,CNAII

2026-04-15T15:21:18.408Z,true,false,false,false,228L,PURGA DE FOTO LATERAL,E3787R3,CNAII

2026-04-15T15:21:30.537Z,true,false,false,false,229L,PURGA DE FOTO LATERAL,E3787R3,CNAII

2026-04-15T15:21:35.581Z,true,false,false,false,230L,PURGA DE FOTO LATERAL,E3787R3,CNAII

2026-04-15T15:21:39.610Z,true,false,false,false,231L,PURGA DE FOTO LATERAL,E3787R3,CNAII

2026-04-15T15:21:44.677Z,true,false,false,false,232L,PURGA DE FOTO LATERAL,E3787R3,CNAII

2026-04-15T15:21:49.753Z,true,false,false,false,233L,PURGA DE FOTO LATERAL,E3787R3,CNAII

2026-04-15T15:21:54.770Z,true,false,false,false,tesF,PURGA DE FOTO FRONTAL,E3787R3,CNAII

2026-04-15T15:21:59.787Z,true,false,false,false,240F,PURGA DE FOTO FRONTAL,E3787R3,CNAII

2026-04-15T15:22:02.821Z,true,false,false,false,241F,PURGA DE FOTO FRONTAL,E3787R3,CNAII

2026-04-15T15:22:06.867Z,true,false,false,false,242F,PURGA DE FOTO FRONTAL,E3787R3,CNAII

2026-04-15T15:22:07.875Z,true,false,false,false,tesF,PURGA DE FOTO FRONTAL,E3787R3,CNAII

2026-04-15T15:22:13.924Z,true,false,false,false,,,E3787R3,CNAII

2026-04-15T15:23:31.660Z,false,false,false,true,,,E3787R3,CNAII

2026-04-15T15:27:51.903Z,false,false,false,false,,,E3787R3,CNAII

2026-04-15T15:28:33.348Z,true,false,false,false,,,3787,CNAIIR4

2026-04-15T15:29:00.593Z,true,false,false,false,13T.1,Rectitud EC,3787,CNAIIR4

2026-04-15T15:29:18.768Z,true,false,false,false,13T.2,Rectitud EC,3787,CNAIIR4

2026-04-15T15:29:19.779Z,true,false,false,false,13T.3,Rectitud EC,3787,CNAIIR4

2026-04-15T15:29:21.784Z,true,false,false,false,AZ4-A,Rectitud EC,3787,CNAIIR4

2026-04-15T15:29:22.783Z,true,false,false,false,AZ4-B,Zapata tipo I/II 4,3787,CNAIIR4

2026-04-15T15:29:25.809Z,true,false,false,false,AZ3-A,Zapata tipo I/II 4,3787,CNAIIR4

2026-04-15T15:29:30.868Z,true,false,false,false,AZ3-B,Zapata tipo I/II 3,3787,CNAIIR4

2026-04-15T15:29:32.893Z,true,false,false,false,AZ2-B,Zapata tipo I/II 2,3787,CNAIIR4

2026-04-15T15:29:36.911Z,true,false,false,false,AZ12-A,Zapata tipo I/II 2,3787,CNAIIR4

2026-04-15T15:29:39.945Z,true,false,false,false,AZ1-B,Zapata tipo I/II 1,3787,CNAIIR4

2026-04-15T15:29:42.971Z,true,false,false,false,AZ6-B,Zapata tipo I/II 6,3787,CNAIIR4

2026-04-15T15:29:51.059Z,true,false,false,false,AZ56-A,Zapata tipo I/II 6,3787,CNAIIR4

2026-04-15T15:29:53.079Z,true,false,false,false,AZ5-B,Zapata tipo I/II 5,3787,CNAIIR4

2026-04-15T15:29:56.110Z,true,false,false,false,tesF,PURGA DE FOTO FRONTAL,3787,CNAIIR4

2026-04-15T15:29:58.121Z,true,false,false,false,1F,PURGA DE FOTO FRONTAL,3787,CNAIIR4

2026-04-15T15:30:01.168Z,true,false,false,false,2F,PURGA DE FOTO FRONTAL,3787,CNAIIR4

2026-04-15T15:30:05.178Z,true,false,false,false,3F,Distancia entre SE - Perpendicularidad SE,3787,CNAIIR4

2026-04-15T15:30:09.214Z,true,false,false,false,4F,Distancia entre SE - Perpendicularidad SE,3787,CNAIIR4

2026-04-15T15:30:13.261Z,true,false,false,false,5F,Distancia entre SE - Perpendicularidad SE,3787,CNAIIR4

2026-04-15T15:30:16.279Z,true,false,false,false,6F,Distancia entre SE - Perpendicularidad SE,3787,CNAIIR4

2026-04-15T15:30:19.306Z,true,false,false,false,7F,Distancia entre SE - Perpendicularidad SE,3787,CNAIIR4

2026-04-15T15:30:22.330Z,true,false,false,false,9F,Distancia entre SE - Perpendicularidad SE,3787,CNAIIR4

2026-04-15T15:30:27.379Z,true,false,false,false,10F,Distancia entre SE - Perpendicularidad SE,3787,CNAIIR4

2026-04-15T15:30:30.392Z,true,false,false,false,11F,Distancia entre SE - Perpendicularidad SE,3787,CNAIIR4

2026-04-15T15:30:33.418Z,true,false,false,false,12F,Distancia entre SE - Perpendicularidad SE,3787,CNAIIR4

2026-04-15T15:30:36.430Z,true,false,false,false,tesL,PURGA DE FOTO LATERAL,3787,CNAIIR4

2026-04-15T15:30:42.487Z,true,false,false,false,13L,PURGA DE FOTO LATERAL,3787,CNAIIR4

2026-04-15T15:30:44.501Z,true,false,false,false,14L,PURGA DE FOTO LATERAL,3787,CNAIIR4

2026-04-15T15:30:49.581Z,true,false,false,false,15L,PURGA DE FOTO LATERAL,3787,CNAIIR4

2026-04-15T15:30:53.590Z,true,false,false,false,16L,PURGA DE FOTO LATERAL,3787,CNAIIR4

2026-04-15T15:30:56.606Z,true,false,false,false,17L,PURGA DE FOTO LATERAL,3787,CNAIIR4

2026-04-15T15:31:02.678Z,true,false,false,false,18L,PURGA DE FOTO LATERAL,3787,CNAIIR4

2026-04-15T15:31:06.746Z,true,false,false,false,19L,PURGA DE FOTO LATERAL,3787,CNAIIR4

2026-04-15T15:31:10.756Z,true,false,false,false,12T.1,Rectitud EC,3787,CNAIIR4

2026-04-15T15:31:25.916Z,true,false,false,false,12T.2,Rectitud EC,3787,CNAIIR4

2026-04-15T15:31:26.918Z,true,false,false,false,12T.3,Rectitud EC,3787,CNAIIR4

2026-04-15T15:31:28.945Z,true,false,false,false,tesL,PURGA DE FOTO LATERAL,3787,CNAIIR4

2026-04-15T15:31:36.017Z,true,false,false,false,24L,PURGA DE FOTO LATERAL,3787,CNAIIR4

2026-04-15T15:31:39.034Z,true,false,false,false,25L,PURGA DE FOTO LATERAL,3787,CNAIIR4

2026-04-15T15:31:44.088Z,true,false,false,false,26L,PURGA DE FOTO LATERAL,3787,CNAIIR4

2026-04-15T15:31:50.128Z,true,false,false,false,27L,PURGA DE FOTO LATERAL,3787,CNAIIR4

2026-04-15T15:31:56.196Z,true,false,false,false,28L,PURGA DE FOTO LATERAL,3787,CNAIIR4

2026-04-15T15:32:02.261Z,true,false,false,false,tesF,PURGA DE FOTO FRONTAL,3787,CNAIIR4

2026-04-15T15:32:08.309Z,true,false,false,false,29F,Distancia entre SE - Perpendicularidad SE,3787,CNAIIR4

2026-04-15T15:32:11.323Z,true,false,false,false,30F,Distancia entre SE - Perpendicularidad SE,3787,CNAIIR4

2026-04-15T15:32:15.358Z,true,false,false,false,31F,Distancia entre SE - Perpendicularidad SE,3787,CNAIIR4

2026-04-15T15:32:19.388Z,true,false,false,false,32F,Distancia entre SE - Perpendicularidad SE,3787,CNAIIR4

2026-04-15T15:32:23.410Z,true,false,false,false,33F,Distancia entre SE - Perpendicularidad SE,3787,CNAIIR4

2026-04-15T15:32:27.462Z,true,false,false,false,34F,Distancia entre SE - Perpendicularidad SE,3787,CNAIIR4

2026-04-15T15:32:31.477Z,true,false,false,false,36F,Distancia entre SE - Perpendicularidad SE,3787,CNAIIR4

2026-04-15T15:32:35.516Z,true,false,false,false,37F,Distancia entre SE - Perpendicularidad SE,3787,CNAIIR4

2026-04-15T15:32:39.535Z,true,false,false,false,38F,Distancia entre SE - Perpendicularidad SE,3787,CNAIIR4

2026-04-15T15:32:42.577Z,true,false,false,false,11T.1,Rectitud EC,3787,CNAIIR4

2026-04-15T15:32:48.608Z,true,false,false,false,11T.2,Rectitud EC,3787,CNAIIR4

2026-04-15T15:32:50.624Z,true,false,false,false,11T.3,Rectitud EC,3787,CNAIIR4

2026-04-15T15:32:51.629Z,true,false,false,false,tesL,PURGA DE FOTO LATERAL,3787,CNAIIR4

2026-04-15T15:32:58.748Z,true,false,false,false,39L,PURGA DE FOTO LATERAL,3787,CNAIIR4

2026-04-15T15:33:01.750Z,true,false,false,false,40L,PURGA DE FOTO LATERAL,3787,CNAIIR4

2026-04-15T15:33:06.775Z,true,false,false,false,41L,PURGA DE FOTO LATERAL,3787,CNAIIR4

2026-04-15T15:33:12.833Z,true,false,false,false,42L,PURGA DE FOTO LATERAL,3787,CNAIIR4

2026-04-15T15:33:18.899Z,true,false,false,false,43L,PURGA DE FOTO LATERAL,3787,CNAIIR4

2026-04-15T15:33:24.962Z,true,false,false,false,tesF,PURGA DE FOTO FRONTAL,3787,CNAIIR4

2026-04-15T15:33:31.019Z,true,false,false,false,44F,Distancia entre SE - Perpendicularidad SE,3787,CNAIIR4

2026-04-15T15:33:35.054Z,true,false,false,false,45F,Distancia entre SE - Perpendicularidad SE,3787,CNAIIR4

2026-04-15T15:33:39.080Z,true,false,false,false,46F,Distancia entre SE - Perpendicularidad SE,3787,CNAIIR4

2026-04-15T15:33:43.137Z,true,false,false,false,47F,Distancia entre SE - Perpendicularidad SE,3787,CNAIIR4

2026-04-15T15:33:46.169Z,true,false,false,false,48F,Distancia entre SE - Perpendicularidad SE,3787,CNAIIR4

2026-04-15T15:33:51.216Z,true,false,false,false,49F,Distancia entre SE - Perpendicularidad SE,3787,CNAIIR4

2026-04-15T15:33:54.274Z,true,false,false,false,51F,Distancia entre SE - Perpendicularidad SE,3787,CNAIIR4

2026-04-15T15:33:59.295Z,true,false,false,false,52F,Distancia entre SE - Perpendicularidad SE,3787,CNAIIR4

2026-04-15T15:34:00.291Z,true,false,false,false,53F,Distancia entre SE - Perpendicularidad SE,3787,CNAIIR4

2026-04-15T15:34:01.295Z,true,false,false,false,10T.1,Rectitud EC,3787,CNAIIR4

2026-04-15T15:34:02.301Z,true,false,false,false,10T.3,Rectitud EC,3787,CNAIIR4

2026-04-15T15:34:03.312Z,true,false,false,false,tesL,PURGA DE FOTO LATERAL,3787,CNAIIR4

2026-04-15T15:34:04.323Z,true,false,false,false,54L,PURGA DE FOTO LATERAL,3787,CNAIIR4

2026-04-15T15:34:05.335Z,true,false,false,false,55L,PURGA DE FOTO LATERAL,3787,CNAIIR4

2026-04-15T15:34:06.345Z,true,false,false,false,57L,PURGA DE FOTO LATERAL,3787,CNAIIR4

2026-04-15T15:34:07.340Z,true,false,false,false,59F,Distancia entre SE - Perpendicularidad SE,3787,CNAIIR4

2026-04-15T15:34:08.342Z,true,false,false,false,62F,Distancia entre SE - Perpendicularidad SE,3787,CNAIIR4

2026-04-15T15:34:09.347Z,true,false,false,false,64F,Distancia entre SE - Perpendicularidad SE,3787,CNAIIR4

2026-04-15T15:34:10.368Z,true,false,false,false,67F,Distancia entre SE - Perpendicularidad SE,3787,CNAIIR4

2026-04-15T15:34:11.395Z,true,false,false,false,9T.1,Rectitud EC,3787,CNAIIR4

2026-04-15T15:34:12.381Z,true,false,false,false,tesL,PURGA DE FOTO LATERAL,3787,CNAIIR4

2026-04-15T15:34:13.367Z,true,false,false,false,69L,PURGA DE FOTO LATERAL,3787,CNAIIR4

2026-04-15T15:34:17.401Z,true,false,false,false,71L,PURGA DE FOTO LATERAL,3787,CNAIIR4

2026-04-15T15:34:18.389Z,true,false,false,false,73L,PURGA DE FOTO LATERAL,3787,CNAIIR4

2026-04-15T15:34:19.413Z,true,false,false,false,74F,Distancia entre SE - Perpendicularidad SE,3787,CNAIIR4

2026-04-15T15:34:20.409Z,true,false,false,false,77F,Distancia entre SE - Perpendicularidad SE,3787,CNAIIR4

2026-04-15T15:34:21.409Z,true,false,false,false,79F,Distancia entre SE - Perpendicularidad SE,3787,CNAIIR4

2026-04-15T15:34:22.424Z,true,false,false,false,82F,Distancia entre SE - Perpendicularidad SE,3787,CNAIIR4

2026-04-15T15:34:23.433Z,true,false,false,false,8T.1,Rectitud EC,3787,CNAIIR4

2026-04-15T15:34:24.436Z,true,false,false,false,8T.3,Rectitud EC,3787,CNAIIR4

2026-04-15T15:34:25.433Z,true,false,false,false,84L,PURGA DE FOTO LATERAL,3787,CNAIIR4

2026-04-15T15:34:26.452Z,true,false,false,false,86L,PURGA DE FOTO LATERAL,3787,CNAIIR4

2026-04-15T15:34:27.464Z,true,false,false,false,87L,PURGA DE FOTO LATERAL,3787,CNAIIR4

2026-04-15T15:34:29.464Z,true,false,false,false,tesF,PURGA DE FOTO FRONTAL,3787,CNAIIR4

2026-04-15T15:34:30.492Z,true,false,false,false,91F,Distancia entre SE - Perpendicularidad SE,3787,CNAIIR4

2026-04-15T15:34:31.484Z,true,false,false,false,93F,Distancia entre SE - Perpendicularidad SE,3787,CNAIIR4

2026-04-15T15:34:32.489Z,true,false,false,false,97F,Distancia entre SE - Perpendicularidad SE,3787,CNAIIR4

2026-04-15T15:34:33.499Z,true,false,false,false,7T.1,Rectitud EC,3787,CNAIIR4

2026-04-15T15:34:34.498Z,true,false,false,false,7T.3,Rectitud EC,3787,CNAIIR4

2026-04-15T15:34:37.521Z,true,false,false,false,99L,PURGA DE FOTO LATERAL,3787,CNAIIR4

2026-04-15T15:34:38.534Z,true,false,false,false,102L,PURGA DE FOTO LATERAL,3787,CNAIIR4

2026-04-15T15:34:39.534Z,true,false,false,false,tesF,PURGA DE FOTO FRONTAL,3787,CNAIIR4

2026-04-15T15:34:40.546Z,true,false,false,false,106F,Distancia entre SE - Perpendicularidad SE,3787,CNAIIR4

2026-04-15T15:34:41.551Z,true,false,false,false,108F,Distancia entre SE - Perpendicularidad SE,3787,CNAIIR4

2026-04-15T15:34:42.569Z,true,false,false,false,109F,Distancia entre SE - Perpendicularidad SE,3787,CNAIIR4

2026-04-15T15:34:44.567Z,true,false,false,false,111F,Distancia entre SE - Perpendicularidad SE,3787,CNAIIR4

2026-04-15T15:34:45.579Z,true,false,false,false,112F,Distancia entre SE - Perpendicularidad SE,3787,CNAIIR4

2026-04-15T15:34:46.566Z,true,false,false,false,113F,Distancia entre SE - Perpendicularidad SE,3787,CNAIIR4

2026-04-15T15:34:47.586Z,true,false,false,false,6T.2,Rectitud EC,3787,CNAIIR4

2026-04-15T15:34:49.584Z,true,false,false,false,6T.3,Rectitud EC,3787,CNAIIR4

2026-04-15T15:34:54.651Z,true,false,false,false,114L,PURGA DE FOTO LATERAL,3787,CNAIIR4

2026-04-15T15:34:55.649Z,true,false,false,false,116L,PURGA DE FOTO LATERAL,3787,CNAIIR4

2026-04-15T15:34:56.663Z,true,false,false,false,tesF,PURGA DE FOTO FRONTAL,3787,CNAIIR4

2026-04-15T15:34:57.661Z,true,false,false,false,120F,Distancia entre SE - Perpendicularidad SE,3787,CNAIIR4

2026-04-15T15:34:58.663Z,true,false,false,false,122F,Distancia entre SE - Perpendicularidad SE,3787,CNAIIR4

2026-04-15T15:34:59.674Z,true,false,false,false,124F,Distancia entre SE - Perpendicularidad SE,3787,CNAIIR4

2026-04-15T15:35:00.664Z,true,false,false,false,127F,Distancia entre SE - Perpendicularidad SE,3787,CNAIIR4

2026-04-15T15:35:01.666Z,true,false,false,false,5T.2,Rectitud EC,3787,CNAIIR4

2026-04-15T15:35:02.686Z,true,false,false,false,tesL,PURGA DE FOTO LATERAL,3787,CNAIIR4

2026-04-15T15:35:03.675Z,true,false,false,false,130L,PURGA DE FOTO LATERAL,3787,CNAIIR4

2026-04-15T15:35:04.685Z,true,false,false,false,132L,PURGA DE FOTO LATERAL,3787,CNAIIR4

2026-04-15T15:35:05.679Z,true,false,false,false,tesF,PURGA DE FOTO FRONTAL,3787,CNAIIR4

2026-04-15T15:35:06.759Z,true,false,false,false,136F,Distancia entre SE - Perpendicularidad SE,3787,CNAIIR4

2026-04-15T15:35:07.764Z,true,false,false,false,138F,Distancia entre SE - Perpendicularidad SE,3787,CNAIIR4

2026-04-15T15:35:08.769Z,true,false,false,false,141F,Distancia entre SE - Perpendicularidad SE,3787,CNAIIR4

2026-04-15T15:35:09.765Z,true,false,false,false,4T.1,Rectitud EC,3787,CNAIIR4

2026-04-15T15:35:10.749Z,true,false,false,false,4T.3,Rectitud EC,3787,CNAIIR4

2026-04-15T15:35:11.758Z,true,false,false,false,144L,PURGA DE FOTO LATERAL,3787,CNAIIR4

2026-04-15T15:35:12.762Z,true,false,false,false,146L,PURGA DE FOTO LATERAL,3787,CNAIIR4

2026-04-15T15:35:13.749Z,true,false,false,false,148L,PURGA DE FOTO LATERAL,3787,CNAIIR4

2026-04-15T15:35:14.767Z,true,false,false,false,149F,Distancia entre SE - Perpendicularidad SE,3787,CNAIIR4

2026-04-15T15:35:15.758Z,true,false,false,false,152F,Distancia entre SE - Perpendicularidad SE,3787,CNAIIR4

2026-04-15T15:35:16.770Z,true,false,false,false,154F,Distancia entre SE - Perpendicularidad SE,3787,CNAIIR4

2026-04-15T15:35:17.755Z,true,false,false,false,157F,Distancia entre SE - Perpendicularidad SE,3787,CNAIIR4

2026-04-15T15:35:18.754Z,true,false,false,false,3T.1,Rectitud EC,3787,CNAIIR4

2026-04-15T15:35:25.791Z,true,false,false,false,3T.2,Rectitud EC,3787,CNAIIR4

2026-04-15T15:35:26.815Z,true,false,false,false,3T.3,Rectitud EC,3787,CNAIIR4

2026-04-15T15:35:27.835Z,true,false,false,false,159L,PURGA DE FOTO LATERAL,3787,CNAIIR4

2026-04-15T15:35:28.806Z,true,false,false,false,161L,PURGA DE FOTO LATERAL,3787,CNAIIR4

2026-04-15T15:35:29.835Z,true,false,false,false,163L,PURGA DE FOTO LATERAL,3787,CNAIIR4

2026-04-15T15:35:30.831Z,true,false,false,false,165F,Distancia entre SE - Perpendicularidad SE,3787,CNAIIR4

2026-04-15T15:35:31.820Z,true,false,false,false,166F,Distancia entre SE - Perpendicularidad SE,3787,CNAIIR4

2026-04-15T15:35:32.853Z,true,false,false,false,168F,Distancia entre SE - Perpendicularidad SE,3787,CNAIIR4

2026-04-15T15:35:33.835Z,true,false,false,false,169F,Distancia entre SE - Perpendicularidad SE,3787,CNAIIR4

2026-04-15T15:35:34.842Z,true,false,false,false,171F,Distancia entre SE - Perpendicularidad SE,3787,CNAIIR4

2026-04-15T15:35:35.860Z,true,false,false,false,173F,Distancia entre SE - Perpendicularidad SE,3787,CNAIIR4

2026-04-15T15:35:37.878Z,true,false,false,false,2T.1,Rectitud EC,3787,CNAIIR4

2026-04-15T15:35:41.901Z,true,false,false,false,2T.2,Rectitud EC,3787,CNAIIR4

2026-04-15T15:35:42.915Z,true,false,false,false,tesL,PURGA DE FOTO LATERAL,3787,CNAIIR4

2026-04-15T15:35:43.921Z,true,false,false,false,174L,PURGA DE FOTO LATERAL,3787,CNAIIR4

2026-04-15T15:35:44.923Z,true,false,false,false,176L,PURGA DE FOTO LATERAL,3787,CNAIIR4

2026-04-15T15:35:45.929Z,true,false,false,false,177L,PURGA DE FOTO LATERAL,3787,CNAIIR4

2026-04-15T15:35:46.948Z,true,false,false,false,178L,PURGA DE FOTO LATERAL,3787,CNAIIR4

2026-04-15T15:35:47.959Z,true,false,false,false,179F,Distancia entre SE - Perpendicularidad SE,3787,CNAIIR4

2026-04-15T15:35:48.972Z,true,false,false,false,181F,Distancia entre SE - Perpendicularidad SE,3787,CNAIIR4

2026-04-15T15:35:49.963Z,true,false,false,false,182F,Distancia entre SE - Perpendicularidad SE,3787,CNAIIR4

2026-04-15T15:35:51.980Z,true,false,false,false,183F,Distancia entre SE - Perpendicularidad SE,3787,CNAIIR4

2026-04-15T15:35:53.973Z,true,false,false,false,184F,Distancia entre SE - Perpendicularidad SE,3787,CNAIIR4

2026-04-15T15:35:54.978Z,true,false,false,false,187F,Distancia entre SE - Perpendicularidad SE,3787,CNAIIR4

2026-04-15T15:35:55.982Z,true,false,false,false,1T.2,Rectitud EC,3787,CNAIIR4

2026-04-15T15:35:56.996Z,true,false,false,false,tesL,PURGA DE FOTO LATERAL,3787,CNAIIR4

2026-04-15T15:36:04.065Z,true,false,false,false,189L,PURGA DE FOTO LATERAL,3787,CNAIIR4

2026-04-15T15:36:07.073Z,true,false,false,false,190L,PURGA DE FOTO LATERAL,3787,CNAIIR4

2026-04-15T15:36:12.109Z,true,false,false,false,191L,PURGA DE FOTO LATERAL,3787,CNAIIR4

2026-04-15T15:36:18.169Z,true,false,false,false,192L,PURGA DE FOTO LATERAL,3787,CNAIIR4

2026-04-15T15:36:24.207Z,true,false,false,false,193L,PURGA DE FOTO LATERAL,3787,CNAIIR4

2026-04-15T15:36:30.268Z,true,false,false,false,tesF,PURGA DE FOTO FRONTAL,3787,CNAIIR4

2026-04-15T15:36:36.320Z,true,false,false,false,194F,Distancia entre SE - Perpendicularidad SE,3787,CNAIIR4

2026-04-15T15:36:39.370Z,true,false,false,false,195F,Distancia entre SE - Perpendicularidad SE,3787,CNAIIR4

2026-04-15T15:36:44.373Z,true,false,false,false,196F,Distancia entre SE - Perpendicularidad SE,3787,CNAIIR4

2026-04-15T15:36:48.395Z,true,false,false,false,197F,Distancia entre SE - Perpendicularidad SE,3787,CNAIIR4

2026-04-15T15:36:51.422Z,true,false,false,false,198F,Distancia entre SE - Perpendicularidad SE,3787,CNAIIR4

2026-04-15T15:36:56.470Z,true,false,false,false,199F,Distancia entre SE - Perpendicularidad SE,3787,CNAIIR4

2026-04-15T15:36:59.483Z,true,false,false,false,201F,Distancia entre SE - Perpendicularidad SE,3787,CNAIIR4

2026-04-15T15:37:04.531Z,true,false,false,false,202F,Distancia entre SE - Perpendicularidad SE,3787,CNAIIR4

2026-04-15T15:37:07.574Z,true,false,false,false,203F,Distancia entre SE - Perpendicularidad SE,3787,CNAIIR4

2026-04-15T15:37:10.581Z,true,false,false,false,001F,Distancia entre SE y PP,3787,CNAIIR4

2026-04-15T15:37:16.620Z,true,false,false,false,210F,Distancia entre SE y PP,3787,CNAIIR4

2026-04-15T15:37:19.657Z,true,false,false,false,002F,Distancia entre SE y PP,3787,CNAIIR4

2026-04-15T15:37:26.759Z,true,false,false,false,211F,Distancia entre SE y PP,3787,CNAIIR4

2026-04-15T15:37:33.801Z,true,false,false,false,003F,Distancia entre SE y PP,3787,CNAIIR4

2026-04-15T15:37:39.810Z,true,false,false,false,tesL,PURGA DE FOTO LATERAL,3787,CNAIIR4

2026-04-15T15:37:45.885Z,true,false,false,false,212L,PURGA DE FOTO LATERAL,3787,CNAIIR4

2026-04-15T15:37:47.880Z,true,false,false,false,213L,PURGA DE FOTO LATERAL,3787,CNAIIR4

2026-04-15T15:37:55.972Z,true,false,false,false,214L,PURGA DE FOTO LATERAL,3787,CNAIIR4

2026-04-15T15:38:04.065Z,true,false,false,false,tesL,PURGA DE FOTO LATERAL,3787,CNAIIR4

2026-04-15T15:38:13.166Z,true,false,false,false,216L,Presencia de soldadura TVS - Fisuras soldadura TVS,3787,CNAIIR4

2026-04-15T15:38:18.222Z,true,false,false,false,217L,Presencia de soldadura TVS - Fisuras soldadura TVS,3787,CNAIIR4

2026-04-15T15:38:26.295Z,true,false,false,false,218L,Presencia de soldadura TVS - Fisuras soldadura TVS,3787,CNAIIR4

2026-04-15T15:38:34.371Z,true,false,false,false,tesL,PURGA DE FOTO LATERAL,3787,CNAIIR4

2026-04-15T15:38:45.464Z,true,false,false,false,0T.1,Rectitud EC PP,3787,CNAIIR4

2026-04-15T15:38:49.505Z,true,false,false,false,0T.2,Rectitud EC PP,3787,CNAIIR4

2026-04-15T15:38:51.521Z,true,false,false,false,0T.3,Rectitud EC PP,3787,CNAIIR4

2026-04-15T15:38:52.529Z,true,false,false,false,14T.1,Rectitud EC PP,3787,CNAIIR4

2026-04-15T15:38:56.579Z,true,false,false,false,14T.2,Rectitud EC PP,3787,CNAIIR4

2026-04-15T15:38:57.577Z,true,false,false,false,14T.3,Rectitud EC PP,3787,CNAIIR4

2026-04-15T15:38:59.585Z,true,false,false,false,222L,Rectitud EC PP,3787,CNAIIR4

2026-04-15T15:39:03.595Z,true,false,false,false,223L,Rectitud EC PP,3787,CNAIIR4

2026-04-15T15:39:08.639Z,true,false,false,false,224L,Rectitud EC PP,3787,CNAIIR4

2026-04-15T15:39:13.665Z,true,false,false,false,225L,Rectitud EC PP,3787,CNAIIR4

2026-04-15T15:39:17.759Z,true,false,false,false,226L,Rectitud EC PP,3787,CNAIIR4

2026-04-15T15:39:22.755Z,true,false,false,false,227L,Rectitud EC PP,3787,CNAIIR4

2026-04-15T15:39:27.807Z,true,false,false,false,tesL,PURGA DE FOTO LATERAL,3787,CNAIIR4

2026-04-15T15:39:34.873Z,true,false,false,false,228L,PURGA DE FOTO LATERAL,3787,CNAIIR4

2026-04-15T15:39:45.952Z,true,false,false,false,229L,PURGA DE FOTO LATERAL,3787,CNAIIR4

2026-04-15T15:39:50.992Z,true,false,false,false,230L,PURGA DE FOTO LATERAL,3787,CNAIIR4

2026-04-15T15:39:56.038Z,true,false,false,false,231L,PURGA DE FOTO LATERAL,3787,CNAIIR4

2026-04-15T15:40:00.079Z,true,false,false,false,232L,PURGA DE FOTO LATERAL,3787,CNAIIR4

2026-04-15T15:40:05.125Z,true,false,false,false,233L,PURGA DE FOTO LATERAL,3787,CNAIIR4

2026-04-15T15:40:10.162Z,true,false,false,false,tesF,PURGA DE FOTO FRONTAL,3787,CNAIIR4

2026-04-15T15:40:15.179Z,true,false,false,false,240F,PURGA DE FOTO FRONTAL,3787,CNAIIR4

2026-04-15T15:40:18.217Z,true,false,false,false,241F,PURGA DE FOTO FRONTAL,3787,CNAIIR4

2026-04-15T15:40:22.266Z,true,false,false,false,242F,PURGA DE FOTO FRONTAL,3787,CNAIIR4

2026-04-15T15:40:23.273Z,true,false,false,false,tesF,PURGA DE FOTO FRONTAL,3787,CNAIIR4

2026-04-15T15:40:29.293Z,true,false,false,false,,,3787,CNAIIR4

2026-04-15T15:41:47.011Z,false,false,false,true,,,3787,CNAIIR4

2026-04-15T15:42:50.578Z,false,false,false,false,,,3787,CNAIIR4

2026-04-15T17:06:20.234Z,true,false,false,false,,,E3789,CNAII

2026-04-15T17:06:46.496Z,true,false,false,false,13T.1,Rectitud EC,E3789,CNAII

2026-04-15T17:07:04.689Z,true,false,false,false,13T.2,Rectitud EC,E3789,CNAII

2026-04-15T17:07:06.707Z,true,false,false,false,13T.3,Rectitud EC,E3789,CNAII

2026-04-15T17:07:08.723Z,true,false,false,false,AZ4-A,Rectitud EC,E3789,CNAII

2026-04-15T17:07:09.738Z,true,false,false,false,AZ4-B,Zapata tipo I/II 4,E3789,CNAII

2026-04-15T17:07:12.751Z,true,false,false,false,AZ3-A,Zapata tipo I/II 4,E3789,CNAII

2026-04-15T17:07:17.789Z,true,false,false,false,AZ3-B,Zapata tipo I/II 3,E3789,CNAII

2026-04-15T17:07:19.807Z,true,false,false,false,AZ2-B,Zapata tipo I/II 2,E3789,CNAII

2026-04-15T17:07:23.837Z,true,false,false,false,AZ12-A,Zapata tipo I/II 2,E3789,CNAII

2026-04-15T17:07:26.854Z,true,false,false,false,AZ1-B,Zapata tipo I/II 1,E3789,CNAII

2026-04-15T17:07:28.896Z,true,false,false,false,AZ6-B,Zapata tipo I/II 6,E3789,CNAII

2026-04-15T17:07:36.981Z,true,false,false,false,AZ56-A,Zapata tipo I/II 6,E3789,CNAII

2026-04-15T17:07:39.984Z,true,false,false,false,AZ5-B,Zapata tipo I/II 5,E3789,CNAII

2026-04-15T17:07:43.008Z,true,false,false,false,tesF,PURGA DE FOTO FRONTAL,E3789,CNAII

2026-04-15T17:07:45.005Z,true,false,false,false,1F,PURGA DE FOTO FRONTAL,E3789,CNAII

2026-04-15T17:07:48.011Z,true,false,false,false,2F,PURGA DE FOTO FRONTAL,E3789,CNAII

2026-04-15T17:07:52.060Z,true,false,false,false,3F,Distancia entre SE - Perpendicularidad SE,E3789,CNAII

2026-04-15T17:07:56.121Z,true,false,false,false,4F,Distancia entre SE - Perpendicularidad SE,E3789,CNAII

2026-04-15T17:08:00.137Z,true,false,false,false,5F,Distancia entre SE - Perpendicularidad SE,E3789,CNAII

2026-04-15T17:08:03.168Z,true,false,false,false,6F,Distancia entre SE - Perpendicularidad SE,E3789,CNAII

2026-04-15T17:08:05.201Z,true,false,false,false,7F,Distancia entre SE - Perpendicularidad SE,E3789,CNAII

2026-04-15T17:08:09.217Z,true,false,false,false,9F,Distancia entre SE - Perpendicularidad SE,E3789,CNAII

2026-04-15T17:08:13.249Z,true,false,false,false,10F,Distancia entre SE - Perpendicularidad SE,E3789,CNAII

2026-04-15T17:08:17.291Z,true,false,false,false,11F,Distancia entre SE - Perpendicularidad SE,E3789,CNAII

2026-04-15T17:08:20.303Z,true,false,false,false,12F,Distancia entre SE - Perpendicularidad SE,E3789,CNAII

2026-04-15T17:08:23.334Z,true,false,false,false,tesL,PURGA DE FOTO LATERAL,E3789,CNAII

2026-04-15T17:08:29.392Z,true,false,false,false,13L,PURGA DE FOTO LATERAL,E3789,CNAII

2026-04-15T17:08:30.419Z,true,false,false,false,14L,PURGA DE FOTO LATERAL,E3789,CNAII

2026-04-15T17:08:35.434Z,true,false,false,false,15L,PURGA DE FOTO LATERAL,E3789,CNAII

2026-04-15T17:08:39.463Z,true,false,false,false,16L,PURGA DE FOTO LATERAL,E3789,CNAII

2026-04-15T17:08:43.505Z,true,false,false,false,17L,PURGA DE FOTO LATERAL,E3789,CNAII

2026-04-15T17:08:49.551Z,true,false,false,false,18L,PURGA DE FOTO LATERAL,E3789,CNAII

2026-04-15T17:08:53.591Z,true,false,false,false,19L,PURGA DE FOTO LATERAL,E3789,CNAII

2026-04-15T17:08:56.616Z,true,false,false,false,12T.1,Rectitud EC,E3789,CNAII

2026-04-15T17:09:11.746Z,true,false,false,false,12T.2,Rectitud EC,E3789,CNAII

2026-04-15T17:09:13.792Z,true,false,false,false,12T.3,Rectitud EC,E3789,CNAII

2026-04-15T17:09:14.791Z,true,false,false,false,tesL,PURGA DE FOTO LATERAL,E3789,CNAII

2026-04-15T17:09:21.850Z,true,false,false,false,24L,PURGA DE FOTO LATERAL,E3789,CNAII

2026-04-15T17:09:24.868Z,true,false,false,false,25L,PURGA DE FOTO LATERAL,E3789,CNAII

2026-04-15T17:09:29.975Z,true,false,false,false,26L,PURGA DE FOTO LATERAL,E3789,CNAII

2026-04-15T17:09:35.982Z,true,false,false,false,27L,PURGA DE FOTO LATERAL,E3789,CNAII

2026-04-15T17:09:42.020Z,true,false,false,false,28L,PURGA DE FOTO LATERAL,E3789,CNAII

2026-04-15T17:09:48.099Z,true,false,false,false,tesF,PURGA DE FOTO FRONTAL,E3789,CNAII

2026-04-15T17:09:54.150Z,true,false,false,false,29F,Distancia entre SE - Perpendicularidad SE,E3789,CNAII

2026-04-15T17:09:57.189Z,true,false,false,false,30F,Distancia entre SE - Perpendicularidad SE,E3789,CNAII

2026-04-15T17:10:01.209Z,true,false,false,false,31F,Distancia entre SE - Perpendicularidad SE,E3789,CNAII

2026-04-15T17:10:05.245Z,true,false,false,false,32F,Distancia entre SE - Perpendicularidad SE,E3789,CNAII

2026-04-15T17:10:09.259Z,true,false,false,false,33F,Distancia entre SE - Perpendicularidad SE,E3789,CNAII

2026-04-15T17:10:13.299Z,true,false,false,false,34F,Distancia entre SE - Perpendicularidad SE,E3789,CNAII

2026-04-15T17:10:16.313Z,true,false,false,false,36F,Distancia entre SE - Perpendicularidad SE,E3789,CNAII

2026-04-15T17:10:21.342Z,true,false,false,false,37F,Distancia entre SE - Perpendicularidad SE,E3789,CNAII

2026-04-15T17:10:24.370Z,true,false,false,false,38F,Distancia entre SE - Perpendicularidad SE,E3789,CNAII

2026-04-15T17:10:27.392Z,true,false,false,false,11T.1,Rectitud EC,E3789,CNAII

2026-04-15T17:10:34.446Z,true,false,false,false,11T.2,Rectitud EC,E3789,CNAII

2026-04-15T17:10:35.462Z,true,false,false,false,11T.3,Rectitud EC,E3789,CNAII

2026-04-15T17:10:37.488Z,true,false,false,false,tesL,PURGA DE FOTO LATERAL,E3789,CNAII

2026-04-15T17:10:43.517Z,true,false,false,false,39L,PURGA DE FOTO LATERAL,E3789,CNAII

2026-04-15T17:10:46.540Z,true,false,false,false,40L,PURGA DE FOTO LATERAL,E3789,CNAII

2026-04-15T17:10:51.589Z,true,false,false,false,41L,PURGA DE FOTO LATERAL,E3789,CNAII

2026-04-15T17:10:57.650Z,true,false,false,false,42L,PURGA DE FOTO LATERAL,E3789,CNAII

2026-04-15T17:11:03.712Z,true,false,false,false,43L,PURGA DE FOTO LATERAL,E3789,CNAII

2026-04-15T17:11:09.768Z,true,false,false,false,tesF,PURGA DE FOTO FRONTAL,E3789,CNAII

2026-04-15T17:11:15.787Z,true,false,false,false,44F,Distancia entre SE - Perpendicularidad SE,E3789,CNAII

2026-04-15T17:11:19.816Z,true,false,false,false,45F,Distancia entre SE - Perpendicularidad SE,E3789,CNAII

2026-04-15T17:11:23.849Z,true,false,false,false,46F,Distancia entre SE - Perpendicularidad SE,E3789,CNAII

2026-04-15T17:11:27.891Z,true,false,false,false,47F,Distancia entre SE - Perpendicularidad SE,E3789,CNAII

2026-04-15T17:11:30.979Z,true,false,false,false,48F,Distancia entre SE - Perpendicularidad SE,E3789,CNAII

2026-04-15T17:11:35.989Z,true,false,false,false,49F,Distancia entre SE - Perpendicularidad SE,E3789,CNAII

2026-04-15T17:11:38.994Z,true,false,false,false,51F,Distancia entre SE - Perpendicularidad SE,E3789,CNAII

2026-04-15T17:11:44.036Z,true,false,false,false,52F,Distancia entre SE - Perpendicularidad SE,E3789,CNAII

2026-04-15T17:11:47.061Z,true,false,false,false,53F,Distancia entre SE - Perpendicularidad SE,E3789,CNAII

2026-04-15T17:11:50.095Z,true,false,false,false,10T.1,Rectitud EC,E3789,CNAII

2026-04-15T17:11:57.154Z,true,false,false,false,10T.2,Rectitud EC,E3789,CNAII

2026-04-15T17:11:59.196Z,true,false,false,false,10T.3,Rectitud EC,E3789,CNAII

2026-04-15T17:12:00.194Z,true,false,false,false,tesL,PURGA DE FOTO LATERAL,E3789,CNAII

2026-04-15T17:12:07.286Z,true,false,false,false,54L,PURGA DE FOTO LATERAL,E3789,CNAII

2026-04-15T17:12:10.310Z,true,false,false,false,55L,PURGA DE FOTO LATERAL,E3789,CNAII

2026-04-15T17:12:15.351Z,true,false,false,false,56L,PURGA DE FOTO LATERAL,E3789,CNAII

2026-04-15T17:12:21.406Z,true,false,false,false,57L,PURGA DE FOTO LATERAL,E3789,CNAII

2026-04-15T17:12:27.453Z,true,false,false,false,58L,PURGA DE FOTO LATERAL,E3789,CNAII

2026-04-15T17:12:33.507Z,true,false,false,false,tesF,PURGA DE FOTO FRONTAL,E3789,CNAII

2026-04-15T17:12:39.557Z,true,false,false,false,59F,Distancia entre SE - Perpendicularidad SE,E3789,CNAII

2026-04-15T17:12:42.603Z,true,false,false,false,60F,Distancia entre SE - Perpendicularidad SE,E3789,CNAII

2026-04-15T17:12:46.622Z,true,false,false,false,61F,Distancia entre SE - Perpendicularidad SE,E3789,CNAII

2026-04-15T17:12:50.656Z,true,false,false,false,62F,Distancia entre SE - Perpendicularidad SE,E3789,CNAII

2026-04-15T17:12:54.698Z,true,false,false,false,63F,Distancia entre SE - Perpendicularidad SE,E3789,CNAII

2026-04-15T17:12:58.716Z,true,false,false,false,64F,Distancia entre SE - Perpendicularidad SE,E3789,CNAII

2026-04-15T17:13:01.750Z,true,false,false,false,66F,Distancia entre SE - Perpendicularidad SE,E3789,CNAII

2026-04-15T17:13:06.792Z,true,false,false,false,67F,Distancia entre SE - Perpendicularidad SE,E3789,CNAII

2026-04-15T17:13:09.818Z,true,false,false,false,68F,Distancia entre SE - Perpendicularidad SE,E3789,CNAII

2026-04-15T17:13:12.834Z,true,false,false,false,9T.1,Rectitud EC,E3789,CNAII

2026-04-15T17:13:20.975Z,true,false,false,false,9T.2,Rectitud EC,E3789,CNAII

2026-04-15T17:13:22.973Z,true,false,false,false,9T.3,Rectitud EC,E3789,CNAII

2026-04-15T17:13:23.984Z,true,false,false,false,tesL,PURGA DE FOTO LATERAL,E3789,CNAII

2026-04-15T17:13:30.037Z,true,false,false,false,69L,PURGA DE FOTO LATERAL,E3789,CNAII

2026-04-15T17:13:34.087Z,true,false,false,false,70L,PURGA DE FOTO LATERAL,E3789,CNAII

2026-04-15T17:13:39.121Z,true,false,false,false,71L,PURGA DE FOTO LATERAL,E3789,CNAII

2026-04-15T17:13:44.201Z,true,false,false,false,72L,PURGA DE FOTO LATERAL,E3789,CNAII

2026-04-15T17:13:50.234Z,true,false,false,false,73L,PURGA DE FOTO LATERAL,E3789,CNAII

2026-04-15T17:13:56.301Z,true,false,false,false,tesF,PURGA DE FOTO FRONTAL,E3789,CNAII

2026-04-15T17:14:03.339Z,true,false,false,false,74F,Distancia entre SE - Perpendicularidad SE,E3789,CNAII

2026-04-15T17:14:06.371Z,true,false,false,false,75F,Distancia entre SE - Perpendicularidad SE,E3789,CNAII

2026-04-15T17:14:10.412Z,true,false,false,false,76F,Distancia entre SE - Perpendicularidad SE,E3789,CNAII

2026-04-15T17:14:14.441Z,true,false,false,false,77F,Distancia entre SE - Perpendicularidad SE,E3789,CNAII

2026-04-15T17:14:18.495Z,true,false,false,false,78F,Distancia entre SE - Perpendicularidad SE,E3789,CNAII

2026-04-15T17:14:22.516Z,true,false,false,false,79F,Distancia entre SE - Perpendicularidad SE,E3789,CNAII

2026-04-15T17:14:25.538Z,true,false,false,false,81F,Distancia entre SE - Perpendicularidad SE,E3789,CNAII

2026-04-15T17:14:30.582Z,true,false,false,false,82F,Distancia entre SE - Perpendicularidad SE,E3789,CNAII

2026-04-15T17:14:33.596Z,true,false,false,false,83F,Distancia entre SE - Perpendicularidad SE,E3789,CNAII

2026-04-15T17:14:36.609Z,true,false,false,false,8T.1,Rectitud EC,E3789,CNAII

2026-04-15T17:14:44.679Z,true,false,false,false,8T.2,Rectitud EC,E3789,CNAII

2026-04-15T17:14:46.690Z,true,false,false,false,8T.3,Rectitud EC,E3789,CNAII

2026-04-15T17:14:47.703Z,true,false,false,false,tesL,PURGA DE FOTO LATERAL,E3789,CNAII

2026-04-15T17:14:54.785Z,true,false,false,false,84L,PURGA DE FOTO LATERAL,E3789,CNAII

2026-04-15T17:14:57.814Z,true,false,false,false,85L,PURGA DE FOTO LATERAL,E3789,CNAII

2026-04-15T17:15:02.856Z,true,false,false,false,86L,PURGA DE FOTO LATERAL,E3789,CNAII

2026-04-15T17:15:07.986Z,true,false,false,false,87L,PURGA DE FOTO LATERAL,E3789,CNAII

2026-04-15T17:15:13.994Z,true,false,false,false,88L,PURGA DE FOTO LATERAL,E3789,CNAII

2026-04-15T17:15:20.018Z,true,false,false,false,tesF,PURGA DE FOTO FRONTAL,E3789,CNAII

2026-04-15T17:15:27.114Z,true,false,false,false,89F,Distancia entre SE - Perpendicularidad SE,E3789,CNAII

2026-04-15T17:15:30.123Z,true,false,false,false,90F,Distancia entre SE - Perpendicularidad SE,E3789,CNAII

2026-04-15T17:15:34.131Z,true,false,false,false,91F,Distancia entre SE - Perpendicularidad SE,E3789,CNAII

2026-04-15T17:15:38.147Z,true,false,false,false,92F,Distancia entre SE - Perpendicularidad SE,E3789,CNAII

2026-04-15T17:15:42.190Z,true,false,false,false,93F,Distancia entre SE - Perpendicularidad SE,E3789,CNAII

2026-04-15T17:15:46.219Z,true,false,false,false,94F,Distancia entre SE - Perpendicularidad SE,E3789,CNAII

2026-04-15T17:15:49.243Z,true,false,false,false,96F,Distancia entre SE - Perpendicularidad SE,E3789,CNAII

2026-04-15T17:15:54.297Z,true,false,false,false,97F,Distancia entre SE - Perpendicularidad SE,E3789,CNAII

2026-04-15T17:15:57.307Z,true,false,false,false,98F,Distancia entre SE - Perpendicularidad SE,E3789,CNAII

2026-04-15T17:16:01.335Z,true,false,false,false,7T.1,Rectitud EC,E3789,CNAII

2026-04-15T17:16:08.397Z,true,false,false,false,7T.2,Rectitud EC,E3789,CNAII

2026-04-15T17:16:10.425Z,true,false,false,false,7T.3,Rectitud EC,E3789,CNAII

2026-04-15T17:16:11.439Z,true,false,false,false,tesL,PURGA DE FOTO LATERAL,E3789,CNAII

2026-04-15T17:16:18.513Z,true,false,false,false,99L,PURGA DE FOTO LATERAL,E3789,CNAII

2026-04-15T17:16:21.530Z,true,false,false,false,100L,PURGA DE FOTO LATERAL,E3789,CNAII

2026-04-15T17:16:26.595Z,true,false,false,false,101L,PURGA DE FOTO LATERAL,E3789,CNAII

2026-04-15T17:16:32.628Z,true,false,false,false,102L,PURGA DE FOTO LATERAL,E3789,CNAII

2026-04-15T17:16:38.689Z,true,false,false,false,103L,PURGA DE FOTO LATERAL,E3789,CNAII

2026-04-15T17:16:44.747Z,true,false,false,false,tesF,PURGA DE FOTO FRONTAL,E3789,CNAII

2026-04-15T17:16:50.799Z,true,false,false,false,104F,Distancia entre SE - Perpendicularidad SE,E3789,CNAII

2026-04-15T17:16:53.820Z,true,false,false,false,105F,Distancia entre SE - Perpendicularidad SE,E3789,CNAII

2026-04-15T17:16:57.863Z,true,false,false,false,106F,Distancia entre SE - Perpendicularidad SE,E3789,CNAII

2026-04-15T17:17:01.913Z,true,false,false,false,107F,Distancia entre SE - Perpendicularidad SE,E3789,CNAII

2026-04-15T17:17:05.980Z,true,false,false,false,108F,Distancia entre SE - Perpendicularidad SE,E3789,CNAII

2026-04-15T17:17:09.988Z,true,false,false,false,109F,Distancia entre SE - Perpendicularidad SE,E3789,CNAII

2026-04-15T17:17:13.025Z,true,false,false,false,111F,Distancia entre SE - Perpendicularidad SE,E3789,CNAII

2026-04-15T17:17:18.033Z,true,false,false,false,112F,Distancia entre SE - Perpendicularidad SE,E3789,CNAII

2026-04-15T17:17:21.063Z,true,false,false,false,113F,Distancia entre SE - Perpendicularidad SE,E3789,CNAII

2026-04-15T17:17:25.115Z,true,false,false,false,6T.1,Rectitud EC,E3789,CNAII

2026-04-15T17:17:32.172Z,true,false,false,false,6T.2,Rectitud EC,E3789,CNAII

2026-04-15T17:17:34.193Z,true,false,false,false,6T.3,Rectitud EC,E3789,CNAII

2026-04-15T17:17:35.204Z,true,false,false,false,tesL,PURGA DE FOTO LATERAL,E3789,CNAII

2026-04-15T17:17:42.246Z,true,false,false,false,114L,PURGA DE FOTO LATERAL,E3789,CNAII

2026-04-15T17:17:45.281Z,true,false,false,false,115L,PURGA DE FOTO LATERAL,E3789,CNAII

2026-04-15T17:17:50.313Z,true,false,false,false,116L,PURGA DE FOTO LATERAL,E3789,CNAII

2026-04-15T17:17:56.371Z,true,false,false,false,117L,PURGA DE FOTO LATERAL,E3789,CNAII

2026-04-15T17:18:02.432Z,true,false,false,false,118L,PURGA DE FOTO LATERAL,E3789,CNAII

2026-04-15T17:18:08.505Z,true,false,false,false,tesF,PURGA DE FOTO FRONTAL,E3789,CNAII

2026-04-15T17:18:14.569Z,true,false,false,false,119F,Distancia entre SE - Perpendicularidad SE,E3789,CNAII

2026-04-15T17:18:17.614Z,true,false,false,false,120F,Distancia entre SE - Perpendicularidad SE,E3789,CNAII

2026-04-15T17:18:22.626Z,true,false,false,false,121F,Distancia entre SE - Perpendicularidad SE,E3789,CNAII

2026-04-15T17:18:25.662Z,true,false,false,false,122F,Distancia entre SE - Perpendicularidad SE,E3789,CNAII

2026-04-15T17:18:29.693Z,true,false,false,false,123F,Distancia entre SE - Perpendicularidad SE,E3789,CNAII

2026-04-15T17:18:34.731Z,true,false,false,false,124F,Distancia entre SE - Perpendicularidad SE,E3789,CNAII

2026-04-15T17:18:37.753Z,true,false,false,false,126F,Distancia entre SE - Perpendicularidad SE,E3789,CNAII

2026-04-15T17:18:42.804Z,true,false,false,false,127F,Distancia entre SE - Perpendicularidad SE,E3789,CNAII

2026-04-15T17:18:45.830Z,true,false,false,false,128F,Distancia entre SE - Perpendicularidad SE,E3789,CNAII

2026-04-15T17:18:48.847Z,true,false,false,false,5T.1,Rectitud EC,E3789,CNAII

2026-04-15T17:18:55.978Z,true,false,false,false,5T.2,Rectitud EC,E3789,CNAII

2026-04-15T17:18:57.989Z,true,false,false,false,5T.3,Rectitud EC,E3789,CNAII

2026-04-15T17:18:59.980Z,true,false,false,false,tesL,PURGA DE FOTO LATERAL,E3789,CNAII

2026-04-15T17:19:06.022Z,true,false,false,false,129L,PURGA DE FOTO LATERAL,E3789,CNAII

2026-04-15T17:19:09.048Z,true,false,false,false,130L,PURGA DE FOTO LATERAL,E3789,CNAII

2026-04-15T17:19:14.094Z,true,false,false,false,131L,PURGA DE FOTO LATERAL,E3789,CNAII

2026-04-15T17:19:20.126Z,true,false,false,false,132L,PURGA DE FOTO LATERAL,E3789,CNAII

2026-04-15T17:19:26.203Z,true,false,false,false,133L,PURGA DE FOTO LATERAL,E3789,CNAII

2026-04-15T17:19:32.239Z,true,false,false,false,tesF,PURGA DE FOTO FRONTAL,E3789,CNAII

2026-04-15T17:19:38.312Z,true,false,false,false,134F,Distancia entre SE - Perpendicularidad SE,E3789,CNAII

2026-04-15T17:19:42.320Z,true,false,false,false,135F,Distancia entre SE - Perpendicularidad SE,E3789,CNAII

2026-04-15T17:19:46.358Z,true,false,false,false,136F,Distancia entre SE - Perpendicularidad SE,E3789,CNAII

2026-04-15T17:19:50.391Z,true,false,false,false,137F,Distancia entre SE - Perpendicularidad SE,E3789,CNAII

2026-04-15T17:19:53.408Z,true,false,false,false,138F,Distancia entre SE - Perpendicularidad SE,E3789,CNAII

2026-04-15T17:19:58.444Z,true,false,false,false,139F,Distancia entre SE - Perpendicularidad SE,E3789,CNAII

2026-04-15T17:20:01.470Z,true,false,false,false,141F,Distancia entre SE - Perpendicularidad SE,E3789,CNAII

2026-04-15T17:20:06.508Z,true,false,false,false,142F,Distancia entre SE - Perpendicularidad SE,E3789,CNAII

2026-04-15T17:20:09.536Z,true,false,false,false,143F,Distancia entre SE - Perpendicularidad SE,E3789,CNAII

2026-04-15T17:20:12.551Z,true,false,false,false,4T.1,Rectitud EC,E3789,CNAII

2026-04-15T17:20:20.625Z,true,false,false,false,4T.2,Rectitud EC,E3789,CNAII

2026-04-15T17:20:21.623Z,true,false,false,false,4T.3,Rectitud EC,E3789,CNAII

2026-04-15T17:20:23.646Z,true,false,false,false,tesL,PURGA DE FOTO LATERAL,E3789,CNAII

2026-04-15T17:20:29.696Z,true,false,false,false,144L,PURGA DE FOTO LATERAL,E3789,CNAII

2026-04-15T17:20:33.705Z,true,false,false,false,145L,PURGA DE FOTO LATERAL,E3789,CNAII

2026-04-15T17:20:37.742Z,true,false,false,false,146L,PURGA DE FOTO LATERAL,E3789,CNAII

2026-04-15T17:20:43.790Z,true,false,false,false,147L,PURGA DE FOTO LATERAL,E3789,CNAII

2026-04-15T17:20:49.843Z,true,false,false,false,148L,PURGA DE FOTO LATERAL,E3789,CNAII

2026-04-15T17:20:55.973Z,true,false,false,false,tesF,PURGA DE FOTO FRONTAL,E3789,CNAII

2026-04-15T17:21:02.995Z,true,false,false,false,149F,Distancia entre SE - Perpendicularidad SE,E3789,CNAII

2026-04-15T17:21:05.996Z,true,false,false,false,150F,Distancia entre SE - Perpendicularidad SE,E3789,CNAII

2026-04-15T17:21:10.027Z,true,false,false,false,151F,Distancia entre SE - Perpendicularidad SE,E3789,CNAII

2026-04-15T17:21:14.047Z,true,false,false,false,152F,Distancia entre SE - Perpendicularidad SE,E3789,CNAII

2026-04-15T17:21:18.097Z,true,false,false,false,153F,Distancia entre SE - Perpendicularidad SE,E3789,CNAII

2026-04-15T17:21:22.125Z,true,false,false,false,154F,Distancia entre SE - Perpendicularidad SE,E3789,CNAII

2026-04-15T17:21:25.136Z,true,false,false,false,156F,Distancia entre SE - Perpendicularidad SE,E3789,CNAII

2026-04-15T17:21:30.193Z,true,false,false,false,157F,Distancia entre SE - Perpendicularidad SE,E3789,CNAII

2026-04-15T17:21:33.201Z,true,false,false,false,158F,Distancia entre SE - Perpendicularidad SE,E3789,CNAII

2026-04-15T17:21:37.233Z,true,false,false,false,3T.1,Rectitud EC,E3789,CNAII

2026-04-15T17:21:44.315Z,true,false,false,false,3T.2,Rectitud EC,E3789,CNAII

2026-04-15T17:21:46.312Z,true,false,false,false,3T.3,Rectitud EC,E3789,CNAII

2026-04-15T17:21:47.315Z,true,false,false,false,tesL,PURGA DE FOTO LATERAL,E3789,CNAII

2026-04-15T17:21:54.399Z,true,false,false,false,159L,PURGA DE FOTO LATERAL,E3789,CNAII

2026-04-15T17:21:57.407Z,true,false,false,false,160L,PURGA DE FOTO LATERAL,E3789,CNAII

2026-04-15T17:22:02.430Z,true,false,false,false,161L,PURGA DE FOTO LATERAL,E3789,CNAII

2026-04-15T17:22:08.518Z,true,false,false,false,162L,PURGA DE FOTO LATERAL,E3789,CNAII

2026-04-15T17:22:14.557Z,true,false,false,false,163L,PURGA DE FOTO LATERAL,E3789,CNAII

2026-04-15T17:22:20.629Z,true,false,false,false,tesF,PURGA DE FOTO FRONTAL,E3789,CNAII

2026-04-15T17:22:26.664Z,true,false,false,false,164F,Distancia entre SE - Perpendicularidad SE,E3789,CNAII

2026-04-15T17:22:30.701Z,true,false,false,false,165F,Distancia entre SE - Perpendicularidad SE,E3789,CNAII

2026-04-15T17:22:34.711Z,true,false,false,false,166F,Distancia entre SE - Perpendicularidad SE,E3789,CNAII

2026-04-15T17:22:38.753Z,true,false,false,false,167F,Distancia entre SE - Perpendicularidad SE,E3789,CNAII

2026-04-15T17:22:41.792Z,true,false,false,false,168F,Distancia entre SE - Perpendicularidad SE,E3789,CNAII

2026-04-15T17:22:46.796Z,true,false,false,false,169F,Distancia entre SE - Perpendicularidad SE,E3789,CNAII

2026-04-15T17:22:49.824Z,true,false,false,false,171F,Distancia entre SE - Perpendicularidad SE,E3789,CNAII

2026-04-15T17:22:54.892Z,true,false,false,false,172F,Distancia entre SE - Perpendicularidad SE,E3789,CNAII

2026-04-15T17:22:57.926Z,true,false,false,false,173F,Distancia entre SE - Perpendicularidad SE,E3789,CNAII

2026-04-15T17:23:00.986Z,true,false,false,false,2T.1,Rectitud EC,E3789,CNAII

2026-04-15T17:23:09.007Z,true,false,false,false,2T.2,Rectitud EC,E3789,CNAII

2026-04-15T17:23:10.028Z,true,false,false,false,2T.3,Rectitud EC,E3789,CNAII

2026-04-15T17:23:12.037Z,true,false,false,false,tesL,PURGA DE FOTO LATERAL,E3789,CNAII

2026-04-15T17:23:18.121Z,true,false,false,false,174L,PURGA DE FOTO LATERAL,E3789,CNAII

2026-04-15T17:23:22.127Z,true,false,false,false,175L,PURGA DE FOTO LATERAL,E3789,CNAII

2026-04-15T17:23:26.169Z,true,false,false,false,176L,PURGA DE FOTO LATERAL,E3789,CNAII

2026-04-15T17:23:32.225Z,true,false,false,false,177L,PURGA DE FOTO LATERAL,E3789,CNAII

2026-04-15T17:23:38.300Z,true,false,false,false,178L,PURGA DE FOTO LATERAL,E3789,CNAII

2026-04-15T17:23:44.319Z,true,false,false,false,tesF,PURGA DE FOTO FRONTAL,E3789,CNAII

2026-04-15T17:23:51.372Z,true,false,false,false,179F,Distancia entre SE - Perpendicularidad SE,E3789,CNAII

2026-04-15T17:23:54.409Z,true,false,false,false,180F,Distancia entre SE - Perpendicularidad SE,E3789,CNAII

2026-04-15T17:23:58.427Z,true,false,false,false,181F,Distancia entre SE - Perpendicularidad SE,E3789,CNAII

2026-04-15T17:24:02.466Z,true,false,false,false,182F,Distancia entre SE - Perpendicularidad SE,E3789,CNAII

2026-04-15T17:24:06.502Z,true,false,false,false,183F,Distancia entre SE - Perpendicularidad SE,E3789,CNAII

2026-04-15T17:24:10.532Z,true,false,false,false,184F,Distancia entre SE - Perpendicularidad SE,E3789,CNAII

2026-04-15T17:24:13.554Z,true,false,false,false,186F,Distancia entre SE - Perpendicularidad SE,E3789,CNAII

2026-04-15T17:24:18.608Z,true,false,false,false,187F,Distancia entre SE - Perpendicularidad SE,E3789,CNAII

2026-04-15T17:24:21.624Z,true,false,false,false,188F,Distancia entre SE - Perpendicularidad SE,E3789,CNAII

2026-04-15T17:24:25.653Z,true,false,false,false,1T.1,Rectitud EC,E3789,CNAII

2026-04-15T17:24:32.717Z,true,false,false,false,1T.2,Rectitud EC,E3789,CNAII

2026-04-15T17:24:34.722Z,true,false,false,false,1T.3,Rectitud EC,E3789,CNAII

2026-04-15T17:24:35.736Z,true,false,false,false,tesL,PURGA DE FOTO LATERAL,E3789,CNAII

2026-04-15T17:24:42.815Z,true,false,false,false,189L,PURGA DE FOTO LATERAL,E3789,CNAII

2026-04-15T17:24:45.836Z,true,false,false,false,190L,PURGA DE FOTO LATERAL,E3789,CNAII

2026-04-15T17:24:50.901Z,true,false,false,false,191L,PURGA DE FOTO LATERAL,E3789,CNAII

2026-04-15T17:24:56.998Z,true,false,false,false,192L,PURGA DE FOTO LATERAL,E3789,CNAII

2026-04-15T17:25:02.998Z,true,false,false,false,193L,PURGA DE FOTO LATERAL,E3789,CNAII

2026-04-15T17:25:09.055Z,true,false,false,false,tesF,PURGA DE FOTO FRONTAL,E3789,CNAII

2026-04-15T17:25:15.125Z,true,false,false,false,194F,Distancia entre SE - Perpendicularidad SE,E3789,CNAII

2026-04-15T17:25:18.143Z,true,false,false,false,195F,Distancia entre SE - Perpendicularidad SE,E3789,CNAII

2026-04-15T17:25:23.205Z,true,false,false,false,196F,Distancia entre SE - Perpendicularidad SE,E3789,CNAII

2026-04-15T17:25:26.206Z,true,false,false,false,197F,Distancia entre SE - Perpendicularidad SE,E3789,CNAII

2026-04-15T17:25:30.244Z,true,false,false,false,198F,Distancia entre SE - Perpendicularidad SE,E3789,CNAII

2026-04-15T17:25:34.296Z,true,false,false,false,199F,Distancia entre SE - Perpendicularidad SE,E3789,CNAII

2026-04-15T17:25:38.317Z,true,false,false,false,201F,Distancia entre SE - Perpendicularidad SE,E3789,CNAII

2026-04-15T17:25:42.344Z,true,false,false,false,202F,Distancia entre SE - Perpendicularidad SE,E3789,CNAII

2026-04-15T17:25:46.370Z,true,false,false,false,203F,Distancia entre SE - Perpendicularidad SE,E3789,CNAII

2026-04-15T17:25:49.400Z,true,false,false,false,001F,Distancia entre SE y PP,E3789,CNAII

2026-04-15T17:25:55.444Z,true,false,false,false,210F,Distancia entre SE y PP,E3789,CNAII

2026-04-15T17:25:58.477Z,true,false,false,false,002F,Distancia entre SE y PP,E3789,CNAII

2026-04-15T17:26:05.526Z,true,false,false,false,211F,Distancia entre SE y PP,E3789,CNAII

2026-04-15T17:26:11.611Z,true,false,false,false,003F,Distancia entre SE y PP,E3789,CNAII

2026-04-15T17:26:18.650Z,true,false,false,false,tesL,PURGA DE FOTO LATERAL,E3789,CNAII

2026-04-15T17:26:24.720Z,true,false,false,false,212L,PURGA DE FOTO LATERAL,E3789,CNAII

2026-04-15T17:26:26.732Z,true,false,false,false,213L,PURGA DE FOTO LATERAL,E3789,CNAII

2026-04-15T17:26:34.821Z,true,false,false,false,214L,PURGA DE FOTO LATERAL,E3789,CNAII

2026-04-15T17:26:42.899Z,true,false,false,false,tesL,PURGA DE FOTO LATERAL,E3789,CNAII

2026-04-15T17:26:50.998Z,true,false,false,false,216L,Presencia de soldadura TVS - Fisuras soldadura TVS,E3789,CNAII

2026-04-15T17:26:56.034Z,true,false,false,false,217L,Presencia de soldadura TVS - Fisuras soldadura TVS,E3789,CNAII

2026-04-15T17:27:05.111Z,true,false,false,false,218L,Presencia de soldadura TVS - Fisuras soldadura TVS,E3789,CNAII

2026-04-15T17:27:13.195Z,true,false,false,false,tesL,PURGA DE FOTO LATERAL,E3789,CNAII

2026-04-15T17:27:24.303Z,true,false,false,false,0T.1,Rectitud EC PP,E3789,CNAII

2026-04-15T17:27:28.349Z,true,false,false,false,0T.2,Rectitud EC PP,E3789,CNAII

2026-04-15T17:27:30.351Z,true,false,false,false,0T.3,Rectitud EC PP,E3789,CNAII

2026-04-15T17:27:31.351Z,true,false,false,false,14T.1,Rectitud EC PP,E3789,CNAII

2026-04-15T17:27:35.392Z,true,false,false,false,14T.2,Rectitud EC PP,E3789,CNAII

2026-04-15T17:27:36.408Z,true,false,false,false,14T.3,Rectitud EC PP,E3789,CNAII

2026-04-15T17:27:37.413Z,true,false,false,false,222L,Rectitud EC PP,E3789,CNAII

2026-04-15T17:27:42.475Z,true,false,false,false,223L,Rectitud EC PP,E3789,CNAII

2026-04-15T17:27:46.506Z,true,false,false,false,224L,Rectitud EC PP,E3789,CNAII

2026-04-15T17:27:51.555Z,true,false,false,false,225L,Rectitud EC PP,E3789,CNAII

2026-04-15T17:27:56.612Z,true,false,false,false,226L,Rectitud EC PP,E3789,CNAII

2026-04-15T17:28:01.641Z,true,false,false,false,227L,Rectitud EC PP,E3789,CNAII

2026-04-15T17:28:06.663Z,true,false,false,false,tesL,PURGA DE FOTO LATERAL,E3789,CNAII

2026-04-15T17:28:12.720Z,true,false,false,false,228L,PURGA DE FOTO LATERAL,E3789,CNAII

2026-04-15T17:28:24.813Z,true,false,false,false,229L,PURGA DE FOTO LATERAL,E3789,CNAII

2026-04-15T17:28:28.854Z,true,false,false,false,230L,PURGA DE FOTO LATERAL,E3789,CNAII

2026-04-15T17:28:33.915Z,true,false,false,false,231L,PURGA DE FOTO LATERAL,E3789,CNAII

2026-04-15T17:28:38.985Z,true,false,false,false,232L,PURGA DE FOTO LATERAL,E3789,CNAII

2026-04-15T17:28:43.989Z,true,false,false,false,233L,PURGA DE FOTO LATERAL,E3789,CNAII

2026-04-15T17:28:49.029Z,true,false,false,false,tesF,PURGA DE FOTO FRONTAL,E3789,CNAII

2026-04-15T17:28:53.046Z,true,false,false,false,240F,PURGA DE FOTO FRONTAL,E3789,CNAII

2026-04-15T17:28:57.100Z,true,false,false,false,241F,PURGA DE FOTO FRONTAL,E3789,CNAII

2026-04-15T17:29:01.128Z,true,false,false,false,242F,PURGA DE FOTO FRONTAL,E3789,CNAII

2026-04-15T17:29:02.120Z,true,false,false,false,tesF,PURGA DE FOTO FRONTAL,E3789,CNAII

2026-04-15T17:29:07.161Z,true,false,false,false,,,E3789,CNAII

2026-04-15T17:30:25.980Z,false,false,false,true,,,E3789,CNAII

2026-04-15T17:30:29.983Z,false,false,false,false,,,E3789,CNAII

2026-04-15T17:44:24.991Z,true,false,false,false,,,E3789R1,CNAII

2026-04-15T17:44:51.234Z,true,false,false,false,13T.1,Rectitud EC,E3789R1,CNAII

2026-04-15T17:45:09.418Z,true,false,false,false,13T.2,Rectitud EC,E3789R1,CNAII

2026-04-15T17:45:11.428Z,true,false,false,false,13T.3,Rectitud EC,E3789R1,CNAII

2026-04-15T17:45:13.457Z,true,false,false,false,AZ4-A,Rectitud EC,E3789R1,CNAII

2026-04-15T17:45:14.461Z,true,false,false,false,AZ4-B,Zapata tipo I/II 4,E3789R1,CNAII

2026-04-15T17:45:17.503Z,true,false,false,false,AZ3-A,Zapata tipo I/II 4,E3789R1,CNAII

2026-04-15T17:45:22.545Z,true,false,false,false,AZ3-B,Zapata tipo I/II 3,E3789R1,CNAII

2026-04-15T17:45:24.568Z,true,false,false,false,AZ2-B,Zapata tipo I/II 2,E3789R1,CNAII

2026-04-15T17:45:28.636Z,true,false,false,false,AZ12-A,Zapata tipo I/II 2,E3789R1,CNAII

2026-04-15T17:45:31.645Z,true,false,false,false,AZ1-B,Zapata tipo I/II 1,E3789R1,CNAII

2026-04-15T17:45:33.660Z,true,false,false,false,AZ6-B,Zapata tipo I/II 6,E3789R1,CNAII

2026-04-15T17:45:41.739Z,true,false,false,false,AZ56-A,Zapata tipo I/II 6,E3789R1,CNAII

2026-04-15T17:45:44.767Z,true,false,false,false,AZ5-B,Zapata tipo I/II 5,E3789R1,CNAII

2026-04-15T17:45:47.814Z,true,false,false,false,tesF,PURGA DE FOTO FRONTAL,E3789R1,CNAII

2026-04-15T17:45:49.819Z,true,false,false,false,1F,PURGA DE FOTO FRONTAL,E3789R1,CNAII

2026-04-15T17:45:52.852Z,true,false,false,false,2F,PURGA DE FOTO FRONTAL,E3789R1,CNAII

2026-04-15T17:45:56.900Z,true,false,false,false,3F,Distancia entre SE - Perpendicularidad SE,E3789R1,CNAII

2026-04-15T17:46:00.997Z,true,false,false,false,4F,Distancia entre SE - Perpendicularidad SE,E3789R1,CNAII

2026-04-15T17:46:03.995Z,true,false,false,false,5F,Distancia entre SE - Perpendicularidad SE,E3789R1,CNAII

2026-04-15T17:46:08.001Z,true,false,false,false,6F,Distancia entre SE - Perpendicularidad SE,E3789R1,CNAII

2026-04-15T17:46:10.023Z,true,false,false,false,7F,Distancia entre SE - Perpendicularidad SE,E3789R1,CNAII

2026-04-15T17:46:13.041Z,true,false,false,false,9F,Distancia entre SE - Perpendicularidad SE,E3789R1,CNAII

2026-04-15T17:46:18.134Z,true,false,false,false,10F,Distancia entre SE - Perpendicularidad SE,E3789R1,CNAII

2026-04-15T17:46:21.139Z,true,false,false,false,11F,Distancia entre SE - Perpendicularidad SE,E3789R1,CNAII

2026-04-15T17:46:25.143Z,true,false,false,false,12F,Distancia entre SE - Perpendicularidad SE,E3789R1,CNAII

2026-04-15T17:46:27.170Z,true,false,false,false,tesL,PURGA DE FOTO LATERAL,E3789R1,CNAII

2026-04-15T17:46:34.244Z,true,false,false,false,13L,PURGA DE FOTO LATERAL,E3789R1,CNAII

2026-04-15T17:46:35.241Z,true,false,false,false,14L,PURGA DE FOTO LATERAL,E3789R1,CNAII

2026-04-15T17:46:40.293Z,true,false,false,false,15L,PURGA DE FOTO LATERAL,E3789R1,CNAII

2026-04-15T17:46:44.332Z,true,false,false,false,16L,PURGA DE FOTO LATERAL,E3789R1,CNAII

2026-04-15T17:46:48.359Z,true,false,false,false,17L,PURGA DE FOTO LATERAL,E3789R1,CNAII

2026-04-15T17:46:54.428Z,true,false,false,false,18L,PURGA DE FOTO LATERAL,E3789R1,CNAII

2026-04-15T17:46:57.459Z,true,false,false,false,19L,PURGA DE FOTO LATERAL,E3789R1,CNAII

2026-04-15T17:47:01.505Z,true,false,false,false,12T.1,Rectitud EC,E3789R1,CNAII

2026-04-15T17:47:16.655Z,true,false,false,false,12T.2,Rectitud EC,E3789R1,CNAII

2026-04-15T17:47:17.671Z,true,false,false,false,12T.3,Rectitud EC,E3789R1,CNAII

2026-04-15T17:47:19.697Z,true,false,false,false,tesL,PURGA DE FOTO LATERAL,E3789R1,CNAII

2026-04-15T17:47:25.769Z,true,false,false,false,24L,PURGA DE FOTO LATERAL,E3789R1,CNAII

2026-04-15T17:47:29.809Z,true,false,false,false,25L,PURGA DE FOTO LATERAL,E3789R1,CNAII

2026-04-15T17:47:33.832Z,true,false,false,false,26L,PURGA DE FOTO LATERAL,E3789R1,CNAII

2026-04-15T17:47:39.888Z,true,false,false,false,27L,PURGA DE FOTO LATERAL,E3789R1,CNAII

2026-04-15T17:47:45.990Z,true,false,false,false,28L,PURGA DE FOTO LATERAL,E3789R1,CNAII

2026-04-15T17:47:52.006Z,true,false,false,false,tesF,PURGA DE FOTO FRONTAL,E3789R1,CNAII

2026-04-15T17:47:59.045Z,true,false,false,false,29F,Distancia entre SE - Perpendicularidad SE,E3789R1,CNAII

2026-04-15T17:48:02.082Z,true,false,false,false,30F,Distancia entre SE - Perpendicularidad SE,E3789R1,CNAII

2026-04-15T17:48:06.133Z,true,false,false,false,31F,Distancia entre SE - Perpendicularidad SE,E3789R1,CNAII

2026-04-15T17:48:10.143Z,true,false,false,false,32F,Distancia entre SE - Perpendicularidad SE,E3789R1,CNAII

2026-04-15T17:48:13.173Z,true,false,false,false,33F,Distancia entre SE - Perpendicularidad SE,E3789R1,CNAII

2026-04-15T17:48:18.208Z,true,false,false,false,34F,Distancia entre SE - Perpendicularidad SE,E3789R1,CNAII

2026-04-15T17:48:21.221Z,true,false,false,false,36F,Distancia entre SE - Perpendicularidad SE,E3789R1,CNAII

2026-04-15T17:48:26.278Z,true,false,false,false,37F,Distancia entre SE - Perpendicularidad SE,E3789R1,CNAII

2026-04-15T17:48:29.307Z,true,false,false,false,38F,Distancia entre SE - Perpendicularidad SE,E3789R1,CNAII

2026-04-15T17:48:32.331Z,true,false,false,false,11T.1,Rectitud EC,E3789R1,CNAII

2026-04-15T17:48:39.412Z,true,false,false,false,11T.2,Rectitud EC,E3789R1,CNAII

2026-04-15T17:48:40.416Z,true,false,false,false,11T.3,Rectitud EC,E3789R1,CNAII

2026-04-15T17:48:42.444Z,true,false,false,false,tesL,PURGA DE FOTO LATERAL,E3789R1,CNAII

2026-04-15T17:48:48.482Z,true,false,false,false,39L,PURGA DE FOTO LATERAL,E3789R1,CNAII

2026-04-15T17:48:51.501Z,true,false,false,false,40L,PURGA DE FOTO LATERAL,E3789R1,CNAII

2026-04-15T17:48:56.555Z,true,false,false,false,41L,PURGA DE FOTO LATERAL,E3789R1,CNAII

2026-04-15T17:49:02.620Z,true,false,false,false,42L,PURGA DE FOTO LATERAL,E3789R1,CNAII

2026-04-15T17:49:08.676Z,true,false,false,false,43L,PURGA DE FOTO LATERAL,E3789R1,CNAII

2026-04-15T17:49:14.735Z,true,false,false,false,tesF,PURGA DE FOTO FRONTAL,E3789R1,CNAII

2026-04-15T17:49:20.817Z,true,false,false,false,44F,Distancia entre SE - Perpendicularidad SE,E3789R1,CNAII

2026-04-15T17:49:23.820Z,true,false,false,false,45F,Distancia entre SE - Perpendicularidad SE,E3789R1,CNAII

2026-04-15T17:49:28.836Z,true,false,false,false,46F,Distancia entre SE - Perpendicularidad SE,E3789R1,CNAII

2026-04-15T17:49:32.862Z,true,false,false,false,47F,Distancia entre SE - Perpendicularidad SE,E3789R1,CNAII

2026-04-15T17:49:35.901Z,true,false,false,false,48F,Distancia entre SE - Perpendicularidad SE,E3789R1,CNAII

2026-04-15T17:49:40.985Z,true,false,false,false,49F,Distancia entre SE - Perpendicularidad SE,E3789R1,CNAII

2026-04-15T17:49:43.999Z,true,false,false,false,51F,Distancia entre SE - Perpendicularidad SE,E3789R1,CNAII

2026-04-15T17:49:49.024Z,true,false,false,false,52F,Distancia entre SE - Perpendicularidad SE,E3789R1,CNAII

2026-04-15T17:49:52.037Z,true,false,false,false,53F,Distancia entre SE - Perpendicularidad SE,E3789R1,CNAII

2026-04-15T17:49:55.040Z,true,false,false,false,10T.1,Rectitud EC,E3789R1,CNAII

2026-04-15T17:50:02.121Z,true,false,false,false,10T.2,Rectitud EC,E3789R1,CNAII

2026-04-15T17:50:04.132Z,true,false,false,false,10T.3,Rectitud EC,E3789R1,CNAII

2026-04-15T17:50:05.132Z,true,false,false,false,tesL,PURGA DE FOTO LATERAL,E3789R1,CNAII

2026-04-15T17:50:12.210Z,true,false,false,false,54L,PURGA DE FOTO LATERAL,E3789R1,CNAII

2026-04-15T17:50:15.248Z,true,false,false,false,55L,PURGA DE FOTO LATERAL,E3789R1,CNAII

2026-04-15T17:50:20.302Z,true,false,false,false,56L,PURGA DE FOTO LATERAL,E3789R1,CNAII

2026-04-15T17:50:26.362Z,true,false,false,false,57L,PURGA DE FOTO LATERAL,E3789R1,CNAII

2026-04-15T17:50:32.412Z,true,false,false,false,58L,PURGA DE FOTO LATERAL,E3789R1,CNAII

2026-04-15T17:50:38.476Z,true,false,false,false,tesF,PURGA DE FOTO FRONTAL,E3789R1,CNAII

2026-04-15T17:50:44.538Z,true,false,false,false,59F,Distancia entre SE - Perpendicularidad SE,E3789R1,CNAII

2026-04-15T17:50:47.566Z,true,false,false,false,60F,Distancia entre SE - Perpendicularidad SE,E3789R1,CNAII

2026-04-15T17:50:51.609Z,true,false,false,false,61F,Distancia entre SE - Perpendicularidad SE,E3789R1,CNAII

2026-04-15T17:50:55.637Z,true,false,false,false,62F,Distancia entre SE - Perpendicularidad SE,E3789R1,CNAII

2026-04-15T17:50:59.644Z,true,false,false,false,63F,Distancia entre SE - Perpendicularidad SE,E3789R1,CNAII

2026-04-15T17:51:03.683Z,true,false,false,false,64F,Distancia entre SE - Perpendicularidad SE,E3789R1,CNAII

2026-04-15T17:51:06.703Z,true,false,false,false,66F,Distancia entre SE - Perpendicularidad SE,E3789R1,CNAII

2026-04-15T17:51:11.729Z,true,false,false,false,67F,Distancia entre SE - Perpendicularidad SE,E3789R1,CNAII

2026-04-15T17:51:14.769Z,true,false,false,false,68F,Distancia entre SE - Perpendicularidad SE,E3789R1,CNAII

2026-04-15T17:51:18.799Z,true,false,false,false,9T.1,Rectitud EC,E3789R1,CNAII

2026-04-15T17:51:25.855Z,true,false,false,false,9T.2,Rectitud EC,E3789R1,CNAII

2026-04-15T17:51:27.874Z,true,false,false,false,9T.3,Rectitud EC,E3789R1,CNAII

2026-04-15T17:51:28.902Z,true,false,false,false,tesL,PURGA DE FOTO LATERAL,E3789R1,CNAII

2026-04-15T17:51:35.988Z,true,false,false,false,69L,PURGA DE FOTO LATERAL,E3789R1,CNAII

2026-04-15T17:51:38.983Z,true,false,false,false,70L,PURGA DE FOTO LATERAL,E3789R1,CNAII

2026-04-15T17:51:44.019Z,true,false,false,false,71L,PURGA DE FOTO LATERAL,E3789R1,CNAII

2026-04-15T17:51:50.075Z,true,false,false,false,72L,PURGA DE FOTO LATERAL,E3789R1,CNAII

2026-04-15T17:51:56.136Z,true,false,false,false,73L,PURGA DE FOTO LATERAL,E3789R1,CNAII

2026-04-15T17:52:02.184Z,true,false,false,false,tesF,PURGA DE FOTO FRONTAL,E3789R1,CNAII

2026-04-15T17:52:08.229Z,true,false,false,false,74F,Distancia entre SE - Perpendicularidad SE,E3789R1,CNAII

2026-04-15T17:52:11.248Z,true,false,false,false,75F,Distancia entre SE - Perpendicularidad SE,E3789R1,CNAII

2026-04-15T17:52:15.277Z,true,false,false,false,76F,Distancia entre SE - Perpendicularidad SE,E3789R1,CNAII

2026-04-15T17:52:19.325Z,true,false,false,false,77F,Distancia entre SE - Perpendicularidad SE,E3789R1,CNAII

2026-04-15T17:52:23.340Z,true,false,false,false,78F,Distancia entre SE - Perpendicularidad SE,E3789R1,CNAII

2026-04-15T17:52:27.368Z,true,false,false,false,79F,Distancia entre SE - Perpendicularidad SE,E3789R1,CNAII

2026-04-15T17:52:30.400Z,true,false,false,false,81F,Distancia entre SE - Perpendicularidad SE,E3789R1,CNAII

2026-04-15T17:52:35.439Z,true,false,false,false,82F,Distancia entre SE - Perpendicularidad SE,E3789R1,CNAII

2026-04-15T17:52:38.461Z,true,false,false,false,83F,Distancia entre SE - Perpendicularidad SE,E3789R1,CNAII

2026-04-15T17:52:42.505Z,true,false,false,false,8T.1,Rectitud EC,E3789R1,CNAII

2026-04-15T17:52:49.573Z,true,false,false,false,8T.2,Rectitud EC,E3789R1,CNAII

2026-04-15T17:52:51.608Z,true,false,false,false,8T.3,Rectitud EC,E3789R1,CNAII

2026-04-15T17:52:52.619Z,true,false,false,false,tesL,PURGA DE FOTO LATERAL,E3789R1,CNAII

2026-04-15T17:52:59.653Z,true,false,false,false,84L,PURGA DE FOTO LATERAL,E3789R1,CNAII

2026-04-15T17:53:02.674Z,true,false,false,false,85L,PURGA DE FOTO LATERAL,E3789R1,CNAII

2026-04-15T17:53:07.722Z,true,false,false,false,86L,PURGA DE FOTO LATERAL,E3789R1,CNAII

2026-04-15T17:53:13.785Z,true,false,false,false,87L,PURGA DE FOTO LATERAL,E3789R1,CNAII

2026-04-15T17:53:19.835Z,true,false,false,false,88L,PURGA DE FOTO LATERAL,E3789R1,CNAII

2026-04-15T17:53:25.907Z,true,false,false,false,tesF,PURGA DE FOTO FRONTAL,E3789R1,CNAII

2026-04-15T17:53:31.994Z,true,false,false,false,89F,Distancia entre SE - Perpendicularidad SE,E3789R1,CNAII

2026-04-15T17:53:34.993Z,true,false,false,false,90F,Distancia entre SE - Perpendicularidad SE,E3789R1,CNAII

2026-04-15T17:53:39.022Z,true,false,false,false,91F,Distancia entre SE - Perpendicularidad SE,E3789R1,CNAII

2026-04-15T17:53:43.035Z,true,false,false,false,92F,Distancia entre SE - Perpendicularidad SE,E3789R1,CNAII

2026-04-15T17:53:47.058Z,true,false,false,false,93F,Distancia entre SE - Perpendicularidad SE,E3789R1,CNAII

2026-04-15T17:53:51.125Z,true,false,false,false,94F,Distancia entre SE - Perpendicularidad SE,E3789R1,CNAII

2026-04-15T17:53:54.143Z,true,false,false,false,96F,Distancia entre SE - Perpendicularidad SE,E3789R1,CNAII

2026-04-15T17:53:59.151Z,true,false,false,false,97F,Distancia entre SE - Perpendicularidad SE,E3789R1,CNAII

2026-04-15T17:54:02.180Z,true,false,false,false,98F,Distancia entre SE - Perpendicularidad SE,E3789R1,CNAII

2026-04-15T17:54:06.213Z,true,false,false,false,7T.1,Rectitud EC,E3789R1,CNAII

2026-04-15T17:54:13.307Z,true,false,false,false,7T.2,Rectitud EC,E3789R1,CNAII

2026-04-15T17:54:15.307Z,true,false,false,false,7T.3,Rectitud EC,E3789R1,CNAII

2026-04-15T17:54:16.322Z,true,false,false,false,tesL,PURGA DE FOTO LATERAL,E3789R1,CNAII

2026-04-15T17:54:23.410Z,true,false,false,false,99L,PURGA DE FOTO LATERAL,E3789R1,CNAII

2026-04-15T17:54:26.426Z,true,false,false,false,100L,PURGA DE FOTO LATERAL,E3789R1,CNAII

2026-04-15T17:54:31.460Z,true,false,false,false,101L,PURGA DE FOTO LATERAL,E3789R1,CNAII

2026-04-15T17:54:37.529Z,true,false,false,false,102L,PURGA DE FOTO LATERAL,E3789R1,CNAII

2026-04-15T17:54:43.572Z,true,false,false,false,103L,PURGA DE FOTO LATERAL,E3789R1,CNAII

2026-04-15T17:54:49.642Z,true,false,false,false,tesF,PURGA DE FOTO FRONTAL,E3789R1,CNAII

2026-04-15T17:54:55.692Z,true,false,false,false,104F,Distancia entre SE - Perpendicularidad SE,E3789R1,CNAII

2026-04-15T17:54:58.703Z,true,false,false,false,105F,Distancia entre SE - Perpendicularidad SE,E3789R1,CNAII

2026-04-15T17:55:02.749Z,true,false,false,false,106F,Distancia entre SE - Perpendicularidad SE,E3789R1,CNAII

2026-04-15T17:55:06.783Z,true,false,false,false,107F,Distancia entre SE - Perpendicularidad SE,E3789R1,CNAII

2026-04-15T17:55:10.827Z,true,false,false,false,108F,Distancia entre SE - Perpendicularidad SE,E3789R1,CNAII

2026-04-15T17:55:14.863Z,true,false,false,false,109F,Distancia entre SE - Perpendicularidad SE,E3789R1,CNAII

2026-04-15T17:55:17.887Z,true,false,false,false,111F,Distancia entre SE - Perpendicularidad SE,E3789R1,CNAII

2026-04-15T17:55:22.986Z,true,false,false,false,112F,Distancia entre SE - Perpendicularidad SE,E3789R1,CNAII

2026-04-15T17:55:25.986Z,true,false,false,false,113F,Distancia entre SE - Perpendicularidad SE,E3789R1,CNAII

2026-04-15T17:55:29.989Z,true,false,false,false,6T.1,Rectitud EC,E3789R1,CNAII

2026-04-15T17:55:37.031Z,true,false,false,false,6T.2,Rectitud EC,E3789R1,CNAII

2026-04-15T17:55:39.031Z,true,false,false,false,6T.3,Rectitud EC,E3789R1,CNAII

2026-04-15T17:55:40.041Z,true,false,false,false,tesL,PURGA DE FOTO LATERAL,E3789R1,CNAII

2026-04-15T17:55:47.114Z,true,false,false,false,114L,PURGA DE FOTO LATERAL,E3789R1,CNAII

2026-04-15T17:55:50.121Z,true,false,false,false,115L,PURGA DE FOTO LATERAL,E3789R1,CNAII

2026-04-15T17:55:55.158Z,true,false,false,false,116L,PURGA DE FOTO LATERAL,E3789R1,CNAII

2026-04-15T17:56:01.208Z,true,false,false,false,117L,PURGA DE FOTO LATERAL,E3789R1,CNAII

2026-04-15T17:56:07.269Z,true,false,false,false,118L,PURGA DE FOTO LATERAL,E3789R1,CNAII

2026-04-15T17:56:13.333Z,true,false,false,false,tesF,PURGA DE FOTO FRONTAL,E3789R1,CNAII

2026-04-15T17:56:19.395Z,true,false,false,false,119F,Distancia entre SE - Perpendicularidad SE,E3789R1,CNAII

2026-04-15T17:56:22.411Z,true,false,false,false,120F,Distancia entre SE - Perpendicularidad SE,E3789R1,CNAII

2026-04-15T17:56:27.461Z,true,false,false,false,121F,Distancia entre SE - Perpendicularidad SE,E3789R1,CNAII

2026-04-15T17:56:30.489Z,true,false,false,false,122F,Distancia entre SE - Perpendicularidad SE,E3789R1,CNAII

2026-04-15T17:56:34.528Z,true,false,false,false,123F,Distancia entre SE - Perpendicularidad SE,E3789R1,CNAII

2026-04-15T17:56:39.565Z,true,false,false,false,124F,Distancia entre SE - Perpendicularidad SE,E3789R1,CNAII

2026-04-15T17:56:42.595Z,true,false,false,false,126F,Distancia entre SE - Perpendicularidad SE,E3789R1,CNAII

2026-04-15T17:56:47.641Z,true,false,false,false,127F,Distancia entre SE - Perpendicularidad SE,E3789R1,CNAII

2026-04-15T17:56:50.664Z,true,false,false,false,128F,Distancia entre SE - Perpendicularidad SE,E3789R1,CNAII

2026-04-15T17:56:53.672Z,true,false,false,false,5T.1,Rectitud EC,E3789R1,CNAII

2026-04-15T17:57:00.768Z,true,false,false,false,5T.2,Rectitud EC,E3789R1,CNAII

2026-04-15T17:57:02.773Z,true,false,false,false,5T.3,Rectitud EC,E3789R1,CNAII

2026-04-15T17:57:04.784Z,true,false,false,false,tesL,PURGA DE FOTO LATERAL,E3789R1,CNAII

2026-04-15T17:57:10.821Z,true,false,false,false,129L,PURGA DE FOTO LATERAL,E3789R1,CNAII

2026-04-15T17:57:13.857Z,true,false,false,false,130L,PURGA DE FOTO LATERAL,E3789R1,CNAII

2026-04-15T17:57:18.904Z,true,false,false,false,131L,PURGA DE FOTO LATERAL,E3789R1,CNAII

2026-04-15T17:57:24.995Z,true,false,false,false,132L,PURGA DE FOTO LATERAL,E3789R1,CNAII

2026-04-15T17:57:31.020Z,true,false,false,false,133L,PURGA DE FOTO LATERAL,E3789R1,CNAII

2026-04-15T17:57:37.053Z,true,false,false,false,tesF,PURGA DE FOTO FRONTAL,E3789R1,CNAII

2026-04-15T17:57:43.124Z,true,false,false,false,134F,Distancia entre SE - Perpendicularidad SE,E3789R1,CNAII

2026-04-15T17:57:47.148Z,true,false,false,false,135F,Distancia entre SE - Perpendicularidad SE,E3789R1,CNAII

2026-04-15T17:57:51.195Z,true,false,false,false,136F,Distancia entre SE - Perpendicularidad SE,E3789R1,CNAII

2026-04-15T17:57:55.208Z,true,false,false,false,137F,Distancia entre SE - Perpendicularidad SE,E3789R1,CNAII

2026-04-15T17:57:58.234Z,true,false,false,false,138F,Distancia entre SE - Perpendicularidad SE,E3789R1,CNAII

2026-04-15T17:58:03.272Z,true,false,false,false,139F,Distancia entre SE - Perpendicularidad SE,E3789R1,CNAII

2026-04-15T17:58:06.301Z,true,false,false,false,141F,Distancia entre SE - Perpendicularidad SE,E3789R1,CNAII

2026-04-15T17:58:11.323Z,true,false,false,false,142F,Distancia entre SE - Perpendicularidad SE,E3789R1,CNAII

2026-04-15T17:58:14.347Z,true,false,false,false,143F,Distancia entre SE - Perpendicularidad SE,E3789R1,CNAII

2026-04-15T17:58:17.370Z,true,false,false,false,4T.1,Rectitud EC,E3789R1,CNAII

2026-04-15T17:58:25.440Z,true,false,false,false,4T.2,Rectitud EC,E3789R1,CNAII

2026-04-15T17:58:26.450Z,true,false,false,false,4T.3,Rectitud EC,E3789R1,CNAII

2026-04-15T17:58:28.476Z,true,false,false,false,tesL,PURGA DE FOTO LATERAL,E3789R1,CNAII

2026-04-15T17:58:34.524Z,true,false,false,false,144L,PURGA DE FOTO LATERAL,E3789R1,CNAII

2026-04-15T17:58:38.569Z,true,false,false,false,145L,PURGA DE FOTO LATERAL,E3789R1,CNAII

2026-04-15T17:58:42.620Z,true,false,false,false,146L,PURGA DE FOTO LATERAL,E3789R1,CNAII

2026-04-15T17:58:48.659Z,true,false,false,false,147L,PURGA DE FOTO LATERAL,E3789R1,CNAII

2026-04-15T17:58:54.715Z,true,false,false,false,148L,PURGA DE FOTO LATERAL,E3789R1,CNAII

2026-04-15T17:59:00.801Z,true,false,false,false,tesF,PURGA DE FOTO FRONTAL,E3789R1,CNAII

2026-04-15T17:59:07.858Z,true,false,false,false,149F,Distancia entre SE - Perpendicularidad SE,E3789R1,CNAII

2026-04-15T17:59:10.886Z,true,false,false,false,150F,Distancia entre SE - Perpendicularidad SE,E3789R1,CNAII

2026-04-15T17:59:14.989Z,true,false,false,false,151F,Distancia entre SE - Perpendicularidad SE,E3789R1,CNAII

2026-04-15T17:59:18.987Z,true,false,false,false,152F,Distancia entre SE - Perpendicularidad SE,E3789R1,CNAII

2026-04-15T17:59:23.005Z,true,false,false,false,153F,Distancia entre SE - Perpendicularidad SE,E3789R1,CNAII

2026-04-15T17:59:27.028Z,true,false,false,false,154F,Distancia entre SE - Perpendicularidad SE,E3789R1,CNAII

2026-04-15T17:59:30.053Z,true,false,false,false,156F,Distancia entre SE - Perpendicularidad SE,E3789R1,CNAII

2026-04-15T17:59:35.119Z,true,false,false,false,157F,Distancia entre SE - Perpendicularidad SE,E3789R1,CNAII

2026-04-15T17:59:38.125Z,true,false,false,false,158F,Distancia entre SE - Perpendicularidad SE,E3789R1,CNAII

2026-04-15T17:59:42.161Z,true,false,false,false,3T.1,Rectitud EC,E3789R1,CNAII

2026-04-15T17:59:49.242Z,true,false,false,false,3T.2,Rectitud EC,E3789R1,CNAII

2026-04-15T17:59:51.250Z,true,false,false,false,3T.3,Rectitud EC,E3789R1,CNAII

2026-04-15T17:59:52.253Z,true,false,false,false,tesL,PURGA DE FOTO LATERAL,E3789R1,CNAII

2026-04-15T17:59:59.344Z,true,false,false,false,159L,PURGA DE FOTO LATERAL,E3789R1,CNAII

2026-04-15T18:00:02.364Z,true,false,false,false,160L,PURGA DE FOTO LATERAL,E3789R1,CNAII

2026-04-15T18:00:07.417Z,true,false,false,false,161L,PURGA DE FOTO LATERAL,E3789R1,CNAII

2026-04-15T18:00:13.444Z,true,false,false,false,162L,PURGA DE FOTO LATERAL,E3789R1,CNAII

2026-04-15T18:00:19.483Z,true,false,false,false,163L,PURGA DE FOTO LATERAL,E3789R1,CNAII

2026-04-15T18:00:25.548Z,true,false,false,false,tesF,PURGA DE FOTO FRONTAL,E3789R1,CNAII

2026-04-15T18:00:31.600Z,true,false,false,false,164F,Distancia entre SE - Perpendicularidad SE,E3789R1,CNAII

2026-04-15T18:00:34.611Z,true,false,false,false,165F,Distancia entre SE - Perpendicularidad SE,E3789R1,CNAII

2026-04-15T18:00:39.631Z,true,false,false,false,166F,Distancia entre SE - Perpendicularidad SE,E3789R1,CNAII

2026-04-15T18:00:43.659Z,true,false,false,false,167F,Distancia entre SE - Perpendicularidad SE,E3789R1,CNAII

2026-04-15T18:00:46.674Z,true,false,false,false,168F,Distancia entre SE - Perpendicularidad SE,E3789R1,CNAII

2026-04-15T18:00:51.721Z,true,false,false,false,169F,Distancia entre SE - Perpendicularidad SE,E3789R1,CNAII

2026-04-15T18:00:54.762Z,true,false,false,false,171F,Distancia entre SE - Perpendicularidad SE,E3789R1,CNAII

2026-04-15T18:00:59.815Z,true,false,false,false,172F,Distancia entre SE - Perpendicularidad SE,E3789R1,CNAII

2026-04-15T18:01:02.820Z,true,false,false,false,173F,Distancia entre SE - Perpendicularidad SE,E3789R1,CNAII

2026-04-15T18:01:05.828Z,true,false,false,false,2T.1,Rectitud EC,E3789R1,CNAII

2026-04-15T18:01:12.899Z,true,false,false,false,2T.2,Rectitud EC,E3789R1,CNAII

2026-04-15T18:01:14.905Z,true,false,false,false,2T.3,Rectitud EC,E3789R1,CNAII

2026-04-15T18:01:16.993Z,true,false,false,false,tesL,PURGA DE FOTO LATERAL,E3789R1,CNAII

2026-04-15T18:01:22.993Z,true,false,false,false,174L,PURGA DE FOTO LATERAL,E3789R1,CNAII

2026-04-15T18:01:26.001Z,true,false,false,false,175L,PURGA DE FOTO LATERAL,E3789R1,CNAII

2026-04-15T18:01:31.047Z,true,false,false,false,176L,PURGA DE FOTO LATERAL,E3789R1,CNAII

2026-04-15T18:01:37.102Z,true,false,false,false,177L,PURGA DE FOTO LATERAL,E3789R1,CNAII

2026-04-15T18:01:43.151Z,true,false,false,false,178L,PURGA DE FOTO LATERAL,E3789R1,CNAII

2026-04-15T18:01:49.207Z,true,false,false,false,tesF,PURGA DE FOTO FRONTAL,E3789R1,CNAII

2026-04-15T18:01:56.264Z,true,false,false,false,179F,Distancia entre SE - Perpendicularidad SE,E3789R1,CNAII

2026-04-15T18:01:59.297Z,true,false,false,false,180F,Distancia entre SE - Perpendicularidad SE,E3789R1,CNAII

2026-04-15T18:02:03.310Z,true,false,false,false,181F,Distancia entre SE - Perpendicularidad SE,E3789R1,CNAII

2026-04-15T18:02:07.343Z,true,false,false,false,182F,Distancia entre SE - Perpendicularidad SE,E3789R1,CNAII

2026-04-15T18:02:11.373Z,true,false,false,false,183F,Distancia entre SE - Perpendicularidad SE,E3789R1,CNAII

2026-04-15T18:02:15.418Z,true,false,false,false,184F,Distancia entre SE - Perpendicularidad SE,E3789R1,CNAII

2026-04-15T18:02:18.431Z,true,false,false,false,186F,Distancia entre SE - Perpendicularidad SE,E3789R1,CNAII

2026-04-15T18:02:23.459Z,true,false,false,false,187F,Distancia entre SE - Perpendicularidad SE,E3789R1,CNAII

2026-04-15T18:02:26.491Z,true,false,false,false,188F,Distancia entre SE - Perpendicularidad SE,E3789R1,CNAII

2026-04-15T18:02:29.517Z,true,false,false,false,1T.1,Rectitud EC,E3789R1,CNAII

2026-04-15T18:02:37.595Z,true,false,false,false,1T.2,Rectitud EC,E3789R1,CNAII

2026-04-15T18:02:38.605Z,true,false,false,false,1T.3,Rectitud EC,E3789R1,CNAII

2026-04-15T18:02:40.639Z,true,false,false,false,tesL,PURGA DE FOTO LATERAL,E3789R1,CNAII

2026-04-15T18:02:47.685Z,true,false,false,false,189L,PURGA DE FOTO LATERAL,E3789R1,CNAII

2026-04-15T18:02:50.710Z,true,false,false,false,190L,PURGA DE FOTO LATERAL,E3789R1,CNAII

2026-04-15T18:02:55.776Z,true,false,false,false,191L,PURGA DE FOTO LATERAL,E3789R1,CNAII

2026-04-15T18:03:01.829Z,true,false,false,false,192L,PURGA DE FOTO LATERAL,E3789R1,CNAII

2026-04-15T18:03:07.875Z,true,false,false,false,193L,PURGA DE FOTO LATERAL,E3789R1,CNAII

2026-04-15T18:03:13.999Z,true,false,false,false,tesF,PURGA DE FOTO FRONTAL,E3789R1,CNAII

2026-04-15T18:03:20.009Z,true,false,false,false,194F,Distancia entre SE - Perpendicularidad SE,E3789R1,CNAII

2026-04-15T18:03:23.034Z,true,false,false,false,195F,Distancia entre SE - Perpendicularidad SE,E3789R1,CNAII

2026-04-15T18:03:28.076Z,true,false,false,false,196F,Distancia entre SE - Perpendicularidad SE,E3789R1,CNAII

2026-04-15T18:03:31.105Z,true,false,false,false,197F,Distancia entre SE - Perpendicularidad SE,E3789R1,CNAII

2026-04-15T18:03:35.121Z,true,false,false,false,198F,Distancia entre SE - Perpendicularidad SE,E3789R1,CNAII

2026-04-15T18:03:39.154Z,true,false,false,false,199F,Distancia entre SE - Perpendicularidad SE,E3789R1,CNAII

2026-04-15T18:03:43.185Z,true,false,false,false,201F,Distancia entre SE - Perpendicularidad SE,E3789R1,CNAII

2026-04-15T18:03:47.226Z,true,false,false,false,202F,Distancia entre SE - Perpendicularidad SE,E3789R1,CNAII

2026-04-15T18:03:51.264Z,true,false,false,false,203F,Distancia entre SE - Perpendicularidad SE,E3789R1,CNAII

2026-04-15T18:03:54.302Z,true,false,false,false,001F,Distancia entre SE y PP,E3789R1,CNAII

2026-04-15T18:04:00.342Z,true,false,false,false,210F,Distancia entre SE y PP,E3789R1,CNAII

2026-04-15T18:04:03.374Z,true,false,false,false,002F,Distancia entre SE y PP,E3789R1,CNAII

2026-04-15T18:04:10.456Z,true,false,false,false,211F,Distancia entre SE y PP,E3789R1,CNAII

2026-04-15T18:04:16.520Z,true,false,false,false,003F,Distancia entre SE y PP,E3789R1,CNAII

2026-04-15T18:04:23.613Z,true,false,false,false,tesL,PURGA DE FOTO LATERAL,E3789R1,CNAII

2026-04-15T18:04:29.666Z,true,false,false,false,212L,PURGA DE FOTO LATERAL,E3789R1,CNAII

2026-04-15T18:04:31.679Z,true,false,false,false,213L,PURGA DE FOTO LATERAL,E3789R1,CNAII

2026-04-15T18:04:39.731Z,true,false,false,false,214L,PURGA DE FOTO LATERAL,E3789R1,CNAII

2026-04-15T18:04:47.817Z,true,false,false,false,tesL,PURGA DE FOTO LATERAL,E3789R1,CNAII

2026-04-15T18:04:55.920Z,true,false,false,false,216L,Presencia de soldadura TVS - Fisuras soldadura TVS,E3789R1,CNAII

2026-04-15T18:05:00.999Z,true,false,false,false,217L,Presencia de soldadura TVS - Fisuras soldadura TVS,E3789R1,CNAII

2026-04-15T18:05:10.035Z,true,false,false,false,218L,Presencia de soldadura TVS - Fisuras soldadura TVS,E3789R1,CNAII

2026-04-15T18:05:18.149Z,true,false,false,false,tesL,PURGA DE FOTO LATERAL,E3789R1,CNAII

2026-04-15T18:05:29.219Z,true,false,false,false,0T.1,Rectitud EC PP,E3789R1,CNAII

2026-04-15T18:05:33.242Z,true,false,false,false,0T.2,Rectitud EC PP,E3789R1,CNAII

2026-04-15T18:05:34.252Z,true,false,false,false,0T.3,Rectitud EC PP,E3789R1,CNAII

2026-04-15T18:05:36.269Z,true,false,false,false,14T.1,Rectitud EC PP,E3789R1,CNAII

2026-04-15T18:05:40.320Z,true,false,false,false,14T.2,Rectitud EC PP,E3789R1,CNAII

2026-04-15T18:05:41.323Z,true,false,false,false,14T.3,Rectitud EC PP,E3789R1,CNAII

2026-04-15T18:05:42.334Z,true,false,false,false,222L,Rectitud EC PP,E3789R1,CNAII

2026-04-15T18:05:47.366Z,true,false,false,false,223L,Rectitud EC PP,E3789R1,CNAII

2026-04-15T18:05:51.419Z,true,false,false,false,224L,Rectitud EC PP,E3789R1,CNAII

2026-04-15T18:05:56.447Z,true,false,false,false,225L,Rectitud EC PP,E3789R1,CNAII

2026-04-15T18:06:01.492Z,true,false,false,false,226L,Rectitud EC PP,E3789R1,CNAII

2026-04-15T18:06:06.524Z,true,false,false,false,227L,Rectitud EC PP,E3789R1,CNAII

2026-04-15T18:06:11.559Z,true,false,false,false,tesL,PURGA DE FOTO LATERAL,E3789R1,CNAII

2026-04-15T18:06:17.630Z,true,false,false,false,228L,PURGA DE FOTO LATERAL,E3789R1,CNAII

2026-04-15T18:06:29.738Z,true,false,false,false,229L,PURGA DE FOTO LATERAL,E3789R1,CNAII

2026-04-15T18:06:33.785Z,true,false,false,false,230L,PURGA DE FOTO LATERAL,E3789R1,CNAII

2026-04-15T18:06:38.821Z,true,false,false,false,231L,PURGA DE FOTO LATERAL,E3789R1,CNAII

2026-04-15T18:06:43.867Z,true,false,false,false,232L,PURGA DE FOTO LATERAL,E3789R1,CNAII

2026-04-15T18:06:48.904Z,true,false,false,false,233L,PURGA DE FOTO LATERAL,E3789R1,CNAII

2026-04-15T18:06:54.001Z,true,false,false,false,tesF,PURGA DE FOTO FRONTAL,E3789R1,CNAII

2026-04-15T18:06:57.998Z,true,false,false,false,240F,PURGA DE FOTO FRONTAL,E3789R1,CNAII

2026-04-15T18:07:02.008Z,true,false,false,false,241F,PURGA DE FOTO FRONTAL,E3789R1,CNAII

2026-04-15T18:07:06.011Z,true,false,false,false,242F,PURGA DE FOTO FRONTAL,E3789R1,CNAII

2026-04-15T18:07:07.036Z,true,false,false,false,tesF,PURGA DE FOTO FRONTAL,E3789R1,CNAII

2026-04-15T18:07:13.041Z,true,false,false,false,,,E3789R1,CNAII

2026-04-15T18:08:30.850Z,false,false,false,true,,,E3789R1,CNAII

2026-04-15T18:08:46.031Z,false,false,false,false,,,E3789R1,CNAII

2026-04-15T18:39:54.044Z,true,false,false,false,,,E3786R2,CNAII

2026-04-15T18:40:21.291Z,true,false,false,false,13T.1,Rectitud EC,E3786R2,CNAII

2026-04-15T18:40:39.457Z,true,false,false,false,13T.2,Rectitud EC,E3786R2,CNAII

2026-04-15T18:40:41.472Z,true,false,false,false,13T.3,Rectitud EC,E3786R2,CNAII

2026-04-15T18:40:42.488Z,true,false,false,false,AZ4-A,Rectitud EC,E3786R2,CNAII

2026-04-15T18:40:44.521Z,true,false,false,false,AZ4-B,Zapata tipo I/II 4,E3786R2,CNAII

2026-04-15T18:40:46.532Z,true,false,false,false,AZ3-A,Zapata tipo I/II 4,E3786R2,CNAII

2026-04-15T18:40:51.571Z,true,false,false,false,AZ3-B,Zapata tipo I/II 3,E3786R2,CNAII

2026-04-15T18:40:54.580Z,true,false,false,false,AZ2-B,Zapata tipo I/II 2,E3786R2,CNAII

2026-04-15T18:40:58.649Z,true,false,false,false,AZ12-A,Zapata tipo I/II 2,E3786R2,CNAII

2026-04-15T18:41:00.636Z,true,false,false,false,AZ1-B,Zapata tipo I/II 1,E3786R2,CNAII

2026-04-15T18:41:03.645Z,true,false,false,false,AZ6-B,Zapata tipo I/II 6,E3786R2,CNAII

2026-04-15T18:41:11.749Z,true,false,false,false,AZ56-A,Zapata tipo I/II 6,E3786R2,CNAII

2026-04-15T18:41:14.773Z,true,false,false,false,AZ5-B,Zapata tipo I/II 5,E3786R2,CNAII

2026-04-15T18:41:16.809Z,true,false,false,false,tesF,PURGA DE FOTO FRONTAL,E3786R2,CNAII

2026-04-15T18:41:18.835Z,true,false,false,false,1F,PURGA DE FOTO FRONTAL,E3786R2,CNAII

2026-04-15T18:41:22.856Z,true,false,false,false,2F,PURGA DE FOTO FRONTAL,E3786R2,CNAII

2026-04-15T18:41:26.872Z,true,false,false,false,3F,Distancia entre SE - Perpendicularidad SE,E3786R2,CNAII

2026-04-15T18:41:29.890Z,true,false,false,false,4F,Distancia entre SE - Perpendicularidad SE,E3786R2,CNAII

2026-04-15T18:41:33.935Z,true,false,false,false,5F,Distancia entre SE - Perpendicularidad SE,E3786R2,CNAII

2026-04-15T18:41:38.010Z,true,false,false,false,6F,Distancia entre SE - Perpendicularidad SE,E3786R2,CNAII

2026-04-15T18:41:40.007Z,true,false,false,false,7F,Distancia entre SE - Perpendicularidad SE,E3786R2,CNAII

2026-04-15T18:41:43.031Z,true,false,false,false,9F,Distancia entre SE - Perpendicularidad SE,E3786R2,CNAII

2026-04-15T18:41:48.051Z,true,false,false,false,10F,Distancia entre SE - Perpendicularidad SE,E3786R2,CNAII

2026-04-15T18:41:51.106Z,true,false,false,false,11F,Distancia entre SE - Perpendicularidad SE,E3786R2,CNAII

2026-04-15T18:41:54.146Z,true,false,false,false,12F,Distancia entre SE - Perpendicularidad SE,E3786R2,CNAII

2026-04-15T18:41:57.152Z,true,false,false,false,tesL,PURGA DE FOTO LATERAL,E3786R2,CNAII

2026-04-15T18:42:03.214Z,true,false,false,false,13L,PURGA DE FOTO LATERAL,E3786R2,CNAII

2026-04-15T18:42:05.231Z,true,false,false,false,14L,PURGA DE FOTO LATERAL,E3786R2,CNAII

2026-04-15T18:42:10.271Z,true,false,false,false,15L,PURGA DE FOTO LATERAL,E3786R2,CNAII

2026-04-15T18:42:14.295Z,true,false,false,false,16L,PURGA DE FOTO LATERAL,E3786R2,CNAII

2026-04-15T18:42:17.321Z,true,false,false,false,17L,PURGA DE FOTO LATERAL,E3786R2,CNAII

2026-04-15T18:42:23.365Z,true,false,false,false,18L,PURGA DE FOTO LATERAL,E3786R2,CNAII

2026-04-15T18:42:27.416Z,true,false,false,false,19L,PURGA DE FOTO LATERAL,E3786R2,CNAII

2026-04-15T18:42:31.427Z,true,false,false,false,12T.1,Rectitud EC,E3786R2,CNAII

2026-04-15T18:42:46.639Z,true,false,false,false,12T.2,Rectitud EC,E3786R2,CNAII

2026-04-15T18:42:47.628Z,true,false,false,false,12T.3,Rectitud EC,E3786R2,CNAII

2026-04-15T18:42:49.651Z,true,false,false,false,tesL,PURGA DE FOTO LATERAL,E3786R2,CNAII

2026-04-15T18:42:55.680Z,true,false,false,false,24L,PURGA DE FOTO LATERAL,E3786R2,CNAII

2026-04-15T18:42:58.719Z,true,false,false,false,25L,PURGA DE FOTO LATERAL,E3786R2,CNAII

2026-04-15T18:43:03.765Z,true,false,false,false,26L,PURGA DE FOTO LATERAL,E3786R2,CNAII

2026-04-15T18:43:09.832Z,true,false,false,false,27L,PURGA DE FOTO LATERAL,E3786R2,CNAII

2026-04-15T18:43:15.865Z,true,false,false,false,28L,PURGA DE FOTO LATERAL,E3786R2,CNAII

2026-04-15T18:43:21.934Z,true,false,false,false,tesF,PURGA DE FOTO FRONTAL,E3786R2,CNAII

2026-04-15T18:43:29.022Z,true,false,false,false,29F,Distancia entre SE - Perpendicularidad SE,E3786R2,CNAII

2026-04-15T18:43:32.034Z,true,false,false,false,30F,Distancia entre SE - Perpendicularidad SE,E3786R2,CNAII

2026-04-15T18:43:36.060Z,true,false,false,false,31F,Distancia entre SE - Perpendicularidad SE,E3786R2,CNAII

2026-04-15T18:43:40.089Z,true,false,false,false,32F,Distancia entre SE - Perpendicularidad SE,E3786R2,CNAII

2026-04-15T18:43:44.128Z,true,false,false,false,33F,Distancia entre SE - Perpendicularidad SE,E3786R2,CNAII

2026-04-15T18:43:48.147Z,true,false,false,false,34F,Distancia entre SE - Perpendicularidad SE,E3786R2,CNAII

2026-04-15T18:43:51.178Z,true,false,false,false,36F,Distancia entre SE - Perpendicularidad SE,E3786R2,CNAII

2026-04-15T18:43:56.222Z,true,false,false,false,37F,Distancia entre SE - Perpendicularidad SE,E3786R2,CNAII

2026-04-15T18:43:59.232Z,true,false,false,false,38F,Distancia entre SE - Perpendicularidad SE,E3786R2,CNAII

2026-04-15T18:44:03.246Z,true,false,false,false,11T.1,Rectitud EC,E3786R2,CNAII

2026-04-15T18:44:09.318Z,true,false,false,false,11T.2,Rectitud EC,E3786R2,CNAII

2026-04-15T18:44:11.336Z,true,false,false,false,11T.3,Rectitud EC,E3786R2,CNAII

2026-04-15T18:44:12.346Z,true,false,false,false,tesL,PURGA DE FOTO LATERAL,E3786R2,CNAII

2026-04-15T18:44:19.400Z,true,false,false,false,39L,PURGA DE FOTO LATERAL,E3786R2,CNAII

2026-04-15T18:44:22.424Z,true,false,false,false,40L,PURGA DE FOTO LATERAL,E3786R2,CNAII

2026-04-15T18:44:27.469Z,true,false,false,false,41L,PURGA DE FOTO LATERAL,E3786R2,CNAII

2026-04-15T18:44:33.515Z,true,false,false,false,42L,PURGA DE FOTO LATERAL,E3786R2,CNAII

2026-04-15T18:44:39.571Z,true,false,false,false,43L,PURGA DE FOTO LATERAL,E3786R2,CNAII

2026-04-15T18:44:45.621Z,true,false,false,false,tesF,PURGA DE FOTO FRONTAL,E3786R2,CNAII

2026-04-15T18:44:51.669Z,true,false,false,false,44F,Distancia entre SE - Perpendicularidad SE,E3786R2,CNAII

2026-04-15T18:44:54.697Z,true,false,false,false,45F,Distancia entre SE - Perpendicularidad SE,E3786R2,CNAII

2026-04-15T18:44:59.717Z,true,false,false,false,46F,Distancia entre SE - Perpendicularidad SE,E3786R2,CNAII

2026-04-15T18:45:02.741Z,true,false,false,false,47F,Distancia entre SE - Perpendicularidad SE,E3786R2,CNAII

2026-04-15T18:45:06.808Z,true,false,false,false,48F,Distancia entre SE - Perpendicularidad SE,E3786R2,CNAII

2026-04-15T18:45:10.818Z,true,false,false,false,49F,Distancia entre SE - Perpendicularidad SE,E3786R2,CNAII

2026-04-15T18:45:14.850Z,true,false,false,false,51F,Distancia entre SE - Perpendicularidad SE,E3786R2,CNAII

2026-04-15T18:45:18.869Z,true,false,false,false,52F,Distancia entre SE - Perpendicularidad SE,E3786R2,CNAII

2026-04-15T18:45:22.908Z,true,false,false,false,53F,Distancia entre SE - Perpendicularidad SE,E3786R2,CNAII

2026-04-15T18:45:25.929Z,true,false,false,false,10T.1,Rectitud EC,E3786R2,CNAII

2026-04-15T18:45:33.020Z,true,false,false,false,10T.2,Rectitud EC,E3786R2,CNAII

2026-04-15T18:45:34.042Z,true,false,false,false,10T.3,Rectitud EC,E3786R2,CNAII

2026-04-15T18:45:36.023Z,true,false,false,false,tesL,PURGA DE FOTO LATERAL,E3786R2,CNAII

2026-04-15T18:45:43.083Z,true,false,false,false,54L,PURGA DE FOTO LATERAL,E3786R2,CNAII

2026-04-15T18:45:46.113Z,true,false,false,false,55L,PURGA DE FOTO LATERAL,E3786R2,CNAII

2026-04-15T18:45:51.156Z,true,false,false,false,56L,PURGA DE FOTO LATERAL,E3786R2,CNAII

2026-04-15T18:45:57.217Z,true,false,false,false,57L,PURGA DE FOTO LATERAL,E3786R2,CNAII

2026-04-15T18:46:03.274Z,true,false,false,false,58L,PURGA DE FOTO LATERAL,E3786R2,CNAII

2026-04-15T18:46:09.329Z,true,false,false,false,tesF,PURGA DE FOTO FRONTAL,E3786R2,CNAII

2026-04-15T18:46:15.390Z,true,false,false,false,59F,Distancia entre SE - Perpendicularidad SE,E3786R2,CNAII

2026-04-15T18:46:18.432Z,true,false,false,false,60F,Distancia entre SE - Perpendicularidad SE,E3786R2,CNAII

2026-04-15T18:46:22.457Z,true,false,false,false,61F,Distancia entre SE - Perpendicularidad SE,E3786R2,CNAII

2026-04-15T18:46:26.492Z,true,false,false,false,62F,Distancia entre SE - Perpendicularidad SE,E3786R2,CNAII

2026-04-15T18:46:30.524Z,true,false,false,false,63F,Distancia entre SE - Perpendicularidad SE,E3786R2,CNAII

2026-04-15T18:46:34.566Z,true,false,false,false,64F,Distancia entre SE - Perpendicularidad SE,E3786R2,CNAII

2026-04-15T18:46:37.582Z,true,false,false,false,66F,Distancia entre SE - Perpendicularidad SE,E3786R2,CNAII

2026-04-15T18:46:42.635Z,true,false,false,false,67F,Distancia entre SE - Perpendicularidad SE,E3786R2,CNAII

2026-04-15T18:46:45.665Z,true,false,false,false,68F,Distancia entre SE - Perpendicularidad SE,E3786R2,CNAII

2026-04-15T18:46:49.716Z,true,false,false,false,9T.1,Rectitud EC,E3786R2,CNAII

2026-04-15T18:46:56.758Z,true,false,false,false,9T.2,Rectitud EC,E3786R2,CNAII

2026-04-15T18:46:58.789Z,true,false,false,false,9T.3,Rectitud EC,E3786R2,CNAII

2026-04-15T18:46:59.818Z,true,false,false,false,tesL,PURGA DE FOTO LATERAL,E3786R2,CNAII

2026-04-15T18:47:06.858Z,true,false,false,false,69L,PURGA DE FOTO LATERAL,E3786R2,CNAII

2026-04-15T18:47:09.873Z,true,false,false,false,70L,PURGA DE FOTO LATERAL,E3786R2,CNAII

2026-04-15T18:47:14.918Z,true,false,false,false,71L,PURGA DE FOTO LATERAL,E3786R2,CNAII

2026-04-15T18:47:21.005Z,true,false,false,false,72L,PURGA DE FOTO LATERAL,E3786R2,CNAII

2026-04-15T18:47:27.039Z,true,false,false,false,73L,PURGA DE FOTO LATERAL,E3786R2,CNAII

2026-04-15T18:47:33.085Z,true,false,false,false,tesF,PURGA DE FOTO FRONTAL,E3786R2,CNAII

2026-04-15T18:47:39.151Z,true,false,false,false,74F,Distancia entre SE - Perpendicularidad SE,E3786R2,CNAII

2026-04-15T18:47:42.177Z,true,false,false,false,75F,Distancia entre SE - Perpendicularidad SE,E3786R2,CNAII

2026-04-15T18:47:47.233Z,true,false,false,false,76F,Distancia entre SE - Perpendicularidad SE,E3786R2,CNAII

2026-04-15T18:47:50.243Z,true,false,false,false,77F,Distancia entre SE - Perpendicularidad SE,E3786R2,CNAII

2026-04-15T18:47:54.274Z,true,false,false,false,78F,Distancia entre SE - Perpendicularidad SE,E3786R2,CNAII

2026-04-15T18:47:58.323Z,true,false,false,false,79F,Distancia entre SE - Perpendicularidad SE,E3786R2,CNAII

2026-04-15T18:48:02.363Z,true,false,false,false,81F,Distancia entre SE - Perpendicularidad SE,E3786R2,CNAII

2026-04-15T18:48:07.398Z,true,false,false,false,82F,Distancia entre SE - Perpendicularidad SE,E3786R2,CNAII

2026-04-15T18:48:10.416Z,true,false,false,false,83F,Distancia entre SE - Perpendicularidad SE,E3786R2,CNAII

2026-04-15T18:48:13.426Z,true,false,false,false,8T.1,Rectitud EC,E3786R2,CNAII

2026-04-15T18:48:20.492Z,true,false,false,false,8T.2,Rectitud EC,E3786R2,CNAII

2026-04-15T18:48:22.516Z,true,false,false,false,8T.3,Rectitud EC,E3786R2,CNAII

2026-04-15T18:48:24.539Z,true,false,false,false,tesL,PURGA DE FOTO LATERAL,E3786R2,CNAII

2026-04-15T18:48:30.605Z,true,false,false,false,84L,PURGA DE FOTO LATERAL,E3786R2,CNAII

2026-04-15T18:48:33.636Z,true,false,false,false,85L,PURGA DE FOTO LATERAL,E3786R2,CNAII

2026-04-15T18:48:38.675Z,true,false,false,false,86L,PURGA DE FOTO LATERAL,E3786R2,CNAII

2026-04-15T18:48:44.725Z,true,false,false,false,87L,PURGA DE FOTO LATERAL,E3786R2,CNAII

2026-04-15T18:48:50.768Z,true,false,false,false,88L,PURGA DE FOTO LATERAL,E3786R2,CNAII

2026-04-15T18:48:56.830Z,true,false,false,false,tesF,PURGA DE FOTO FRONTAL,E3786R2,CNAII

2026-04-15T18:49:02.891Z,true,false,false,false,89F,Distancia entre SE - Perpendicularidad SE,E3786R2,CNAII

2026-04-15T18:49:07.005Z,true,false,false,false,90F,Distancia entre SE - Perpendicularidad SE,E3786R2,CNAII

2026-04-15T18:49:11.004Z,true,false,false,false,91F,Distancia entre SE - Perpendicularidad SE,E3786R2,CNAII

2026-04-15T18:49:15.022Z,true,false,false,false,92F,Distancia entre SE - Perpendicularidad SE,E3786R2,CNAII

2026-04-15T18:49:18.019Z,true,false,false,false,93F,Distancia entre SE - Perpendicularidad SE,E3786R2,CNAII

2026-04-15T18:49:23.054Z,true,false,false,false,94F,Distancia entre SE - Perpendicularidad SE,E3786R2,CNAII

2026-04-15T18:49:26.086Z,true,false,false,false,96F,Distancia entre SE - Perpendicularidad SE,E3786R2,CNAII

2026-04-15T18:49:31.127Z,true,false,false,false,97F,Distancia entre SE - Perpendicularidad SE,E3786R2,CNAII

2026-04-15T18:49:34.147Z,true,false,false,false,98F,Distancia entre SE - Perpendicularidad SE,E3786R2,CNAII

2026-04-15T18:49:37.165Z,true,false,false,false,7T.1,Rectitud EC,E3786R2,CNAII

2026-04-15T18:49:45.244Z,true,false,false,false,7T.2,Rectitud EC,E3786R2,CNAII

2026-04-15T18:49:46.254Z,true,false,false,false,7T.3,Rectitud EC,E3786R2,CNAII

2026-04-15T18:49:48.272Z,true,false,false,false,tesL,PURGA DE FOTO LATERAL,E3786R2,CNAII

2026-04-15T18:49:54.317Z,true,false,false,false,99L,PURGA DE FOTO LATERAL,E3786R2,CNAII

2026-04-15T18:49:58.358Z,true,false,false,false,100L,PURGA DE FOTO LATERAL,E3786R2,CNAII

2026-04-15T18:50:02.421Z,true,false,false,false,101L,PURGA DE FOTO LATERAL,E3786R2,CNAII

2026-04-15T18:50:08.482Z,true,false,false,false,102L,PURGA DE FOTO LATERAL,E3786R2,CNAII

2026-04-15T18:50:14.549Z,true,false,false,false,103L,PURGA DE FOTO LATERAL,E3786R2,CNAII

2026-04-15T18:50:20.587Z,true,false,false,false,tesF,PURGA DE FOTO FRONTAL,E3786R2,CNAII

2026-04-15T18:50:27.650Z,true,false,false,false,104F,Distancia entre SE - Perpendicularidad SE,E3786R2,CNAII

2026-04-15T18:50:30.673Z,true,false,false,false,105F,Distancia entre SE - Perpendicularidad SE,E3786R2,CNAII

2026-04-15T18:50:34.717Z,true,false,false,false,106F,Distancia entre SE - Perpendicularidad SE,E3786R2,CNAII

2026-04-15T18:50:38.747Z,true,false,false,false,107F,Distancia entre SE - Perpendicularidad SE,E3786R2,CNAII

2026-04-15T18:50:42.814Z,true,false,false,false,108F,Distancia entre SE - Perpendicularidad SE,E3786R2,CNAII

2026-04-15T18:50:46.820Z,true,false,false,false,109F,Distancia entre SE - Perpendicularidad SE,E3786R2,CNAII

2026-04-15T18:50:49.837Z,true,false,false,false,111F,Distancia entre SE - Perpendicularidad SE,E3786R2,CNAII

2026-04-15T18:50:54.863Z,true,false,false,false,112F,Distancia entre SE - Perpendicularidad SE,E3786R2,CNAII

2026-04-15T18:50:57.878Z,true,false,false,false,113F,Distancia entre SE - Perpendicularidad SE,E3786R2,CNAII

2026-04-15T18:51:00.893Z,true,false,false,false,6T.1,Rectitud EC,E3786R2,CNAII

2026-04-15T18:51:09.005Z,true,false,false,false,6T.2,Rectitud EC,E3786R2,CNAII

2026-04-15T18:51:10.014Z,true,false,false,false,6T.3,Rectitud EC,E3786R2,CNAII

2026-04-15T18:51:12.022Z,true,false,false,false,tesL,PURGA DE FOTO LATERAL,E3786R2,CNAII

2026-04-15T18:51:19.084Z,true,false,false,false,114L,PURGA DE FOTO LATERAL,E3786R2,CNAII

2026-04-15T18:51:22.120Z,true,false,false,false,115L,PURGA DE FOTO LATERAL,E3786R2,CNAII

2026-04-15T18:51:27.158Z,true,false,false,false,116L,PURGA DE FOTO LATERAL,E3786R2,CNAII

2026-04-15T18:51:33.224Z,true,false,false,false,117L,PURGA DE FOTO LATERAL,E3786R2,CNAII

2026-04-15T18:51:39.282Z,true,false,false,false,118L,PURGA DE FOTO LATERAL,E3786R2,CNAII

2026-04-15T18:51:44.351Z,true,false,false,false,tesF,PURGA DE FOTO FRONTAL,E3786R2,CNAII

2026-04-15T18:51:51.419Z,true,false,false,false,119F,Distancia entre SE - Perpendicularidad SE,E3786R2,CNAII

2026-04-15T18:51:54.469Z,true,false,false,false,120F,Distancia entre SE - Perpendicularidad SE,E3786R2,CNAII

2026-04-15T18:51:58.490Z,true,false,false,false,121F,Distancia entre SE - Perpendicularidad SE,E3786R2,CNAII

2026-04-15T18:52:02.524Z,true,false,false,false,122F,Distancia entre SE - Perpendicularidad SE,E3786R2,CNAII

2026-04-15T18:52:06.537Z,true,false,false,false,123F,Distancia entre SE - Perpendicularidad SE,E3786R2,CNAII

2026-04-15T18:52:10.590Z,true,false,false,false,124F,Distancia entre SE - Perpendicularidad SE,E3786R2,CNAII

2026-04-15T18:52:13.602Z,true,false,false,false,126F,Distancia entre SE - Perpendicularidad SE,E3786R2,CNAII

2026-04-15T18:52:18.647Z,true,false,false,false,127F,Distancia entre SE - Perpendicularidad SE,E3786R2,CNAII

2026-04-15T18:52:21.702Z,true,false,false,false,128F,Distancia entre SE - Perpendicularidad SE,E3786R2,CNAII

2026-04-15T18:52:25.706Z,true,false,false,false,5T.1,Rectitud EC,E3786R2,CNAII

2026-04-15T18:52:32.760Z,true,false,false,false,5T.2,Rectitud EC,E3786R2,CNAII

2026-04-15T18:52:34.785Z,true,false,false,false,5T.3,Rectitud EC,E3786R2,CNAII

2026-04-15T18:52:35.797Z,true,false,false,false,tesL,PURGA DE FOTO LATERAL,E3786R2,CNAII

2026-04-15T18:52:42.874Z,true,false,false,false,129L,PURGA DE FOTO LATERAL,E3786R2,CNAII

2026-04-15T18:52:45.898Z,true,false,false,false,130L,PURGA DE FOTO LATERAL,E3786R2,CNAII

2026-04-15T18:52:51.007Z,true,false,false,false,131L,PURGA DE FOTO LATERAL,E3786R2,CNAII

2026-04-15T18:52:57.007Z,true,false,false,false,132L,PURGA DE FOTO LATERAL,E3786R2,CNAII

2026-04-15T18:53:03.036Z,true,false,false,false,133L,PURGA DE FOTO LATERAL,E3786R2,CNAII

2026-04-15T18:53:09.118Z,true,false,false,false,tesF,PURGA DE FOTO FRONTAL,E3786R2,CNAII

2026-04-15T18:53:15.154Z,true,false,false,false,134F,Distancia entre SE - Perpendicularidad SE,E3786R2,CNAII

2026-04-15T18:53:18.175Z,true,false,false,false,135F,Distancia entre SE - Perpendicularidad SE,E3786R2,CNAII

2026-04-15T18:53:23.238Z,true,false,false,false,136F,Distancia entre SE - Perpendicularidad SE,E3786R2,CNAII

2026-04-15T18:53:26.256Z,true,false,false,false,137F,Distancia entre SE - Perpendicularidad SE,E3786R2,CNAII

2026-04-15T18:53:30.282Z,true,false,false,false,138F,Distancia entre SE - Perpendicularidad SE,E3786R2,CNAII

2026-04-15T18:53:34.319Z,true,false,false,false,139F,Distancia entre SE - Perpendicularidad SE,E3786R2,CNAII

2026-04-15T18:53:38.354Z,true,false,false,false,141F,Distancia entre SE - Perpendicularidad SE,E3786R2,CNAII

2026-04-15T18:53:42.389Z,true,false,false,false,142F,Distancia entre SE - Perpendicularidad SE,E3786R2,CNAII

2026-04-15T18:53:46.420Z,true,false,false,false,143F,Distancia entre SE - Perpendicularidad SE,E3786R2,CNAII

2026-04-15T18:53:49.455Z,true,false,false,false,4T.1,Rectitud EC,E3786R2,CNAII

2026-04-15T18:53:56.520Z,true,false,false,false,4T.2,Rectitud EC,E3786R2,CNAII

2026-04-15T18:53:58.539Z,true,false,false,false,4T.3,Rectitud EC,E3786R2,CNAII

2026-04-15T18:54:00.564Z,true,false,false,false,tesL,PURGA DE FOTO LATERAL,E3786R2,CNAII

2026-04-15T18:54:06.664Z,true,false,false,false,144L,PURGA DE FOTO LATERAL,E3786R2,CNAII

2026-04-15T18:54:09.670Z,true,false,false,false,145L,PURGA DE FOTO LATERAL,E3786R2,CNAII

2026-04-15T18:54:14.679Z,true,false,false,false,146L,PURGA DE FOTO LATERAL,E3786R2,CNAII

2026-04-15T18:54:20.744Z,true,false,false,false,147L,PURGA DE FOTO LATERAL,E3786R2,CNAII

2026-04-15T18:54:26.791Z,true,false,false,false,148L,PURGA DE FOTO LATERAL,E3786R2,CNAII

2026-04-15T18:54:32.858Z,true,false,false,false,tesF,PURGA DE FOTO FRONTAL,E3786R2,CNAII

2026-04-15T18:54:38.925Z,true,false,false,false,149F,Distancia entre SE - Perpendicularidad SE,E3786R2,CNAII

2026-04-15T18:54:42.009Z,true,false,false,false,150F,Distancia entre SE - Perpendicularidad SE,E3786R2,CNAII

2026-04-15T18:54:47.005Z,true,false,false,false,151F,Distancia entre SE - Perpendicularidad SE,E3786R2,CNAII

2026-04-15T18:54:51.043Z,true,false,false,false,152F,Distancia entre SE - Perpendicularidad SE,E3786R2,CNAII

2026-04-15T18:54:54.028Z,true,false,false,false,153F,Distancia entre SE - Perpendicularidad SE,E3786R2,CNAII

2026-04-15T18:54:59.075Z,true,false,false,false,154F,Distancia entre SE - Perpendicularidad SE,E3786R2,CNAII

2026-04-15T18:55:02.093Z,true,false,false,false,156F,Distancia entre SE - Perpendicularidad SE,E3786R2,CNAII

2026-04-15T18:55:07.155Z,true,false,false,false,157F,Distancia entre SE - Perpendicularidad SE,E3786R2,CNAII

2026-04-15T18:55:10.165Z,true,false,false,false,158F,Distancia entre SE - Perpendicularidad SE,E3786R2,CNAII

2026-04-15T18:55:13.184Z,true,false,false,false,3T.1,Rectitud EC,E3786R2,CNAII

2026-04-15T18:55:20.253Z,true,false,false,false,3T.2,Rectitud EC,E3786R2,CNAII

2026-04-15T18:55:22.272Z,true,false,false,false,3T.3,Rectitud EC,E3786R2,CNAII

2026-04-15T18:55:24.281Z,true,false,false,false,tesL,PURGA DE FOTO LATERAL,E3786R2,CNAII

2026-04-15T18:55:30.335Z,true,false,false,false,159L,PURGA DE FOTO LATERAL,E3786R2,CNAII

2026-04-15T18:55:33.354Z,true,false,false,false,160L,PURGA DE FOTO LATERAL,E3786R2,CNAII

2026-04-15T18:55:38.389Z,true,false,false,false,161L,PURGA DE FOTO LATERAL,E3786R2,CNAII

2026-04-15T18:55:44.434Z,true,false,false,false,162L,PURGA DE FOTO LATERAL,E3786R2,CNAII

2026-04-15T18:55:50.496Z,true,false,false,false,163L,PURGA DE FOTO LATERAL,E3786R2,CNAII

2026-04-15T18:55:56.562Z,true,false,false,false,tesF,PURGA DE FOTO FRONTAL,E3786R2,CNAII

2026-04-15T18:56:02.626Z,true,false,false,false,164F,Distancia entre SE - Perpendicularidad SE,E3786R2,CNAII

2026-04-15T18:56:06.661Z,true,false,false,false,165F,Distancia entre SE - Perpendicularidad SE,E3786R2,CNAII

2026-04-15T18:56:10.667Z,true,false,false,false,166F,Distancia entre SE - Perpendicularidad SE,E3786R2,CNAII

2026-04-15T18:56:14.689Z,true,false,false,false,167F,Distancia entre SE - Perpendicularidad SE,E3786R2,CNAII

2026-04-15T18:56:17.708Z,true,false,false,false,168F,Distancia entre SE - Perpendicularidad SE,E3786R2,CNAII

2026-04-15T18:56:26.805Z,true,false,false,false,169F,Distancia entre SE - Perpendicularidad SE,E3786R2,CNAII

2026-04-15T19:05:44.341Z,true,false,false,false,171F,Distancia entre SE - Perpendicularidad SE,E3786R2,CNAII

2026-04-15T19:05:49.376Z,true,false,false,false,172F,Distancia entre SE - Perpendicularidad SE,E3786R2,CNAII

2026-04-15T19:05:52.409Z,true,false,false,false,173F,Distancia entre SE - Perpendicularidad SE,E3786R2,CNAII

2026-04-15T19:05:56.446Z,true,false,false,false,2T.1,Rectitud EC,E3786R2,CNAII

2026-04-15T19:06:03.525Z,true,false,false,false,2T.2,Rectitud EC,E3786R2,CNAII

2026-04-15T19:06:04.540Z,true,false,false,false,2T.3,Rectitud EC,E3786R2,CNAII

2026-04-15T19:06:06.553Z,true,false,false,false,tesL,PURGA DE FOTO LATERAL,E3786R2,CNAII

2026-04-15T19:06:12.646Z,true,false,false,false,174L,PURGA DE FOTO LATERAL,E3786R2,CNAII

2026-04-15T19:06:16.687Z,true,false,false,false,175L,PURGA DE FOTO LATERAL,E3786R2,CNAII

2026-04-15T19:06:20.679Z,true,false,false,false,176L,PURGA DE FOTO LATERAL,E3786R2,CNAII

2026-04-15T19:06:26.738Z,true,false,false,false,177L,PURGA DE FOTO LATERAL,E3786R2,CNAII

2026-04-15T19:06:32.811Z,true,false,false,false,178L,PURGA DE FOTO LATERAL,E3786R2,CNAII

2026-04-15T19:06:38.853Z,true,false,false,false,tesF,PURGA DE FOTO FRONTAL,E3786R2,CNAII

2026-04-15T19:06:45.926Z,true,false,false,false,179F,Distancia entre SE - Perpendicularidad SE,E3786R2,CNAII

2026-04-15T19:06:49.011Z,true,false,false,false,180F,Distancia entre SE - Perpendicularidad SE,E3786R2,CNAII

2026-04-15T19:06:53.012Z,true,false,false,false,181F,Distancia entre SE - Perpendicularidad SE,E3786R2,CNAII

2026-04-15T19:06:57.024Z,true,false,false,false,182F,Distancia entre SE - Perpendicularidad SE,E3786R2,CNAII

2026-04-15T19:07:01.055Z,true,false,false,false,183F,Distancia entre SE - Perpendicularidad SE,E3786R2,CNAII

2026-04-15T19:07:22.257Z,true,false,false,false,184F,Distancia entre SE - Perpendicularidad SE,E3786R2,CNAII

2026-04-15T19:07:25.290Z,true,false,false,false,186F,Distancia entre SE - Perpendicularidad SE,E3786R2,CNAII

2026-04-15T19:08:20.848Z,true,false,false,false,187F,Distancia entre SE - Perpendicularidad SE,E3786R2,CNAII

2026-04-15T19:11:30.785Z,true,false,false,false,188F,Distancia entre SE - Perpendicularidad SE,E3786R2,CNAII

2026-04-15T19:11:33.813Z,true,false,false,false,1T.1,Rectitud EC,E3786R2,CNAII

2026-04-15T19:11:40.886Z,true,false,false,false,1T.2,Rectitud EC,E3786R2,CNAII

2026-04-15T19:11:42.896Z,true,false,false,false,1T.3,Rectitud EC,E3786R2,CNAII

2026-04-15T19:11:44.923Z,true,false,false,false,tesL,PURGA DE FOTO LATERAL,E3786R2,CNAII

2026-04-15T19:11:51.031Z,true,false,false,false,189L,PURGA DE FOTO LATERAL,E3786R2,CNAII

2026-04-15T19:11:54.035Z,true,false,false,false,190L,PURGA DE FOTO LATERAL,E3786R2,CNAII

2026-04-15T19:11:59.054Z,true,false,false,false,191L,PURGA DE FOTO LATERAL,E3786R2,CNAII

2026-04-15T19:12:05.131Z,true,false,false,false,192L,PURGA DE FOTO LATERAL,E3786R2,CNAII

2026-04-15T19:12:11.152Z,true,false,false,false,193L,PURGA DE FOTO LATERAL,E3786R2,CNAII

2026-04-15T19:12:17.206Z,true,false,false,false,tesF,PURGA DE FOTO FRONTAL,E3786R2,CNAII

2026-04-15T19:12:23.267Z,true,false,false,false,194F,Distancia entre SE - Perpendicularidad SE,E3786R2,CNAII

2026-04-15T19:12:26.289Z,true,false,false,false,195F,Distancia entre SE - Perpendicularidad SE,E3786R2,CNAII

2026-04-15T19:12:31.326Z,true,false,false,false,196F,Distancia entre SE - Perpendicularidad SE,E3786R2,CNAII

2026-04-15T19:12:34.346Z,true,false,false,false,197F,Distancia entre SE - Perpendicularidad SE,E3786R2,CNAII

2026-04-15T19:12:38.367Z,true,false,false,false,198F,Distancia entre SE - Perpendicularidad SE,E3786R2,CNAII

2026-04-15T19:12:42.415Z,true,false,false,false,199F,Distancia entre SE - Perpendicularidad SE,E3786R2,CNAII

2026-04-15T19:12:46.437Z,true,false,false,false,201F,Distancia entre SE - Perpendicularidad SE,E3786R2,CNAII

2026-04-15T19:12:50.474Z,true,false,false,false,202F,Distancia entre SE - Perpendicularidad SE,E3786R2,CNAII

2026-04-15T19:12:54.525Z,true,false,false,false,203F,Distancia entre SE - Perpendicularidad SE,E3786R2,CNAII

2026-04-15T19:12:57.527Z,true,false,false,false,001F,Distancia entre SE y PP,E3786R2,CNAII

2026-04-15T19:13:03.578Z,true,false,false,false,210F,Distancia entre SE y PP,E3786R2,CNAII

2026-04-15T19:13:06.633Z,true,false,false,false,002F,Distancia entre SE y PP,E3786R2,CNAII

2026-04-15T19:13:13.692Z,true,false,false,false,211F,Distancia entre SE y PP,E3786R2,CNAII

2026-04-15T19:13:19.758Z,true,false,false,false,003F,Distancia entre SE y PP,E3786R2,CNAII

2026-04-15T19:13:26.810Z,true,false,false,false,tesL,PURGA DE FOTO LATERAL,E3786R2,CNAII

2026-04-15T19:13:32.868Z,true,false,false,false,212L,PURGA DE FOTO LATERAL,E3786R2,CNAII

2026-04-15T19:13:34.880Z,true,false,false,false,213L,PURGA DE FOTO LATERAL,E3786R2,CNAII

2026-04-15T19:13:43.014Z,true,false,false,false,214L,PURGA DE FOTO LATERAL,E3786R2,CNAII

2026-04-15T19:13:51.057Z,true,false,false,false,tesL,PURGA DE FOTO LATERAL,E3786R2,CNAII

2026-04-15T19:13:59.139Z,true,false,false,false,216L,Presencia de soldadura TVS - Fisuras soldadura TVS,E3786R2,CNAII

2026-04-15T19:14:04.152Z,true,false,false,false,217L,Presencia de soldadura TVS - Fisuras soldadura TVS,E3786R2,CNAII

2026-04-15T19:14:12.265Z,true,false,false,false,218L,Presencia de soldadura TVS - Fisuras soldadura TVS,E3786R2,CNAII

2026-04-15T19:14:21.325Z,true,false,false,false,tesL,PURGA DE FOTO LATERAL,E3786R2,CNAII

2026-04-15T19:14:32.412Z,true,false,false,false,0T.1,Rectitud EC PP,E3786R2,CNAII

2026-04-15T19:14:36.452Z,true,false,false,false,0T.2,Rectitud EC PP,E3786R2,CNAII

2026-04-15T19:14:37.477Z,true,false,false,false,0T.3,Rectitud EC PP,E3786R2,CNAII

2026-04-15T19:14:39.486Z,true,false,false,false,14T.1,Rectitud EC PP,E3786R2,CNAII

2026-04-15T19:14:42.523Z,true,false,false,false,14T.2,Rectitud EC PP,E3786R2,CNAII

2026-04-15T19:14:44.566Z,true,false,false,false,14T.3,Rectitud EC PP,E3786R2,CNAII

2026-04-15T19:14:45.555Z,true,false,false,false,222L,Rectitud EC PP,E3786R2,CNAII

2026-04-15T19:14:49.581Z,true,false,false,false,223L,Rectitud EC PP,E3786R2,CNAII

2026-04-15T19:14:54.653Z,true,false,false,false,224L,Rectitud EC PP,E3786R2,CNAII

2026-04-15T19:14:59.664Z,true,false,false,false,225L,Rectitud EC PP,E3786R2,CNAII

2026-04-15T19:15:04.725Z,true,false,false,false,226L,Rectitud EC PP,E3786R2,CNAII

2026-04-15T19:15:09.743Z,true,false,false,false,227L,Rectitud EC PP,E3786R2,CNAII

2026-04-15T19:15:13.789Z,true,false,false,false,tesL,PURGA DE FOTO LATERAL,E3786R2,CNAII

2026-04-15T19:15:20.867Z,true,false,false,false,228L,PURGA DE FOTO LATERAL,E3786R2,CNAII

2026-04-15T19:15:32.014Z,true,false,false,false,229L,PURGA DE FOTO LATERAL,E3786R2,CNAII

2026-04-15T19:15:37.048Z,true,false,false,false,230L,PURGA DE FOTO LATERAL,E3786R2,CNAII

2026-04-15T19:15:42.080Z,true,false,false,false,231L,PURGA DE FOTO LATERAL,E3786R2,CNAII

2026-04-15T19:15:47.155Z,true,false,false,false,232L,PURGA DE FOTO LATERAL,E3786R2,CNAII

2026-04-15T19:15:52.177Z,true,false,false,false,233L,PURGA DE FOTO LATERAL,E3786R2,CNAII

2026-04-15T19:15:56.203Z,true,false,false,false,tesF,PURGA DE FOTO FRONTAL,E3786R2,CNAII

2026-04-15T19:16:01.256Z,true,false,false,false,240F,PURGA DE FOTO FRONTAL,E3786R2,CNAII

2026-04-15T19:16:05.288Z,true,false,false,false,241F,PURGA DE FOTO FRONTAL,E3786R2,CNAII

2026-04-15T19:16:08.301Z,true,false,false,false,242F,PURGA DE FOTO FRONTAL,E3786R2,CNAII

2026-04-15T19:16:10.305Z,true,false,false,false,tesF,PURGA DE FOTO FRONTAL,E3786R2,CNAII

2026-04-15T19:16:15.337Z,true,false,false,false,,,E3786R2,CNAII

2026-04-15T19:17:34.066Z,false,false,false,true,,,E3786R2,CNAII

2026-04-15T19:17:40.146Z,false,false,false,false,,,E3786R2,CNAII

