datetime,F0-Xc,F0-Yc,F1-Xc,F1-Yc,F2-Xc,F2-Yc,F3-Xc,F3-Yc,F4-Xc,F4-Yc,F5-Xc,F5-Yc,F6-Xc,F6-Yc,F7-Xc,F7-Yc,F8-Xc,F8-Yc,F9-Xc,F9-Yc,F10-Xc,F10-Yc,F11-Xc,F11-Yc,F12-Xc,F12-Yc,F13-Xc,F13-Yc,CicloActivo,NombreCiclo,ID_EC,diametro

2026-05-01T15:00:59.918Z,0.49508902430534363,0.935411810874939,-0.11663785576820374,0.9009064435958862,-0.2720778286457062,1.0983744859695435,-0.8762132525444031,1.1626613140106201,-1.2412211894989014,1.4207935333251953,-1.8673983812332153,1.3870896100997925,-2.1298348903656006,1.438174843788147,-2.0244624614715576,1.7591311931610107,-2.4554619789123535,1.7648988962173462,-2.6429896354675293,1.918965220451355,-2.800884962081909,1.9002388715744019,-2.499455690383911,1.8682267665863037,-2.322129249572754,2.085094928741455,-1.685488224029541,1.9640297889709473,false,CNAIIxyz,E3807,0
2026-05-07T01:19:49.627Z,1.0362125635147095,-0.47340652346611023,0.77464359998703,-0.5292492508888245,0.47936952114105225,-0.907918393611908,0.11941172927618027,-1.26063072681427,-0.07132907956838608,-1.7829911708831787,-0.3346279263496399,-2.016298294067383,-0.6353469491004944,-2.331815004348755,-0.11061304062604904,-2.2732980251312256,0.038311686366796494,-2.5756983757019043,-0.1988830715417862,-3.3669538497924805,-0.3970702588558197,-3.8782174587249756,-0.26206523180007935,-4.7067413330078125,0.07469215989112854,-5.17993688583374,0.651803195476532,-4.669651031494141,false,CNEAII,E3813

2026-05-07T01:20:45.626Z,1.0362125635147095,-0.47340652346611023,0.77464359998703,-0.5292492508888245,0.47936952114105225,-0.907918393611908,0.11941172927618027,-1.26063072681427,-0.07132907956838608,-1.7829911708831787,-0.3346279263496399,-2.016298294067383,-0.6353469491004944,-2.331815004348755,-0.11061304062604904,-2.2732980251312256,0.038311686366796494,-2.5756983757019043,-0.1988830715417862,-3.3669538497924805,-0.3970702588558197,-3.8782174587249756,-0.26206523180007935,-4.7067413330078125,0.07469215989112854,-5.17993688583374,0.651803195476532,-4.669651031494141,false,CNEAII,E3813,

2026-05-07T01:21:32.777Z,1.0362125635147095,-0.47340652346611023,0.77464359998703,-0.5292492508888245,0.47936952114105225,-0.907918393611908,0.11941172927618027,-1.26063072681427,-0.07132907956838608,-1.7829911708831787,-0.3346279263496399,-2.016298294067383,-0.6353469491004944,-2.331815004348755,-0.11061304062604904,-2.2732980251312256,0.038311686366796494,-2.5756983757019043,-0.1988830715417862,-3.3669538497924805,-0.3970702588558197,-3.8782174587249756,-0.26206523180007935,-4.7067413330078125,0.07469215989112854,-5.17993688583374,0.651803195476532,-4.669651031494141,false,CNEAII,E3813,

2026-05-07T01:22:44.696Z,1.0362125635147095,-0.47340652346611023,0.77464359998703,-0.5292492508888245,0.47936952114105225,-0.907918393611908,0.11941172927618027,-1.26063072681427,-0.07132907956838608,-1.7829911708831787,-0.3346279263496399,-2.016298294067383,-0.6353469491004944,-2.331815004348755,-0.11061304062604904,-2.2732980251312256,0.038311686366796494,-2.5756983757019043,-0.1988830715417862,-3.3669538497924805,-0.3970702588558197,-3.8782174587249756,-0.26206523180007935,-4.7067413330078125,0.07469215989112854,-5.17993688583374,0.651803195476532,-4.669651031494141,false,CNEAII,E3813,22

2026-05-07T01:22:44.696Z,1.0362125635147095,-0.47340652346611023,0.77464359998703,-0.5292492508888245,0.47936952114105225,-0.907918393611908,0.11941172927618027,-1.26063072681427,-0.07132907956838608,-1.7829911708831787,-0.3346279263496399,-2.016298294067383,-0.6353469491004944,-2.331815004348755,-0.11061304062604904,-2.2732980251312256,0.038311686366796494,-2.5756983757019043,-0.1988830715417862,-3.3669538497924805,-0.3970702588558197,-3.8782174587249756,-0.26206523180007935,-4.7067413330078125,0.07469215989112854,-5.17993688583374,0.651803195476532,-4.669651031494141,false,CNEAIIxyz,E3813,22
2026-05-07T01:23:44.696Z,1.0362125635147095,-0.47340652346611023,0.77464359998703,-0.5292492508888245,0.47936952114105225,-0.907918393611908,0.11941172927618027,-1.26063072681427,-0.07132907956838608,-1.7829911708831787,-0.3346279263496399,-2.016298294067383,-0.6353469491004944,-2.331815004348755,-0.11061304062604904,-2.2732980251312256,0.038311686366796494,-2.5756983757019043,-0.1988830715417862,-3.3669538497924805,-0.3970702588558197,-3.8782174587249756,-0.26206523180007935,-4.7067413330078125,0.07469215989112854,-5.17993688583374,0.651803195476532,-4.669651031494141,true,CNEAIIxyz,E3813,22
2026-05-07T01:24:44.696Z,1.0362125635147095,-0.47340652346611023,0.77464359998703,-0.5292492508888245,0.47936952114105225,-0.907918393611908,0.11941172927618027,-1.26063072681427,-0.07132907956838608,-1.7829911708831787,-0.3346279263496399,-2.016298294067383,-0.6353469491004944,-2.331815004348755,-0.11061304062604904,-2.2732980251312256,0.038311686366796494,-2.5756983757019043,-0.1988830715417862,-3.3669538497924805,-0.3970702588558197,-3.8782174587249756,-0.26206523180007935,-4.7067413330078125,0.07469215989112854,-5.17993688583374,0.651803195476532,-4.669651031494141,false,CNEAIIxyz,E3813,22
2026-05-07T01:53:51.215Z,1.0362125635147095,-0.47340652346611023,0.77464359998703,-0.5292492508888245,0.47936952114105225,-0.907918393611908,0.11941172927618027,-1.26063072681427,-0.07132907956838608,-1.7829911708831787,-0.3346279263496399,-2.016298294067383,-0.6353469491004944,-2.331815004348755,-0.11061304062604904,-2.2732980251312256,0.038311686366796494,-2.5756983757019043,-0.1988830715417862,-3.3669538497924805,-0.3970702588558197,-3.8782174587249756,-0.26206523180007935,-4.7067413330078125,0.07469215989112854,-5.17993688583374,0.651803195476532,-4.669651031494141,false,CNEAII,E3813,22

2026-05-26T15:18:15.054Z,0,0,0,0,0,0,0,0,0,0,0,0,0,0,0,0,0,0,0,0,0,0,0,0,0,0,0,0,true,test2605,abcccqw

2026-05-26T15:24:30.227Z,0,0,0,0,0,0,0,0,0,0,0,0,0,0,0,0,0,0,0,0,0,0,0,0,0,0,3.2114062309265137,-0.8006863594055176,true,test2605,abcccqw

2026-05-26T15:43:51.411Z,0,0,0,0,0,0,0,0,0,0,0,0,0,0,0,0,0,0,0,0,0,0,0,0,2.666149854660034,-0.6486529111862183,3.2114062309265137,-0.8006863594055176,true,test2605,abcccqw

2026-05-26T15:53:49.563Z,0,0,0,0,0,0,0,0,0,0,0,0,0,0,0,0,0,0,0,0,0,0,1.7609047889709473,-0.3501184284687042,2.666149854660034,-0.6486529111862183,3.2114062309265137,-0.8006863594055176,true,test2605,abcccqw

2026-05-26T16:00:42.157Z,0,0,0,0,0,0,0,0,0,0,0,0,0,0,0,0,0,0,0,0,0.9003134369850159,0.0014747027307748795,1.7609047889709473,-0.3501184284687042,2.666149854660034,-0.6486529111862183,3.2114062309265137,-0.8006863594055176,true,test2605,abcccqw

2026-05-26T16:03:57.397Z,0,0,0,0,0,0,0,0,0,0,0,0,0,0,0,0,0,0,0.3034645617008209,0.1709655076265335,0.9003134369850159,0.0014747027307748795,1.7609047889709473,-0.3501184284687042,2.666149854660034,-0.6486529111862183,3.2114062309265137,-0.8006863594055176,true,test2605,abcccqw

2026-05-26T16:06:35.419Z,0,0,0,0,0,0,0,0,0,0,0,0,0,0,0,0,-0.032496802508831024,0.3851970136165619,0.3034645617008209,0.1709655076265335,0.9003134369850159,0.0014747027307748795,1.7609047889709473,-0.3501184284687042,2.666149854660034,-0.6486529111862183,3.2114062309265137,-0.8006863594055176,true,test2605,abcccqw

2026-05-26T16:09:20.640Z,0,0,0,0,0,0,0,0,0,0,0,0,0,0,-0.5882689356803894,0.4393140971660614,-0.032496802508831024,0.3851970136165619,0.3034645617008209,0.1709655076265335,0.9003134369850159,0.0014747027307748795,1.7609047889709473,-0.3501184284687042,2.666149854660034,-0.6486529111862183,3.2114062309265137,-0.8006863594055176,true,test2605,abcccqw

2026-05-26T16:11:58.811Z,0,0,0,0,0,0,0,0,0,0,0,0,-1.0993471145629883,0.450019508600235,-0.5882689356803894,0.4393140971660614,-0.032496802508831024,0.3851970136165619,0.3034645617008209,0.1709655076265335,0.9003134369850159,0.0014747027307748795,1.7609047889709473,-0.3501184284687042,2.666149854660034,-0.6486529111862183,3.2114062309265137,-0.8006863594055176,true,test2605,abcccqw

2026-05-26T16:14:23.812Z,0,0,0,0,0,0,0,0,0,0,-1.5470510721206665,0.26561978459358215,-1.0993471145629883,0.450019508600235,-0.5882689356803894,0.4393140971660614,-0.032496802508831024,0.3851970136165619,0.3034645617008209,0.1709655076265335,0.9003134369850159,0.0014747027307748795,1.7609047889709473,-0.3501184284687042,2.666149854660034,-0.6486529111862183,3.2114062309265137,-0.8006863594055176,true,test2605,abcccqw

2026-05-26T16:16:53.842Z,0,0,0,0,0,0,0,0,-1.6502563953399658,0.40779909491539,-1.5470510721206665,0.26561978459358215,-1.0993471145629883,0.450019508600235,-0.5882689356803894,0.4393140971660614,-0.032496802508831024,0.3851970136165619,0.3034645617008209,0.1709655076265335,0.9003134369850159,0.0014747027307748795,1.7609047889709473,-0.3501184284687042,2.666149854660034,-0.6486529111862183,3.2114062309265137,-0.8006863594055176,true,test2605,abcccqw

2026-05-26T16:19:25.817Z,0,0,0,0,0,0,-1.8345571756362915,0.24309556186199188,-1.6502563953399658,0.40779909491539,-1.5470510721206665,0.26561978459358215,-1.0993471145629883,0.450019508600235,-0.5882689356803894,0.4393140971660614,-0.032496802508831024,0.3851970136165619,0.3034645617008209,0.1709655076265335,0.9003134369850159,0.0014747027307748795,1.7609047889709473,-0.3501184284687042,2.666149854660034,-0.6486529111862183,3.2114062309265137,-0.8006863594055176,true,test2605,abcccqw

2026-05-26T16:21:51.671Z,0,0,0,0,-1.6397334337234497,0.33013424277305603,-1.8345571756362915,0.24309556186199188,-1.6502563953399658,0.40779909491539,-1.5470510721206665,0.26561978459358215,-1.0993471145629883,0.450019508600235,-0.5882689356803894,0.4393140971660614,-0.032496802508831024,0.3851970136165619,0.3034645617008209,0.1709655076265335,0.9003134369850159,0.0014747027307748795,1.7609047889709473,-0.3501184284687042,2.666149854660034,-0.6486529111862183,3.2114062309265137,-0.8006863594055176,true,test2605,abcccqw

2026-05-26T16:24:23.634Z,0,0,-1.7531360387802124,0.3696342408657074,-1.6397334337234497,0.33013424277305603,-1.8345571756362915,0.24309556186199188,-1.6502563953399658,0.40779909491539,-1.5470510721206665,0.26561978459358215,-1.0993471145629883,0.450019508600235,-0.5882689356803894,0.4393140971660614,-0.032496802508831024,0.3851970136165619,0.3034645617008209,0.1709655076265335,0.9003134369850159,0.0014747027307748795,1.7609047889709473,-0.3501184284687042,2.666149854660034,-0.6486529111862183,3.2114062309265137,-0.8006863594055176,true,test2605,abcccqw

2026-05-26T16:33:46.671Z,-1.0609116554260254,0.09377747774124146,-1.7531360387802124,0.3696342408657074,-1.6397334337234497,0.33013424277305603,-1.8345571756362915,0.24309556186199188,-1.6502563953399658,0.40779909491539,-1.5470510721206665,0.26561978459358215,-1.0993471145629883,0.450019508600235,-0.5882689356803894,0.4393140971660614,-0.032496802508831024,0.3851970136165619,0.3034645617008209,0.1709655076265335,0.9003134369850159,0.0014747027307748795,1.7609047889709473,-0.3501184284687042,2.666149854660034,-0.6486529111862183,3.2114062309265137,-0.8006863594055176,true,test2605,abcccqw

2026-05-26T16:34:02.697Z,-1.0351628065109253,0.14758095145225525,-1.7531360387802124,0.3696342408657074,-1.6397334337234497,0.33013424277305603,-1.8345571756362915,0.24309556186199188,-1.6502563953399658,0.40779909491539,-1.5470510721206665,0.26561978459358215,-1.0993471145629883,0.450019508600235,-0.5882689356803894,0.4393140971660614,-0.032496802508831024,0.3851970136165619,0.3034645617008209,0.1709655076265335,0.9003134369850159,0.0014747027307748795,1.7609047889709473,-0.3501184284687042,2.666149854660034,-0.6486529111862183,3.2114062309265137,-0.8006863594055176,true,test2605,abcccqw

2026-05-26T17:22:33.605Z,-1.0351628065109253,0.14758095145225525,-1.7531360387802124,0.3696342408657074,-1.6397334337234497,0.33013424277305603,-1.8345571756362915,0.24309556186199188,-1.6502563953399658,0.40779909491539,-1.5470510721206665,0.26561978459358215,-1.0993471145629883,0.450019508600235,-0.5882689356803894,0.4393140971660614,-0.032496802508831024,0.3851970136165619,0.3034645617008209,0.1709655076265335,0.9003134369850159,0.0014747027307748795,1.7609047889709473,-0.3501184284687042,2.666149854660034,-0.6486529111862183,3.2114062309265137,-0.8006863594055176,false,test2605,abcccqw

2026-05-27T11:36:19.163Z,0,0,0,0,0,0,0,0,0,0,0,0,0,0,0,0,0,0,0,0,0,0,0,0,0,0,0,0,true,CNAII,E3837

2026-05-27T11:37:06.464Z,0,0,0,0,0,0,0,0,0,0,0,0,0,0,0,0,0,0,0,0,0,0,0,0,0,0,3.385802745819092,-0.6675381064414978,true,CNAII,E3837

2026-05-27T11:40:39.992Z,0,0,0,0,0,0,0,0,0,0,0,0,0,0,0,0,0,0,0,0,0,0,0,0,2.6307637691497803,-0.7150939106941223,3.385802745819092,-0.6675381064414978,true,CNAII,E3837

2026-05-27T11:43:02.979Z,0,0,0,0,0,0,0,0,0,0,0,0,0,0,0,0,0,0,0,0,0,0,1.8479900360107422,-0.2427784651517868,2.6307637691497803,-0.7150939106941223,3.385802745819092,-0.6675381064414978,true,CNAII,E3837

2026-05-27T11:45:27.031Z,0,0,0,0,0,0,0,0,0,0,0,0,0,0,0,0,0,0,0,0,0.9531644582748413,-0.026622366160154343,1.8479900360107422,-0.2427784651517868,2.6307637691497803,-0.7150939106941223,3.385802745819092,-0.6675381064414978,true,CNAII,E3837

2026-05-27T11:47:51.088Z,0,0,0,0,0,0,0,0,0,0,0,0,0,0,0,0,0,0,0.38047394156455994,0.24898560345172882,0.9531644582748413,-0.026622366160154343,1.8479900360107422,-0.2427784651517868,2.6307637691497803,-0.7150939106941223,3.385802745819092,-0.6675381064414978,true,CNAII,E3837

2026-05-27T11:50:15.184Z,0,0,0,0,0,0,0,0,0,0,0,0,0,0,0,0,0.04896877333521843,0.4614613354206085,0.38047394156455994,0.24898560345172882,0.9531644582748413,-0.026622366160154343,1.8479900360107422,-0.2427784651517868,2.6307637691497803,-0.7150939106941223,3.385802745819092,-0.6675381064414978,true,CNAII,E3837

2026-05-27T11:50:16.203Z,0,0,0,0,0,0,0,0,0,0,0,0,0,0,0,0,0.04897269234061241,0.4614645838737488,0.38047394156455994,0.24898560345172882,0.9531644582748413,-0.026622366160154343,1.8479900360107422,-0.2427784651517868,2.6307637691497803,-0.7150939106941223,3.385802745819092,-0.6675381064414978,true,CNAII,E3837

2026-05-27T11:52:40.256Z,0,0,0,0,0,0,0,0,0,0,0,0,0,0,-0.4242565631866455,0.5135579705238342,0.04897269234061241,0.4614645838737488,0.38047394156455994,0.24898560345172882,0.9531644582748413,-0.026622366160154343,1.8479900360107422,-0.2427784651517868,2.6307637691497803,-0.7150939106941223,3.385802745819092,-0.6675381064414978,true,CNAII,E3837

2026-05-27T11:55:04.221Z,0,0,0,0,0,0,0,0,0,0,0,0,-1.0073014497756958,0.5584043264389038,-0.4242565631866455,0.5135579705238342,0.04897269234061241,0.4614645838737488,0.38047394156455994,0.24898560345172882,0.9531644582748413,-0.026622366160154343,1.8479900360107422,-0.2427784651517868,2.6307637691497803,-0.7150939106941223,3.385802745819092,-0.6675381064414978,true,CNAII,E3837

2026-05-27T11:57:29.362Z,0,0,0,0,0,0,0,0,0,0,-1.2537283897399902,0.5062994360923767,-1.0073014497756958,0.5584043264389038,-0.4242565631866455,0.5135579705238342,0.04897269234061241,0.4614645838737488,0.38047394156455994,0.24898560345172882,0.9531644582748413,-0.026622366160154343,1.8479900360107422,-0.2427784651517868,2.6307637691497803,-0.7150939106941223,3.385802745819092,-0.6675381064414978,true,CNAII,E3837

2026-05-27T11:59:53.451Z,0,0,0,0,0,0,0,0,-1.599285364151001,0.5629328489303589,-1.2537283897399902,0.5062994360923767,-1.0073014497756958,0.5584043264389038,-0.4242565631866455,0.5135579705238342,0.04897269234061241,0.4614645838737488,0.38047394156455994,0.24898560345172882,0.9531644582748413,-0.026622366160154343,1.8479900360107422,-0.2427784651517868,2.6307637691497803,-0.7150939106941223,3.385802745819092,-0.6675381064414978,true,CNAII,E3837

2026-05-27T11:59:54.450Z,0,0,0,0,0,0,0,0,-1.6672286987304688,0.5074984431266785,-1.2537283897399902,0.5062994360923767,-1.0073014497756958,0.5584043264389038,-0.4242565631866455,0.5135579705238342,0.04897269234061241,0.4614645838737488,0.38047394156455994,0.24898560345172882,0.9531644582748413,-0.026622366160154343,1.8479900360107422,-0.2427784651517868,2.6307637691497803,-0.7150939106941223,3.385802745819092,-0.6675381064414978,true,CNAII,E3837

2026-05-27T12:02:18.559Z,0,0,0,0,0,0,-1.7464593648910522,0.39077943563461304,-1.6672286987304688,0.5074984431266785,-1.2537283897399902,0.5062994360923767,-1.0073014497756958,0.5584043264389038,-0.4242565631866455,0.5135579705238342,0.04897269234061241,0.4614645838737488,0.38047394156455994,0.24898560345172882,0.9531644582748413,-0.026622366160154343,1.8479900360107422,-0.2427784651517868,2.6307637691497803,-0.7150939106941223,3.385802745819092,-0.6675381064414978,true,CNAII,E3837

2026-05-27T12:04:42.634Z,0,0,0,0,-1.5754177570343018,0.33694490790367126,-1.7464593648910522,0.39077943563461304,-1.6672286987304688,0.5074984431266785,-1.2537283897399902,0.5062994360923767,-1.0073014497756958,0.5584043264389038,-0.4242565631866455,0.5135579705238342,0.04897269234061241,0.4614645838737488,0.38047394156455994,0.24898560345172882,0.9531644582748413,-0.026622366160154343,1.8479900360107422,-0.2427784651517868,2.6307637691497803,-0.7150939106941223,3.385802745819092,-0.6675381064414978,true,CNAII,E3837

2026-05-27T12:07:07.644Z,0,0,-1.7482534646987915,0.46557098627090454,-1.5754177570343018,0.33694490790367126,-1.7464593648910522,0.39077943563461304,-1.6672286987304688,0.5074984431266785,-1.2537283897399902,0.5062994360923767,-1.0073014497756958,0.5584043264389038,-0.4242565631866455,0.5135579705238342,0.04897269234061241,0.4614645838737488,0.38047394156455994,0.24898560345172882,0.9531644582748413,-0.026622366160154343,1.8479900360107422,-0.2427784651517868,2.6307637691497803,-0.7150939106941223,3.385802745819092,-0.6675381064414978,true,CNAII,E3837

2026-05-27T12:11:46.856Z,-1.0556526184082031,0.11794032156467438,-1.7482534646987915,0.46557098627090454,-1.5754177570343018,0.33694490790367126,-1.7464593648910522,0.39077943563461304,-1.6672286987304688,0.5074984431266785,-1.2537283897399902,0.5062994360923767,-1.0073014497756958,0.5584043264389038,-0.4242565631866455,0.5135579705238342,0.04897269234061241,0.4614645838737488,0.38047394156455994,0.24898560345172882,0.9531644582748413,-0.026622366160154343,1.8479900360107422,-0.2427784651517868,2.6307637691497803,-0.7150939106941223,3.385802745819092,-0.6675381064414978,true,CNAII,E3837

2026-05-27T12:12:03.010Z,-1.0422536134719849,0.15593254566192627,-1.7482534646987915,0.46557098627090454,-1.5754177570343018,0.33694490790367126,-1.7464593648910522,0.39077943563461304,-1.6672286987304688,0.5074984431266785,-1.2537283897399902,0.5062994360923767,-1.0073014497756958,0.5584043264389038,-0.4242565631866455,0.5135579705238342,0.04897269234061241,0.4614645838737488,0.38047394156455994,0.24898560345172882,0.9531644582748413,-0.026622366160154343,1.8479900360107422,-0.2427784651517868,2.6307637691497803,-0.7150939106941223,3.385802745819092,-0.6675381064414978,true,CNAII,E3837

2026-05-27T12:15:59.615Z,-1.0422536134719849,0.15593254566192627,-1.7482534646987915,0.46557098627090454,-1.5754177570343018,0.33694490790367126,-1.7464593648910522,0.39077943563461304,-1.6672286987304688,0.5074984431266785,-1.2537283897399902,0.5062994360923767,-1.0073014497756958,0.5584043264389038,-0.4242565631866455,0.5135579705238342,0.04897269234061241,0.4614645838737488,0.38047394156455994,0.24898560345172882,0.9531644582748413,-0.026622366160154343,1.8479900360107422,-0.2427784651517868,2.6307637691497803,-0.7150939106941223,3.385802745819092,-0.6675381064414978,false,CNAII,E3837

2026-05-27T13:44:22.544Z,0,0,0,0,0,0,0,0,0,0,0,0,0,0,0,0,0,0,0,0,0,0,0,0,0,0,0,0,true,CNAII,E3836

2026-05-27T13:45:16.021Z,0,0,0,0,0,0,0,0,0,0,0,0,0,0,0,0,0,0,0,0,0,0,0,0,0,0,-5.332270622253418,1.0206257104873657,true,CNAII,E3836

2026-05-27T13:47:01.019Z,0,0,0,0,0,0,0,0,0,0,0,0,0,0,0,0,0,0,0,0,0,0,0,0,-5.041529178619385,1.002492070198059,-5.332270622253418,1.0206257104873657,true,CNAII,E3836

2026-05-27T13:48:10.521Z,0,0,0,0,0,0,0,0,0,0,0,0,0,0,0,0,0,0,0,0,0,0,-5.071060657501221,1.2979868650436401,-5.041529178619385,1.002492070198059,-5.332270622253418,1.0206257104873657,true,CNAII,E3836

2026-05-27T13:49:20.925Z,0,0,0,0,0,0,0,0,0,0,0,0,0,0,0,0,0,0,0,0,-4.2609453201293945,1.4838390350341797,-5.071060657501221,1.2979868650436401,-5.041529178619385,1.002492070198059,-5.332270622253418,1.0206257104873657,true,CNAII,E3836

2026-05-27T13:50:31.496Z,0,0,0,0,0,0,0,0,0,0,0,0,0,0,0,0,0,0,-3.086195468902588,1.7546709775924683,-4.2609453201293945,1.4838390350341797,-5.071060657501221,1.2979868650436401,-5.041529178619385,1.002492070198059,-5.332270622253418,1.0206257104873657,true,CNAII,E3836

2026-05-27T13:51:41.998Z,0,0,0,0,0,0,0,0,0,0,0,0,0,0,0,0,-2.2848196029663086,1.551735520362854,-3.086195468902588,1.7546709775924683,-4.2609453201293945,1.4838390350341797,-5.071060657501221,1.2979868650436401,-5.041529178619385,1.002492070198059,-5.332270622253418,1.0206257104873657,true,CNAII,E3836

2026-05-27T13:52:52.554Z,0,0,0,0,0,0,0,0,0,0,0,0,0,0,-1.4014840126037598,1.53599214553833,-2.2848196029663086,1.551735520362854,-3.086195468902588,1.7546709775924683,-4.2609453201293945,1.4838390350341797,-5.071060657501221,1.2979868650436401,-5.041529178619385,1.002492070198059,-5.332270622253418,1.0206257104873657,true,CNAII,E3836

2026-05-27T13:54:03.138Z,0,0,0,0,0,0,0,0,0,0,0,0,-0.3082137405872345,1.5694477558135986,-1.4014840126037598,1.53599214553833,-2.2848196029663086,1.551735520362854,-3.086195468902588,1.7546709775924683,-4.2609453201293945,1.4838390350341797,-5.071060657501221,1.2979868650436401,-5.041529178619385,1.002492070198059,-5.332270622253418,1.0206257104873657,true,CNAII,E3836

2026-05-27T13:55:12.734Z,0,0,0,0,0,0,0,0,0,0,0.6751431226730347,1.5920777320861816,-0.3082137405872345,1.5694477558135986,-1.4014840126037598,1.53599214553833,-2.2848196029663086,1.551735520362854,-3.086195468902588,1.7546709775924683,-4.2609453201293945,1.4838390350341797,-5.071060657501221,1.2979868650436401,-5.041529178619385,1.002492070198059,-5.332270622253418,1.0206257104873657,true,CNAII,E3836

2026-05-27T13:55:13.739Z,0,0,0,0,0,0,0,0,0,0,0.6747490763664246,1.5944081544876099,-0.3082137405872345,1.5694477558135986,-1.4014840126037598,1.53599214553833,-2.2848196029663086,1.551735520362854,-3.086195468902588,1.7546709775924683,-4.2609453201293945,1.4838390350341797,-5.071060657501221,1.2979868650436401,-5.041529178619385,1.002492070198059,-5.332270622253418,1.0206257104873657,true,CNAII,E3836

2026-05-27T13:56:24.231Z,0,0,0,0,0,0,0,0,1.6214487552642822,1.8613330125808716,0.6747490763664246,1.5944081544876099,-0.3082137405872345,1.5694477558135986,-1.4014840126037598,1.53599214553833,-2.2848196029663086,1.551735520362854,-3.086195468902588,1.7546709775924683,-4.2609453201293945,1.4838390350341797,-5.071060657501221,1.2979868650436401,-5.041529178619385,1.002492070198059,-5.332270622253418,1.0206257104873657,true,CNAII,E3836

2026-05-27T13:57:34.817Z,0,0,0,0,0,0,2.609755277633667,1.7455333471298218,1.6214487552642822,1.8613330125808716,0.6747490763664246,1.5944081544876099,-0.3082137405872345,1.5694477558135986,-1.4014840126037598,1.53599214553833,-2.2848196029663086,1.551735520362854,-3.086195468902588,1.7546709775924683,-4.2609453201293945,1.4838390350341797,-5.071060657501221,1.2979868650436401,-5.041529178619385,1.002492070198059,-5.332270622253418,1.0206257104873657,true,CNAII,E3836

2026-05-27T13:58:45.387Z,0,0,0,0,3.2068357467651367,1.5709608793258667,2.609755277633667,1.7455333471298218,1.6214487552642822,1.8613330125808716,0.6747490763664246,1.5944081544876099,-0.3082137405872345,1.5694477558135986,-1.4014840126037598,1.53599214553833,-2.2848196029663086,1.551735520362854,-3.086195468902588,1.7546709775924683,-4.2609453201293945,1.4838390350341797,-5.071060657501221,1.2979868650436401,-5.041529178619385,1.002492070198059,-5.332270622253418,1.0206257104873657,true,CNAII,E3836

2026-05-27T13:59:54.889Z,0,0,3.5515692234039307,1.8498146533966064,3.2068357467651367,1.5709608793258667,2.609755277633667,1.7455333471298218,1.6214487552642822,1.8613330125808716,0.6747490763664246,1.5944081544876099,-0.3082137405872345,1.5694477558135986,-1.4014840126037598,1.53599214553833,-2.2848196029663086,1.551735520362854,-3.086195468902588,1.7546709775924683,-4.2609453201293945,1.4838390350341797,-5.071060657501221,1.2979868650436401,-5.041529178619385,1.002492070198059,-5.332270622253418,1.0206257104873657,true,CNAII,E3836

2026-05-27T14:02:26.167Z,3.272589921951294,1.6364587545394897,3.5515692234039307,1.8498146533966064,3.2068357467651367,1.5709608793258667,2.609755277633667,1.7455333471298218,1.6214487552642822,1.8613330125808716,0.6747490763664246,1.5944081544876099,-0.3082137405872345,1.5694477558135986,-1.4014840126037598,1.53599214553833,-2.2848196029663086,1.551735520362854,-3.086195468902588,1.7546709775924683,-4.2609453201293945,1.4838390350341797,-5.071060657501221,1.2979868650436401,-5.041529178619385,1.002492070198059,-5.332270622253418,1.0206257104873657,true,CNAII,E3836

2026-05-27T14:02:31.233Z,3.0987377166748047,1.5933538675308228,3.5515692234039307,1.8498146533966064,3.2068357467651367,1.5709608793258667,2.609755277633667,1.7455333471298218,1.6214487552642822,1.8613330125808716,0.6747490763664246,1.5944081544876099,-0.3082137405872345,1.5694477558135986,-1.4014840126037598,1.53599214553833,-2.2848196029663086,1.551735520362854,-3.086195468902588,1.7546709775924683,-4.2609453201293945,1.4838390350341797,-5.071060657501221,1.2979868650436401,-5.041529178619385,1.002492070198059,-5.332270622253418,1.0206257104873657,true,CNAII,E3836

2026-05-27T14:05:06.600Z,3.0987377166748047,1.5933538675308228,3.5515692234039307,1.8498146533966064,3.2068357467651367,1.5709608793258667,2.609755277633667,1.7455333471298218,1.6214487552642822,1.8613330125808716,0.6747490763664246,1.5944081544876099,-0.3082137405872345,1.5694477558135986,-1.4014840126037598,1.53599214553833,-2.2848196029663086,1.551735520362854,-3.086195468902588,1.7546709775924683,-4.2609453201293945,1.4838390350341797,-5.071060657501221,1.2979868650436401,-5.041529178619385,1.002492070198059,-5.332270622253418,1.0206257104873657,false,CNAII,E3836

2026-05-27T14:46:46.475Z,0,0,0,0,0,0,0,0,0,0,0,0,0,0,0,0,0,0,0,0,0,0,0,0,0,0,0,0,true,CNAII,E3838

2026-05-27T14:47:39.906Z,0,0,0,0,0,0,0,0,0,0,0,0,0,0,0,0,0,0,0,0,0,0,0,0,0,0,-1.7436988353729248,2.914804697036743,true,CNAII,E3838

2026-05-27T14:49:23.870Z,0,0,0,0,0,0,0,0,0,0,0,0,0,0,0,0,0,0,0,0,0,0,0,0,-1.6273430585861206,2.8380720615386963,-1.7436988353729248,2.914804697036743,true,CNAII,E3838

2026-05-27T14:50:33.489Z,0,0,0,0,0,0,0,0,0,0,0,0,0,0,0,0,0,0,0,0,0,0,-2.179337501525879,2.6866493225097656,-1.6273430585861206,2.8380720615386963,-1.7436988353729248,2.914804697036743,true,CNAII,E3838

2026-05-27T14:51:44.047Z,0,0,0,0,0,0,0,0,0,0,0,0,0,0,0,0,0,0,0,0,-2.447404146194458,2.6049625873565674,-2.179337501525879,2.6866493225097656,-1.6273430585861206,2.8380720615386963,-1.7436988353729248,2.914804697036743,true,CNAII,E3838

2026-05-27T14:52:54.783Z,0,0,0,0,0,0,0,0,0,0,0,0,0,0,0,0,0,0,-2.1981728076934814,2.7168407440185547,-2.447404146194458,2.6049625873565674,-2.179337501525879,2.6866493225097656,-1.6273430585861206,2.8380720615386963,-1.7436988353729248,2.914804697036743,true,CNAII,E3838

2026-05-27T14:54:05.425Z,0,0,0,0,0,0,0,0,0,0,0,0,0,0,0,0,-1.7600734233856201,2.6337294578552246,-2.1981728076934814,2.7168407440185547,-2.447404146194458,2.6049625873565674,-2.179337501525879,2.6866493225097656,-1.6273430585861206,2.8380720615386963,-1.7436988353729248,2.914804697036743,true,CNAII,E3838

2026-05-27T14:55:15.961Z,0,0,0,0,0,0,0,0,0,0,0,0,0,0,-1.5603324174880981,2.6057798862457275,-1.7600734233856201,2.6337294578552246,-2.1981728076934814,2.7168407440185547,-2.447404146194458,2.6049625873565674,-2.179337501525879,2.6866493225097656,-1.6273430585861206,2.8380720615386963,-1.7436988353729248,2.914804697036743,true,CNAII,E3838

2026-05-27T14:56:26.578Z,0,0,0,0,0,0,0,0,0,0,0,0,-1.2906312942504883,2.4782776832580566,-1.5603324174880981,2.6057798862457275,-1.7600734233856201,2.6337294578552246,-2.1981728076934814,2.7168407440185547,-2.447404146194458,2.6049625873565674,-2.179337501525879,2.6866493225097656,-1.6273430585861206,2.8380720615386963,-1.7436988353729248,2.914804697036743,true,CNAII,E3838

2026-05-27T14:57:37.158Z,0,0,0,0,0,0,0,0,0,0,-1.082726240158081,2.389557123184204,-1.2906312942504883,2.4782776832580566,-1.5603324174880981,2.6057798862457275,-1.7600734233856201,2.6337294578552246,-2.1981728076934814,2.7168407440185547,-2.447404146194458,2.6049625873565674,-2.179337501525879,2.6866493225097656,-1.6273430585861206,2.8380720615386963,-1.7436988353729248,2.914804697036743,true,CNAII,E3838

2026-05-27T14:58:47.844Z,0,0,0,0,0,0,0,0,-0.24814967811107635,2.6125497817993164,-1.082726240158081,2.389557123184204,-1.2906312942504883,2.4782776832580566,-1.5603324174880981,2.6057798862457275,-1.7600734233856201,2.6337294578552246,-2.1981728076934814,2.7168407440185547,-2.447404146194458,2.6049625873565674,-2.179337501525879,2.6866493225097656,-1.6273430585861206,2.8380720615386963,-1.7436988353729248,2.914804697036743,true,CNAII,E3838

2026-05-27T14:59:58.407Z,0,0,0,0,0,0,-0.3849882185459137,2.0549871921539307,-0.24814967811107635,2.6125497817993164,-1.082726240158081,2.389557123184204,-1.2906312942504883,2.4782776832580566,-1.5603324174880981,2.6057798862457275,-1.7600734233856201,2.6337294578552246,-2.1981728076934814,2.7168407440185547,-2.447404146194458,2.6049625873565674,-2.179337501525879,2.6866493225097656,-1.6273430585861206,2.8380720615386963,-1.7436988353729248,2.914804697036743,true,CNAII,E3838

2026-05-27T15:01:09.068Z,0,0,0,0,0.043374087661504745,1.8413670063018799,-0.3849882185459137,2.0549871921539307,-0.24814967811107635,2.6125497817993164,-1.082726240158081,2.389557123184204,-1.2906312942504883,2.4782776832580566,-1.5603324174880981,2.6057798862457275,-1.7600734233856201,2.6337294578552246,-2.1981728076934814,2.7168407440185547,-2.447404146194458,2.6049625873565674,-2.179337501525879,2.6866493225097656,-1.6273430585861206,2.8380720615386963,-1.7436988353729248,2.914804697036743,true,CNAII,E3838

2026-05-27T15:02:19.732Z,0,0,0.07300771772861481,1.2479147911071777,0.043374087661504745,1.8413670063018799,-0.3849882185459137,2.0549871921539307,-0.24814967811107635,2.6125497817993164,-1.082726240158081,2.389557123184204,-1.2906312942504883,2.4782776832580566,-1.5603324174880981,2.6057798862457275,-1.7600734233856201,2.6337294578552246,-2.1981728076934814,2.7168407440185547,-2.447404146194458,2.6049625873565674,-2.179337501525879,2.6866493225097656,-1.6273430585861206,2.8380720615386963,-1.7436988353729248,2.914804697036743,true,CNAII,E3838

2026-05-27T15:04:51.015Z,0.7677887678146362,0.8323686718940735,0.07300771772861481,1.2479147911071777,0.043374087661504745,1.8413670063018799,-0.3849882185459137,2.0549871921539307,-0.24814967811107635,2.6125497817993164,-1.082726240158081,2.389557123184204,-1.2906312942504883,2.4782776832580566,-1.5603324174880981,2.6057798862457275,-1.7600734233856201,2.6337294578552246,-2.1981728076934814,2.7168407440185547,-2.447404146194458,2.6049625873565674,-2.179337501525879,2.6866493225097656,-1.6273430585861206,2.8380720615386963,-1.7436988353729248,2.914804697036743,true,CNAII,E3838

2026-05-27T15:04:52.021Z,0.7803783416748047,0.843680202960968,0.07300771772861481,1.2479147911071777,0.043374087661504745,1.8413670063018799,-0.3849882185459137,2.0549871921539307,-0.24814967811107635,2.6125497817993164,-1.082726240158081,2.389557123184204,-1.2906312942504883,2.4782776832580566,-1.5603324174880981,2.6057798862457275,-1.7600734233856201,2.6337294578552246,-2.1981728076934814,2.7168407440185547,-2.447404146194458,2.6049625873565674,-2.179337501525879,2.6866493225097656,-1.6273430585861206,2.8380720615386963,-1.7436988353729248,2.914804697036743,true,CNAII,E3838

2026-05-27T15:04:56.054Z,0.8051701784133911,0.9497441053390503,0.07300771772861481,1.2479147911071777,0.043374087661504745,1.8413670063018799,-0.3849882185459137,2.0549871921539307,-0.24814967811107635,2.6125497817993164,-1.082726240158081,2.389557123184204,-1.2906312942504883,2.4782776832580566,-1.5603324174880981,2.6057798862457275,-1.7600734233856201,2.6337294578552246,-2.1981728076934814,2.7168407440185547,-2.447404146194458,2.6049625873565674,-2.179337501525879,2.6866493225097656,-1.6273430585861206,2.8380720615386963,-1.7436988353729248,2.914804697036743,true,CNAII,E3838

2026-05-27T15:07:32.430Z,0.8051701784133911,0.9497441053390503,0.07300771772861481,1.2479147911071777,0.043374087661504745,1.8413670063018799,-0.3849882185459137,2.0549871921539307,-0.24814967811107635,2.6125497817993164,-1.082726240158081,2.389557123184204,-1.2906312942504883,2.4782776832580566,-1.5603324174880981,2.6057798862457275,-1.7600734233856201,2.6337294578552246,-2.1981728076934814,2.7168407440185547,-2.447404146194458,2.6049625873565674,-2.179337501525879,2.6866493225097656,-1.6273430585861206,2.8380720615386963,-1.7436988353729248,2.914804697036743,false,CNAII,E3838

2026-05-27T15:45:58.743Z,0.8051701784133911,0.9497441053390503,0.07300771772861481,1.2479147911071777,0.043374087661504745,1.8413670063018799,-0.3849882185459137,2.0549871921539307,-0.24814967811107635,2.6125497817993164,-1.082726240158081,2.389557123184204,-1.2906312942504883,2.4782776832580566,-1.5603324174880981,2.6057798862457275,-1.7600734233856201,2.6337294578552246,-2.1981728076934814,2.7168407440185547,-2.447404146194458,2.6049625873565674,-2.179337501525879,2.6866493225097656,-1.6273430585861206,2.8380720615386963,-1.7436988353729248,2.914804697036743,false,CNAII,E3838

2026-05-28T17:56:48.794Z,0,0,0,0,0,0,0,0,0,0,0,0,0,0,0,0,0,0,0,0,0,0,0,0,0,0,0,0,true,CNAII,E3845

2026-05-28T17:57:41.280Z,0,0,0,0,0,0,0,0,0,0,0,0,0,0,0,0,0,0,0,0,0,0,0,0,0,0,-0.6980211138725281,-2.6557788848876953,true,CNAII,E3845

2026-05-28T17:59:25.171Z,0,0,0,0,0,0,0,0,0,0,0,0,0,0,0,0,0,0,0,0,0,0,0,0,-1.1861824989318848,-2.6739373207092285,-0.6980211138725281,-2.6557788848876953,true,CNAII,E3845

2026-05-28T18:00:34.728Z,0,0,0,0,0,0,0,0,0,0,0,0,0,0,0,0,0,0,0,0,0,0,-1.5226064920425415,-2.6581411361694336,-1.1861824989318848,-2.6739373207092285,-0.6980211138725281,-2.6557788848876953,true,CNAII,E3845

2026-05-28T18:01:44.301Z,0,0,0,0,0,0,0,0,0,0,0,0,0,0,0,0,0,0,0,0,-1.9503974914550781,-2.3820202350616455,-1.5226064920425415,-2.6581411361694336,-1.1861824989318848,-2.6739373207092285,-0.6980211138725281,-2.6557788848876953,true,CNAII,E3845

2026-05-28T18:02:54.977Z,0,0,0,0,0,0,0,0,0,0,0,0,0,0,0,0,0,0,-1.7916889190673828,-2.106860399246216,-1.9503974914550781,-2.3820202350616455,-1.5226064920425415,-2.6581411361694336,-1.1861824989318848,-2.6739373207092285,-0.6980211138725281,-2.6557788848876953,true,CNAII,E3845

2026-05-28T18:04:05.607Z,0,0,0,0,0,0,0,0,0,0,0,0,0,0,0,0,-1.4462567567825317,-1.6087032556533813,-1.7916889190673828,-2.106860399246216,-1.9503974914550781,-2.3820202350616455,-1.5226064920425415,-2.6581411361694336,-1.1861824989318848,-2.6739373207092285,-0.6980211138725281,-2.6557788848876953,true,CNAII,E3845

2026-05-28T18:05:15.268Z,0,0,0,0,0,0,0,0,0,0,0,0,0,0,-1.3991955518722534,-1.529691219329834,-1.4462567567825317,-1.6087032556533813,-1.7916889190673828,-2.106860399246216,-1.9503974914550781,-2.3820202350616455,-1.5226064920425415,-2.6581411361694336,-1.1861824989318848,-2.6739373207092285,-0.6980211138725281,-2.6557788848876953,true,CNAII,E3845

2026-05-28T18:06:25.848Z,0,0,0,0,0,0,0,0,0,0,0,0,-1.1321600675582886,-1.3808364868164062,-1.3991955518722534,-1.529691219329834,-1.4462567567825317,-1.6087032556533813,-1.7916889190673828,-2.106860399246216,-1.9503974914550781,-2.3820202350616455,-1.5226064920425415,-2.6581411361694336,-1.1861824989318848,-2.6739373207092285,-0.6980211138725281,-2.6557788848876953,true,CNAII,E3845

2026-05-28T18:07:36.463Z,0,0,0,0,0,0,0,0,0,0,-0.7887669205665588,-1.1344236135482788,-1.1321600675582886,-1.3808364868164062,-1.3991955518722534,-1.529691219329834,-1.4462567567825317,-1.6087032556533813,-1.7916889190673828,-2.106860399246216,-1.9503974914550781,-2.3820202350616455,-1.5226064920425415,-2.6581411361694336,-1.1861824989318848,-2.6739373207092285,-0.6980211138725281,-2.6557788848876953,true,CNAII,E3845

2026-05-28T18:08:47.016Z,0,0,0,0,0,0,0,0,-0.4142475426197052,-1.1456115245819092,-0.7887669205665588,-1.1344236135482788,-1.1321600675582886,-1.3808364868164062,-1.3991955518722534,-1.529691219329834,-1.4462567567825317,-1.6087032556533813,-1.7916889190673828,-2.106860399246216,-1.9503974914550781,-2.3820202350616455,-1.5226064920425415,-2.6581411361694336,-1.1861824989318848,-2.6739373207092285,-0.6980211138725281,-2.6557788848876953,true,CNAII,E3845

2026-05-28T18:09:56.688Z,0,0,0,0,0,0,0.08004715293645859,-0.9321247339248657,-0.4142475426197052,-1.1456115245819092,-0.7887669205665588,-1.1344236135482788,-1.1321600675582886,-1.3808364868164062,-1.3991955518722534,-1.529691219329834,-1.4462567567825317,-1.6087032556533813,-1.7916889190673828,-2.106860399246216,-1.9503974914550781,-2.3820202350616455,-1.5226064920425415,-2.6581411361694336,-1.1861824989318848,-2.6739373207092285,-0.6980211138725281,-2.6557788848876953,true,CNAII,E3845

2026-05-28T18:11:07.303Z,0,0,0,0,0.5805172324180603,-0.5776219367980957,0.08004715293645859,-0.9321247339248657,-0.4142475426197052,-1.1456115245819092,-0.7887669205665588,-1.1344236135482788,-1.1321600675582886,-1.3808364868164062,-1.3991955518722534,-1.529691219329834,-1.4462567567825317,-1.6087032556533813,-1.7916889190673828,-2.106860399246216,-1.9503974914550781,-2.3820202350616455,-1.5226064920425415,-2.6581411361694336,-1.1861824989318848,-2.6739373207092285,-0.6980211138725281,-2.6557788848876953,true,CNAII,E3845

2026-05-28T18:12:18.015Z,0,0,1.2140707969665527,-0.29057419300079346,0.5805172324180603,-0.5776219367980957,0.08004715293645859,-0.9321247339248657,-0.4142475426197052,-1.1456115245819092,-0.7887669205665588,-1.1344236135482788,-1.1321600675582886,-1.3808364868164062,-1.3991955518722534,-1.529691219329834,-1.4462567567825317,-1.6087032556533813,-1.7916889190673828,-2.106860399246216,-1.9503974914550781,-2.3820202350616455,-1.5226064920425415,-2.6581411361694336,-1.1861824989318848,-2.6739373207092285,-0.6980211138725281,-2.6557788848876953,true,CNAII,E3845

2026-05-28T18:14:49.410Z,1.4566593170166016,-0.027805568650364876,1.2140707969665527,-0.29057419300079346,0.5805172324180603,-0.5776219367980957,0.08004715293645859,-0.9321247339248657,-0.4142475426197052,-1.1456115245819092,-0.7887669205665588,-1.1344236135482788,-1.1321600675582886,-1.3808364868164062,-1.3991955518722534,-1.529691219329834,-1.4462567567825317,-1.6087032556533813,-1.7916889190673828,-2.106860399246216,-1.9503974914550781,-2.3820202350616455,-1.5226064920425415,-2.6581411361694336,-1.1861824989318848,-2.6739373207092285,-0.6980211138725281,-2.6557788848876953,true,CNAII,E3845

2026-05-28T18:14:53.443Z,1.3421177864074707,-0.17294101417064667,1.2140707969665527,-0.29057419300079346,0.5805172324180603,-0.5776219367980957,0.08004715293645859,-0.9321247339248657,-0.4142475426197052,-1.1456115245819092,-0.7887669205665588,-1.1344236135482788,-1.1321600675582886,-1.3808364868164062,-1.3991955518722534,-1.529691219329834,-1.4462567567825317,-1.6087032556533813,-1.7916889190673828,-2.106860399246216,-1.9503974914550781,-2.3820202350616455,-1.5226064920425415,-2.6581411361694336,-1.1861824989318848,-2.6739373207092285,-0.6980211138725281,-2.6557788848876953,true,CNAII,E3845

2026-05-28T18:14:54.451Z,1.3482003211975098,-0.1626819670200348,1.2140707969665527,-0.29057419300079346,0.5805172324180603,-0.5776219367980957,0.08004715293645859,-0.9321247339248657,-0.4142475426197052,-1.1456115245819092,-0.7887669205665588,-1.1344236135482788,-1.1321600675582886,-1.3808364868164062,-1.3991955518722534,-1.529691219329834,-1.4462567567825317,-1.6087032556533813,-1.7916889190673828,-2.106860399246216,-1.9503974914550781,-2.3820202350616455,-1.5226064920425415,-2.6581411361694336,-1.1861824989318848,-2.6739373207092285,-0.6980211138725281,-2.6557788848876953,true,CNAII,E3845

2026-05-28T18:17:28.832Z,1.3482003211975098,-0.1626819670200348,1.2140707969665527,-0.29057419300079346,0.5805172324180603,-0.5776219367980957,0.08004715293645859,-0.9321247339248657,-0.4142475426197052,-1.1456115245819092,-0.7887669205665588,-1.1344236135482788,-1.1321600675582886,-1.3808364868164062,-1.3991955518722534,-1.529691219329834,-1.4462567567825317,-1.6087032556533813,-1.7916889190673828,-2.106860399246216,-1.9503974914550781,-2.3820202350616455,-1.5226064920425415,-2.6581411361694336,-1.1861824989318848,-2.6739373207092285,-0.6980211138725281,-2.6557788848876953,false,CNAII,E3845

2026-05-29T14:38:47.345Z,0,0,0,0,0,0,0,0,0,0,0,0,0,0,0,0,0,0,0,0,0,0,0,0,0,0,0,0,true,CNAIIR1,E3845

2026-05-29T14:39:40.850Z,0,0,0,0,0,0,0,0,0,0,0,0,0,0,0,0,0,0,0,0,0,0,0,0,0,0,-0.9119787812232971,-2.402294397354126,true,CNAIIR1,E3845

2026-05-29T14:41:25.895Z,0,0,0,0,0,0,0,0,0,0,0,0,0,0,0,0,0,0,0,0,0,0,0,0,-1.6049747467041016,-2.7227630615234375,-0.9119787812232971,-2.402294397354126,true,CNAIIR1,E3845

2026-05-29T14:42:34.583Z,0,0,0,0,0,0,0,0,0,0,0,0,0,0,0,0,0,0,0,0,0,0,-1.7739858627319336,-2.352674722671509,-1.6049747467041016,-2.7227630615234375,-0.9119787812232971,-2.402294397354126,true,CNAIIR1,E3845

2026-05-29T14:43:44.285Z,0,0,0,0,0,0,0,0,0,0,0,0,0,0,0,0,0,0,0,0,-2.235387086868286,-2.3438620567321777,-1.7739858627319336,-2.352674722671509,-1.6049747467041016,-2.7227630615234375,-0.9119787812232971,-2.402294397354126,true,CNAIIR1,E3845

2026-05-29T14:43:45.373Z,0,0,0,0,0,0,0,0,0,0,0,0,0,0,0,0,0,0,0,0,-2.2465107440948486,-2.2887768745422363,-1.7739858627319336,-2.352674722671509,-1.6049747467041016,-2.7227630615234375,-0.9119787812232971,-2.402294397354126,true,CNAIIR1,E3845

2026-05-29T14:44:54.954Z,0,0,0,0,0,0,0,0,0,0,0,0,0,0,0,0,0,0,-1.955122947692871,-2.097726821899414,-2.2465107440948486,-2.2887768745422363,-1.7739858627319336,-2.352674722671509,-1.6049747467041016,-2.7227630615234375,-0.9119787812232971,-2.402294397354126,true,CNAIIR1,E3845

2026-05-29T14:46:05.499Z,0,0,0,0,0,0,0,0,0,0,0,0,0,0,0,0,-1.6049433946609497,-1.5297589302062988,-1.955122947692871,-2.097726821899414,-2.2465107440948486,-2.2887768745422363,-1.7739858627319336,-2.352674722671509,-1.6049747467041016,-2.7227630615234375,-0.9119787812232971,-2.402294397354126,true,CNAIIR1,E3845

2026-05-29T14:47:15.991Z,0,0,0,0,0,0,0,0,0,0,0,0,0,0,-1.431113362312317,-1.4712082147598267,-1.6049433946609497,-1.5297589302062988,-1.955122947692871,-2.097726821899414,-2.2465107440948486,-2.2887768745422363,-1.7739858627319336,-2.352674722671509,-1.6049747467041016,-2.7227630615234375,-0.9119787812232971,-2.402294397354126,true,CNAIIR1,E3845

2026-05-29T14:48:26.542Z,0,0,0,0,0,0,0,0,0,0,0,0,-1.0689513683319092,-1.3520443439483643,-1.431113362312317,-1.4712082147598267,-1.6049433946609497,-1.5297589302062988,-1.955122947692871,-2.097726821899414,-2.2465107440948486,-2.2887768745422363,-1.7739858627319336,-2.352674722671509,-1.6049747467041016,-2.7227630615234375,-0.9119787812232971,-2.402294397354126,true,CNAIIR1,E3845

2026-05-29T14:49:36.999Z,0,0,0,0,0,0,0,0,0,0,-0.8576166033744812,-1.1899642944335938,-1.0689513683319092,-1.3520443439483643,-1.431113362312317,-1.4712082147598267,-1.6049433946609497,-1.5297589302062988,-1.955122947692871,-2.097726821899414,-2.2465107440948486,-2.2887768745422363,-1.7739858627319336,-2.352674722671509,-1.6049747467041016,-2.7227630615234375,-0.9119787812232971,-2.402294397354126,true,CNAIIR1,E3845

2026-05-29T14:50:47.557Z,0,0,0,0,0,0,0,0,-0.3776916265487671,-1.106239914894104,-0.8576166033744812,-1.1899642944335938,-1.0689513683319092,-1.3520443439483643,-1.431113362312317,-1.4712082147598267,-1.6049433946609497,-1.5297589302062988,-1.955122947692871,-2.097726821899414,-2.2465107440948486,-2.2887768745422363,-1.7739858627319336,-2.352674722671509,-1.6049747467041016,-2.7227630615234375,-0.9119787812232971,-2.402294397354126,true,CNAIIR1,E3845

2026-05-29T14:51:58.096Z,0,0,0,0,0,0,0.07791672646999359,-0.9669544100761414,-0.3776916265487671,-1.106239914894104,-0.8576166033744812,-1.1899642944335938,-1.0689513683319092,-1.3520443439483643,-1.431113362312317,-1.4712082147598267,-1.6049433946609497,-1.5297589302062988,-1.955122947692871,-2.097726821899414,-2.2465107440948486,-2.2887768745422363,-1.7739858627319336,-2.352674722671509,-1.6049747467041016,-2.7227630615234375,-0.9119787812232971,-2.402294397354126,true,CNAIIR1,E3845

2026-05-29T14:53:07.705Z,0,0,0,0,0.6281495094299316,-0.5394524931907654,0.07791672646999359,-0.9669544100761414,-0.3776916265487671,-1.106239914894104,-0.8576166033744812,-1.1899642944335938,-1.0689513683319092,-1.3520443439483643,-1.431113362312317,-1.4712082147598267,-1.6049433946609497,-1.5297589302062988,-1.955122947692871,-2.097726821899414,-2.2465107440948486,-2.2887768745422363,-1.7739858627319336,-2.352674722671509,-1.6049747467041016,-2.7227630615234375,-0.9119787812232971,-2.402294397354126,true,CNAIIR1,E3845

2026-05-29T14:54:18.191Z,0,0,1.2681225538253784,-0.27678585052490234,0.6281495094299316,-0.5394524931907654,0.07791672646999359,-0.9669544100761414,-0.3776916265487671,-1.106239914894104,-0.8576166033744812,-1.1899642944335938,-1.0689513683319092,-1.3520443439483643,-1.431113362312317,-1.4712082147598267,-1.6049433946609497,-1.5297589302062988,-1.955122947692871,-2.097726821899414,-2.2465107440948486,-2.2887768745422363,-1.7739858627319336,-2.352674722671509,-1.6049747467041016,-2.7227630615234375,-0.9119787812232971,-2.402294397354126,true,CNAIIR1,E3845

2026-05-29T14:56:50.246Z,1.4377222061157227,-0.059329867362976074,1.2681225538253784,-0.27678585052490234,0.6281495094299316,-0.5394524931907654,0.07791672646999359,-0.9669544100761414,-0.3776916265487671,-1.106239914894104,-0.8576166033744812,-1.1899642944335938,-1.0689513683319092,-1.3520443439483643,-1.431113362312317,-1.4712082147598267,-1.6049433946609497,-1.5297589302062988,-1.955122947692871,-2.097726821899414,-2.2465107440948486,-2.2887768745422363,-1.7739858627319336,-2.352674722671509,-1.6049747467041016,-2.7227630615234375,-0.9119787812232971,-2.402294397354126,true,CNAIIR1,E3845

2026-05-29T14:56:54.269Z,1.3698533773422241,-0.20349429547786713,1.2681225538253784,-0.27678585052490234,0.6281495094299316,-0.5394524931907654,0.07791672646999359,-0.9669544100761414,-0.3776916265487671,-1.106239914894104,-0.8576166033744812,-1.1899642944335938,-1.0689513683319092,-1.3520443439483643,-1.431113362312317,-1.4712082147598267,-1.6049433946609497,-1.5297589302062988,-1.955122947692871,-2.097726821899414,-2.2465107440948486,-2.2887768745422363,-1.7739858627319336,-2.352674722671509,-1.6049747467041016,-2.7227630615234375,-0.9119787812232971,-2.402294397354126,true,CNAIIR1,E3845

2026-05-29T14:59:30.083Z,1.3698533773422241,-0.20349429547786713,1.2681225538253784,-0.27678585052490234,0.6281495094299316,-0.5394524931907654,0.07791672646999359,-0.9669544100761414,-0.3776916265487671,-1.106239914894104,-0.8576166033744812,-1.1899642944335938,-1.0689513683319092,-1.3520443439483643,-1.431113362312317,-1.4712082147598267,-1.6049433946609497,-1.5297589302062988,-1.955122947692871,-2.097726821899414,-2.2465107440948486,-2.2887768745422363,-1.7739858627319336,-2.352674722671509,-1.6049747467041016,-2.7227630615234375,-0.9119787812232971,-2.402294397354126,false,CNAIIR1,E3845

2026-06-02T12:31:35.138Z,1.3698533773422241,-0.20349429547786713,1.2681225538253784,-0.27678585052490234,0.6281495094299316,-0.5394524931907654,0.07791672646999359,-0.9669544100761414,-0.3776916265487671,-1.106239914894104,-0.8576166033744812,-1.1899642944335938,-1.0689513683319092,-1.3520443439483643,-1.431113362312317,-1.4712082147598267,-1.6049433946609497,-1.5297589302062988,-1.955122947692871,-2.097726821899414,-2.2465107440948486,-2.2887768745422363,-1.7739858627319336,-2.352674722671509,-1.6049747467041016,-2.7227630615234375,-0.9119787812232971,-2.402294397354126,false,CNAIIR1,E3845

2026-06-02T13:56:49.642Z,1.3698533773422241,-0.20349429547786713,1.2681225538253784,-0.27678585052490234,0.6281495094299316,-0.5394524931907654,0.07791672646999359,-0.9669544100761414,-0.3776916265487671,-1.106239914894104,-0.8576166033744812,-1.1899642944335938,-1.0689513683319092,-1.3520443439483643,-1.431113362312317,-1.4712082147598267,-1.6049433946609497,-1.5297589302062988,-1.955122947692871,-2.097726821899414,-2.2465107440948486,-2.2887768745422363,-1.7739858627319336,-2.352674722671509,-1.6049747467041016,-2.7227630615234375,-0.9119787812232971,-2.402294397354126,false,CNAIIR1,E3845

2026-06-02T17:06:17.964Z,0,0,0,0,0,0,0,0,0,0,0,0,0,0,0,0,0,0,0,0,0,0,0,0,0,0,0,0,true,pruebali,jgju

2026-06-02T17:07:10.242Z,0,0,0,0,0,0,0,0,0,0,0,0,0,0,0,0,0,0,0,0,0,0,0,0,0,0,2.108123779296875,-3.141784429550171,true,pruebali,jgju

2026-06-02T17:07:15.281Z,0,0,0,0,0,0,0,0,0,0,0,0,0,0,0,0,0,0,0,0,0,0,0,0,1.322784185409546,-3.3122856616973877,2.108123779296875,-3.141784429550171,true,pruebali,jgju

2026-06-02T17:10:23.608Z,0,0,0,0,0,0,0,0,0,0,0,0,0,0,0,0,0,0,0,0,0,0,1.2138993740081787,-2.8588602542877197,1.322784185409546,-3.3122856616973877,2.108123779296875,-3.141784429550171,true,pruebali,jgju

2026-06-02T17:10:30.693Z,0,0,0,0,0,0,0,0,0,0,0,0,0,0,0,0,0,0,0,0,0.8990574479103088,-2.3047895431518555,1.2138993740081787,-2.8588602542877197,1.322784185409546,-3.3122856616973877,2.108123779296875,-3.141784429550171,true,pruebali,jgju

2026-06-02T17:10:37.698Z,0,0,0,0,0,0,0,0,0,0,0,0,0,0,0,0,0,0,1.0474705696105957,-2.007495164871216,0.8990574479103088,-2.3047895431518555,1.2138993740081787,-2.8588602542877197,1.322784185409546,-3.3122856616973877,2.108123779296875,-3.141784429550171,true,pruebali,jgju

2026-06-02T17:10:44.796Z,0,0,0,0,0,0,0,0,0,0,0,0,0,0,0,0,1.1303532123565674,-1.5837986469268799,1.0474705696105957,-2.007495164871216,0.8990574479103088,-2.3047895431518555,1.2138993740081787,-2.8588602542877197,1.322784185409546,-3.3122856616973877,2.108123779296875,-3.141784429550171,true,pruebali,jgju

2026-06-02T17:10:52.845Z,0,0,0,0,0,0,0,0,0,0,0,0,0,0,0.8163918852806091,-1.5572477579116821,1.1303532123565674,-1.5837986469268799,1.0474705696105957,-2.007495164871216,0.8990574479103088,-2.3047895431518555,1.2138993740081787,-2.8588602542877197,1.322784185409546,-3.3122856616973877,2.108123779296875,-3.141784429550171,true,pruebali,jgju

2026-06-02T17:10:59.922Z,0,0,0,0,0,0,0,0,0,0,0,0,1.0244992971420288,-1.285581111907959,0.8163918852806091,-1.5572477579116821,1.1303532123565674,-1.5837986469268799,1.0474705696105957,-2.007495164871216,0.8990574479103088,-2.3047895431518555,1.2138993740081787,-2.8588602542877197,1.322784185409546,-3.3122856616973877,2.108123779296875,-3.141784429550171,true,pruebali,jgju

2026-06-02T17:11:06.997Z,0,0,0,0,0,0,0,0,0,0,0.9969425797462463,-1.046947717666626,1.0244992971420288,-1.285581111907959,0.8163918852806091,-1.5572477579116821,1.1303532123565674,-1.5837986469268799,1.0474705696105957,-2.007495164871216,0.8990574479103088,-2.3047895431518555,1.2138993740081787,-2.8588602542877197,1.322784185409546,-3.3122856616973877,2.108123779296875,-3.141784429550171,true,pruebali,jgju

2026-06-02T17:11:14.050Z,0,0,0,0,0,0,0,0,1.3564928770065308,-0.9042759537696838,0.9969425797462463,-1.046947717666626,1.0244992971420288,-1.285581111907959,0.8163918852806091,-1.5572477579116821,1.1303532123565674,-1.5837986469268799,1.0474705696105957,-2.007495164871216,0.8990574479103088,-2.3047895431518555,1.2138993740081787,-2.8588602542877197,1.322784185409546,-3.3122856616973877,2.108123779296875,-3.141784429550171,true,pruebali,jgju

2026-06-02T17:17:22.675Z,0,0,0,0,0,0,0,0,0,0,0,0,0,0,0,0,0,0,0,0,0,0,0,0,0,0,0,0,false,-,-

2026-06-02T17:18:05.045Z,0,0,0,0,0,0,0,0,1.3564928770065308,-0.9042759537696838,0.9969425797462463,-1.046947717666626,1.0244992971420288,-1.285581111907959,0.8163918852806091,-1.5572477579116821,1.1303532123565674,-1.5837986469268799,1.0474705696105957,-2.007495164871216,0.8990574479103088,-2.3047895431518555,1.2138993740081787,-2.8588602542877197,1.322784185409546,-3.3122856616973877,2.108123779296875,-3.141784429550171,true,pruebali,jgju

2026-06-02T17:39:34.852Z,0,0,0,0,0,0,0,0,1.3564928770065308,-0.9042759537696838,0.9969425797462463,-1.046947717666626,1.0244992971420288,-1.285581111907959,0.8163918852806091,-1.5572477579116821,1.1303532123565674,-1.5837986469268799,1.0474705696105957,-2.007495164871216,0.8990574479103088,-2.3047895431518555,1.2138993740081787,-2.8588602542877197,1.322784185409546,-3.3122856616973877,2.108123779296875,-3.141784429550171,false,pruebali,jgju

2026-06-02T17:51:59.473Z,0,0,0,0,0,0,0,0,0,0,0,0,0,0,0,0,0,0,0,0,0,0,0,0,0,0,0,0,true,flecha23,asdea

2026-06-02T17:55:24.381Z,0,0,0,0,0,0,0,0,0,0,0,0,0,0,0,0,0,0,0,0,0,0,0,0,0,0,0,0,false,flecha23,asdea

2026-06-02T17:55:37.452Z,0,0,0,0,0,0,0,0,0,0,0,0,0,0,0,0,0,0,0,0,0,0,0,0,0,0,0,0,true,-,-

2026-06-02T17:56:30.984Z,0,0,0,0,0,0,0,0,0,0,0,0,0,0,0,0,0,0,0,0,0,0,0,0,0,0,-0.5566805005073547,-3.7784416675567627,true,-,-

2026-06-02T17:56:36.047Z,0,0,0,0,0,0,0,0,0,0,0,0,0,0,0,0,0,0,0,0,0,0,0,0,-1.441516637802124,-3.474618434906006,-0.5566805005073547,-3.7784416675567627,true,-,-

2026-06-02T17:56:42.181Z,0,0,0,0,0,0,0,0,0,0,0,0,0,0,0,0,0,0,0,0,0,0,-1.4731281995773315,-3.218657970428467,-1.441516637802124,-3.474618434906006,-0.5566805005073547,-3.7784416675567627,true,-,-

2026-06-02T17:56:49.162Z,0,0,0,0,0,0,0,0,0,0,0,0,0,0,0,0,0,0,0,0,-1.7183104753494263,-2.8469104766845703,-1.4731281995773315,-3.218657970428467,-1.441516637802124,-3.474618434906006,-0.5566805005073547,-3.7784416675567627,true,-,-

2026-06-02T17:56:56.211Z,0,0,0,0,0,0,0,0,0,0,0,0,0,0,0,0,0,0,-1.5799015760421753,-2.511775016784668,-1.7183104753494263,-2.8469104766845703,-1.4731281995773315,-3.218657970428467,-1.441516637802124,-3.474618434906006,-0.5566805005073547,-3.7784416675567627,true,-,-

2026-06-02T17:57:03.283Z,0,0,0,0,0,0,0,0,0,0,0,0,0,0,0,0,-1.3500773906707764,-2.119260549545288,-1.5799015760421753,-2.511775016784668,-1.7183104753494263,-2.8469104766845703,-1.4731281995773315,-3.218657970428467,-1.441516637802124,-3.474618434906006,-0.5566805005073547,-3.7784416675567627,true,-,-

2026-06-02T17:57:10.302Z,0,0,0,0,0,0,0,0,0,0,0,0,0,0,-0.9748473763465881,-1.7271500825881958,-1.3500773906707764,-2.119260549545288,-1.5799015760421753,-2.511775016784668,-1.7183104753494263,-2.8469104766845703,-1.4731281995773315,-3.218657970428467,-1.441516637802124,-3.474618434906006,-0.5566805005073547,-3.7784416675567627,true,-,-

2026-06-02T17:57:17.357Z,0,0,0,0,0,0,0,0,0,0,0,0,-0.7373896837234497,-1.723147988319397,-0.9748473763465881,-1.7271500825881958,-1.3500773906707764,-2.119260549545288,-1.5799015760421753,-2.511775016784668,-1.7183104753494263,-2.8469104766845703,-1.4731281995773315,-3.218657970428467,-1.441516637802124,-3.474618434906006,-0.5566805005073547,-3.7784416675567627,true,-,-

2026-06-02T17:57:25.458Z,0,0,0,0,0,0,0,0,0,0,-0.6361755728721619,-1.4163421392440796,-0.7373896837234497,-1.723147988319397,-0.9748473763465881,-1.7271500825881958,-1.3500773906707764,-2.119260549545288,-1.5799015760421753,-2.511775016784668,-1.7183104753494263,-2.8469104766845703,-1.4731281995773315,-3.218657970428467,-1.441516637802124,-3.474618434906006,-0.5566805005073547,-3.7784416675567627,true,-,-

2026-06-02T17:57:32.508Z,0,0,0,0,0,0,0,0,-0.4909305274486542,-1.1416383981704712,-0.6361755728721619,-1.4163421392440796,-0.7373896837234497,-1.723147988319397,-0.9748473763465881,-1.7271500825881958,-1.3500773906707764,-2.119260549545288,-1.5799015760421753,-2.511775016784668,-1.7183104753494263,-2.8469104766845703,-1.4731281995773315,-3.218657970428467,-1.441516637802124,-3.474618434906006,-0.5566805005073547,-3.7784416675567627,true,-,-

2026-06-02T17:57:39.583Z,0,0,0,0,0,0,0.1413496732711792,-1.1800589561462402,-0.4909305274486542,-1.1416383981704712,-0.6361755728721619,-1.4163421392440796,-0.7373896837234497,-1.723147988319397,-0.9748473763465881,-1.7271500825881958,-1.3500773906707764,-2.119260549545288,-1.5799015760421753,-2.511775016784668,-1.7183104753494263,-2.8469104766845703,-1.4731281995773315,-3.218657970428467,-1.441516637802124,-3.474618434906006,-0.5566805005073547,-3.7784416675567627,true,-,-

2026-06-02T17:57:46.618Z,0,0,0,0,0.4515434205532074,-1.04244065284729,0.1413496732711792,-1.1800589561462402,-0.4909305274486542,-1.1416383981704712,-0.6361755728721619,-1.4163421392440796,-0.7373896837234497,-1.723147988319397,-0.9748473763465881,-1.7271500825881958,-1.3500773906707764,-2.119260549545288,-1.5799015760421753,-2.511775016784668,-1.7183104753494263,-2.8469104766845703,-1.4731281995773315,-3.218657970428467,-1.441516637802124,-3.474618434906006,-0.5566805005073547,-3.7784416675567627,true,-,-

2026-06-02T17:57:53.714Z,0,0,1.1428381204605103,-0.7967565655708313,0.4515434205532074,-1.04244065284729,0.1413496732711792,-1.1800589561462402,-0.4909305274486542,-1.1416383981704712,-0.6361755728721619,-1.4163421392440796,-0.7373896837234497,-1.723147988319397,-0.9748473763465881,-1.7271500825881958,-1.3500773906707764,-2.119260549545288,-1.5799015760421753,-2.511775016784668,-1.7183104753494263,-2.8469104766845703,-1.4731281995773315,-3.218657970428467,-1.441516637802124,-3.474618434906006,-0.5566805005073547,-3.7784416675567627,true,-,-

2026-06-02T17:58:00.778Z,1.94832444190979,-0.7039719223976135,1.1428381204605103,-0.7967565655708313,0.4515434205532074,-1.04244065284729,0.1413496732711792,-1.1800589561462402,-0.4909305274486542,-1.1416383981704712,-0.6361755728721619,-1.4163421392440796,-0.7373896837234497,-1.723147988319397,-0.9748473763465881,-1.7271500825881958,-1.3500773906707764,-2.119260549545288,-1.5799015760421753,-2.511775016784668,-1.7183104753494263,-2.8469104766845703,-1.4731281995773315,-3.218657970428467,-1.441516637802124,-3.474618434906006,-0.5566805005073547,-3.7784416675567627,true,-,-

2026-06-02T17:59:22.545Z,1.94832444190979,-0.7039719223976135,1.1428381204605103,-0.7967565655708313,0.4515434205532074,-1.04244065284729,0.1413496732711792,-1.1800589561462402,-0.4909305274486542,-1.1416383981704712,-0.6361755728721619,-1.4163421392440796,-0.7373896837234497,-1.723147988319397,-0.9748473763465881,-1.7271500825881958,-1.3500773906707764,-2.119260549545288,-1.5799015760421753,-2.511775016784668,-1.7183104753494263,-2.8469104766845703,-1.4731281995773315,-3.218657970428467,-1.441516637802124,-3.474618434906006,-0.5566805005073547,-3.7784416675567627,false,-,-

2026-06-02T18:10:39.433Z,0,0,0,0,0,0,0,0,0,0,0,0,0,0,0,0,0,0,0,0,0,0,0,0,0,0,0,0,true,we4rfws,sdfsd

2026-06-02T18:11:33.845Z,0,0,0,0,0,0,0,0,0,0,0,0,0,0,0,0,0,0,0,0,0,0,0,0,0,0,2.119382619857788,-2.7825000286102295,true,we4rfws,sdfsd

2026-06-02T18:11:37.908Z,0,0,0,0,0,0,0,0,0,0,0,0,0,0,0,0,0,0,0,0,0,0,0,0,1.2488209009170532,-2.946516990661621,2.119382619857788,-2.7825000286102295,true,we4rfws,sdfsd

2026-06-02T18:11:43.973Z,0,0,0,0,0,0,0,0,0,0,0,0,0,0,0,0,0,0,0,0,0,0,1.0546170473098755,-2.8461105823516846,1.2488209009170532,-2.946516990661621,2.119382619857788,-2.7825000286102295,true,we4rfws,sdfsd

2026-06-02T18:11:51.014Z,0,0,0,0,0,0,0,0,0,0,0,0,0,0,0,0,0,0,0,0,0.8312535881996155,-2.197146415710449,1.0546170473098755,-2.8461105823516846,1.2488209009170532,-2.946516990661621,2.119382619857788,-2.7825000286102295,true,we4rfws,sdfsd

2026-06-02T18:11:58.065Z,0,0,0,0,0,0,0,0,0,0,0,0,0,0,0,0,0,0,1.0340231657028198,-1.7209020853042603,0.8312535881996155,-2.197146415710449,1.0546170473098755,-2.8461105823516846,1.2488209009170532,-2.946516990661621,2.119382619857788,-2.7825000286102295,true,we4rfws,sdfsd

2026-06-02T18:12:05.195Z,0,0,0,0,0,0,0,0,0,0,0,0,0,0,0,0,0.9612504839897156,-1.6077353954315186,1.0340231657028198,-1.7209020853042603,0.8312535881996155,-2.197146415710449,1.0546170473098755,-2.8461105823516846,1.2488209009170532,-2.946516990661621,2.119382619857788,-2.7825000286102295,true,we4rfws,sdfsd

2026-06-02T18:12:12.252Z,0,0,0,0,0,0,0,0,0,0,0,0,0,0,0.8071013689041138,-1.3206605911254883,0.9612504839897156,-1.6077353954315186,1.0340231657028198,-1.7209020853042603,0.8312535881996155,-2.197146415710449,1.0546170473098755,-2.8461105823516846,1.2488209009170532,-2.946516990661621,2.119382619857788,-2.7825000286102295,true,we4rfws,sdfsd

2026-06-02T18:12:19.308Z,0,0,0,0,0,0,0,0,0,0,0,0,1.1260180473327637,-1.1507731676101685,0.8071013689041138,-1.3206605911254883,0.9612504839897156,-1.6077353954315186,1.0340231657028198,-1.7209020853042603,0.8312535881996155,-2.197146415710449,1.0546170473098755,-2.8461105823516846,1.2488209009170532,-2.946516990661621,2.119382619857788,-2.7825000286102295,true,we4rfws,sdfsd

2026-06-02T18:12:26.332Z,0,0,0,0,0,0,0,0,0,0,0.9501123428344727,-1.11431086063385,1.1260180473327637,-1.1507731676101685,0.8071013689041138,-1.3206605911254883,0.9612504839897156,-1.6077353954315186,1.0340231657028198,-1.7209020853042603,0.8312535881996155,-2.197146415710449,1.0546170473098755,-2.8461105823516846,1.2488209009170532,-2.946516990661621,2.119382619857788,-2.7825000286102295,true,we4rfws,sdfsd

2026-06-02T18:12:33.379Z,0,0,0,0,0,0,0,0,1.3776326179504395,-0.7037343978881836,0.9501123428344727,-1.11431086063385,1.1260180473327637,-1.1507731676101685,0.8071013689041138,-1.3206605911254883,0.9612504839897156,-1.6077353954315186,1.0340231657028198,-1.7209020853042603,0.8312535881996155,-2.197146415710449,1.0546170473098755,-2.8461105823516846,1.2488209009170532,-2.946516990661621,2.119382619857788,-2.7825000286102295,true,we4rfws,sdfsd

2026-06-02T18:12:40.425Z,0,0,0,0,0,0,1.7250866889953613,-0.33302223682403564,1.3776326179504395,-0.7037343978881836,0.9501123428344727,-1.11431086063385,1.1260180473327637,-1.1507731676101685,0.8071013689041138,-1.3206605911254883,0.9612504839897156,-1.6077353954315186,1.0340231657028198,-1.7209020853042603,0.8312535881996155,-2.197146415710449,1.0546170473098755,-2.8461105823516846,1.2488209009170532,-2.946516990661621,2.119382619857788,-2.7825000286102295,true,we4rfws,sdfsd

2026-06-02T18:12:47.470Z,0,0,0,0,2.050814151763916,-0.11604197323322296,1.7250866889953613,-0.33302223682403564,1.3776326179504395,-0.7037343978881836,0.9501123428344727,-1.11431086063385,1.1260180473327637,-1.1507731676101685,0.8071013689041138,-1.3206605911254883,0.9612504839897156,-1.6077353954315186,1.0340231657028198,-1.7209020853042603,0.8312535881996155,-2.197146415710449,1.0546170473098755,-2.8461105823516846,1.2488209009170532,-2.946516990661621,2.119382619857788,-2.7825000286102295,true,we4rfws,sdfsd

2026-06-02T18:12:54.532Z,0,0,2.28385591506958,-0.019956646487116814,2.050814151763916,-0.11604197323322296,1.7250866889953613,-0.33302223682403564,1.3776326179504395,-0.7037343978881836,0.9501123428344727,-1.11431086063385,1.1260180473327637,-1.1507731676101685,0.8071013689041138,-1.3206605911254883,0.9612504839897156,-1.6077353954315186,1.0340231657028198,-1.7209020853042603,0.8312535881996155,-2.197146415710449,1.0546170473098755,-2.8461105823516846,1.2488209009170532,-2.946516990661621,2.119382619857788,-2.7825000286102295,true,we4rfws,sdfsd

2026-06-02T18:13:01.596Z,2.3494725227355957,0.22859087586402893,2.28385591506958,-0.019956646487116814,2.050814151763916,-0.11604197323322296,1.7250866889953613,-0.33302223682403564,1.3776326179504395,-0.7037343978881836,0.9501123428344727,-1.11431086063385,1.1260180473327637,-1.1507731676101685,0.8071013689041138,-1.3206605911254883,0.9612504839897156,-1.6077353954315186,1.0340231657028198,-1.7209020853042603,0.8312535881996155,-2.197146415710449,1.0546170473098755,-2.8461105823516846,1.2488209009170532,-2.946516990661621,2.119382619857788,-2.7825000286102295,true,we4rfws,sdfsd

2026-06-02T18:14:23.418Z,2.3494725227355957,0.22859087586402893,2.28385591506958,-0.019956646487116814,2.050814151763916,-0.11604197323322296,1.7250866889953613,-0.33302223682403564,1.3776326179504395,-0.7037343978881836,0.9501123428344727,-1.11431086063385,1.1260180473327637,-1.1507731676101685,0.8071013689041138,-1.3206605911254883,0.9612504839897156,-1.6077353954315186,1.0340231657028198,-1.7209020853042603,0.8312535881996155,-2.197146415710449,1.0546170473098755,-2.8461105823516846,1.2488209009170532,-2.946516990661621,2.119382619857788,-2.7825000286102295,false,we4rfws,sdfsd

2026-06-02T18:25:52.597Z,0,0,0,0,0,0,0,0,0,0,0,0,0,0,0,0,0,0,0,0,0,0,0,0,0,0,0,0,true,daed,esfuhfy

2026-06-02T18:29:02.154Z,0,0,0,0,0,0,0,0,0,0,0,0,0,0,0,0,0,0,0,0,0,0,0,0,0,0,0,0,false,daed,esfuhfy

2026-06-02T18:34:40.283Z,0,0,0,0,0,0,0,0,0,0,0,0,0,0,0,0,0,0,0,0,0,0,0,0,0,0,0,0,true,gfdgfd,hgfh

2026-06-02T18:37:52.071Z,0,0,0,0,0,0,0,0,0,0,0,0,0,0,0,0,0,0,0,0,0,0,0,0,0,0,0,0,false,gfdgfd,hgfh

2026-06-02T19:12:25.476Z,0,0,0,0,0,0,0,0,0,0,0,0,0,0,0,0,0,0,0,0,0,0,0,0,0,0,0,0,true,sfsf,ghjgtuy

2026-06-02T19:14:49.712Z,0,0,0,0,0,0,0,0,0,0,0,0,0,0,0,0,0,0,0,0,0,0,0,0,0,0,1.7050604820251465,-3.083117961883545,true,sfsf,ghjgtuy

2026-06-02T19:16:33.631Z,0,0,0,0,0,0,0,0,0,0,0,0,0,0,0,0,0,0,0,0,0,0,0,0,1.40976083278656,-3.068631172180176,1.7050604820251465,-3.083117961883545,true,sfsf,ghjgtuy

2026-06-02T19:17:43.166Z,0,0,0,0,0,0,0,0,0,0,0,0,0,0,0,0,0,0,0,0,0,0,1.0179846286773682,-2.605994701385498,1.40976083278656,-3.068631172180176,1.7050604820251465,-3.083117961883545,true,sfsf,ghjgtuy

2026-06-02T19:18:52.907Z,0,0,0,0,0,0,0,0,0,0,0,0,0,0,0,0,0,0,0,0,0.7454572916030884,-2.3781051635742188,1.0179846286773682,-2.605994701385498,1.40976083278656,-3.068631172180176,1.7050604820251465,-3.083117961883545,true,sfsf,ghjgtuy

2026-06-02T19:20:03.561Z,0,0,0,0,0,0,0,0,0,0,0,0,0,0,0,0,0,0,0.9532899856567383,-1.8275781869888306,0.7454572916030884,-2.3781051635742188,1.0179846286773682,-2.605994701385498,1.40976083278656,-3.068631172180176,1.7050604820251465,-3.083117961883545,true,sfsf,ghjgtuy

2026-06-02T19:21:13.225Z,0,0,0,0,0,0,0,0,0,0,0,0,0,0,0,0,0.8858358263969421,-1.6014633178710938,0.9532899856567383,-1.8275781869888306,0.7454572916030884,-2.3781051635742188,1.0179846286773682,-2.605994701385498,1.40976083278656,-3.068631172180176,1.7050604820251465,-3.083117961883545,true,sfsf,ghjgtuy

2026-06-02T19:22:23.846Z,0,0,0,0,0,0,0,0,0,0,0,0,0,0,0.7028058171272278,-1.4246582984924316,0.8858358263969421,-1.6014633178710938,0.9532899856567383,-1.8275781869888306,0.7454572916030884,-2.3781051635742188,1.0179846286773682,-2.605994701385498,1.40976083278656,-3.068631172180176,1.7050604820251465,-3.083117961883545,true,sfsf,ghjgtuy

2026-06-02T19:23:34.450Z,0,0,0,0,0,0,0,0,0,0,0,0,0.9644596576690674,-1.13767671585083,0.7028058171272278,-1.4246582984924316,0.8858358263969421,-1.6014633178710938,0.9532899856567383,-1.8275781869888306,0.7454572916030884,-2.3781051635742188,1.0179846286773682,-2.605994701385498,1.40976083278656,-3.068631172180176,1.7050604820251465,-3.083117961883545,true,sfsf,ghjgtuy

2026-06-02T19:24:44.994Z,0,0,0,0,0,0,0,0,0,0,1.1447809934616089,-0.9650087356567383,0.9644596576690674,-1.13767671585083,0.7028058171272278,-1.4246582984924316,0.8858358263969421,-1.6014633178710938,0.9532899856567383,-1.8275781869888306,0.7454572916030884,-2.3781051635742188,1.0179846286773682,-2.605994701385498,1.40976083278656,-3.068631172180176,1.7050604820251465,-3.083117961883545,true,sfsf,ghjgtuy

2026-06-02T19:25:54.660Z,0,0,0,0,0,0,0,0,1.2327768802642822,-0.7957506775856018,1.1447809934616089,-0.9650087356567383,0.9644596576690674,-1.13767671585083,0.7028058171272278,-1.4246582984924316,0.8858358263969421,-1.6014633178710938,0.9532899856567383,-1.8275781869888306,0.7454572916030884,-2.3781051635742188,1.0179846286773682,-2.605994701385498,1.40976083278656,-3.068631172180176,1.7050604820251465,-3.083117961883545,true,sfsf,ghjgtuy

2026-06-02T19:25:55.669Z,0,0,0,0,0,0,0,0,1.250443458557129,-0.8022425770759583,1.1447809934616089,-0.9650087356567383,0.9644596576690674,-1.13767671585083,0.7028058171272278,-1.4246582984924316,0.8858358263969421,-1.6014633178710938,0.9532899856567383,-1.8275781869888306,0.7454572916030884,-2.3781051635742188,1.0179846286773682,-2.605994701385498,1.40976083278656,-3.068631172180176,1.7050604820251465,-3.083117961883545,true,sfsf,ghjgtuy

2026-06-02T19:27:05.339Z,0,0,0,0,0,0,1.431850552558899,-0.6807424426078796,1.250443458557129,-0.8022425770759583,1.1447809934616089,-0.9650087356567383,0.9644596576690674,-1.13767671585083,0.7028058171272278,-1.4246582984924316,0.8858358263969421,-1.6014633178710938,0.9532899856567383,-1.8275781869888306,0.7454572916030884,-2.3781051635742188,1.0179846286773682,-2.605994701385498,1.40976083278656,-3.068631172180176,1.7050604820251465,-3.083117961883545,true,sfsf,ghjgtuy

2026-06-02T19:28:15.993Z,0,0,0,0,2.038038969039917,-0.07353419810533524,1.431850552558899,-0.6807424426078796,1.250443458557129,-0.8022425770759583,1.1447809934616089,-0.9650087356567383,0.9644596576690674,-1.13767671585083,0.7028058171272278,-1.4246582984924316,0.8858358263969421,-1.6014633178710938,0.9532899856567383,-1.8275781869888306,0.7454572916030884,-2.3781051635742188,1.0179846286773682,-2.605994701385498,1.40976083278656,-3.068631172180176,1.7050604820251465,-3.083117961883545,true,sfsf,ghjgtuy

2026-06-02T19:29:26.653Z,0,0,2.3703994750976562,0.05467582866549492,2.038038969039917,-0.07353419810533524,1.431850552558899,-0.6807424426078796,1.250443458557129,-0.8022425770759583,1.1447809934616089,-0.9650087356567383,0.9644596576690674,-1.13767671585083,0.7028058171272278,-1.4246582984924316,0.8858358263969421,-1.6014633178710938,0.9532899856567383,-1.8275781869888306,0.7454572916030884,-2.3781051635742188,1.0179846286773682,-2.605994701385498,1.40976083278656,-3.068631172180176,1.7050604820251465,-3.083117961883545,true,sfsf,ghjgtuy

2026-06-02T19:31:57.917Z,2.2384274005889893,0.19474564492702484,2.3703994750976562,0.05467582866549492,2.038038969039917,-0.07353419810533524,1.431850552558899,-0.6807424426078796,1.250443458557129,-0.8022425770759583,1.1447809934616089,-0.9650087356567383,0.9644596576690674,-1.13767671585083,0.7028058171272278,-1.4246582984924316,0.8858358263969421,-1.6014633178710938,0.9532899856567383,-1.8275781869888306,0.7454572916030884,-2.3781051635742188,1.0179846286773682,-2.605994701385498,1.40976083278656,-3.068631172180176,1.7050604820251465,-3.083117961883545,true,sfsf,ghjgtuy

2026-06-02T19:34:39.292Z,2.2384274005889893,0.19474564492702484,2.3703994750976562,0.05467582866549492,2.038038969039917,-0.07353419810533524,1.431850552558899,-0.6807424426078796,1.250443458557129,-0.8022425770759583,1.1447809934616089,-0.9650087356567383,0.9644596576690674,-1.13767671585083,0.7028058171272278,-1.4246582984924316,0.8858358263969421,-1.6014633178710938,0.9532899856567383,-1.8275781869888306,0.7454572916030884,-2.3781051635742188,1.0179846286773682,-2.605994701385498,1.40976083278656,-3.068631172180176,1.7050604820251465,-3.083117961883545,false,sfsf,ghjgtuy

2026-06-02T22:10:33.630Z,2.2384274005889893,0.19474564492702484,2.3703994750976562,0.05467582866549492,2.038038969039917,-0.07353419810533524,1.431850552558899,-0.6807424426078796,1.250443458557129,-0.8022425770759583,1.1447809934616089,-0.9650087356567383,0.9644596576690674,-1.13767671585083,0.7028058171272278,-1.4246582984924316,0.8858358263969421,-1.6014633178710938,0.9532899856567383,-1.8275781869888306,0.7454572916030884,-2.3781051635742188,1.0179846286773682,-2.605994701385498,1.40976083278656,-3.068631172180176,1.7050604820251465,-3.083117961883545,false,sfsf,ghjgtuy

2026-06-04T15:09:45.581Z,2.2384274005889893,0.19474564492702484,2.3703994750976562,0.05467582866549492,2.038038969039917,-0.07353419810533524,1.431850552558899,-0.6807424426078796,1.250443458557129,-0.8022425770759583,1.1447809934616089,-0.9650087356567383,0.9644596576690674,-1.13767671585083,0.7028058171272278,-1.4246582984924316,0.8858358263969421,-1.6014633178710938,0.9532899856567383,-1.8275781869888306,0.7454572916030884,-2.3781051635742188,1.0179846286773682,-2.605994701385498,1.40976083278656,-3.068631172180176,1.7050604820251465,-3.083117961883545,false,sfsf,ghjgtuy

2026-06-05T12:37:54.416Z,0,0,0,0,0,0,0,0,0,0,0,0,0,0,0,0,0,0,0,0,0,0,0,0,0,0,0,0,true,CNAIID,E0783

2026-06-05T12:38:47.830Z,0,0,0,0,0,0,0,0,0,0,0,0,0,0,0,0,0,0,0,0,0,0,0,0,0,0,-8.683025360107422,4.700379371643066,true,CNAIID,E0783

2026-06-05T12:40:32.669Z,0,0,0,0,0,0,0,0,0,0,0,0,0,0,0,0,0,0,0,0,0,0,0,0,-7.140508651733398,3.5047073364257812,-8.683025360107422,4.700379371643066,true,CNAIID,E0783

2026-06-05T12:41:42.239Z,0,0,0,0,0,0,0,0,0,0,0,0,0,0,0,0,0,0,0,0,0,0,-4.974212646484375,2.168191909790039,-7.140508651733398,3.5047073364257812,-8.683025360107422,4.700379371643066,true,CNAIID,E0783

2026-06-05T12:42:52.896Z,0,0,0,0,0,0,0,0,0,0,0,0,0,0,0,0,0,0,0,0,-3.429551362991333,0.8551631569862366,-4.974212646484375,2.168191909790039,-7.140508651733398,3.5047073364257812,-8.683025360107422,4.700379371643066,true,CNAIID,E0783

2026-06-05T12:44:03.482Z,0,0,0,0,0,0,0,0,0,0,0,0,0,0,0,0,0,0,-2.103306531906128,0.004149469081312418,-3.429551362991333,0.8551631569862366,-4.974212646484375,2.168191909790039,-7.140508651733398,3.5047073364257812,-8.683025360107422,4.700379371643066,true,CNAIID,E0783

2026-06-05T12:45:13.057Z,0,0,0,0,0,0,0,0,0,0,0,0,0,0,0,0,-1.1441152095794678,-0.01379295065999031,-2.103306531906128,0.004149469081312418,-3.429551362991333,0.8551631569862366,-4.974212646484375,2.168191909790039,-7.140508651733398,3.5047073364257812,-8.683025360107422,4.700379371643066,true,CNAIID,E0783

2026-06-05T12:46:23.655Z,0,0,0,0,0,0,0,0,0,0,0,0,0,0,-0.4808081388473511,0.15893065929412842,-1.1441152095794678,-0.01379295065999031,-2.103306531906128,0.004149469081312418,-3.429551362991333,0.8551631569862366,-4.974212646484375,2.168191909790039,-7.140508651733398,3.5047073364257812,-8.683025360107422,4.700379371643066,true,CNAIID,E0783

2026-06-05T12:47:34.243Z,0,0,0,0,0,0,0,0,0,0,0,0,0.14031951129436493,0.13077114522457123,-0.4808081388473511,0.15893065929412842,-1.1441152095794678,-0.01379295065999031,-2.103306531906128,0.004149469081312418,-3.429551362991333,0.8551631569862366,-4.974212646484375,2.168191909790039,-7.140508651733398,3.5047073364257812,-8.683025360107422,4.700379371643066,true,CNAIID,E0783

2026-06-05T12:48:44.845Z,0,0,0,0,0,0,0,0,0,0,0.8300669193267822,-0.1908753514289856,0.14031951129436493,0.13077114522457123,-0.4808081388473511,0.15893065929412842,-1.1441152095794678,-0.01379295065999031,-2.103306531906128,0.004149469081312418,-3.429551362991333,0.8551631569862366,-4.974212646484375,2.168191909790039,-7.140508651733398,3.5047073364257812,-8.683025360107422,4.700379371643066,true,CNAIID,E0783

2026-06-05T12:49:55.411Z,0,0,0,0,0,0,0,0,1.71273934841156,-0.3349568545818329,0.8300669193267822,-0.1908753514289856,0.14031951129436493,0.13077114522457123,-0.4808081388473511,0.15893065929412842,-1.1441152095794678,-0.01379295065999031,-2.103306531906128,0.004149469081312418,-3.429551362991333,0.8551631569862366,-4.974212646484375,2.168191909790039,-7.140508651733398,3.5047073364257812,-8.683025360107422,4.700379371643066,true,CNAIID,E0783

2026-06-05T12:51:06.043Z,0,0,0,0,0,0,2.4459128379821777,-0.37258991599082947,1.71273934841156,-0.3349568545818329,0.8300669193267822,-0.1908753514289856,0.14031951129436493,0.13077114522457123,-0.4808081388473511,0.15893065929412842,-1.1441152095794678,-0.01379295065999031,-2.103306531906128,0.004149469081312418,-3.429551362991333,0.8551631569862366,-4.974212646484375,2.168191909790039,-7.140508651733398,3.5047073364257812,-8.683025360107422,4.700379371643066,true,CNAIID,E0783

2026-06-05T12:52:16.663Z,0,0,0,0,2.756417989730835,-0.34169086813926697,2.4459128379821777,-0.37258991599082947,1.71273934841156,-0.3349568545818329,0.8300669193267822,-0.1908753514289856,0.14031951129436493,0.13077114522457123,-0.4808081388473511,0.15893065929412842,-1.1441152095794678,-0.01379295065999031,-2.103306531906128,0.004149469081312418,-3.429551362991333,0.8551631569862366,-4.974212646484375,2.168191909790039,-7.140508651733398,3.5047073364257812,-8.683025360107422,4.700379371643066,true,CNAIID,E0783

2026-06-05T12:53:26.304Z,0,0,2.9513745307922363,-0.5228049159049988,2.756417989730835,-0.34169086813926697,2.4459128379821777,-0.37258991599082947,1.71273934841156,-0.3349568545818329,0.8300669193267822,-0.1908753514289856,0.14031951129436493,0.13077114522457123,-0.4808081388473511,0.15893065929412842,-1.1441152095794678,-0.01379295065999031,-2.103306531906128,0.004149469081312418,-3.429551362991333,0.8551631569862366,-4.974212646484375,2.168191909790039,-7.140508651733398,3.5047073364257812,-8.683025360107422,4.700379371643066,true,CNAIID,E0783

2026-06-05T12:55:58.514Z,3.3230783939361572,0.42621910572052,2.9513745307922363,-0.5228049159049988,2.756417989730835,-0.34169086813926697,2.4459128379821777,-0.37258991599082947,1.71273934841156,-0.3349568545818329,0.8300669193267822,-0.1908753514289856,0.14031951129436493,0.13077114522457123,-0.4808081388473511,0.15893065929412842,-1.1441152095794678,-0.01379295065999031,-2.103306531906128,0.004149469081312418,-3.429551362991333,0.8551631569862366,-4.974212646484375,2.168191909790039,-7.140508651733398,3.5047073364257812,-8.683025360107422,4.700379371643066,true,CNAIID,E0783

2026-06-05T12:56:02.531Z,3.3230783939361572,0.42621910572052,2.9513745307922363,-0.5228049159049988,2.756417989730835,-0.34169086813926697,2.4459128379821777,-0.37258991599082947,1.71273934841156,-0.3349568545818329,0.8300669193267822,-0.1908753514289856,0.14031951129436493,0.13077114522457123,-0.4808081388473511,0.15893065929412842,-1.1441152095794678,-0.01379295065999031,-2.103306531906128,0.004149469081312418,-3.429551362991333,0.8551631569862366,-4.974212646484375,2.168191909790039,-7.140508651733398,3.5047073364257812,-8.683025360107422,4.700379371643066,true,CNAIID,E0783

2026-06-05T12:58:39.652Z,3.3230783939361572,0.42621910572052,2.9513745307922363,-0.5228049159049988,2.756417989730835,-0.34169086813926697,2.4459128379821777,-0.37258991599082947,1.71273934841156,-0.3349568545818329,0.8300669193267822,-0.1908753514289856,0.14031951129436493,0.13077114522457123,-0.4808081388473511,0.15893065929412842,-1.1441152095794678,-0.01379295065999031,-2.103306531906128,0.004149469081312418,-3.429551362991333,0.8551631569862366,-4.974212646484375,2.168191909790039,-7.140508651733398,3.5047073364257812,-8.683025360107422,4.700379371643066,false,CNAIID,E0783

2026-06-05T14:08:22.467Z,0,0,0,0,0,0,0,0,0,0,0,0,0,0,0,0,0,0,0,0,0,0,0,0,0,0,0,0,true,CNAIID2,E0783,107.91456604003906

2026-06-05T14:09:15.895Z,0,0,0,0,0,0,0,0,0,0,0,0,0,0,0,0,0,0,0,0,0,0,0,0,0,0,-8.524754524230957,4.646933555603027,true,CNAIID2,E0783,107.91456604003906

2026-06-05T14:11:00.987Z,0,0,0,0,0,0,0,0,0,0,0,0,0,0,0,0,0,0,0,0,0,0,0,0,-6.86019229888916,3.6612329483032227,-8.524754524230957,4.646933555603027,true,CNAIID2,E0783,107.91456604003906

2026-06-05T14:12:10.711Z,0,0,0,0,0,0,0,0,0,0,0,0,0,0,0,0,0,0,0,0,0,0,-4.8909759521484375,2.077263832092285,-6.86019229888916,3.6612329483032227,-8.524754524230957,4.646933555603027,true,CNAIID2,E0783,107.91456604003906

2026-06-05T14:13:20.360Z,0,0,0,0,0,0,0,0,0,0,0,0,0,0,0,0,0,0,0,0,-3.2047691345214844,0.8643943071365356,-4.8909759521484375,2.077263832092285,-6.86019229888916,3.6612329483032227,-8.524754524230957,4.646933555603027,true,CNAIID2,E0783,107.91456604003906

2026-06-05T14:13:21.373Z,0,0,0,0,0,0,0,0,0,0,0,0,0,0,0,0,0,0,0,0,-3.2047739028930664,0.8643960356712341,-4.8909759521484375,2.077263832092285,-6.86019229888916,3.6612329483032227,-8.524754524230957,4.646933555603027,true,CNAIID2,E0783,107.91456604003906

2026-06-05T14:14:31.073Z,0,0,0,0,0,0,0,0,0,0,0,0,0,0,0,0,0,0,-1.9924243688583374,-0.011242817156016827,-3.2047739028930664,0.8643960356712341,-4.8909759521484375,2.077263832092285,-6.86019229888916,3.6612329483032227,-8.524754524230957,4.646933555603027,true,CNAIID2,E0783,107.91456604003906

2026-06-05T14:15:41.797Z,0,0,0,0,0,0,0,0,0,0,0,0,0,0,0,0,-1.1168371438980103,-0.013003352098166943,-1.9924243688583374,-0.011242817156016827,-3.2047739028930664,0.8643960356712341,-4.8909759521484375,2.077263832092285,-6.86019229888916,3.6612329483032227,-8.524754524230957,4.646933555603027,true,CNAIID2,E0783,107.91456604003906

2026-06-05T14:16:52.530Z,0,0,0,0,0,0,0,0,0,0,0,0,0,0,-0.503271758556366,0.2724025547504425,-1.1168371438980103,-0.013003352098166943,-1.9924243688583374,-0.011242817156016827,-3.2047739028930664,0.8643960356712341,-4.8909759521484375,2.077263832092285,-6.86019229888916,3.6612329483032227,-8.524754524230957,4.646933555603027,true,CNAIID2,E0783,107.91456604003906

2026-06-05T14:18:03.309Z,0,0,0,0,0,0,0,0,0,0,0,0,0.24749566614627838,0.16689926385879517,-0.503271758556366,0.2724025547504425,-1.1168371438980103,-0.013003352098166943,-1.9924243688583374,-0.011242817156016827,-3.2047739028930664,0.8643960356712341,-4.8909759521484375,2.077263832092285,-6.86019229888916,3.6612329483032227,-8.524754524230957,4.646933555603027,true,CNAIID2,E0783,107.91456604003906

2026-06-05T14:19:12.918Z,0,0,0,0,0,0,0,0,0,0,0.8843204379081726,-0.11510656028985977,0.24749566614627838,0.16689926385879517,-0.503271758556366,0.2724025547504425,-1.1168371438980103,-0.013003352098166943,-1.9924243688583374,-0.011242817156016827,-3.2047739028930664,0.8643960356712341,-4.8909759521484375,2.077263832092285,-6.86019229888916,3.6612329483032227,-8.524754524230957,4.646933555603027,true,CNAIID2,E0783,107.91456604003906

2026-06-05T14:20:23.596Z,0,0,0,0,0,0,0,0,1.7253689765930176,-0.23188748955726624,0.8843204379081726,-0.11510656028985977,0.24749566614627838,0.16689926385879517,-0.503271758556366,0.2724025547504425,-1.1168371438980103,-0.013003352098166943,-1.9924243688583374,-0.011242817156016827,-3.2047739028930664,0.8643960356712341,-4.8909759521484375,2.077263832092285,-6.86019229888916,3.6612329483032227,-8.524754524230957,4.646933555603027,true,CNAIID2,E0783,107.91456604003906

2026-06-05T14:21:34.312Z,0,0,0,0,0,0,2.3418264389038086,-0.2224758416414261,1.7253689765930176,-0.23188748955726624,0.8843204379081726,-0.11510656028985977,0.24749566614627838,0.16689926385879517,-0.503271758556366,0.2724025547504425,-1.1168371438980103,-0.013003352098166943,-1.9924243688583374,-0.011242817156016827,-3.2047739028930664,0.8643960356712341,-4.8909759521484375,2.077263832092285,-6.86019229888916,3.6612329483032227,-8.524754524230957,4.646933555603027,true,CNAIID2,E0783,107.91456604003906

2026-06-05T14:22:44.925Z,0,0,0,0,2.7177419662475586,-0.3052137792110443,2.3418264389038086,-0.2224758416414261,1.7253689765930176,-0.23188748955726624,0.8843204379081726,-0.11510656028985977,0.24749566614627838,0.16689926385879517,-0.503271758556366,0.2724025547504425,-1.1168371438980103,-0.013003352098166943,-1.9924243688583374,-0.011242817156016827,-3.2047739028930664,0.8643960356712341,-4.8909759521484375,2.077263832092285,-6.86019229888916,3.6612329483032227,-8.524754524230957,4.646933555603027,true,CNAIID2,E0783,107.91456604003906

2026-06-05T14:23:54.653Z,0,0,2.985931873321533,-0.5328887701034546,2.7177419662475586,-0.3052137792110443,2.3418264389038086,-0.2224758416414261,1.7253689765930176,-0.23188748955726624,0.8843204379081726,-0.11510656028985977,0.24749566614627838,0.16689926385879517,-0.503271758556366,0.2724025547504425,-1.1168371438980103,-0.013003352098166943,-1.9924243688583374,-0.011242817156016827,-3.2047739028930664,0.8643960356712341,-4.8909759521484375,2.077263832092285,-6.86019229888916,3.6612329483032227,-8.524754524230957,4.646933555603027,true,CNAIID2,E0783,107.91456604003906

2026-06-05T14:26:26.116Z,3.2876291275024414,0.43720296025276184,2.985931873321533,-0.5328887701034546,2.7177419662475586,-0.3052137792110443,2.3418264389038086,-0.2224758416414261,1.7253689765930176,-0.23188748955726624,0.8843204379081726,-0.11510656028985977,0.24749566614627838,0.16689926385879517,-0.503271758556366,0.2724025547504425,-1.1168371438980103,-0.013003352098166943,-1.9924243688583374,-0.011242817156016827,-3.2047739028930664,0.8643960356712341,-4.8909759521484375,2.077263832092285,-6.86019229888916,3.6612329483032227,-8.524754524230957,4.646933555603027,true,CNAIID2,E0783,107.91456604003906

2026-06-05T14:26:31.161Z,3.2876291275024414,0.43720296025276184,2.985931873321533,-0.5328887701034546,2.7177419662475586,-0.3052137792110443,2.3418264389038086,-0.2224758416414261,1.7253689765930176,-0.23188748955726624,0.8843204379081726,-0.11510656028985977,0.24749566614627838,0.16689926385879517,-0.503271758556366,0.2724025547504425,-1.1168371438980103,-0.013003352098166943,-1.9924243688583374,-0.011242817156016827,-3.2047739028930664,0.8643960356712341,-4.8909759521484375,2.077263832092285,-6.86019229888916,3.6612329483032227,-8.524754524230957,4.646933555603027,true,CNAIID2,E0783,107.91456604003906

2026-06-05T14:29:07.625Z,3.2876291275024414,0.43720296025276184,2.985931873321533,-0.5328887701034546,2.7177419662475586,-0.3052137792110443,2.3418264389038086,-0.2224758416414261,1.7253689765930176,-0.23188748955726624,0.8843204379081726,-0.11510656028985977,0.24749566614627838,0.16689926385879517,-0.503271758556366,0.2724025547504425,-1.1168371438980103,-0.013003352098166943,-1.9924243688583374,-0.011242817156016827,-3.2047739028930664,0.8643960356712341,-4.8909759521484375,2.077263832092285,-6.86019229888916,3.6612329483032227,-8.524754524230957,4.646933555603027,false,CNAIID2,E0783,107.91456604003906

2026-06-05T16:14:06.117Z,3.2876291275024414,0.43720296025276184,2.985931873321533,-0.5328887701034546,2.7177419662475586,-0.3052137792110443,2.3418264389038086,-0.2224758416414261,1.7253689765930176,-0.23188748955726624,0.8843204379081726,-0.11510656028985977,0.24749566614627838,0.16689926385879517,-0.503271758556366,0.2724025547504425,-1.1168371438980103,-0.013003352098166943,-1.9924243688583374,-0.011242817156016827,-3.2047739028930664,0.8643960356712341,-4.8909759521484375,2.077263832092285,-6.86019229888916,3.6612329483032227,-8.524754524230957,4.646933555603027,false,CNAIID2,E0783,107.91456604003906

2026-06-05T16:15:56.103Z,3.2876291275024414,0.43720296025276184,2.985931873321533,-0.5328887701034546,2.7177419662475586,-0.3052137792110443,2.3418264389038086,-0.2224758416414261,1.7253689765930176,-0.23188748955726624,0.8843204379081726,-0.11510656028985977,0.24749566614627838,0.16689926385879517,-0.503271758556366,0.2724025547504425,-1.1168371438980103,-0.013003352098166943,-1.9924243688583374,-0.011242817156016827,-3.2047739028930664,0.8643960356712341,-4.8909759521484375,2.077263832092285,-6.86019229888916,3.6612329483032227,-8.524754524230957,4.646933555603027,false,CNAIID2,E0783,107.91456604003906

2026-06-05T17:12:42.536Z,0,0,0,0,0,0,0,0,0,0,0,0,0,0,0,0,0,0,0,0,0,0,0,0,0,0,0,0,true,CNAII,E3852,107.91456604003906

2026-06-05T17:13:36.056Z,0,0,0,0,0,0,0,0,0,0,0,0,0,0,0,0,0,0,0,0,0,0,0,0,0,0,-2.912137269973755,4.380290985107422,true,CNAII,E3852,0

2026-06-05T17:15:20.053Z,0,0,0,0,0,0,0,0,0,0,0,0,0,0,0,0,0,0,0,0,0,0,0,0,-3.206451416015625,3.845771312713623,-2.912137269973755,4.380290985107422,true,CNAII,E3852,0

2026-06-05T17:16:29.752Z,0,0,0,0,0,0,0,0,0,0,0,0,0,0,0,0,0,0,0,0,0,0,-3.5712039470672607,3.4258804321289062,-3.206451416015625,3.845771312713623,-2.912137269973755,4.380290985107422,true,CNAII,E3852,0

2026-06-05T17:16:30.750Z,0,0,0,0,0,0,0,0,0,0,0,0,0,0,0,0,0,0,0,0,0,0,-3.5702741146087646,3.42134690284729,-3.206451416015625,3.845771312713623,-2.912137269973755,4.380290985107422,true,CNAII,E3852,0

2026-06-05T17:17:40.297Z,0,0,0,0,0,0,0,0,0,0,0,0,0,0,0,0,0,0,0,0,-4.066672325134277,3.2262933254241943,-3.5702741146087646,3.42134690284729,-3.206451416015625,3.845771312713623,-2.912137269973755,4.380290985107422,true,CNAII,E3852,0

2026-06-05T17:18:50.853Z,0,0,0,0,0,0,0,0,0,0,0,0,0,0,0,0,0,0,-3.5524237155914307,2.9735236167907715,-4.066672325134277,3.2262933254241943,-3.5702741146087646,3.42134690284729,-3.206451416015625,3.845771312713623,-2.912137269973755,4.380290985107422,true,CNAII,E3852,0

2026-06-05T17:20:02.303Z,0,0,0,0,0,0,0,0,0,0,0,0,0,0,0,0,-3.224669933319092,2.853039503097534,-3.5524237155914307,2.9735236167907715,-4.066672325134277,3.2262933254241943,-3.5702741146087646,3.42134690284729,-3.206451416015625,3.845771312713623,-2.912137269973755,4.380290985107422,true,CNAII,E3852,0

2026-06-05T17:21:12.889Z,0,0,0,0,0,0,0,0,0,0,0,0,0,0,-2.329399347305298,2.823507308959961,-3.224669933319092,2.853039503097534,-3.5524237155914307,2.9735236167907715,-4.066672325134277,3.2262933254241943,-3.5702741146087646,3.42134690284729,-3.206451416015625,3.845771312713623,-2.912137269973755,4.380290985107422,true,CNAII,E3852,0

2026-06-05T17:22:23.435Z,0,0,0,0,0,0,0,0,0,0,0,0,-2.216606855392456,2.240983247756958,-2.329399347305298,2.823507308959961,-3.224669933319092,2.853039503097534,-3.5524237155914307,2.9735236167907715,-4.066672325134277,3.2262933254241943,-3.5702741146087646,3.42134690284729,-3.206451416015625,3.845771312713623,-2.912137269973755,4.380290985107422,true,CNAII,E3852,0

2026-06-05T17:23:33.899Z,0,0,0,0,0,0,0,0,0,0,-1.9294971227645874,2.1613051891326904,-2.216606855392456,2.240983247756958,-2.329399347305298,2.823507308959961,-3.224669933319092,2.853039503097534,-3.5524237155914307,2.9735236167907715,-4.066672325134277,3.2262933254241943,-3.5702741146087646,3.42134690284729,-3.206451416015625,3.845771312713623,-2.912137269973755,4.380290985107422,true,CNAII,E3852,0

2026-06-05T17:23:34.888Z,0,0,0,0,0,0,0,0,0,0,-1.9987306594848633,2.1063759326934814,-2.216606855392456,2.240983247756958,-2.329399347305298,2.823507308959961,-3.224669933319092,2.853039503097534,-3.5524237155914307,2.9735236167907715,-4.066672325134277,3.2262933254241943,-3.5702741146087646,3.42134690284729,-3.206451416015625,3.845771312713623,-2.912137269973755,4.380290985107422,true,CNAII,E3852,0

2026-06-05T17:24:45.388Z,0,0,0,0,0,0,0,0,-1.034009337425232,2.0874946117401123,-1.9987306594848633,2.1063759326934814,-2.216606855392456,2.240983247756958,-2.329399347305298,2.823507308959961,-3.224669933319092,2.853039503097534,-3.5524237155914307,2.9735236167907715,-4.066672325134277,3.2262933254241943,-3.5702741146087646,3.42134690284729,-3.206451416015625,3.845771312713623,-2.912137269973755,4.380290985107422,true,CNAII,E3852,0

2026-06-05T17:25:55.988Z,0,0,0,0,0,0,-0.4235721826553345,1.8489822149276733,-1.034009337425232,2.0874946117401123,-1.9987306594848633,2.1063759326934814,-2.216606855392456,2.240983247756958,-2.329399347305298,2.823507308959961,-3.224669933319092,2.853039503097534,-3.5524237155914307,2.9735236167907715,-4.066672325134277,3.2262933254241943,-3.5702741146087646,3.42134690284729,-3.206451416015625,3.845771312713623,-2.912137269973755,4.380290985107422,true,CNAII,E3852,0

2026-06-05T17:27:06.450Z,0,0,0,0,0.17107118666172028,1.5549496412277222,-0.4235721826553345,1.8489822149276733,-1.034009337425232,2.0874946117401123,-1.9987306594848633,2.1063759326934814,-2.216606855392456,2.240983247756958,-2.329399347305298,2.823507308959961,-3.224669933319092,2.853039503097534,-3.5524237155914307,2.9735236167907715,-4.066672325134277,3.2262933254241943,-3.5702741146087646,3.42134690284729,-3.206451416015625,3.845771312713623,-2.912137269973755,4.380290985107422,true,CNAII,E3852,0

2026-06-05T17:28:16.940Z,0,0,1.1914955377578735,1.4723801612854004,0.17107118666172028,1.5549496412277222,-0.4235721826553345,1.8489822149276733,-1.034009337425232,2.0874946117401123,-1.9987306594848633,2.1063759326934814,-2.216606855392456,2.240983247756958,-2.329399347305298,2.823507308959961,-3.224669933319092,2.853039503097534,-3.5524237155914307,2.9735236167907715,-4.066672325134277,3.2262933254241943,-3.5702741146087646,3.42134690284729,-3.206451416015625,3.845771312713623,-2.912137269973755,4.380290985107422,true,CNAII,E3852,0

2026-06-05T17:30:48.139Z,1.5870147943496704,1.056386113166809,1.1914955377578735,1.4723801612854004,0.17107118666172028,1.5549496412277222,-0.4235721826553345,1.8489822149276733,-1.034009337425232,2.0874946117401123,-1.9987306594848633,2.1063759326934814,-2.216606855392456,2.240983247756958,-2.329399347305298,2.823507308959961,-3.224669933319092,2.853039503097534,-3.5524237155914307,2.9735236167907715,-4.066672325134277,3.2262933254241943,-3.5702741146087646,3.42134690284729,-3.206451416015625,3.845771312713623,-2.912137269973755,4.380290985107422,true,CNAII,E3852,0

2026-06-05T17:30:53.174Z,1.5870147943496704,1.056386113166809,1.1914955377578735,1.4723801612854004,0.17107118666172028,1.5549496412277222,-0.4235721826553345,1.8489822149276733,-1.034009337425232,2.0874946117401123,-1.9987306594848633,2.1063759326934814,-2.216606855392456,2.240983247756958,-2.329399347305298,2.823507308959961,-3.224669933319092,2.853039503097534,-3.5524237155914307,2.9735236167907715,-4.066672325134277,3.2262933254241943,-3.5702741146087646,3.42134690284729,-3.206451416015625,3.845771312713623,-2.912137269973755,4.380290985107422,true,CNAII,E3852,107.87963104248047

2026-06-05T17:33:30.081Z,1.5870147943496704,1.056386113166809,1.1914955377578735,1.4723801612854004,0.17107118666172028,1.5549496412277222,-0.4235721826553345,1.8489822149276733,-1.034009337425232,2.0874946117401123,-1.9987306594848633,2.1063759326934814,-2.216606855392456,2.240983247756958,-2.329399347305298,2.823507308959961,-3.224669933319092,2.853039503097534,-3.5524237155914307,2.9735236167907715,-4.066672325134277,3.2262933254241943,-3.5702741146087646,3.42134690284729,-3.206451416015625,3.845771312713623,-2.912137269973755,4.380290985107422,false,CNAII,E3852,107.87963104248047

2026-06-05T18:23:09.539Z,0,0,0,0,0,0,0,0,0,0,0,0,0,0,0,0,0,0,0,0,0,0,0,0,0,0,0,0,true,CNAII,E3850,107.87963104248047

2026-06-05T18:24:03.062Z,0,0,0,0,0,0,0,0,0,0,0,0,0,0,0,0,0,0,0,0,0,0,0,0,0,0,0.3001261353492737,-3.5456454753875732,true,CNAII,E3850,0

2026-06-05T18:25:47.078Z,0,0,0,0,0,0,0,0,0,0,0,0,0,0,0,0,0,0,0,0,0,0,0,0,0.6485459208488464,-2.7626307010650635,0.3001261353492737,-3.5456454753875732,true,CNAII,E3850,0

2026-06-05T18:26:56.569Z,0,0,0,0,0,0,0,0,0,0,0,0,0,0,0,0,0,0,0,0,0,0,-0.27451780438423157,-3.263162136077881,0.6485459208488464,-2.7626307010650635,0.3001261353492737,-3.5456454753875732,true,CNAII,E3850,0

2026-06-05T18:28:06.213Z,0,0,0,0,0,0,0,0,0,0,0,0,0,0,0,0,0,0,0,0,-0.49881598353385925,-2.892482042312622,-0.27451780438423157,-3.263162136077881,0.6485459208488464,-2.7626307010650635,0.3001261353492737,-3.5456454753875732,true,CNAII,E3850,0

2026-06-05T18:29:15.790Z,0,0,0,0,0,0,0,0,0,0,0,0,0,0,0,0,0,0,-0.25364282727241516,-2.4704837799072266,-0.49881598353385925,-2.892482042312622,-0.27451780438423157,-3.263162136077881,0.6485459208488464,-2.7626307010650635,0.3001261353492737,-3.5456454753875732,true,CNAII,E3850,0

2026-06-05T18:29:16.794Z,0,0,0,0,0,0,0,0,0,0,0,0,0,0,0,0,0,0,-0.25364330410957336,-2.4704813957214355,-0.49881598353385925,-2.892482042312622,-0.27451780438423157,-3.263162136077881,0.6485459208488464,-2.7626307010650635,0.3001261353492737,-3.5456454753875732,true,CNAII,E3850,0

2026-06-05T18:30:26.363Z,0,0,0,0,0,0,0,0,0,0,0,0,0,0,0,0,-0.35934484004974365,-2.343708038330078,-0.25364330410957336,-2.4704813957214355,-0.49881598353385925,-2.892482042312622,-0.27451780438423157,-3.263162136077881,0.6485459208488464,-2.7626307010650635,0.3001261353492737,-3.5456454753875732,true,CNAII,E3850,0

2026-06-05T18:31:37.017Z,0,0,0,0,0,0,0,0,0,0,0,0,0,0,-0.6365917921066284,-2.1483664512634277,-0.35934484004974365,-2.343708038330078,-0.25364330410957336,-2.4704813957214355,-0.49881598353385925,-2.892482042312622,-0.27451780438423157,-3.263162136077881,0.6485459208488464,-2.7626307010650635,0.3001261353492737,-3.5456454753875732,true,CNAII,E3850,0

2026-06-05T18:32:47.623Z,0,0,0,0,0,0,0,0,0,0,0,0,-0.7030487656593323,-1.944839358329773,-0.6365917921066284,-2.1483664512634277,-0.35934484004974365,-2.343708038330078,-0.25364330410957336,-2.4704813957214355,-0.49881598353385925,-2.892482042312622,-0.27451780438423157,-3.263162136077881,0.6485459208488464,-2.7626307010650635,0.3001261353492737,-3.5456454753875732,true,CNAII,E3850,0

2026-06-05T18:33:58.315Z,0,0,0,0,0,0,0,0,0,0,-0.08884859085083008,-1.5112847089767456,-0.7030487656593323,-1.944839358329773,-0.6365917921066284,-2.1483664512634277,-0.35934484004974365,-2.343708038330078,-0.25364330410957336,-2.4704813957214355,-0.49881598353385925,-2.892482042312622,-0.27451780438423157,-3.263162136077881,0.6485459208488464,-2.7626307010650635,0.3001261353492737,-3.5456454753875732,true,CNAII,E3850,0

2026-06-05T18:35:07.956Z,0,0,0,0,0,0,0,0,-0.029944580048322678,-1.4822776317596436,-0.08884859085083008,-1.5112847089767456,-0.7030487656593323,-1.944839358329773,-0.6365917921066284,-2.1483664512634277,-0.35934484004974365,-2.343708038330078,-0.25364330410957336,-2.4704813957214355,-0.49881598353385925,-2.892482042312622,-0.27451780438423157,-3.263162136077881,0.6485459208488464,-2.7626307010650635,0.3001261353492737,-3.5456454753875732,true,CNAII,E3850,0

2026-06-05T18:36:18.635Z,0,0,0,0,0,0,0.49549630284309387,-1.301908016204834,-0.029944580048322678,-1.4822776317596436,-0.08884859085083008,-1.5112847089767456,-0.7030487656593323,-1.944839358329773,-0.6365917921066284,-2.1483664512634277,-0.35934484004974365,-2.343708038330078,-0.25364330410957336,-2.4704813957214355,-0.49881598353385925,-2.892482042312622,-0.27451780438423157,-3.263162136077881,0.6485459208488464,-2.7626307010650635,0.3001261353492737,-3.5456454753875732,true,CNAII,E3850,0

2026-06-05T18:37:29.239Z,0,0,0,0,0.9895833134651184,-0.8673593997955322,0.49549630284309387,-1.301908016204834,-0.029944580048322678,-1.4822776317596436,-0.08884859085083008,-1.5112847089767456,-0.7030487656593323,-1.944839358329773,-0.6365917921066284,-2.1483664512634277,-0.35934484004974365,-2.343708038330078,-0.25364330410957336,-2.4704813957214355,-0.49881598353385925,-2.892482042312622,-0.27451780438423157,-3.263162136077881,0.6485459208488464,-2.7626307010650635,0.3001261353492737,-3.5456454753875732,true,CNAII,E3850,0

2026-06-05T18:38:39.903Z,0,0,1.2061703205108643,-0.5960592031478882,0.9895833134651184,-0.8673593997955322,0.49549630284309387,-1.301908016204834,-0.029944580048322678,-1.4822776317596436,-0.08884859085083008,-1.5112847089767456,-0.7030487656593323,-1.944839358329773,-0.6365917921066284,-2.1483664512634277,-0.35934484004974365,-2.343708038330078,-0.25364330410957336,-2.4704813957214355,-0.49881598353385925,-2.892482042312622,-0.27451780438423157,-3.263162136077881,0.6485459208488464,-2.7626307010650635,0.3001261353492737,-3.5456454753875732,true,CNAII,E3850,0

2026-06-05T18:41:11.225Z,1.2157561779022217,-0.32531222701072693,1.2061703205108643,-0.5960592031478882,0.9895833134651184,-0.8673593997955322,0.49549630284309387,-1.301908016204834,-0.029944580048322678,-1.4822776317596436,-0.08884859085083008,-1.5112847089767456,-0.7030487656593323,-1.944839358329773,-0.6365917921066284,-2.1483664512634277,-0.35934484004974365,-2.343708038330078,-0.25364330410957336,-2.4704813957214355,-0.49881598353385925,-2.892482042312622,-0.27451780438423157,-3.263162136077881,0.6485459208488464,-2.7626307010650635,0.3001261353492737,-3.5456454753875732,true,CNAII,E3850,0

2026-06-05T18:41:15.230Z,1.2157561779022217,-0.32531222701072693,1.2061703205108643,-0.5960592031478882,0.9895833134651184,-0.8673593997955322,0.49549630284309387,-1.301908016204834,-0.029944580048322678,-1.4822776317596436,-0.08884859085083008,-1.5112847089767456,-0.7030487656593323,-1.944839358329773,-0.6365917921066284,-2.1483664512634277,-0.35934484004974365,-2.343708038330078,-0.25364330410957336,-2.4704813957214355,-0.49881598353385925,-2.892482042312622,-0.27451780438423157,-3.263162136077881,0.6485459208488464,-2.7626307010650635,0.3001261353492737,-3.5456454753875732,true,CNAII,E3850,107.81602478027344

2026-06-05T18:43:52.605Z,1.2157561779022217,-0.32531222701072693,1.2061703205108643,-0.5960592031478882,0.9895833134651184,-0.8673593997955322,0.49549630284309387,-1.301908016204834,-0.029944580048322678,-1.4822776317596436,-0.08884859085083008,-1.5112847089767456,-0.7030487656593323,-1.944839358329773,-0.6365917921066284,-2.1483664512634277,-0.35934484004974365,-2.343708038330078,-0.25364330410957336,-2.4704813957214355,-0.49881598353385925,-2.892482042312622,-0.27451780438423157,-3.263162136077881,0.6485459208488464,-2.7626307010650635,0.3001261353492737,-3.5456454753875732,false,CNAII,E3850,107.81602478027344

2026-06-05T20:40:46.104Z,1.2157561779022217,-0.32531222701072693,1.2061703205108643,-0.5960592031478882,0.9895833134651184,-0.8673593997955322,0.49549630284309387,-1.301908016204834,-0.029944580048322678,-1.4822776317596436,-0.08884859085083008,-1.5112847089767456,-0.7030487656593323,-1.944839358329773,-0.6365917921066284,-2.1483664512634277,-0.35934484004974365,-2.343708038330078,-0.25364330410957336,-2.4704813957214355,-0.49881598353385925,-2.892482042312622,-0.27451780438423157,-3.263162136077881,0.6485459208488464,-2.7626307010650635,0.3001261353492737,-3.5456454753875732,false,CNAII,E3850,107.81602478027344

2026-06-09T15:31:03.780Z,1.2157561779022217,-0.32531222701072693,1.2061703205108643,-0.5960592031478882,0.9895833134651184,-0.8673593997955322,0.49549630284309387,-1.301908016204834,-0.029944580048322678,-1.4822776317596436,-0.08884859085083008,-1.5112847089767456,-0.7030487656593323,-1.944839358329773,-0.6365917921066284,-2.1483664512634277,-0.35934484004974365,-2.343708038330078,-0.25364330410957336,-2.4704813957214355,-0.49881598353385925,-2.892482042312622,-0.27451780438423157,-3.263162136077881,0.6485459208488464,-2.7626307010650635,0.3001261353492737,-3.5456454753875732,false,CNAII,E3850,107.81602478027344

2026-06-10T11:00:17.113Z,1.2157561779022217,-0.32531222701072693,1.2061703205108643,-0.5960592031478882,0.9895833134651184,-0.8673593997955322,0.49549630284309387,-1.301908016204834,-0.029944580048322678,-1.4822776317596436,-0.08884859085083008,-1.5112847089767456,-0.7030487656593323,-1.944839358329773,-0.6365917921066284,-2.1483664512634277,-0.35934484004974365,-2.343708038330078,-0.25364330410957336,-2.4704813957214355,-0.49881598353385925,-2.892482042312622,-0.27451780438423157,-3.263162136077881,0.6485459208488464,-2.7626307010650635,0.3001261353492737,-3.5456454753875732,false,CNAII,E3850,107.81602478027344

2026-06-10T15:45:00.931Z,0,0,0,0,0,0,0,0,0,0,0,0,0,0,0,0,0,0,0,0,0,0,0,0,0,0,0,0,false,-,-,0

2026-06-10T15:45:46.045Z,1.2157561779022217,-0.32531222701072693,1.2061703205108643,-0.5960592031478882,0.9895833134651184,-0.8673593997955322,0.49549630284309387,-1.301908016204834,-0.029944580048322678,-1.4822776317596436,-0.08884859085083008,-1.5112847089767456,-0.7030487656593323,-1.944839358329773,-0.6365917921066284,-2.1483664512634277,-0.35934484004974365,-2.343708038330078,-0.25364330410957336,-2.4704813957214355,-0.49881598353385925,-2.892482042312622,-0.27451780438423157,-3.263162136077881,0.6485459208488464,-2.7626307010650635,0.3001261353492737,-3.5456454753875732,false,CNAII,E3850,107.81602478027344

2026-06-10T21:52:57.336Z,0,0,0,0,0,0,0,0,0,0,0,0,0,0,0,0,0,0,0,0,0,0,0,0,0,0,0,0,false,-,-,0

2026-06-10T21:53:42.239Z,1.2157561779022217,-0.32531222701072693,1.2061703205108643,-0.5960592031478882,0.9895833134651184,-0.8673593997955322,0.49549630284309387,-1.301908016204834,-0.029944580048322678,-1.4822776317596436,-0.08884859085083008,-1.5112847089767456,-0.7030487656593323,-1.944839358329773,-0.6365917921066284,-2.1483664512634277,-0.35934484004974365,-2.343708038330078,-0.25364330410957336,-2.4704813957214355,-0.49881598353385925,-2.892482042312622,-0.27451780438423157,-3.263162136077881,0.6485459208488464,-2.7626307010650635,0.3001261353492737,-3.5456454753875732,false,CNAII,E3850,107.81602478027344

2026-06-11T14:39:24.023Z,0,0,0,0,0,0,0,0,0,0,0,0,0,0,0,0,0,0,0,0,0,0,0,0,0,0,0,0,false,-,-,0

2026-06-11T14:39:52.101Z,1.2157561779022217,-0.32531222701072693,1.2061703205108643,-0.5960592031478882,0.9895833134651184,-0.8673593997955322,0.49549630284309387,-1.301908016204834,-0.029944580048322678,-1.4822776317596436,-0.08884859085083008,-1.5112847089767456,-0.7030487656593323,-1.944839358329773,-0.6365917921066284,-2.1483664512634277,-0.35934484004974365,-2.343708038330078,-0.25364330410957336,-2.4704813957214355,-0.49881598353385925,-2.892482042312622,-0.27451780438423157,-3.263162136077881,0.6485459208488464,-2.7626307010650635,0.3001261353492737,-3.5456454753875732,false,CNAII,E3850,107.81602478027344

2026-06-11T15:02:37.523Z,0,0,0,0,0,0,0,0,0,0,0,0,0,0,0,0,0,0,0,0,0,0,0,0,0,0,0,0,false,-,-,0

2026-06-11T15:02:56.635Z,1.2157561779022217,-0.32531222701072693,1.2061703205108643,-0.5960592031478882,0.9895833134651184,-0.8673593997955322,0.49549630284309387,-1.301908016204834,-0.029944580048322678,-1.4822776317596436,-0.08884859085083008,-1.5112847089767456,-0.7030487656593323,-1.944839358329773,-0.6365917921066284,-2.1483664512634277,-0.35934484004974365,-2.343708038330078,-0.25364330410957336,-2.4704813957214355,-0.49881598353385925,-2.892482042312622,-0.27451780438423157,-3.263162136077881,0.6485459208488464,-2.7626307010650635,0.3001261353492737,-3.5456454753875732,false,CNAII,E3850,107.81602478027344

2026-06-11T15:20:28.935Z,0,0,0,0,0,0,0,0,0,0,0,0,0,0,0,0,0,0,0,0,0,0,0,0,0,0,0,0,false,-,-,0

2026-06-11T15:20:56.093Z,1.2157561779022217,-0.32531222701072693,1.2061703205108643,-0.5960592031478882,0.9895833134651184,-0.8673593997955322,0.49549630284309387,-1.301908016204834,-0.029944580048322678,-1.4822776317596436,-0.08884859085083008,-1.5112847089767456,-0.7030487656593323,-1.944839358329773,-0.6365917921066284,-2.1483664512634277,-0.35934484004974365,-2.343708038330078,-0.25364330410957336,-2.4704813957214355,-0.49881598353385925,-2.892482042312622,-0.27451780438423157,-3.263162136077881,0.6485459208488464,-2.7626307010650635,0.3001261353492737,-3.5456454753875732,false,CNAII,E3850,107.81602478027344

2026-06-12T11:00:14.697Z,0,0,0,0,0,0,0,0,0,0,0,0,0,0,0,0,0,0,0,0,0,0,0,0,0,0,0.8714722394943237,3.8637919425964355,false,PRUEBA111,SALTO,0

2026-06-12T11:33:27.020Z,0,0,0,0,0,0,0,0,0,0,0,0,0,0,0,0,0,0,0,0,0,0,0,0,0,0,0,0,true,CNAII,E3860,0

2026-06-12T11:34:14.289Z,0,0,0,0,0,0,0,0,0,0,0,0,0,0,0,0,0,0,0,0,0,0,0,0,0,0,-5.5270891189575195,2.8990020751953125,true,CNAII,E3860,0

2026-06-12T11:35:59.035Z,0,0,0,0,0,0,0,0,0,0,0,0,0,0,0,0,0,0,0,0,0,0,0,0,-5.203173637390137,2.774998426437378,-5.5270891189575195,2.8990020751953125,true,CNAII,E3860,0

2026-06-12T11:37:08.651Z,0,0,0,0,0,0,0,0,0,0,0,0,0,0,0,0,0,0,0,0,0,0,-4.609152317047119,2.5110397338867188,-5.203173637390137,2.774998426437378,-5.5270891189575195,2.8990020751953125,true,CNAII,E3860,0

2026-06-12T11:38:18.117Z,0,0,0,0,0,0,0,0,0,0,0,0,0,0,0,0,0,0,0,0,-4.057559013366699,2.438704490661621,-4.609152317047119,2.5110397338867188,-5.203173637390137,2.774998426437378,-5.5270891189575195,2.8990020751953125,true,CNAII,E3860,0

2026-06-12T11:39:29.670Z,0,0,0,0,0,0,0,0,0,0,0,0,0,0,0,0,0,0,-3.5115175247192383,2.4051408767700195,-4.057559013366699,2.438704490661621,-4.609152317047119,2.5110397338867188,-5.203173637390137,2.774998426437378,-5.5270891189575195,2.8990020751953125,true,CNAII,E3860,0

2026-06-12T11:40:40.253Z,0,0,0,0,0,0,0,0,0,0,0,0,0,0,0,0,-2.234218120574951,2.0094785690307617,-3.5115175247192383,2.4051408767700195,-4.057559013366699,2.438704490661621,-4.609152317047119,2.5110397338867188,-5.203173637390137,2.774998426437378,-5.5270891189575195,2.8990020751953125,true,CNAII,E3860,0

2026-06-12T11:41:50.787Z,0,0,0,0,0,0,0,0,0,0,0,0,0,0,-0.7777537703514099,1.5236037969589233,-2.234218120574951,2.0094785690307617,-3.5115175247192383,2.4051408767700195,-4.057559013366699,2.438704490661621,-4.609152317047119,2.5110397338867188,-5.203173637390137,2.774998426437378,-5.5270891189575195,2.8990020751953125,true,CNAII,E3860,0

2026-06-12T11:43:01.374Z,0,0,0,0,0,0,0,0,0,0,0,0,0.5069647431373596,1.455108404159546,-0.7777537703514099,1.5236037969589233,-2.234218120574951,2.0094785690307617,-3.5115175247192383,2.4051408767700195,-4.057559013366699,2.438704490661621,-4.609152317047119,2.5110397338867188,-5.203173637390137,2.774998426437378,-5.5270891189575195,2.8990020751953125,true,CNAII,E3860,0

2026-06-12T11:44:11.943Z,0,0,0,0,0,0,0,0,0,0,1.9261491298675537,1.2784701585769653,0.5069647431373596,1.455108404159546,-0.7777537703514099,1.5236037969589233,-2.234218120574951,2.0094785690307617,-3.5115175247192383,2.4051408767700195,-4.057559013366699,2.438704490661621,-4.609152317047119,2.5110397338867188,-5.203173637390137,2.774998426437378,-5.5270891189575195,2.8990020751953125,true,CNAII,E3860,0

2026-06-12T11:45:22.502Z,0,0,0,0,0,0,0,0,2.6437911987304688,1.497983694076538,1.9261491298675537,1.2784701585769653,0.5069647431373596,1.455108404159546,-0.7777537703514099,1.5236037969589233,-2.234218120574951,2.0094785690307617,-3.5115175247192383,2.4051408767700195,-4.057559013366699,2.438704490661621,-4.609152317047119,2.5110397338867188,-5.203173637390137,2.774998426437378,-5.5270891189575195,2.8990020751953125,true,CNAII,E3860,0

2026-06-12T11:46:32.972Z,0,0,0,0,0,0,3.309725284576416,1.1256144046783447,2.6437911987304688,1.497983694076538,1.9261491298675537,1.2784701585769653,0.5069647431373596,1.455108404159546,-0.7777537703514099,1.5236037969589233,-2.234218120574951,2.0094785690307617,-3.5115175247192383,2.4051408767700195,-4.057559013366699,2.438704490661621,-4.609152317047119,2.5110397338867188,-5.203173637390137,2.774998426437378,-5.5270891189575195,2.8990020751953125,true,CNAII,E3860,0

2026-06-12T11:47:43.564Z,0,0,0,0,3.885791540145874,0.6257112622261047,3.309725284576416,1.1256144046783447,2.6437911987304688,1.497983694076538,1.9261491298675537,1.2784701585769653,0.5069647431373596,1.455108404159546,-0.7777537703514099,1.5236037969589233,-2.234218120574951,2.0094785690307617,-3.5115175247192383,2.4051408767700195,-4.057559013366699,2.438704490661621,-4.609152317047119,2.5110397338867188,-5.203173637390137,2.774998426437378,-5.5270891189575195,2.8990020751953125,true,CNAII,E3860,0

2026-06-12T11:48:53.085Z,0,0,3.9846925735473633,0.49641260504722595,3.885791540145874,0.6257112622261047,3.309725284576416,1.1256144046783447,2.6437911987304688,1.497983694076538,1.9261491298675537,1.2784701585769653,0.5069647431373596,1.455108404159546,-0.7777537703514099,1.5236037969589233,-2.234218120574951,2.0094785690307617,-3.5115175247192383,2.4051408767700195,-4.057559013366699,2.438704490661621,-4.609152317047119,2.5110397338867188,-5.203173637390137,2.774998426437378,-5.5270891189575195,2.8990020751953125,true,CNAII,E3860,0

2026-06-12T11:48:54.093Z,0,0,3.984691858291626,0.49641767144203186,3.885791540145874,0.6257112622261047,3.309725284576416,1.1256144046783447,2.6437911987304688,1.497983694076538,1.9261491298675537,1.2784701585769653,0.5069647431373596,1.455108404159546,-0.7777537703514099,1.5236037969589233,-2.234218120574951,2.0094785690307617,-3.5115175247192383,2.4051408767700195,-4.057559013366699,2.438704490661621,-4.609152317047119,2.5110397338867188,-5.203173637390137,2.774998426437378,-5.5270891189575195,2.8990020751953125,true,CNAII,E3860,0

2026-06-12T11:51:25.203Z,3.3254332542419434,0.9484544992446899,3.984691858291626,0.49641767144203186,3.885791540145874,0.6257112622261047,3.309725284576416,1.1256144046783447,2.6437911987304688,1.497983694076538,1.9261491298675537,1.2784701585769653,0.5069647431373596,1.455108404159546,-0.7777537703514099,1.5236037969589233,-2.234218120574951,2.0094785690307617,-3.5115175247192383,2.4051408767700195,-4.057559013366699,2.438704490661621,-4.609152317047119,2.5110397338867188,-5.203173637390137,2.774998426437378,-5.5270891189575195,2.8990020751953125,true,CNAII,E3860,0

2026-06-12T11:51:29.270Z,3.3254332542419434,0.9484544992446899,3.984691858291626,0.49641767144203186,3.885791540145874,0.6257112622261047,3.309725284576416,1.1256144046783447,2.6437911987304688,1.497983694076538,1.9261491298675537,1.2784701585769653,0.5069647431373596,1.455108404159546,-0.7777537703514099,1.5236037969589233,-2.234218120574951,2.0094785690307617,-3.5115175247192383,2.4051408767700195,-4.057559013366699,2.438704490661621,-4.609152317047119,2.5110397338867188,-5.203173637390137,2.774998426437378,-5.5270891189575195,2.8990020751953125,true,CNAII,E3860,107.83729553222656

2026-06-12T11:54:06.214Z,3.3254332542419434,0.9484544992446899,3.984691858291626,0.49641767144203186,3.885791540145874,0.6257112622261047,3.309725284576416,1.1256144046783447,2.6437911987304688,1.497983694076538,1.9261491298675537,1.2784701585769653,0.5069647431373596,1.455108404159546,-0.7777537703514099,1.5236037969589233,-2.234218120574951,2.0094785690307617,-3.5115175247192383,2.4051408767700195,-4.057559013366699,2.438704490661621,-4.609152317047119,2.5110397338867188,-5.203173637390137,2.774998426437378,-5.5270891189575195,2.8990020751953125,false,CNAII,E3860,107.83729553222656

2026-06-12T13:00:55.357Z,0,0,0,0,0,0,0,0,0,0,0,0,0,0,0,0,0,0,0,0,0,0,0,0,0,0,0,0,true,CNAII,-,107.83729553222656

2026-06-12T13:01:11.343Z,0,0,0,0,0,0,0,0,0,0,0,0,0,0,0,0,0,0,0,0,0,0,0,0,0,0,0,0,false,CNAII,-,107.83729553222656

2026-06-12T13:01:26.499Z,0,0,0,0,0,0,0,0,0,0,0,0,0,0,0,0,0,0,0,0,0,0,0,0,0,0,0,0,true,CNAII,E3866,107.83729553222656

2026-06-12T13:02:19.742Z,0,0,0,0,0,0,0,0,0,0,0,0,0,0,0,0,0,0,0,0,0,0,0,0,0,0,-5.17154598236084,3.423678398132324,true,CNAII,E3866,0

2026-06-12T13:04:04.562Z,0,0,0,0,0,0,0,0,0,0,0,0,0,0,0,0,0,0,0,0,0,0,0,0,-5.4522480964660645,3.2506942749023438,-5.17154598236084,3.423678398132324,true,CNAII,E3866,0

2026-06-12T13:05:14.097Z,0,0,0,0,0,0,0,0,0,0,0,0,0,0,0,0,0,0,0,0,0,0,-5.540736675262451,3.1527411937713623,-5.4522480964660645,3.2506942749023438,-5.17154598236084,3.423678398132324,true,CNAII,E3866,0

2026-06-12T13:06:23.550Z,0,0,0,0,0,0,0,0,0,0,0,0,0,0,0,0,0,0,0,0,-5.663253307342529,2.8128139972686768,-5.540736675262451,3.1527411937713623,-5.4522480964660645,3.2506942749023438,-5.17154598236084,3.423678398132324,true,CNAII,E3866,0

2026-06-12T13:07:34.075Z,0,0,0,0,0,0,0,0,0,0,0,0,0,0,0,0,0,0,-4.919443130493164,2.3536524772644043,-5.663253307342529,2.8128139972686768,-5.540736675262451,3.1527411937713623,-5.4522480964660645,3.2506942749023438,-5.17154598236084,3.423678398132324,true,CNAII,E3866,0

2026-06-12T13:08:45.607Z,0,0,0,0,0,0,0,0,0,0,0,0,0,0,0,0,-4.502379417419434,2.080132246017456,-4.919443130493164,2.3536524772644043,-5.663253307342529,2.8128139972686768,-5.540736675262451,3.1527411937713623,-5.4522480964660645,3.2506942749023438,-5.17154598236084,3.423678398132324,true,CNAII,E3866,0

2026-06-12T13:09:56.177Z,0,0,0,0,0,0,0,0,0,0,0,0,0,0,-3.5926551818847656,1.7007489204406738,-4.502379417419434,2.080132246017456,-4.919443130493164,2.3536524772644043,-5.663253307342529,2.8128139972686768,-5.540736675262451,3.1527411937713623,-5.4522480964660645,3.2506942749023438,-5.17154598236084,3.423678398132324,true,CNAII,E3866,0

2026-06-12T13:11:06.698Z,0,0,0,0,0,0,0,0,0,0,0,0,-2.8992648124694824,1.2773687839508057,-3.5926551818847656,1.7007489204406738,-4.502379417419434,2.080132246017456,-4.919443130493164,2.3536524772644043,-5.663253307342529,2.8128139972686768,-5.540736675262451,3.1527411937713623,-5.4522480964660645,3.2506942749023438,-5.17154598236084,3.423678398132324,true,CNAII,E3866,0

2026-06-12T13:12:17.219Z,0,0,0,0,0,0,0,0,0,0,-1.7538255453109741,1.1405997276306152,-2.8992648124694824,1.2773687839508057,-3.5926551818847656,1.7007489204406738,-4.502379417419434,2.080132246017456,-4.919443130493164,2.3536524772644043,-5.663253307342529,2.8128139972686768,-5.540736675262451,3.1527411937713623,-5.4522480964660645,3.2506942749023438,-5.17154598236084,3.423678398132324,true,CNAII,E3866,0

2026-06-12T13:13:27.721Z,0,0,0,0,0,0,0,0,-1.1314767599105835,0.8280422687530518,-1.7538255453109741,1.1405997276306152,-2.8992648124694824,1.2773687839508057,-3.5926551818847656,1.7007489204406738,-4.502379417419434,2.080132246017456,-4.919443130493164,2.3536524772644043,-5.663253307342529,2.8128139972686768,-5.540736675262451,3.1527411937713623,-5.4522480964660645,3.2506942749023438,-5.17154598236084,3.423678398132324,true,CNAII,E3866,0

2026-06-12T13:14:38.247Z,0,0,0,0,0,0,0.04518590122461319,0.7376590967178345,-1.1314767599105835,0.8280422687530518,-1.7538255453109741,1.1405997276306152,-2.8992648124694824,1.2773687839508057,-3.5926551818847656,1.7007489204406738,-4.502379417419434,2.080132246017456,-4.919443130493164,2.3536524772644043,-5.663253307342529,2.8128139972686768,-5.540736675262451,3.1527411937713623,-5.4522480964660645,3.2506942749023438,-5.17154598236084,3.423678398132324,true,CNAII,E3866,0

2026-06-12T13:15:48.757Z,0,0,0,0,1.203612208366394,0.6298624277114868,0.04518590122461319,0.7376590967178345,-1.1314767599105835,0.8280422687530518,-1.7538255453109741,1.1405997276306152,-2.8992648124694824,1.2773687839508057,-3.5926551818847656,1.7007489204406738,-4.502379417419434,2.080132246017456,-4.919443130493164,2.3536524772644043,-5.663253307342529,2.8128139972686768,-5.540736675262451,3.1527411937713623,-5.4522480964660645,3.2506942749023438,-5.17154598236084,3.423678398132324,true,CNAII,E3866,0

2026-06-12T13:16:59.264Z,0,0,1.8666932582855225,0.40617871284484863,1.203612208366394,0.6298624277114868,0.04518590122461319,0.7376590967178345,-1.1314767599105835,0.8280422687530518,-1.7538255453109741,1.1405997276306152,-2.8992648124694824,1.2773687839508057,-3.5926551818847656,1.7007489204406738,-4.502379417419434,2.080132246017456,-4.919443130493164,2.3536524772644043,-5.663253307342529,2.8128139972686768,-5.540736675262451,3.1527411937713623,-5.4522480964660645,3.2506942749023438,-5.17154598236084,3.423678398132324,true,CNAII,E3866,0

2026-06-12T13:19:31.450Z,2.201411247253418,0.30190956592559814,1.8666932582855225,0.40617871284484863,1.203612208366394,0.6298624277114868,0.04518590122461319,0.7376590967178345,-1.1314767599105835,0.8280422687530518,-1.7538255453109741,1.1405997276306152,-2.8992648124694824,1.2773687839508057,-3.5926551818847656,1.7007489204406738,-4.502379417419434,2.080132246017456,-4.919443130493164,2.3536524772644043,-5.663253307342529,2.8128139972686768,-5.540736675262451,3.1527411937713623,-5.4522480964660645,3.2506942749023438,-5.17154598236084,3.423678398132324,true,CNAII,E3866,0

2026-06-12T13:19:35.486Z,2.201411247253418,0.30190956592559814,1.8666932582855225,0.40617871284484863,1.203612208366394,0.6298624277114868,0.04518590122461319,0.7376590967178345,-1.1314767599105835,0.8280422687530518,-1.7538255453109741,1.1405997276306152,-2.8992648124694824,1.2773687839508057,-3.5926551818847656,1.7007489204406738,-4.502379417419434,2.080132246017456,-4.919443130493164,2.3536524772644043,-5.663253307342529,2.8128139972686768,-5.540736675262451,3.1527411937713623,-5.4522480964660645,3.2506942749023438,-5.17154598236084,3.423678398132324,true,CNAII,E3866,107.85481262207031

2026-06-12T13:22:12.570Z,2.201411247253418,0.30190956592559814,1.8666932582855225,0.40617871284484863,1.203612208366394,0.6298624277114868,0.04518590122461319,0.7376590967178345,-1.1314767599105835,0.8280422687530518,-1.7538255453109741,1.1405997276306152,-2.8992648124694824,1.2773687839508057,-3.5926551818847656,1.7007489204406738,-4.502379417419434,2.080132246017456,-4.919443130493164,2.3536524772644043,-5.663253307342529,2.8128139972686768,-5.540736675262451,3.1527411937713623,-5.4522480964660645,3.2506942749023438,-5.17154598236084,3.423678398132324,false,CNAII,E3866,107.85481262207031

2026-06-12T18:07:51.173Z,0,0,0,0,0,0,0,0,0,0,0,0,0,0,0,0,0,0,0,0,0,0,0,0,0,0,0,0,true,CNAII,E3865,107.85481262207031

2026-06-12T18:08:42.622Z,0,0,0,0,0,0,0,0,0,0,0,0,0,0,0,0,0,0,0,0,0,0,0,0,0,0,-0.27667924761772156,-1.1932733058929443,true,CNAII,E3865,0

2026-06-12T18:10:27.495Z,0,0,0,0,0,0,0,0,0,0,0,0,0,0,0,0,0,0,0,0,0,0,0,0,-0.7109256386756897,-1.0044891834259033,-0.27667924761772156,-1.1932733058929443,true,CNAII,E3865,0

2026-06-12T18:11:36.977Z,0,0,0,0,0,0,0,0,0,0,0,0,0,0,0,0,0,0,0,0,0,0,-1.1534771919250488,-0.9694047570228577,-0.7109256386756897,-1.0044891834259033,-0.27667924761772156,-1.1932733058929443,true,CNAII,E3865,0

2026-06-12T18:12:46.538Z,0,0,0,0,0,0,0,0,0,0,0,0,0,0,0,0,0,0,0,0,-1.8782758712768555,-0.48943397402763367,-1.1534771919250488,-0.9694047570228577,-0.7109256386756897,-1.0044891834259033,-0.27667924761772156,-1.1932733058929443,true,CNAII,E3865,0

2026-06-12T18:13:57.077Z,0,0,0,0,0,0,0,0,0,0,0,0,0,0,0,0,0,0,-1.9839389324188232,0.13078732788562775,-1.8782758712768555,-0.48943397402763367,-1.1534771919250488,-0.9694047570228577,-0.7109256386756897,-1.0044891834259033,-0.27667924761772156,-1.1932733058929443,true,CNAII,E3865,0

2026-06-12T18:15:07.544Z,0,0,0,0,0,0,0,0,0,0,0,0,0,0,0,0,-2.286907911300659,0.4858878254890442,-1.9839389324188232,0.13078732788562775,-1.8782758712768555,-0.48943397402763367,-1.1534771919250488,-0.9694047570228577,-0.7109256386756897,-1.0044891834259033,-0.27667924761772156,-1.1932733058929443,true,CNAII,E3865,0

2026-06-12T18:16:19.010Z,0,0,0,0,0,0,0,0,0,0,0,0,0,0,-2.2995760440826416,0.8855172991752625,-2.286907911300659,0.4858878254890442,-1.9839389324188232,0.13078732788562775,-1.8782758712768555,-0.48943397402763367,-1.1534771919250488,-0.9694047570228577,-0.7109256386756897,-1.0044891834259033,-0.27667924761772156,-1.1932733058929443,true,CNAII,E3865,0

2026-06-12T18:17:29.540Z,0,0,0,0,0,0,0,0,0,0,0,0,-2.3548424243927,1.1662993431091309,-2.2995760440826416,0.8855172991752625,-2.286907911300659,0.4858878254890442,-1.9839389324188232,0.13078732788562775,-1.8782758712768555,-0.48943397402763367,-1.1534771919250488,-0.9694047570228577,-0.7109256386756897,-1.0044891834259033,-0.27667924761772156,-1.1932733058929443,true,CNAII,E3865,0

2026-06-12T18:18:39.971Z,0,0,0,0,0,0,0,0,0,0,-2.1771209239959717,1.5387146472930908,-2.3548424243927,1.1662993431091309,-2.2995760440826416,0.8855172991752625,-2.286907911300659,0.4858878254890442,-1.9839389324188232,0.13078732788562775,-1.8782758712768555,-0.48943397402763367,-1.1534771919250488,-0.9694047570228577,-0.7109256386756897,-1.0044891834259033,-0.27667924761772156,-1.1932733058929443,true,CNAII,E3865,0

2026-06-12T18:19:50.606Z,0,0,0,0,0,0,0,0,-1.9951179027557373,1.80703866481781,-2.1771209239959717,1.5387146472930908,-2.3548424243927,1.1662993431091309,-2.2995760440826416,0.8855172991752625,-2.286907911300659,0.4858878254890442,-1.9839389324188232,0.13078732788562775,-1.8782758712768555,-0.48943397402763367,-1.1534771919250488,-0.9694047570228577,-0.7109256386756897,-1.0044891834259033,-0.27667924761772156,-1.1932733058929443,true,CNAII,E3865,0

2026-06-12T18:21:01.134Z,0,0,0,0,0,0,-1.4390103816986084,1.782629370689392,-1.9951179027557373,1.80703866481781,-2.1771209239959717,1.5387146472930908,-2.3548424243927,1.1662993431091309,-2.2995760440826416,0.8855172991752625,-2.286907911300659,0.4858878254890442,-1.9839389324188232,0.13078732788562775,-1.8782758712768555,-0.48943397402763367,-1.1534771919250488,-0.9694047570228577,-0.7109256386756897,-1.0044891834259033,-0.27667924761772156,-1.1932733058929443,true,CNAII,E3865,0

2026-06-12T18:22:11.695Z,0,0,0,0,-1.0866514444351196,1.788369059562683,-1.4390103816986084,1.782629370689392,-1.9951179027557373,1.80703866481781,-2.1771209239959717,1.5387146472930908,-2.3548424243927,1.1662993431091309,-2.2995760440826416,0.8855172991752625,-2.286907911300659,0.4858878254890442,-1.9839389324188232,0.13078732788562775,-1.8782758712768555,-0.48943397402763367,-1.1534771919250488,-0.9694047570228577,-0.7109256386756897,-1.0044891834259033,-0.27667924761772156,-1.1932733058929443,true,CNAII,E3865,0

2026-06-12T18:23:22.266Z,0,0,-0.4731399714946747,1.7184823751449585,-1.0866514444351196,1.788369059562683,-1.4390103816986084,1.782629370689392,-1.9951179027557373,1.80703866481781,-2.1771209239959717,1.5387146472930908,-2.3548424243927,1.1662993431091309,-2.2995760440826416,0.8855172991752625,-2.286907911300659,0.4858878254890442,-1.9839389324188232,0.13078732788562775,-1.8782758712768555,-0.48943397402763367,-1.1534771919250488,-0.9694047570228577,-0.7109256386756897,-1.0044891834259033,-0.27667924761772156,-1.1932733058929443,true,CNAII,E3865,0

2026-06-12T18:25:53.423Z,0.15836988389492035,1.4356751441955566,-0.4731399714946747,1.7184823751449585,-1.0866514444351196,1.788369059562683,-1.4390103816986084,1.782629370689392,-1.9951179027557373,1.80703866481781,-2.1771209239959717,1.5387146472930908,-2.3548424243927,1.1662993431091309,-2.2995760440826416,0.8855172991752625,-2.286907911300659,0.4858878254890442,-1.9839389324188232,0.13078732788562775,-1.8782758712768555,-0.48943397402763367,-1.1534771919250488,-0.9694047570228577,-0.7109256386756897,-1.0044891834259033,-0.27667924761772156,-1.1932733058929443,true,CNAII,E3865,0

2026-06-12T18:25:58.452Z,0.15836988389492035,1.4356751441955566,-0.4731399714946747,1.7184823751449585,-1.0866514444351196,1.788369059562683,-1.4390103816986084,1.782629370689392,-1.9951179027557373,1.80703866481781,-2.1771209239959717,1.5387146472930908,-2.3548424243927,1.1662993431091309,-2.2995760440826416,0.8855172991752625,-2.286907911300659,0.4858878254890442,-1.9839389324188232,0.13078732788562775,-1.8782758712768555,-0.48943397402763367,-1.1534771919250488,-0.9694047570228577,-0.7109256386756897,-1.0044891834259033,-0.27667924761772156,-1.1932733058929443,true,CNAII,E3865,107.91085052490234

2026-06-12T18:28:35.588Z,0.15836988389492035,1.4356751441955566,-0.4731399714946747,1.7184823751449585,-1.0866514444351196,1.788369059562683,-1.4390103816986084,1.782629370689392,-1.9951179027557373,1.80703866481781,-2.1771209239959717,1.5387146472930908,-2.3548424243927,1.1662993431091309,-2.2995760440826416,0.8855172991752625,-2.286907911300659,0.4858878254890442,-1.9839389324188232,0.13078732788562775,-1.8782758712768555,-0.48943397402763367,-1.1534771919250488,-0.9694047570228577,-0.7109256386756897,-1.0044891834259033,-0.27667924761772156,-1.1932733058929443,false,CNAII,E3865,107.91085052490234

2026-06-13T22:07:43.727Z,0.15836988389492035,1.4356751441955566,-0.4731399714946747,1.7184823751449585,-1.0866514444351196,1.788369059562683,-1.4390103816986084,1.782629370689392,-1.9951179027557373,1.80703866481781,-2.1771209239959717,1.5387146472930908,-2.3548424243927,1.1662993431091309,-2.2995760440826416,0.8855172991752625,-2.286907911300659,0.4858878254890442,-1.9839389324188232,0.13078732788562775,-1.8782758712768555,-0.48943397402763367,-1.1534771919250488,-0.9694047570228577,-0.7109256386756897,-1.0044891834259033,-0.27667924761772156,-1.1932733058929443,false,CNAII,E3865,107.91085052490234

2026-06-15T21:51:41.884Z,0,0,0,0,0,0,0,0,0,0,0,0,0,0,0,0,0,0,0,0,0,0,0,0,0,0,0,0,true,CNAII,E3868,107.91085052490234

2026-06-15T21:52:35.213Z,0,0,0,0,0,0,0,0,0,0,0,0,0,0,0,0,0,0,0,0,0,0,0,0,0,0,-5.203639984130859,-1.1386796236038208,true,CNAII,E3868,0

2026-06-15T21:54:19.805Z,0,0,0,0,0,0,0,0,0,0,0,0,0,0,0,0,0,0,0,0,0,0,0,0,-5.22538423538208,-1.3480383157730103,-5.203639984130859,-1.1386796236038208,true,CNAII,E3868,0

2026-06-15T21:55:29.214Z,0,0,0,0,0,0,0,0,0,0,0,0,0,0,0,0,0,0,0,0,0,0,-5.147940158843994,-1.6594146490097046,-5.22538423538208,-1.3480383157730103,-5.203639984130859,-1.1386796236038208,true,CNAII,E3868,0

2026-06-15T21:56:38.599Z,0,0,0,0,0,0,0,0,0,0,0,0,0,0,0,0,0,0,0,0,-5.228268146514893,-1.400399088859558,-5.147940158843994,-1.6594146490097046,-5.22538423538208,-1.3480383157730103,-5.203639984130859,-1.1386796236038208,true,CNAII,E3868,0

2026-06-15T21:57:49.008Z,0,0,0,0,0,0,0,0,0,0,0,0,0,0,0,0,0,0,-4.310542583465576,-1.1707557439804077,-5.228268146514893,-1.400399088859558,-5.147940158843994,-1.6594146490097046,-5.22538423538208,-1.3480383157730103,-5.203639984130859,-1.1386796236038208,true,CNAII,E3868,0

2026-06-15T21:58:59.373Z,0,0,0,0,0,0,0,0,0,0,0,0,0,0,0,0,-3.995236873626709,-1.0334422588348389,-4.310542583465576,-1.1707557439804077,-5.228268146514893,-1.400399088859558,-5.147940158843994,-1.6594146490097046,-5.22538423538208,-1.3480383157730103,-5.203639984130859,-1.1386796236038208,true,CNAII,E3868,0

2026-06-15T22:00:09.739Z,0,0,0,0,0,0,0,0,0,0,0,0,0,0,-3.3669679164886475,-0.8777664303779602,-3.995236873626709,-1.0334422588348389,-4.310542583465576,-1.1707557439804077,-5.228268146514893,-1.400399088859558,-5.147940158843994,-1.6594146490097046,-5.22538423538208,-1.3480383157730103,-5.203639984130859,-1.1386796236038208,true,CNAII,E3868,0

2026-06-15T22:01:20.151Z,0,0,0,0,0,0,0,0,0,0,0,0,-2.312937021255493,-0.5996336936950684,-3.3669679164886475,-0.8777664303779602,-3.995236873626709,-1.0334422588348389,-4.310542583465576,-1.1707557439804077,-5.228268146514893,-1.400399088859558,-5.147940158843994,-1.6594146490097046,-5.22538423538208,-1.3480383157730103,-5.203639984130859,-1.1386796236038208,true,CNAII,E3868,0

2026-06-15T22:02:30.590Z,0,0,0,0,0,0,0,0,0,0,-1.5267962217330933,-0.27197664976119995,-2.312937021255493,-0.5996336936950684,-3.3669679164886475,-0.8777664303779602,-3.995236873626709,-1.0334422588348389,-4.310542583465576,-1.1707557439804077,-5.228268146514893,-1.400399088859558,-5.147940158843994,-1.6594146490097046,-5.22538423538208,-1.3480383157730103,-5.203639984130859,-1.1386796236038208,true,CNAII,E3868,0

2026-06-15T22:03:40.979Z,0,0,0,0,0,0,0,0,-0.815161406993866,-0.0849403366446495,-1.5267962217330933,-0.27197664976119995,-2.312937021255493,-0.5996336936950684,-3.3669679164886475,-0.8777664303779602,-3.995236873626709,-1.0334422588348389,-4.310542583465576,-1.1707557439804077,-5.228268146514893,-1.400399088859558,-5.147940158843994,-1.6594146490097046,-5.22538423538208,-1.3480383157730103,-5.203639984130859,-1.1386796236038208,true,CNAII,E3868,0

2026-06-15T22:04:51.386Z,0,0,0,0,0,0,-0.11905678361654282,0.09965335577726364,-0.815161406993866,-0.0849403366446495,-1.5267962217330933,-0.27197664976119995,-2.312937021255493,-0.5996336936950684,-3.3669679164886475,-0.8777664303779602,-3.995236873626709,-1.0334422588348389,-4.310542583465576,-1.1707557439804077,-5.228268146514893,-1.400399088859558,-5.147940158843994,-1.6594146490097046,-5.22538423538208,-1.3480383157730103,-5.203639984130859,-1.1386796236038208,true,CNAII,E3868,0

2026-06-15T22:06:01.748Z,0,0,0,0,0.6794144511222839,0.008135375566780567,-0.11905678361654282,0.09965335577726364,-0.815161406993866,-0.0849403366446495,-1.5267962217330933,-0.27197664976119995,-2.312937021255493,-0.5996336936950684,-3.3669679164886475,-0.8777664303779602,-3.995236873626709,-1.0334422588348389,-4.310542583465576,-1.1707557439804077,-5.228268146514893,-1.400399088859558,-5.147940158843994,-1.6594146490097046,-5.22538423538208,-1.3480383157730103,-5.203639984130859,-1.1386796236038208,true,CNAII,E3868,0

2026-06-15T22:07:12.263Z,0,0,1.413596272468567,0.11052541434764862,0.6794144511222839,0.008135375566780567,-0.11905678361654282,0.09965335577726364,-0.815161406993866,-0.0849403366446495,-1.5267962217330933,-0.27197664976119995,-2.312937021255493,-0.5996336936950684,-3.3669679164886475,-0.8777664303779602,-3.995236873626709,-1.0334422588348389,-4.310542583465576,-1.1707557439804077,-5.228268146514893,-1.400399088859558,-5.147940158843994,-1.6594146490097046,-5.22538423538208,-1.3480383157730103,-5.203639984130859,-1.1386796236038208,true,CNAII,E3868,0

2026-06-15T22:09:44.076Z,1.9110912084579468,0.2053184062242508,1.413596272468567,0.11052541434764862,0.6794144511222839,0.008135375566780567,-0.11905678361654282,0.09965335577726364,-0.815161406993866,-0.0849403366446495,-1.5267962217330933,-0.27197664976119995,-2.312937021255493,-0.5996336936950684,-3.3669679164886475,-0.8777664303779602,-3.995236873626709,-1.0334422588348389,-4.310542583465576,-1.1707557439804077,-5.228268146514893,-1.400399088859558,-5.147940158843994,-1.6594146490097046,-5.22538423538208,-1.3480383157730103,-5.203639984130859,-1.1386796236038208,true,CNAII,E3868,0

2026-06-15T22:09:49.093Z,1.9110912084579468,0.2053184062242508,1.413596272468567,0.11052541434764862,0.6794144511222839,0.008135375566780567,-0.11905678361654282,0.09965335577726364,-0.815161406993866,-0.0849403366446495,-1.5267962217330933,-0.27197664976119995,-2.312937021255493,-0.5996336936950684,-3.3669679164886475,-0.8777664303779602,-3.995236873626709,-1.0334422588348389,-4.310542583465576,-1.1707557439804077,-5.228268146514893,-1.400399088859558,-5.147940158843994,-1.6594146490097046,-5.22538423538208,-1.3480383157730103,-5.203639984130859,-1.1386796236038208,true,CNAII,E3868,107.91214752197266

2026-06-15T22:12:26.004Z,1.9110912084579468,0.2053184062242508,1.413596272468567,0.11052541434764862,0.6794144511222839,0.008135375566780567,-0.11905678361654282,0.09965335577726364,-0.815161406993866,-0.0849403366446495,-1.5267962217330933,-0.27197664976119995,-2.312937021255493,-0.5996336936950684,-3.3669679164886475,-0.8777664303779602,-3.995236873626709,-1.0334422588348389,-4.310542583465576,-1.1707557439804077,-5.228268146514893,-1.400399088859558,-5.147940158843994,-1.6594146490097046,-5.22538423538208,-1.3480383157730103,-5.203639984130859,-1.1386796236038208,false,CNAII,E3868,107.91214752197266

2026-06-16T12:05:28.809Z,0,0,0,0,0,0,0,0,0,0,0,0,0,0,0,0,0,0,0,0,0,0,0,0,0,0,0,0,true,CNAII,E3869,107.91214752197266

2026-06-16T12:06:22.105Z,0,0,0,0,0,0,0,0,0,0,0,0,0,0,0,0,0,0,0,0,0,0,0,0,0,0,-3.8604865074157715,-5.592480182647705,true,CNAII,E3869,0

2026-06-16T12:08:06.642Z,0,0,0,0,0,0,0,0,0,0,0,0,0,0,0,0,0,0,0,0,0,0,0,0,-3.8109054565429688,-5.680800437927246,-3.8604865074157715,-5.592480182647705,true,CNAII,E3869,0

2026-06-16T12:09:14.995Z,0,0,0,0,0,0,0,0,0,0,0,0,0,0,0,0,0,0,0,0,0,0,-3.8965296745300293,-5.319427967071533,-3.8109054565429688,-5.680800437927246,-3.8604865074157715,-5.592480182647705,true,CNAII,E3869,0

2026-06-16T12:10:25.312Z,0,0,0,0,0,0,0,0,0,0,0,0,0,0,0,0,0,0,0,0,-4.672749042510986,-4.603575706481934,-3.8965296745300293,-5.319427967071533,-3.8109054565429688,-5.680800437927246,-3.8604865074157715,-5.592480182647705,true,CNAII,E3869,0

2026-06-16T12:11:34.726Z,0,0,0,0,0,0,0,0,0,0,0,0,0,0,0,0,0,0,-4.133144855499268,-3.067479372024536,-4.672749042510986,-4.603575706481934,-3.8965296745300293,-5.319427967071533,-3.8109054565429688,-5.680800437927246,-3.8604865074157715,-5.592480182647705,true,CNAII,E3869,0

2026-06-16T12:12:45.061Z,0,0,0,0,0,0,0,0,0,0,0,0,0,0,0,0,-3.40081787109375,-2.019052505493164,-4.133144855499268,-3.067479372024536,-4.672749042510986,-4.603575706481934,-3.8965296745300293,-5.319427967071533,-3.8109054565429688,-5.680800437927246,-3.8604865074157715,-5.592480182647705,true,CNAII,E3869,0

2026-06-16T12:13:55.388Z,0,0,0,0,0,0,0,0,0,0,0,0,0,0,-3.1470932960510254,-1.1037383079528809,-3.40081787109375,-2.019052505493164,-4.133144855499268,-3.067479372024536,-4.672749042510986,-4.603575706481934,-3.8965296745300293,-5.319427967071533,-3.8109054565429688,-5.680800437927246,-3.8604865074157715,-5.592480182647705,true,CNAII,E3869,0

2026-06-16T12:15:05.713Z,0,0,0,0,0,0,0,0,0,0,0,0,-2.662205696105957,-0.6103939414024353,-3.1470932960510254,-1.1037383079528809,-3.40081787109375,-2.019052505493164,-4.133144855499268,-3.067479372024536,-4.672749042510986,-4.603575706481934,-3.8965296745300293,-5.319427967071533,-3.8109054565429688,-5.680800437927246,-3.8604865074157715,-5.592480182647705,true,CNAII,E3869,0

2026-06-16T12:16:16.116Z,0,0,0,0,0,0,0,0,0,0,-1.3374803066253662,0.41232553124427795,-2.662205696105957,-0.6103939414024353,-3.1470932960510254,-1.1037383079528809,-3.40081787109375,-2.019052505493164,-4.133144855499268,-3.067479372024536,-4.672749042510986,-4.603575706481934,-3.8965296745300293,-5.319427967071533,-3.8109054565429688,-5.680800437927246,-3.8604865074157715,-5.592480182647705,true,CNAII,E3869,0

2026-06-16T12:17:26.422Z,0,0,0,0,0,0,0,0,-0.7457030415534973,0.725599467754364,-1.3374803066253662,0.41232553124427795,-2.662205696105957,-0.6103939414024353,-3.1470932960510254,-1.1037383079528809,-3.40081787109375,-2.019052505493164,-4.133144855499268,-3.067479372024536,-4.672749042510986,-4.603575706481934,-3.8965296745300293,-5.319427967071533,-3.8109054565429688,-5.680800437927246,-3.8604865074157715,-5.592480182647705,true,CNAII,E3869,0

2026-06-16T12:18:36.845Z,0,0,0,0,0,0,0.31943807005882263,1.1606297492980957,-0.7457030415534973,0.725599467754364,-1.3374803066253662,0.41232553124427795,-2.662205696105957,-0.6103939414024353,-3.1470932960510254,-1.1037383079528809,-3.40081787109375,-2.019052505493164,-4.133144855499268,-3.067479372024536,-4.672749042510986,-4.603575706481934,-3.8965296745300293,-5.319427967071533,-3.8109054565429688,-5.680800437927246,-3.8604865074157715,-5.592480182647705,true,CNAII,E3869,0

2026-06-16T12:19:47.334Z,0,0,0,0,0.9471630454063416,1.2685223817825317,0.31943807005882263,1.1606297492980957,-0.7457030415534973,0.725599467754364,-1.3374803066253662,0.41232553124427795,-2.662205696105957,-0.6103939414024353,-3.1470932960510254,-1.1037383079528809,-3.40081787109375,-2.019052505493164,-4.133144855499268,-3.067479372024536,-4.672749042510986,-4.603575706481934,-3.8965296745300293,-5.319427967071533,-3.8109054565429688,-5.680800437927246,-3.8604865074157715,-5.592480182647705,true,CNAII,E3869,0

2026-06-16T12:20:57.675Z,0,0,1.4794352054595947,1.2713450193405151,0.9471630454063416,1.2685223817825317,0.31943807005882263,1.1606297492980957,-0.7457030415534973,0.725599467754364,-1.3374803066253662,0.41232553124427795,-2.662205696105957,-0.6103939414024353,-3.1470932960510254,-1.1037383079528809,-3.40081787109375,-2.019052505493164,-4.133144855499268,-3.067479372024536,-4.672749042510986,-4.603575706481934,-3.8965296745300293,-5.319427967071533,-3.8109054565429688,-5.680800437927246,-3.8604865074157715,-5.592480182647705,true,CNAII,E3869,0

2026-06-16T12:23:29.272Z,2.022634983062744,1.3755227327346802,1.4794352054595947,1.2713450193405151,0.9471630454063416,1.2685223817825317,0.31943807005882263,1.1606297492980957,-0.7457030415534973,0.725599467754364,-1.3374803066253662,0.41232553124427795,-2.662205696105957,-0.6103939414024353,-3.1470932960510254,-1.1037383079528809,-3.40081787109375,-2.019052505493164,-4.133144855499268,-3.067479372024536,-4.672749042510986,-4.603575706481934,-3.8965296745300293,-5.319427967071533,-3.8109054565429688,-5.680800437927246,-3.8604865074157715,-5.592480182647705,true,CNAII,E3869,0

2026-06-16T12:23:30.300Z,2.022632598876953,1.3755234479904175,1.4794352054595947,1.2713450193405151,0.9471630454063416,1.2685223817825317,0.31943807005882263,1.1606297492980957,-0.7457030415534973,0.725599467754364,-1.3374803066253662,0.41232553124427795,-2.662205696105957,-0.6103939414024353,-3.1470932960510254,-1.1037383079528809,-3.40081787109375,-2.019052505493164,-4.133144855499268,-3.067479372024536,-4.672749042510986,-4.603575706481934,-3.8965296745300293,-5.319427967071533,-3.8109054565429688,-5.680800437927246,-3.8604865074157715,-5.592480182647705,true,CNAII,E3869,0

2026-06-16T12:23:34.300Z,2.022632598876953,1.3755234479904175,1.4794352054595947,1.2713450193405151,0.9471630454063416,1.2685223817825317,0.31943807005882263,1.1606297492980957,-0.7457030415534973,0.725599467754364,-1.3374803066253662,0.41232553124427795,-2.662205696105957,-0.6103939414024353,-3.1470932960510254,-1.1037383079528809,-3.40081787109375,-2.019052505493164,-4.133144855499268,-3.067479372024536,-4.672749042510986,-4.603575706481934,-3.8965296745300293,-5.319427967071533,-3.8109054565429688,-5.680800437927246,-3.8604865074157715,-5.592480182647705,true,CNAII,E3869,107.84579467773438

2026-06-16T12:26:10.941Z,2.022632598876953,1.3755234479904175,1.4794352054595947,1.2713450193405151,0.9471630454063416,1.2685223817825317,0.31943807005882263,1.1606297492980957,-0.7457030415534973,0.725599467754364,-1.3374803066253662,0.41232553124427795,-2.662205696105957,-0.6103939414024353,-3.1470932960510254,-1.1037383079528809,-3.40081787109375,-2.019052505493164,-4.133144855499268,-3.067479372024536,-4.672749042510986,-4.603575706481934,-3.8965296745300293,-5.319427967071533,-3.8109054565429688,-5.680800437927246,-3.8604865074157715,-5.592480182647705,false,CNAII,E3869,107.84579467773438

2026-06-16T12:38:58.579Z,0,0,0,0,0,0,0,0,0,0,0,0,0,0,0,0,0,0,0,0,0,0,0,0,0,0,0,0,true,CNAII,E3871,107.84579467773438

2026-06-16T12:39:51.925Z,0,0,0,0,0,0,0,0,0,0,0,0,0,0,0,0,0,0,0,0,0,0,0,0,0,0,-2.009458303451538,4.0020432472229,true,CNAII,E3871,0

2026-06-16T12:41:36.521Z,0,0,0,0,0,0,0,0,0,0,0,0,0,0,0,0,0,0,0,0,0,0,0,0,-2.6483161449432373,4.23899507522583,-2.009458303451538,4.0020432472229,true,CNAII,E3871,0

2026-06-16T12:42:45.872Z,0,0,0,0,0,0,0,0,0,0,0,0,0,0,0,0,0,0,0,0,0,0,-2.5489413738250732,3.5040130615234375,-2.6483161449432373,4.23899507522583,-2.009458303451538,4.0020432472229,true,CNAII,E3871,0

2026-06-16T12:43:56.179Z,0,0,0,0,0,0,0,0,0,0,0,0,0,0,0,0,0,0,0,0,-3.0505714416503906,3.3205652236938477,-2.5489413738250732,3.5040130615234375,-2.6483161449432373,4.23899507522583,-2.009458303451538,4.0020432472229,true,CNAII,E3871,0

2026-06-16T12:45:06.457Z,0,0,0,0,0,0,0,0,0,0,0,0,0,0,0,0,0,0,-2.8953986167907715,2.6867682933807373,-3.0505714416503906,3.3205652236938477,-2.5489413738250732,3.5040130615234375,-2.6483161449432373,4.23899507522583,-2.009458303451538,4.0020432472229,true,CNAII,E3871,0

2026-06-16T12:46:17.806Z,0,0,0,0,0,0,0,0,0,0,0,0,0,0,0,0,-2.366182565689087,2.122530460357666,-2.8953986167907715,2.6867682933807373,-3.0505714416503906,3.3205652236938477,-2.5489413738250732,3.5040130615234375,-2.6483161449432373,4.23899507522583,-2.009458303451538,4.0020432472229,true,CNAII,E3871,0

2026-06-16T12:47:28.143Z,0,0,0,0,0,0,0,0,0,0,0,0,0,0,-1.5087577104568481,2.0306851863861084,-2.366182565689087,2.122530460357666,-2.8953986167907715,2.6867682933807373,-3.0505714416503906,3.3205652236938477,-2.5489413738250732,3.5040130615234375,-2.6483161449432373,4.23899507522583,-2.009458303451538,4.0020432472229,true,CNAII,E3871,0

2026-06-16T12:48:39.491Z,0,0,0,0,0,0,0,0,0,0,0,0,-1.2993472814559937,1.114198923110962,-1.5087577104568481,2.0306851863861084,-2.366182565689087,2.122530460357666,-2.8953986167907715,2.6867682933807373,-3.0505714416503906,3.3205652236938477,-2.5489413738250732,3.5040130615234375,-2.6483161449432373,4.23899507522583,-2.009458303451538,4.0020432472229,true,CNAII,E3871,0

2026-06-16T12:49:49.779Z,0,0,0,0,0,0,0,0,0,0,-1.1412628889083862,0.7442507743835449,-1.2993472814559937,1.114198923110962,-1.5087577104568481,2.0306851863861084,-2.366182565689087,2.122530460357666,-2.8953986167907715,2.6867682933807373,-3.0505714416503906,3.3205652236938477,-2.5489413738250732,3.5040130615234375,-2.6483161449432373,4.23899507522583,-2.009458303451538,4.0020432472229,true,CNAII,E3871,0

2026-06-16T12:51:00.197Z,0,0,0,0,0,0,0,0,-0.6781373620033264,0.39958617091178894,-1.1412628889083862,0.7442507743835449,-1.2993472814559937,1.114198923110962,-1.5087577104568481,2.0306851863861084,-2.366182565689087,2.122530460357666,-2.8953986167907715,2.6867682933807373,-3.0505714416503906,3.3205652236938477,-2.5489413738250732,3.5040130615234375,-2.6483161449432373,4.23899507522583,-2.009458303451538,4.0020432472229,true,CNAII,E3871,0

2026-06-16T12:52:10.559Z,0,0,0,0,0,0,-0.31774237751960754,0.024388067424297333,-0.6781373620033264,0.39958617091178894,-1.1412628889083862,0.7442507743835449,-1.2993472814559937,1.114198923110962,-1.5087577104568481,2.0306851863861084,-2.366182565689087,2.122530460357666,-2.8953986167907715,2.6867682933807373,-3.0505714416503906,3.3205652236938477,-2.5489413738250732,3.5040130615234375,-2.6483161449432373,4.23899507522583,-2.009458303451538,4.0020432472229,true,CNAII,E3871,0

2026-06-16T12:53:21.879Z,0,0,0,0,-0.030630869790911674,-0.38784337043762207,-0.31774237751960754,0.024388067424297333,-0.6781373620033264,0.39958617091178894,-1.1412628889083862,0.7442507743835449,-1.2993472814559937,1.114198923110962,-1.5087577104568481,2.0306851863861084,-2.366182565689087,2.122530460357666,-2.8953986167907715,2.6867682933807373,-3.0505714416503906,3.3205652236938477,-2.5489413738250732,3.5040130615234375,-2.6483161449432373,4.23899507522583,-2.009458303451538,4.0020432472229,true,CNAII,E3871,0

2026-06-16T12:54:32.223Z,0,0,0.2000465989112854,-0.49960023164749146,-0.030630869790911674,-0.38784337043762207,-0.31774237751960754,0.024388067424297333,-0.6781373620033264,0.39958617091178894,-1.1412628889083862,0.7442507743835449,-1.2993472814559937,1.114198923110962,-1.5087577104568481,2.0306851863861084,-2.366182565689087,2.122530460357666,-2.8953986167907715,2.6867682933807373,-3.0505714416503906,3.3205652236938477,-2.5489413738250732,3.5040130615234375,-2.6483161449432373,4.23899507522583,-2.009458303451538,4.0020432472229,true,CNAII,E3871,0

2026-06-16T12:57:03.817Z,0.9060033559799194,-0.4623851180076599,0.2000465989112854,-0.49960023164749146,-0.030630869790911674,-0.38784337043762207,-0.31774237751960754,0.024388067424297333,-0.6781373620033264,0.39958617091178894,-1.1412628889083862,0.7442507743835449,-1.2993472814559937,1.114198923110962,-1.5087577104568481,2.0306851863861084,-2.366182565689087,2.122530460357666,-2.8953986167907715,2.6867682933807373,-3.0505714416503906,3.3205652236938477,-2.5489413738250732,3.5040130615234375,-2.6483161449432373,4.23899507522583,-2.009458303451538,4.0020432472229,true,CNAII,E3871,0

2026-06-16T12:57:07.831Z,0.9060033559799194,-0.4623851180076599,0.2000465989112854,-0.49960023164749146,-0.030630869790911674,-0.38784337043762207,-0.31774237751960754,0.024388067424297333,-0.6781373620033264,0.39958617091178894,-1.1412628889083862,0.7442507743835449,-1.2993472814559937,1.114198923110962,-1.5087577104568481,2.0306851863861084,-2.366182565689087,2.122530460357666,-2.8953986167907715,2.6867682933807373,-3.0505714416503906,3.3205652236938477,-2.5489413738250732,3.5040130615234375,-2.6483161449432373,4.23899507522583,-2.009458303451538,4.0020432472229,true,CNAII,E3871,107.87797546386719

2026-06-16T12:59:44.349Z,0.9060033559799194,-0.4623851180076599,0.2000465989112854,-0.49960023164749146,-0.030630869790911674,-0.38784337043762207,-0.31774237751960754,0.024388067424297333,-0.6781373620033264,0.39958617091178894,-1.1412628889083862,0.7442507743835449,-1.2993472814559937,1.114198923110962,-1.5087577104568481,2.0306851863861084,-2.366182565689087,2.122530460357666,-2.8953986167907715,2.6867682933807373,-3.0505714416503906,3.3205652236938477,-2.5489413738250732,3.5040130615234375,-2.6483161449432373,4.23899507522583,-2.009458303451538,4.0020432472229,false,CNAII,E3871,107.87797546386719

2026-06-16T13:37:20.559Z,0,0,0,0,0,0,0,0,0,0,0,0,0,0,0,0,0,0,0,0,0,0,0,0,0,0,0,0,true,CNAII,E3867,107.87797546386719

2026-06-16T13:38:13.822Z,0,0,0,0,0,0,0,0,0,0,0,0,0,0,0,0,0,0,0,0,0,0,0,0,0,0,-0.7927268147468567,2.478590250015259,true,CNAII,E3867,0

2026-06-16T13:39:58.281Z,0,0,0,0,0,0,0,0,0,0,0,0,0,0,0,0,0,0,0,0,0,0,0,0,-1.269460916519165,2.072192907333374,-0.7927268147468567,2.478590250015259,true,CNAII,E3867,0

2026-06-16T13:41:07.428Z,0,0,0,0,0,0,0,0,0,0,0,0,0,0,0,0,0,0,0,0,0,0,-1.5652258396148682,1.4515458345413208,-1.269460916519165,2.072192907333374,-0.7927268147468567,2.478590250015259,true,CNAII,E3867,0

2026-06-16T13:42:17.673Z,0,0,0,0,0,0,0,0,0,0,0,0,0,0,0,0,0,0,0,0,-1.8915929794311523,0.9574388861656189,-1.5652258396148682,1.4515458345413208,-1.269460916519165,2.072192907333374,-0.7927268147468567,2.478590250015259,true,CNAII,E3867,0

2026-06-16T13:43:28.998Z,0,0,0,0,0,0,0,0,0,0,0,0,0,0,0,0,0,0,-1.8872381448745728,0.427640825510025,-1.8915929794311523,0.9574388861656189,-1.5652258396148682,1.4515458345413208,-1.269460916519165,2.072192907333374,-0.7927268147468567,2.478590250015259,true,CNAII,E3867,0

2026-06-16T13:44:39.397Z,0,0,0,0,0,0,0,0,0,0,0,0,0,0,0,0,-1.4855079650878906,0.1644410490989685,-1.8872381448745728,0.427640825510025,-1.8915929794311523,0.9574388861656189,-1.5652258396148682,1.4515458345413208,-1.269460916519165,2.072192907333374,-0.7927268147468567,2.478590250015259,true,CNAII,E3867,0

2026-06-16T13:45:49.696Z,0,0,0,0,0,0,0,0,0,0,0,0,0,0,-1.0699825286865234,-0.4665955603122711,-1.4855079650878906,0.1644410490989685,-1.8872381448745728,0.427640825510025,-1.8915929794311523,0.9574388861656189,-1.5652258396148682,1.4515458345413208,-1.269460916519165,2.072192907333374,-0.7927268147468567,2.478590250015259,true,CNAII,E3867,0

2026-06-16T13:47:00.047Z,0,0,0,0,0,0,0,0,0,0,0,0,-0.5046744346618652,-0.7064424753189087,-1.0699825286865234,-0.4665955603122711,-1.4855079650878906,0.1644410490989685,-1.8872381448745728,0.427640825510025,-1.8915929794311523,0.9574388861656189,-1.5652258396148682,1.4515458345413208,-1.269460916519165,2.072192907333374,-0.7927268147468567,2.478590250015259,true,CNAII,E3867,0

2026-06-16T13:48:10.349Z,0,0,0,0,0,0,0,0,0,0,0.454429566860199,-0.8962879776954651,-0.5046744346618652,-0.7064424753189087,-1.0699825286865234,-0.4665955603122711,-1.4855079650878906,0.1644410490989685,-1.8872381448745728,0.427640825510025,-1.8915929794311523,0.9574388861656189,-1.5652258396148682,1.4515458345413208,-1.269460916519165,2.072192907333374,-0.7927268147468567,2.478590250015259,true,CNAII,E3867,0

2026-06-16T13:48:11.387Z,0,0,0,0,0,0,0,0,0,0,0.47219058871269226,-0.9028838872909546,-0.5046744346618652,-0.7064424753189087,-1.0699825286865234,-0.4665955603122711,-1.4855079650878906,0.1644410490989685,-1.8872381448745728,0.427640825510025,-1.8915929794311523,0.9574388861656189,-1.5652258396148682,1.4515458345413208,-1.269460916519165,2.072192907333374,-0.7927268147468567,2.478590250015259,true,CNAII,E3867,0

2026-06-16T13:49:20.735Z,0,0,0,0,0,0,0,0,0.8769553899765015,-1.1834239959716797,0.47219058871269226,-0.9028838872909546,-0.5046744346618652,-0.7064424753189087,-1.0699825286865234,-0.4665955603122711,-1.4855079650878906,0.1644410490989685,-1.8872381448745728,0.427640825510025,-1.8915929794311523,0.9574388861656189,-1.5652258396148682,1.4515458345413208,-1.269460916519165,2.072192907333374,-0.7927268147468567,2.478590250015259,true,CNAII,E3867,0

2026-06-16T13:50:31.033Z,0,0,0,0,0,0,1.6690410375595093,-1.3490139245986938,0.8769553899765015,-1.1834239959716797,0.47219058871269226,-0.9028838872909546,-0.5046744346618652,-0.7064424753189087,-1.0699825286865234,-0.4665955603122711,-1.4855079650878906,0.1644410490989685,-1.8872381448745728,0.427640825510025,-1.8915929794311523,0.9574388861656189,-1.5652258396148682,1.4515458345413208,-1.269460916519165,2.072192907333374,-0.7927268147468567,2.478590250015259,true,CNAII,E3867,0

2026-06-16T13:50:32.051Z,0,0,0,0,0,0,1.7019346952438354,-1.3612334728240967,0.8769553899765015,-1.1834239959716797,0.47219058871269226,-0.9028838872909546,-0.5046744346618652,-0.7064424753189087,-1.0699825286865234,-0.4665955603122711,-1.4855079650878906,0.1644410490989685,-1.8872381448745728,0.427640825510025,-1.8915929794311523,0.9574388861656189,-1.5652258396148682,1.4515458345413208,-1.269460916519165,2.072192907333374,-0.7927268147468567,2.478590250015259,true,CNAII,E3867,0

2026-06-16T13:51:41.380Z,0,0,0,0,2.116806745529175,-1.5611519813537598,1.7019346952438354,-1.3612334728240967,0.8769553899765015,-1.1834239959716797,0.47219058871269226,-0.9028838872909546,-0.5046744346618652,-0.7064424753189087,-1.0699825286865234,-0.4665955603122711,-1.4855079650878906,0.1644410490989685,-1.8872381448745728,0.427640825510025,-1.8915929794311523,0.9574388861656189,-1.5652258396148682,1.4515458345413208,-1.269460916519165,2.072192907333374,-0.7927268147468567,2.478590250015259,true,CNAII,E3867,0

2026-06-16T13:52:51.702Z,0,0,1.9559530019760132,-2.121851921081543,2.116806745529175,-1.5611519813537598,1.7019346952438354,-1.3612334728240967,0.8769553899765015,-1.1834239959716797,0.47219058871269226,-0.9028838872909546,-0.5046744346618652,-0.7064424753189087,-1.0699825286865234,-0.4665955603122711,-1.4855079650878906,0.1644410490989685,-1.8872381448745728,0.427640825510025,-1.8915929794311523,0.9574388861656189,-1.5652258396148682,1.4515458345413208,-1.269460916519165,2.072192907333374,-0.7927268147468567,2.478590250015259,true,CNAII,E3867,0

2026-06-16T13:55:23.360Z,2.499354839324951,-1.2093276977539062,1.9559530019760132,-2.121851921081543,2.116806745529175,-1.5611519813537598,1.7019346952438354,-1.3612334728240967,0.8769553899765015,-1.1834239959716797,0.47219058871269226,-0.9028838872909546,-0.5046744346618652,-0.7064424753189087,-1.0699825286865234,-0.4665955603122711,-1.4855079650878906,0.1644410490989685,-1.8872381448745728,0.427640825510025,-1.8915929794311523,0.9574388861656189,-1.5652258396148682,1.4515458345413208,-1.269460916519165,2.072192907333374,-0.7927268147468567,2.478590250015259,true,CNAII,E3867,0

2026-06-16T13:55:27.372Z,2.499354839324951,-1.2093276977539062,1.9559530019760132,-2.121851921081543,2.116806745529175,-1.5611519813537598,1.7019346952438354,-1.3612334728240967,0.8769553899765015,-1.1834239959716797,0.47219058871269226,-0.9028838872909546,-0.5046744346618652,-0.7064424753189087,-1.0699825286865234,-0.4665955603122711,-1.4855079650878906,0.1644410490989685,-1.8872381448745728,0.427640825510025,-1.8915929794311523,0.9574388861656189,-1.5652258396148682,1.4515458345413208,-1.269460916519165,2.072192907333374,-0.7927268147468567,2.478590250015259,true,CNAII,E3867,107.79627990722656

2026-06-16T13:55:28.377Z,2.499354839324951,-1.2093276977539062,1.9559530019760132,-2.121851921081543,2.116806745529175,-1.5611519813537598,1.7019346952438354,-1.3612334728240967,0.8769553899765015,-1.1834239959716797,0.47219058871269226,-0.9028838872909546,-0.5046744346618652,-0.7064424753189087,-1.0699825286865234,-0.4665955603122711,-1.4855079650878906,0.1644410490989685,-1.8872381448745728,0.427640825510025,-1.8915929794311523,0.9574388861656189,-1.5652258396148682,1.4515458345413208,-1.269460916519165,2.072192907333374,-0.7927268147468567,2.478590250015259,true,CNAII,E3867,107.79629516601562

2026-06-16T13:58:04.809Z,2.499354839324951,-1.2093276977539062,1.9559530019760132,-2.121851921081543,2.116806745529175,-1.5611519813537598,1.7019346952438354,-1.3612334728240967,0.8769553899765015,-1.1834239959716797,0.47219058871269226,-0.9028838872909546,-0.5046744346618652,-0.7064424753189087,-1.0699825286865234,-0.4665955603122711,-1.4855079650878906,0.1644410490989685,-1.8872381448745728,0.427640825510025,-1.8915929794311523,0.9574388861656189,-1.5652258396148682,1.4515458345413208,-1.269460916519165,2.072192907333374,-0.7927268147468567,2.478590250015259,false,CNAII,E3867,107.79629516601562

2026-06-16T14:12:41.205Z,0,0,0,0,0,0,0,0,0,0,0,0,0,0,0,0,0,0,0,0,0,0,0,0,0,0,0,0,true,CNAII,E3870,107.79629516601562

2026-06-16T14:13:34.682Z,0,0,0,0,0,0,0,0,0,0,0,0,0,0,0,0,0,0,0,0,0,0,0,0,0,0,0.909400224685669,-2.580016613006592,true,CNAII,E3870,0

2026-06-16T14:15:18.764Z,0,0,0,0,0,0,0,0,0,0,0,0,0,0,0,0,0,0,0,0,0,0,0,0,0.5023587942123413,-2.252999782562256,0.909400224685669,-2.580016613006592,true,CNAII,E3870,0

2026-06-16T14:16:28.419Z,0,0,0,0,0,0,0,0,0,0,0,0,0,0,0,0,0,0,0,0,0,0,0.1926463097333908,-1.802176594734192,0.5023587942123413,-2.252999782562256,0.909400224685669,-2.580016613006592,true,CNAII,E3870,0

2026-06-16T14:17:38.109Z,0,0,0,0,0,0,0,0,0,0,0,0,0,0,0,0,0,0,0,0,-0.613849401473999,-1.6549644470214844,0.1926463097333908,-1.802176594734192,0.5023587942123413,-2.252999782562256,0.909400224685669,-2.580016613006592,true,CNAII,E3870,0

2026-06-16T14:18:48.863Z,0,0,0,0,0,0,0,0,0,0,0,0,0,0,0,0,0,0,-0.5861601829528809,-1.3103947639465332,-0.613849401473999,-1.6549644470214844,0.1926463097333908,-1.802176594734192,0.5023587942123413,-2.252999782562256,0.909400224685669,-2.580016613006592,true,CNAII,E3870,0

2026-06-16T14:19:58.532Z,0,0,0,0,0,0,0,0,0,0,0,0,0,0,0,0,-0.3830500841140747,-0.604113757610321,-0.5861601829528809,-1.3103947639465332,-0.613849401473999,-1.6549644470214844,0.1926463097333908,-1.802176594734192,0.5023587942123413,-2.252999782562256,0.909400224685669,-2.580016613006592,true,CNAII,E3870,0

2026-06-16T14:21:09.235Z,0,0,0,0,0,0,0,0,0,0,0,0,0,0,-0.44688087701797485,-0.06452012062072754,-0.3830500841140747,-0.604113757610321,-0.5861601829528809,-1.3103947639465332,-0.613849401473999,-1.6549644470214844,0.1926463097333908,-1.802176594734192,0.5023587942123413,-2.252999782562256,0.909400224685669,-2.580016613006592,true,CNAII,E3870,0

2026-06-16T14:22:20.006Z,0,0,0,0,0,0,0,0,0,0,0,0,-0.45562270283699036,0.27698376774787903,-0.44688087701797485,-0.06452012062072754,-0.3830500841140747,-0.604113757610321,-0.5861601829528809,-1.3103947639465332,-0.613849401473999,-1.6549644470214844,0.1926463097333908,-1.802176594734192,0.5023587942123413,-2.252999782562256,0.909400224685669,-2.580016613006592,true,CNAII,E3870,0

2026-06-16T14:23:30.707Z,0,0,0,0,0,0,0,0,0,0,-0.35498395562171936,0.5167728662490845,-0.45562270283699036,0.27698376774787903,-0.44688087701797485,-0.06452012062072754,-0.3830500841140747,-0.604113757610321,-0.5861601829528809,-1.3103947639465332,-0.613849401473999,-1.6549644470214844,0.1926463097333908,-1.802176594734192,0.5023587942123413,-2.252999782562256,0.909400224685669,-2.580016613006592,true,CNAII,E3870,0

2026-06-16T14:24:41.353Z,0,0,0,0,0,0,0,0,-0.17035351693630219,1.075258731842041,-0.35498395562171936,0.5167728662490845,-0.45562270283699036,0.27698376774787903,-0.44688087701797485,-0.06452012062072754,-0.3830500841140747,-0.604113757610321,-0.5861601829528809,-1.3103947639465332,-0.613849401473999,-1.6549644470214844,0.1926463097333908,-1.802176594734192,0.5023587942123413,-2.252999782562256,0.909400224685669,-2.580016613006592,true,CNAII,E3870,0

2026-06-16T14:25:51.014Z,0,0,0,0,0,0,0.15926474332809448,1.0197328329086304,-0.17035351693630219,1.075258731842041,-0.35498395562171936,0.5167728662490845,-0.45562270283699036,0.27698376774787903,-0.44688087701797485,-0.06452012062072754,-0.3830500841140747,-0.604113757610321,-0.5861601829528809,-1.3103947639465332,-0.613849401473999,-1.6549644470214844,0.1926463097333908,-1.802176594734192,0.5023587942123413,-2.252999782562256,0.909400224685669,-2.580016613006592,true,CNAII,E3870,0

2026-06-16T14:25:52.025Z,0,0,0,0,0,0,0.10518307238817215,1.0388312339782715,-0.17035351693630219,1.075258731842041,-0.35498395562171936,0.5167728662490845,-0.45562270283699036,0.27698376774787903,-0.44688087701797485,-0.06452012062072754,-0.3830500841140747,-0.604113757610321,-0.5861601829528809,-1.3103947639465332,-0.613849401473999,-1.6549644470214844,0.1926463097333908,-1.802176594734192,0.5023587942123413,-2.252999782562256,0.909400224685669,-2.580016613006592,true,CNAII,E3870,0

2026-06-16T14:27:01.704Z,0,0,0,0,0.6120587587356567,1.3235911130905151,0.10518307238817215,1.0388312339782715,-0.17035351693630219,1.075258731842041,-0.35498395562171936,0.5167728662490845,-0.45562270283699036,0.27698376774787903,-0.44688087701797485,-0.06452012062072754,-0.3830500841140747,-0.604113757610321,-0.5861601829528809,-1.3103947639465332,-0.613849401473999,-1.6549644470214844,0.1926463097333908,-1.802176594734192,0.5023587942123413,-2.252999782562256,0.909400224685669,-2.580016613006592,true,CNAII,E3870,0

2026-06-16T14:28:12.446Z,0,0,0.7728778719902039,1.221472978591919,0.6120587587356567,1.3235911130905151,0.10518307238817215,1.0388312339782715,-0.17035351693630219,1.075258731842041,-0.35498395562171936,0.5167728662490845,-0.45562270283699036,0.27698376774787903,-0.44688087701797485,-0.06452012062072754,-0.3830500841140747,-0.604113757610321,-0.5861601829528809,-1.3103947639465332,-0.613849401473999,-1.6549644470214844,0.1926463097333908,-1.802176594734192,0.5023587942123413,-2.252999782562256,0.909400224685669,-2.580016613006592,true,CNAII,E3870,0

2026-06-16T14:30:45.029Z,1.072519302368164,0.9642051458358765,0.7728778719902039,1.221472978591919,0.6120587587356567,1.3235911130905151,0.10518307238817215,1.0388312339782715,-0.17035351693630219,1.075258731842041,-0.35498395562171936,0.5167728662490845,-0.45562270283699036,0.27698376774787903,-0.44688087701797485,-0.06452012062072754,-0.3830500841140747,-0.604113757610321,-0.5861601829528809,-1.3103947639465332,-0.613849401473999,-1.6549644470214844,0.1926463097333908,-1.802176594734192,0.5023587942123413,-2.252999782562256,0.909400224685669,-2.580016613006592,true,CNAII,E3870,0

2026-06-16T14:30:49.074Z,1.072519302368164,0.9642051458358765,0.7728778719902039,1.221472978591919,0.6120587587356567,1.3235911130905151,0.10518307238817215,1.0388312339782715,-0.17035351693630219,1.075258731842041,-0.35498395562171936,0.5167728662490845,-0.45562270283699036,0.27698376774787903,-0.44688087701797485,-0.06452012062072754,-0.3830500841140747,-0.604113757610321,-0.5861601829528809,-1.3103947639465332,-0.613849401473999,-1.6549644470214844,0.1926463097333908,-1.802176594734192,0.5023587942123413,-2.252999782562256,0.909400224685669,-2.580016613006592,true,CNAII,E3870,107.92347717285156

2026-06-16T14:33:25.680Z,1.072519302368164,0.9642051458358765,0.7728778719902039,1.221472978591919,0.6120587587356567,1.3235911130905151,0.10518307238817215,1.0388312339782715,-0.17035351693630219,1.075258731842041,-0.35498395562171936,0.5167728662490845,-0.45562270283699036,0.27698376774787903,-0.44688087701797485,-0.06452012062072754,-0.3830500841140747,-0.604113757610321,-0.5861601829528809,-1.3103947639465332,-0.613849401473999,-1.6549644470214844,0.1926463097333908,-1.802176594734192,0.5023587942123413,-2.252999782562256,0.909400224685669,-2.580016613006592,false,CNAII,E3870,107.92347717285156

2026-06-18T17:59:25.106Z,1.072519302368164,0.9642051458358765,0.7728778719902039,1.221472978591919,0.6120587587356567,1.3235911130905151,0.10518307238817215,1.0388312339782715,-0.17035351693630219,1.075258731842041,-0.35498395562171936,0.5167728662490845,-0.45562270283699036,0.27698376774787903,-0.44688087701797485,-0.06452012062072754,-0.3830500841140747,-0.604113757610321,-0.5861601829528809,-1.3103947639465332,-0.613849401473999,-1.6549644470214844,0.1926463097333908,-1.802176594734192,0.5023587942123413,-2.252999782562256,0.909400224685669,-2.580016613006592,true,CNAII,E3872,107.92347717285156

2026-06-18T17:59:26.099Z,0,0,0,0,0,0,0,0,0,0,0,0,0,0,0,0,0,0,0,0,0,0,0,0,0,0,0,0,true,CNAII,E3872,107.92347717285156

2026-06-18T18:00:19.424Z,0,0,0,0,0,0,0,0,0,0,0,0,0,0,0,0,0,0,0,0,0,0,0,0,0,0,-1.5774610042572021,2.4438316822052,true,CNAII,E3872,0

2026-06-18T18:02:03.007Z,0,0,0,0,0,0,0,0,0,0,0,0,0,0,0,0,0,0,0,0,0,0,0,0,-1.9390373229980469,2.2115955352783203,-1.5774610042572021,2.4438316822052,true,CNAII,E3872,0

2026-06-18T18:02:04.003Z,0,0,0,0,0,0,0,0,0,0,0,0,0,0,0,0,0,0,0,0,0,0,0,0,-1.9460800886154175,2.2484045028686523,-1.5774610042572021,2.4438316822052,true,CNAII,E3872,0

2026-06-18T18:03:13.309Z,0,0,0,0,0,0,0,0,0,0,0,0,0,0,0,0,0,0,0,0,0,0,-1.8329368829727173,2.061094045639038,-1.9460800886154175,2.2484045028686523,-1.5774610042572021,2.4438316822052,true,CNAII,E3872,0

2026-06-18T18:04:23.663Z,0,0,0,0,0,0,0,0,0,0,0,0,0,0,0,0,0,0,0,0,-2.3444483280181885,1.923757553100586,-1.8329368829727173,2.061094045639038,-1.9460800886154175,2.2484045028686523,-1.5774610042572021,2.4438316822052,true,CNAII,E3872,0

2026-06-18T18:05:34.139Z,0,0,0,0,0,0,0,0,0,0,0,0,0,0,0,0,0,0,-2.3256828784942627,1.7611685991287231,-2.3444483280181885,1.923757553100586,-1.8329368829727173,2.061094045639038,-1.9460800886154175,2.2484045028686523,-1.5774610042572021,2.4438316822052,true,CNAII,E3872,0

2026-06-18T18:06:44.538Z,0,0,0,0,0,0,0,0,0,0,0,0,0,0,0,0,-2.057882308959961,1.7988417148590088,-2.3256828784942627,1.7611685991287231,-2.3444483280181885,1.923757553100586,-1.8329368829727173,2.061094045639038,-1.9460800886154175,2.2484045028686523,-1.5774610042572021,2.4438316822052,true,CNAII,E3872,0

2026-06-18T18:07:54.909Z,0,0,0,0,0,0,0,0,0,0,0,0,0,0,-2.1313531398773193,1.6559394598007202,-2.057882308959961,1.7988417148590088,-2.3256828784942627,1.7611685991287231,-2.3444483280181885,1.923757553100586,-1.8329368829727173,2.061094045639038,-1.9460800886154175,2.2484045028686523,-1.5774610042572021,2.4438316822052,true,CNAII,E3872,0

2026-06-18T18:09:05.368Z,0,0,0,0,0,0,0,0,0,0,0,0,-1.6254022121429443,1.611316204071045,-2.1313531398773193,1.6559394598007202,-2.057882308959961,1.7988417148590088,-2.3256828784942627,1.7611685991287231,-2.3444483280181885,1.923757553100586,-1.8329368829727173,2.061094045639038,-1.9460800886154175,2.2484045028686523,-1.5774610042572021,2.4438316822052,true,CNAII,E3872,0

2026-06-18T18:10:16.766Z,0,0,0,0,0,0,0,0,0,0,-1.5336397886276245,1.6241793632507324,-1.6254022121429443,1.611316204071045,-2.1313531398773193,1.6559394598007202,-2.057882308959961,1.7988417148590088,-2.3256828784942627,1.7611685991287231,-2.3444483280181885,1.923757553100586,-1.8329368829727173,2.061094045639038,-1.9460800886154175,2.2484045028686523,-1.5774610042572021,2.4438316822052,true,CNAII,E3872,0

2026-06-18T18:11:27.211Z,0,0,0,0,0,0,0,0,-0.779595673084259,1.4871032238006592,-1.5336397886276245,1.6241793632507324,-1.6254022121429443,1.611316204071045,-2.1313531398773193,1.6559394598007202,-2.057882308959961,1.7988417148590088,-2.3256828784942627,1.7611685991287231,-2.3444483280181885,1.923757553100586,-1.8329368829727173,2.061094045639038,-1.9460800886154175,2.2484045028686523,-1.5774610042572021,2.4438316822052,true,CNAII,E3872,0

2026-06-18T18:12:37.550Z,0,0,0,0,0,0,-0.09767130762338638,1.1696993112564087,-0.779595673084259,1.4871032238006592,-1.5336397886276245,1.6241793632507324,-1.6254022121429443,1.611316204071045,-2.1313531398773193,1.6559394598007202,-2.057882308959961,1.7988417148590088,-2.3256828784942627,1.7611685991287231,-2.3444483280181885,1.923757553100586,-1.8329368829727173,2.061094045639038,-1.9460800886154175,2.2484045028686523,-1.5774610042572021,2.4438316822052,true,CNAII,E3872,0

2026-06-18T18:13:48.008Z,0,0,0,0,0.49181169271469116,0.8930873870849609,-0.09767130762338638,1.1696993112564087,-0.779595673084259,1.4871032238006592,-1.5336397886276245,1.6241793632507324,-1.6254022121429443,1.611316204071045,-2.1313531398773193,1.6559394598007202,-2.057882308959961,1.7988417148590088,-2.3256828784942627,1.7611685991287231,-2.3444483280181885,1.923757553100586,-1.8329368829727173,2.061094045639038,-1.9460800886154175,2.2484045028686523,-1.5774610042572021,2.4438316822052,true,CNAII,E3872,0

2026-06-18T18:14:59.394Z,0,0,1.0036770105361938,0.629984438419342,0.49181169271469116,0.8930873870849609,-0.09767130762338638,1.1696993112564087,-0.779595673084259,1.4871032238006592,-1.5336397886276245,1.6241793632507324,-1.6254022121429443,1.611316204071045,-2.1313531398773193,1.6559394598007202,-2.057882308959961,1.7988417148590088,-2.3256828784942627,1.7611685991287231,-2.3444483280181885,1.923757553100586,-1.8329368829727173,2.061094045639038,-1.9460800886154175,2.2484045028686523,-1.5774610042572021,2.4438316822052,true,CNAII,E3872,0

2026-06-18T18:17:30.192Z,1.2770891189575195,0.135787233710289,1.0036770105361938,0.629984438419342,0.49181169271469116,0.8930873870849609,-0.09767130762338638,1.1696993112564087,-0.779595673084259,1.4871032238006592,-1.5336397886276245,1.6241793632507324,-1.6254022121429443,1.611316204071045,-2.1313531398773193,1.6559394598007202,-2.057882308959961,1.7988417148590088,-2.3256828784942627,1.7611685991287231,-2.3444483280181885,1.923757553100586,-1.8329368829727173,2.061094045639038,-1.9460800886154175,2.2484045028686523,-1.5774610042572021,2.4438316822052,true,CNAII,E3872,0

2026-06-18T18:17:31.205Z,1.2636162042617798,0.14008593559265137,1.0036770105361938,0.629984438419342,0.49181169271469116,0.8930873870849609,-0.09767130762338638,1.1696993112564087,-0.779595673084259,1.4871032238006592,-1.5336397886276245,1.6241793632507324,-1.6254022121429443,1.611316204071045,-2.1313531398773193,1.6559394598007202,-2.057882308959961,1.7988417148590088,-2.3256828784942627,1.7611685991287231,-2.3444483280181885,1.923757553100586,-1.8329368829727173,2.061094045639038,-1.9460800886154175,2.2484045028686523,-1.5774610042572021,2.4438316822052,true,CNAII,E3872,0

2026-06-18T18:17:35.205Z,1.2636162042617798,0.14008593559265137,1.0036770105361938,0.629984438419342,0.49181169271469116,0.8930873870849609,-0.09767130762338638,1.1696993112564087,-0.779595673084259,1.4871032238006592,-1.5336397886276245,1.6241793632507324,-1.6254022121429443,1.611316204071045,-2.1313531398773193,1.6559394598007202,-2.057882308959961,1.7988417148590088,-2.3256828784942627,1.7611685991287231,-2.3444483280181885,1.923757553100586,-1.8329368829727173,2.061094045639038,-1.9460800886154175,2.2484045028686523,-1.5774610042572021,2.4438316822052,true,CNAII,E3872,107.85455322265625

2026-06-18T18:20:12.090Z,1.2636162042617798,0.14008593559265137,1.0036770105361938,0.629984438419342,0.49181169271469116,0.8930873870849609,-0.09767130762338638,1.1696993112564087,-0.779595673084259,1.4871032238006592,-1.5336397886276245,1.6241793632507324,-1.6254022121429443,1.611316204071045,-2.1313531398773193,1.6559394598007202,-2.057882308959961,1.7988417148590088,-2.3256828784942627,1.7611685991287231,-2.3444483280181885,1.923757553100586,-1.8329368829727173,2.061094045639038,-1.9460800886154175,2.2484045028686523,-1.5774610042572021,2.4438316822052,false,CNAII,E3872,107.85455322265625

2026-06-18T18:29:43.173Z,0,0,0,0,0,0,0,0,0,0,0,0,0,0,0,0,0,0,0,0,0,0,0,0,0,0,0,0,true,CNAR1,E3872,107.85455322265625

2026-06-18T18:30:36.474Z,0,0,0,0,0,0,0,0,0,0,0,0,0,0,0,0,0,0,0,0,0,0,0,0,0,0,-1.4252822399139404,2.5306954383850098,true,CNAR1,E3872,0

2026-06-18T18:32:20.091Z,0,0,0,0,0,0,0,0,0,0,0,0,0,0,0,0,0,0,0,0,0,0,0,0,-1.7876603603363037,2.265825033187866,-1.4252822399139404,2.5306954383850098,true,CNAR1,E3872,0

2026-06-18T18:33:30.439Z,0,0,0,0,0,0,0,0,0,0,0,0,0,0,0,0,0,0,0,0,0,0,-1.7759299278259277,2.101120948791504,-1.7876603603363037,2.265825033187866,-1.4252822399139404,2.5306954383850098,true,CNAR1,E3872,0

2026-06-18T18:34:40.784Z,0,0,0,0,0,0,0,0,0,0,0,0,0,0,0,0,0,0,0,0,-2.266470193862915,1.9432965517044067,-1.7759299278259277,2.101120948791504,-1.7876603603363037,2.265825033187866,-1.4252822399139404,2.5306954383850098,true,CNAR1,E3872,0

2026-06-18T18:35:51.210Z,0,0,0,0,0,0,0,0,0,0,0,0,0,0,0,0,0,0,-2.2871150970458984,1.6959245204925537,-2.266470193862915,1.9432965517044067,-1.7759299278259277,2.101120948791504,-1.7876603603363037,2.265825033187866,-1.4252822399139404,2.5306954383850098,true,CNAR1,E3872,0

2026-06-18T18:37:01.635Z,0,0,0,0,0,0,0,0,0,0,0,0,0,0,0,0,-1.989169955253601,1.8325226306915283,-2.2871150970458984,1.6959245204925537,-2.266470193862915,1.9432965517044067,-1.7759299278259277,2.101120948791504,-1.7876603603363037,2.265825033187866,-1.4252822399139404,2.5306954383850098,true,CNAR1,E3872,0

2026-06-18T18:38:12.136Z,0,0,0,0,0,0,0,0,0,0,0,0,0,0,-2.109593391418457,1.66541588306427,-1.989169955253601,1.8325226306915283,-2.2871150970458984,1.6959245204925537,-2.266470193862915,1.9432965517044067,-1.7759299278259277,2.101120948791504,-1.7876603603363037,2.265825033187866,-1.4252822399139404,2.5306954383850098,true,CNAR1,E3872,0

2026-06-18T18:39:22.500Z,0,0,0,0,0,0,0,0,0,0,0,0,-1.6679636240005493,1.5874857902526855,-2.109593391418457,1.66541588306427,-1.989169955253601,1.8325226306915283,-2.2871150970458984,1.6959245204925537,-2.266470193862915,1.9432965517044067,-1.7759299278259277,2.101120948791504,-1.7876603603363037,2.265825033187866,-1.4252822399139404,2.5306954383850098,true,CNAR1,E3872,0

2026-06-18T18:40:32.936Z,0,0,0,0,0,0,0,0,0,0,-1.455446481704712,1.6180620193481445,-1.6679636240005493,1.5874857902526855,-2.109593391418457,1.66541588306427,-1.989169955253601,1.8325226306915283,-2.2871150970458984,1.6959245204925537,-2.266470193862915,1.9432965517044067,-1.7759299278259277,2.101120948791504,-1.7876603603363037,2.265825033187866,-1.4252822399139404,2.5306954383850098,true,CNAR1,E3872,0

2026-06-18T18:41:43.327Z,0,0,0,0,0,0,0,0,-0.813122570514679,1.4837646484375,-1.455446481704712,1.6180620193481445,-1.6679636240005493,1.5874857902526855,-2.109593391418457,1.66541588306427,-1.989169955253601,1.8325226306915283,-2.2871150970458984,1.6959245204925537,-2.266470193862915,1.9432965517044067,-1.7759299278259277,2.101120948791504,-1.7876603603363037,2.265825033187866,-1.4252822399139404,2.5306954383850098,true,CNAR1,E3872,0

2026-06-18T18:42:54.741Z,0,0,0,0,0,0,-0.11782940477132797,1.1877814531326294,-0.813122570514679,1.4837646484375,-1.455446481704712,1.6180620193481445,-1.6679636240005493,1.5874857902526855,-2.109593391418457,1.66541588306427,-1.989169955253601,1.8325226306915283,-2.2871150970458984,1.6959245204925537,-2.266470193862915,1.9432965517044067,-1.7759299278259277,2.101120948791504,-1.7876603603363037,2.265825033187866,-1.4252822399139404,2.5306954383850098,true,CNAR1,E3872,0

2026-06-18T18:44:05.153Z,0,0,0,0,0.5553902983665466,1.0048609972000122,-0.11782940477132797,1.1877814531326294,-0.813122570514679,1.4837646484375,-1.455446481704712,1.6180620193481445,-1.6679636240005493,1.5874857902526855,-2.109593391418457,1.66541588306427,-1.989169955253601,1.8325226306915283,-2.2871150970458984,1.6959245204925537,-2.266470193862915,1.9432965517044067,-1.7759299278259277,2.101120948791504,-1.7876603603363037,2.265825033187866,-1.4252822399139404,2.5306954383850098,true,CNAR1,E3872,0

2026-06-18T18:45:15.596Z,0,0,1.0909044742584229,0.7141552567481995,0.5553902983665466,1.0048609972000122,-0.11782940477132797,1.1877814531326294,-0.813122570514679,1.4837646484375,-1.455446481704712,1.6180620193481445,-1.6679636240005493,1.5874857902526855,-2.109593391418457,1.66541588306427,-1.989169955253601,1.8325226306915283,-2.2871150970458984,1.6959245204925537,-2.266470193862915,1.9432965517044067,-1.7759299278259277,2.101120948791504,-1.7876603603363037,2.265825033187866,-1.4252822399139404,2.5306954383850098,true,CNAR1,E3872,0

2026-06-18T18:47:47.474Z,1.2470422983169556,0.13880491256713867,1.0909044742584229,0.7141552567481995,0.5553902983665466,1.0048609972000122,-0.11782940477132797,1.1877814531326294,-0.813122570514679,1.4837646484375,-1.455446481704712,1.6180620193481445,-1.6679636240005493,1.5874857902526855,-2.109593391418457,1.66541588306427,-1.989169955253601,1.8325226306915283,-2.2871150970458984,1.6959245204925537,-2.266470193862915,1.9432965517044067,-1.7759299278259277,2.101120948791504,-1.7876603603363037,2.265825033187866,-1.4252822399139404,2.5306954383850098,true,CNAR1,E3872,0

2026-06-18T18:47:51.500Z,1.2470422983169556,0.13880491256713867,1.0909044742584229,0.7141552567481995,0.5553902983665466,1.0048609972000122,-0.11782940477132797,1.1877814531326294,-0.813122570514679,1.4837646484375,-1.455446481704712,1.6180620193481445,-1.6679636240005493,1.5874857902526855,-2.109593391418457,1.66541588306427,-1.989169955253601,1.8325226306915283,-2.2871150970458984,1.6959245204925537,-2.266470193862915,1.9432965517044067,-1.7759299278259277,2.101120948791504,-1.7876603603363037,2.265825033187866,-1.4252822399139404,2.5306954383850098,true,CNAR1,E3872,107.8357162475586

2026-06-18T18:50:28.319Z,1.2470422983169556,0.13880491256713867,1.0909044742584229,0.7141552567481995,0.5553902983665466,1.0048609972000122,-0.11782940477132797,1.1877814531326294,-0.813122570514679,1.4837646484375,-1.455446481704712,1.6180620193481445,-1.6679636240005493,1.5874857902526855,-2.109593391418457,1.66541588306427,-1.989169955253601,1.8325226306915283,-2.2871150970458984,1.6959245204925537,-2.266470193862915,1.9432965517044067,-1.7759299278259277,2.101120948791504,-1.7876603603363037,2.265825033187866,-1.4252822399139404,2.5306954383850098,false,CNAR1,E3872,107.8357162475586

2026-06-19T12:03:06.469Z,0,0,0,0,0,0,0,0,0,0,0,0,0,0,0,0,0,0,0,0,0,0,0,0,0,0,0,0,true,CNAII,E3873,107.8357162475586

2026-06-19T12:03:59.836Z,0,0,0,0,0,0,0,0,0,0,0,0,0,0,0,0,0,0,0,0,0,0,0,0,0,0,1.7479909658432007,3.4690380096435547,true,CNAII,E3873,0

2026-06-19T12:05:44.499Z,0,0,0,0,0,0,0,0,0,0,0,0,0,0,0,0,0,0,0,0,0,0,0,0,1.3326064348220825,3.078054904937744,1.7479909658432007,3.4690380096435547,true,CNAII,E3873,0

2026-06-19T12:06:53.898Z,0,0,0,0,0,0,0,0,0,0,0,0,0,0,0,0,0,0,0,0,0,0,-0.17720957100391388,2.771397352218628,1.3326064348220825,3.078054904937744,1.7479909658432007,3.4690380096435547,true,CNAII,E3873,0

2026-06-19T12:08:03.287Z,0,0,0,0,0,0,0,0,0,0,0,0,0,0,0,0,0,0,0,0,-0.9399104118347168,2.4456405639648438,-0.17720957100391388,2.771397352218628,1.3326064348220825,3.078054904937744,1.7479909658432007,3.4690380096435547,true,CNAII,E3873,0

2026-06-19T12:08:04.284Z,0,0,0,0,0,0,0,0,0,0,0,0,0,0,0,0,0,0,0,0,-0.9399055242538452,2.44563889503479,-0.17720957100391388,2.771397352218628,1.3326064348220825,3.078054904937744,1.7479909658432007,3.4690380096435547,true,CNAII,E3873,0

2026-06-19T12:09:14.727Z,0,0,0,0,0,0,0,0,0,0,0,0,0,0,0,0,0,0,-1.7095400094985962,1.8632384538650513,-0.9399055242538452,2.44563889503479,-0.17720957100391388,2.771397352218628,1.3326064348220825,3.078054904937744,1.7479909658432007,3.4690380096435547,true,CNAII,E3873,0

2026-06-19T12:10:25.188Z,0,0,0,0,0,0,0,0,0,0,0,0,0,0,0,0,-2.029268264770508,1.6836000680923462,-1.7095400094985962,1.8632384538650513,-0.9399055242538452,2.44563889503479,-0.17720957100391388,2.771397352218628,1.3326064348220825,3.078054904937744,1.7479909658432007,3.4690380096435547,true,CNAII,E3873,0

2026-06-19T12:11:35.625Z,0,0,0,0,0,0,0,0,0,0,0,0,0,0,-2.627333641052246,1.2457056045532227,-2.029268264770508,1.6836000680923462,-1.7095400094985962,1.8632384538650513,-0.9399055242538452,2.44563889503479,-0.17720957100391388,2.771397352218628,1.3326064348220825,3.078054904937744,1.7479909658432007,3.4690380096435547,true,CNAII,E3873,0

2026-06-19T12:12:47.029Z,0,0,0,0,0,0,0,0,0,0,0,0,-3.078713893890381,0.7495701313018799,-2.627333641052246,1.2457056045532227,-2.029268264770508,1.6836000680923462,-1.7095400094985962,1.8632384538650513,-0.9399055242538452,2.44563889503479,-0.17720957100391388,2.771397352218628,1.3326064348220825,3.078054904937744,1.7479909658432007,3.4690380096435547,true,CNAII,E3873,0

2026-06-19T12:13:57.438Z,0,0,0,0,0,0,0,0,0,0,-3.568990707397461,-0.05875233933329582,-3.078713893890381,0.7495701313018799,-2.627333641052246,1.2457056045532227,-2.029268264770508,1.6836000680923462,-1.7095400094985962,1.8632384538650513,-0.9399055242538452,2.44563889503479,-0.17720957100391388,2.771397352218628,1.3326064348220825,3.078054904937744,1.7479909658432007,3.4690380096435547,true,CNAII,E3873,0

2026-06-19T12:15:07.828Z,0,0,0,0,0,0,0,0,-3.2767062187194824,-0.22799578309059143,-3.568990707397461,-0.05875233933329582,-3.078713893890381,0.7495701313018799,-2.627333641052246,1.2457056045532227,-2.029268264770508,1.6836000680923462,-1.7095400094985962,1.8632384538650513,-0.9399055242538452,2.44563889503479,-0.17720957100391388,2.771397352218628,1.3326064348220825,3.078054904937744,1.7479909658432007,3.4690380096435547,true,CNAII,E3873,0

2026-06-19T12:16:18.207Z,0,0,0,0,0,0,-3.4012680053710938,-0.6636595129966736,-3.2767062187194824,-0.22799578309059143,-3.568990707397461,-0.05875233933329582,-3.078713893890381,0.7495701313018799,-2.627333641052246,1.2457056045532227,-2.029268264770508,1.6836000680923462,-1.7095400094985962,1.8632384538650513,-0.9399055242538452,2.44563889503479,-0.17720957100391388,2.771397352218628,1.3326064348220825,3.078054904937744,1.7479909658432007,3.4690380096435547,true,CNAII,E3873,0

2026-06-19T12:17:28.618Z,0,0,0,0,-2.858079433441162,-0.8568660616874695,-3.4012680053710938,-0.6636595129966736,-3.2767062187194824,-0.22799578309059143,-3.568990707397461,-0.05875233933329582,-3.078713893890381,0.7495701313018799,-2.627333641052246,1.2457056045532227,-2.029268264770508,1.6836000680923462,-1.7095400094985962,1.8632384538650513,-0.9399055242538452,2.44563889503479,-0.17720957100391388,2.771397352218628,1.3326064348220825,3.078054904937744,1.7479909658432007,3.4690380096435547,true,CNAII,E3873,0

2026-06-19T12:18:38.966Z,0,0,-2.293778657913208,-0.6961475014686584,-2.858079433441162,-0.8568660616874695,-3.4012680053710938,-0.6636595129966736,-3.2767062187194824,-0.22799578309059143,-3.568990707397461,-0.05875233933329582,-3.078713893890381,0.7495701313018799,-2.627333641052246,1.2457056045532227,-2.029268264770508,1.6836000680923462,-1.7095400094985962,1.8632384538650513,-0.9399055242538452,2.44563889503479,-0.17720957100391388,2.771397352218628,1.3326064348220825,3.078054904937744,1.7479909658432007,3.4690380096435547,true,CNAII,E3873,0

2026-06-19T12:21:10.832Z,-0.9604947566986084,-0.4045955538749695,-2.293778657913208,-0.6961475014686584,-2.858079433441162,-0.8568660616874695,-3.4012680053710938,-0.6636595129966736,-3.2767062187194824,-0.22799578309059143,-3.568990707397461,-0.05875233933329582,-3.078713893890381,0.7495701313018799,-2.627333641052246,1.2457056045532227,-2.029268264770508,1.6836000680923462,-1.7095400094985962,1.8632384538650513,-0.9399055242538452,2.44563889503479,-0.17720957100391388,2.771397352218628,1.3326064348220825,3.078054904937744,1.7479909658432007,3.4690380096435547,true,CNAII,E3873,0

2026-06-19T12:21:14.840Z,-0.9604947566986084,-0.4045955538749695,-2.293778657913208,-0.6961475014686584,-2.858079433441162,-0.8568660616874695,-3.4012680053710938,-0.6636595129966736,-3.2767062187194824,-0.22799578309059143,-3.568990707397461,-0.05875233933329582,-3.078713893890381,0.7495701313018799,-2.627333641052246,1.2457056045532227,-2.029268264770508,1.6836000680923462,-1.7095400094985962,1.8632384538650513,-0.9399055242538452,2.44563889503479,-0.17720957100391388,2.771397352218628,1.3326064348220825,3.078054904937744,1.7479909658432007,3.4690380096435547,true,CNAII,E3873,107.90335083007812

2026-06-19T12:23:51.669Z,-0.9604947566986084,-0.4045955538749695,-2.293778657913208,-0.6961475014686584,-2.858079433441162,-0.8568660616874695,-3.4012680053710938,-0.6636595129966736,-3.2767062187194824,-0.22799578309059143,-3.568990707397461,-0.05875233933329582,-3.078713893890381,0.7495701313018799,-2.627333641052246,1.2457056045532227,-2.029268264770508,1.6836000680923462,-1.7095400094985962,1.8632384538650513,-0.9399055242538452,2.44563889503479,-0.17720957100391388,2.771397352218628,1.3326064348220825,3.078054904937744,1.7479909658432007,3.4690380096435547,false,CNAII,E3873,107.90335083007812

2026-06-19T15:00:26.006Z,-0.9604947566986084,-0.4045955538749695,-2.293778657913208,-0.6961475014686584,-2.858079433441162,-0.8568660616874695,-3.4012680053710938,-0.6636595129966736,-3.2767062187194824,-0.22799578309059143,-3.568990707397461,-0.05875233933329582,-3.078713893890381,0.7495701313018799,-2.627333641052246,1.2457056045532227,-2.029268264770508,1.6836000680923462,-1.7095400094985962,1.8632384538650513,-0.9399055242538452,2.44563889503479,-0.17720957100391388,2.771397352218628,1.3326064348220825,3.078054904937744,1.7479909658432007,3.4690380096435547,false,CNAII,E3873,107.90335083007812

2026-06-19T16:31:17.469Z,0,0,0,0,0,0,0,0,0,0,0,0,0,0,0,0,0,0,0,0,0,0,0,0,0,0,0,0,true,CNAIIR1,E3873,107.90335083007812

2026-06-19T16:32:10.809Z,0,0,0,0,0,0,0,0,0,0,0,0,0,0,0,0,0,0,0,0,0,0,0,0,0,0,1.4407562017440796,3.407148599624634,true,CNAIIR1,E3873,0

2026-06-19T16:33:55.420Z,0,0,0,0,0,0,0,0,0,0,0,0,0,0,0,0,0,0,0,0,0,0,0,0,1.2178062200546265,3.220508337020874,1.4407562017440796,3.407148599624634,true,CNAIIR1,E3873,0

2026-06-19T16:35:04.892Z,0,0,0,0,0,0,0,0,0,0,0,0,0,0,0,0,0,0,0,0,0,0,0.13597214221954346,2.7912230491638184,1.2178062200546265,3.220508337020874,1.4407562017440796,3.407148599624634,true,CNAIIR1,E3873,0

2026-06-19T16:36:14.244Z,0,0,0,0,0,0,0,0,0,0,0,0,0,0,0,0,0,0,0,0,-0.8096570372581482,2.4157841205596924,0.13597214221954346,2.7912230491638184,1.2178062200546265,3.220508337020874,1.4407562017440796,3.407148599624634,true,CNAIIR1,E3873,0

2026-06-19T16:36:15.259Z,0,0,0,0,0,0,0,0,0,0,0,0,0,0,0,0,0,0,0,0,-0.809657871723175,2.4157888889312744,0.13597214221954346,2.7912230491638184,1.2178062200546265,3.220508337020874,1.4407562017440796,3.407148599624634,true,CNAIIR1,E3873,0

2026-06-19T16:37:25.589Z,0,0,0,0,0,0,0,0,0,0,0,0,0,0,0,0,0,0,-1.4882315397262573,2.0458528995513916,-0.809657871723175,2.4157888889312744,0.13597214221954346,2.7912230491638184,1.2178062200546265,3.220508337020874,1.4407562017440796,3.407148599624634,true,CNAIIR1,E3873,0

2026-06-19T16:38:35.917Z,0,0,0,0,0,0,0,0,0,0,0,0,0,0,0,0,-1.9764057397842407,1.7658597230911255,-1.4882315397262573,2.0458528995513916,-0.809657871723175,2.4157888889312744,0.13597214221954346,2.7912230491638184,1.2178062200546265,3.220508337020874,1.4407562017440796,3.407148599624634,true,CNAIIR1,E3873,0

2026-06-19T16:39:46.298Z,0,0,0,0,0,0,0,0,0,0,0,0,0,0,-2.6180367469787598,0,-1.9764057397842407,1.7658597230911255,-1.4882315397262573,2.0458528995513916,-0.809657871723175,2.4157888889312744,0.13597214221954346,2.7912230491638184,1.2178062200546265,3.220508337020874,1.4407562017440796,3.407148599624634,true,CNAIIR1,E3873,0

2026-06-19T16:39:47.314Z,0,0,0,0,0,0,0,0,0,0,0,0,0,0,-2.6180367469787598,1.274436593055725,-1.9764057397842407,1.7658597230911255,-1.4882315397262573,2.0458528995513916,-0.809657871723175,2.4157888889312744,0.13597214221954346,2.7912230491638184,1.2178062200546265,3.220508337020874,1.4407562017440796,3.407148599624634,true,CNAIIR1,E3873,0

2026-06-19T16:40:57.650Z,0,0,0,0,0,0,0,0,0,0,0,0,-3.1233015060424805,0.7274249792098999,-2.6180367469787598,1.274436593055725,-1.9764057397842407,1.7658597230911255,-1.4882315397262573,2.0458528995513916,-0.809657871723175,2.4157888889312744,0.13597214221954346,2.7912230491638184,1.2178062200546265,3.220508337020874,1.4407562017440796,3.407148599624634,true,CNAIIR1,E3873,0

2026-06-19T16:42:08.064Z,0,0,0,0,0,0,0,0,0,0,-3.5678982734680176,0.02677629142999649,-3.1233015060424805,0.7274249792098999,-2.6180367469787598,1.274436593055725,-1.9764057397842407,1.7658597230911255,-1.4882315397262573,2.0458528995513916,-0.809657871723175,2.4157888889312744,0.13597214221954346,2.7912230491638184,1.2178062200546265,3.220508337020874,1.4407562017440796,3.407148599624634,true,CNAIIR1,E3873,0

2026-06-19T16:43:18.488Z,0,0,0,0,0,0,0,0,-3.2241978645324707,-0.22625921666622162,-3.5678982734680176,0.02677629142999649,-3.1233015060424805,0.7274249792098999,-2.6180367469787598,1.274436593055725,-1.9764057397842407,1.7658597230911255,-1.4882315397262573,2.0458528995513916,-0.809657871723175,2.4157888889312744,0.13597214221954346,2.7912230491638184,1.2178062200546265,3.220508337020874,1.4407562017440796,3.407148599624634,true,CNAIIR1,E3873,0

2026-06-19T16:44:28.943Z,0,0,0,0,0,0,-3.3315277099609375,-0.6342521905899048,-3.2241978645324707,-0.22625921666622162,-3.5678982734680176,0.02677629142999649,-3.1233015060424805,0.7274249792098999,-2.6180367469787598,1.274436593055725,-1.9764057397842407,1.7658597230911255,-1.4882315397262573,2.0458528995513916,-0.809657871723175,2.4157888889312744,0.13597214221954346,2.7912230491638184,1.2178062200546265,3.220508337020874,1.4407562017440796,3.407148599624634,true,CNAIIR1,E3873,0

2026-06-19T16:45:39.418Z,0,0,0,0,-2.8310577869415283,-0.7934607863426208,-3.3315277099609375,-0.6342521905899048,-3.2241978645324707,-0.22625921666622162,-3.5678982734680176,0.02677629142999649,-3.1233015060424805,0.7274249792098999,-2.6180367469787598,1.274436593055725,-1.9764057397842407,1.7658597230911255,-1.4882315397262573,2.0458528995513916,-0.809657871723175,2.4157888889312744,0.13597214221954346,2.7912230491638184,1.2178062200546265,3.220508337020874,1.4407562017440796,3.407148599624634,true,CNAIIR1,E3873,0

2026-06-19T16:46:49.844Z,0,0,-2.221924304962158,-0.6450570225715637,-2.8310577869415283,-0.7934607863426208,-3.3315277099609375,-0.6342521905899048,-3.2241978645324707,-0.22625921666622162,-3.5678982734680176,0.02677629142999649,-3.1233015060424805,0.7274249792098999,-2.6180367469787598,1.274436593055725,-1.9764057397842407,1.7658597230911255,-1.4882315397262573,2.0458528995513916,-0.809657871723175,2.4157888889312744,0.13597214221954346,2.7912230491638184,1.2178062200546265,3.220508337020874,1.4407562017440796,3.407148599624634,true,CNAIIR1,E3873,0

2026-06-19T16:49:21.810Z,-0.9827896356582642,-0.399335652589798,-2.221924304962158,-0.6450570225715637,-2.8310577869415283,-0.7934607863426208,-3.3315277099609375,-0.6342521905899048,-3.2241978645324707,-0.22625921666622162,-3.5678982734680176,0.02677629142999649,-3.1233015060424805,0.7274249792098999,-2.6180367469787598,1.274436593055725,-1.9764057397842407,1.7658597230911255,-1.4882315397262573,2.0458528995513916,-0.809657871723175,2.4157888889312744,0.13597214221954346,2.7912230491638184,1.2178062200546265,3.220508337020874,1.4407562017440796,3.407148599624634,true,CNAIIR1,E3873,0

2026-06-19T16:49:25.830Z,-0.9827896356582642,-0.399335652589798,-2.221924304962158,-0.6450570225715637,-2.8310577869415283,-0.7934607863426208,-3.3315277099609375,-0.6342521905899048,-3.2241978645324707,-0.22625921666622162,-3.5678982734680176,0.02677629142999649,-3.1233015060424805,0.7274249792098999,-2.6180367469787598,1.274436593055725,-1.9764057397842407,1.7658597230911255,-1.4882315397262573,2.0458528995513916,-0.809657871723175,2.4157888889312744,0.13597214221954346,2.7912230491638184,1.2178062200546265,3.220508337020874,1.4407562017440796,3.407148599624634,true,CNAIIR1,E3873,107.85704803466797

2026-06-19T16:52:02.653Z,-0.9827896356582642,-0.399335652589798,-2.221924304962158,-0.6450570225715637,-2.8310577869415283,-0.7934607863426208,-3.3315277099609375,-0.6342521905899048,-3.2241978645324707,-0.22625921666622162,-3.5678982734680176,0.02677629142999649,-3.1233015060424805,0.7274249792098999,-2.6180367469787598,1.274436593055725,-1.9764057397842407,1.7658597230911255,-1.4882315397262573,2.0458528995513916,-0.809657871723175,2.4157888889312744,0.13597214221954346,2.7912230491638184,1.2178062200546265,3.220508337020874,1.4407562017440796,3.407148599624634,false,CNAIIR1,E3873,107.85704803466797

2026-06-20T17:07:15.342Z,-0.9827896356582642,-0.399335652589798,-2.221924304962158,-0.6450570225715637,-2.8310577869415283,-0.7934607863426208,-3.3315277099609375,-0.6342521905899048,-3.2241978645324707,-0.22625921666622162,-3.5678982734680176,0.02677629142999649,-3.1233015060424805,0.7274249792098999,-2.6180367469787598,1.274436593055725,-1.9764057397842407,1.7658597230911255,-1.4882315397262573,2.0458528995513916,-0.809657871723175,2.4157888889312744,0.13597214221954346,2.7912230491638184,1.2178062200546265,3.220508337020874,1.4407562017440796,3.407148599624634,false,CNAIIR1,E3873,107.85704803466797

2026-06-20T17:27:34.201Z,-0.9827896356582642,-0.399335652589798,-2.221924304962158,-0.6450570225715637,-2.8310577869415283,-0.7934607863426208,-3.3315277099609375,-0.6342521905899048,-3.2241978645324707,-0.22625921666622162,-3.5678982734680176,0.02677629142999649,-3.1233015060424805,0.7274249792098999,-2.6180367469787598,1.274436593055725,-1.9764057397842407,1.7658597230911255,-1.4882315397262573,2.0458528995513916,-0.809657871723175,2.4157888889312744,0.13597214221954346,2.7912230491638184,1.2178062200546265,3.220508337020874,1.4407562017440796,3.407148599624634,false,CNAIIR1,E3873,107.85704803466797

2026-06-20T17:27:58.656Z,-0.9827896356582642,-0.399335652589798,-2.221924304962158,-0.6450570225715637,-2.8310577869415283,-0.7934607863426208,-3.3315277099609375,-0.6342521905899048,-3.2241978645324707,-0.22625921666622162,-3.5678982734680176,0.02677629142999649,-3.1233015060424805,0.7274249792098999,-2.6180367469787598,1.274436593055725,-1.9764057397842407,1.7658597230911255,-1.4882315397262573,2.0458528995513916,-0.809657871723175,2.4157888889312744,0.13597214221954346,2.7912230491638184,1.2178062200546265,3.220508337020874,1.4407562017440796,3.407148599624634,false,CNAIIR1,E3873,107.85704803466797

2026-06-20T21:09:43.125Z,-0.9827896356582642,-0.399335652589798,-2.221924304962158,-0.6450570225715637,-2.8310577869415283,-0.7934607863426208,-3.3315277099609375,-0.6342521905899048,-3.2241978645324707,-0.22625921666622162,-3.5678982734680176,0.02677629142999649,-3.1233015060424805,0.7274249792098999,-2.6180367469787598,1.274436593055725,-1.9764057397842407,1.7658597230911255,-1.4882315397262573,2.0458528995513916,-0.809657871723175,2.4157888889312744,0.13597214221954346,2.7912230491638184,1.2178062200546265,3.220508337020874,1.4407562017440796,3.407148599624634,false,CNAIIR1,E3873,107.85704803466797

2026-06-20T21:12:14.600Z,-0.9827896356582642,-0.399335652589798,-2.221924304962158,-0.6450570225715637,-2.8310577869415283,-0.7934607863426208,-3.3315277099609375,-0.6342521905899048,-3.2241978645324707,-0.22625921666622162,-3.5678982734680176,0.02677629142999649,-3.1233015060424805,0.7274249792098999,-2.6180367469787598,1.274436593055725,-1.9764057397842407,1.7658597230911255,-1.4882315397262573,2.0458528995513916,-0.809657871723175,2.4157888889312744,0.13597214221954346,2.7912230491638184,1.2178062200546265,3.220508337020874,1.4407562017440796,3.407148599624634,false,CNAIIR1,E3873,107.85704803466797

2026-06-20T21:35:29.852Z,-0.9827896356582642,-0.399335652589798,-2.221924304962158,-0.6450570225715637,-2.8310577869415283,-0.7934607863426208,-3.3315277099609375,-0.6342521905899048,-3.2241978645324707,-0.22625921666622162,-3.5678982734680176,0.02677629142999649,-3.1233015060424805,0.7274249792098999,-2.6180367469787598,1.274436593055725,-1.9764057397842407,1.7658597230911255,-1.4882315397262573,2.0458528995513916,-0.809657871723175,2.4157888889312744,0.13597214221954346,2.7912230491638184,1.2178062200546265,3.220508337020874,1.4407562017440796,3.407148599624634,false,CNAIIR1,E3873,107.85704803466797

2026-06-20T21:44:03.590Z,-0.9827896356582642,-0.399335652589798,-2.221924304962158,-0.6450570225715637,-2.8310577869415283,-0.7934607863426208,-3.3315277099609375,-0.6342521905899048,-3.2241978645324707,-0.22625921666622162,-3.5678982734680176,0.02677629142999649,-3.1233015060424805,0.7274249792098999,-2.6180367469787598,1.274436593055725,-1.9764057397842407,1.7658597230911255,-1.4882315397262573,2.0458528995513916,-0.809657871723175,2.4157888889312744,0.13597214221954346,2.7912230491638184,1.2178062200546265,3.220508337020874,1.4407562017440796,3.407148599624634,false,CNAIIR1,E3873,107.85704803466797

2026-06-20T21:45:24.784Z,-0.9827896356582642,-0.399335652589798,-2.221924304962158,-0.6450570225715637,-2.8310577869415283,-0.7934607863426208,-3.3315277099609375,-0.6342521905899048,-3.2241978645324707,-0.22625921666622162,-3.5678982734680176,0.02677629142999649,-3.1233015060424805,0.7274249792098999,-2.6180367469787598,1.274436593055725,-1.9764057397842407,1.7658597230911255,-1.4882315397262573,2.0458528995513916,-0.809657871723175,2.4157888889312744,0.13597214221954346,2.7912230491638184,1.2178062200546265,3.220508337020874,1.4407562017440796,3.407148599624634,false,CNAIIR1,E3873,107.85704803466797

2026-06-20T21:47:21.107Z,-0.9827896356582642,-0.399335652589798,-2.221924304962158,-0.6450570225715637,-2.8310577869415283,-0.7934607863426208,-3.3315277099609375,-0.6342521905899048,-3.2241978645324707,-0.22625921666622162,-3.5678982734680176,0.02677629142999649,-3.1233015060424805,0.7274249792098999,-2.6180367469787598,1.274436593055725,-1.9764057397842407,1.7658597230911255,-1.4882315397262573,2.0458528995513916,-0.809657871723175,2.4157888889312744,0.13597214221954346,2.7912230491638184,1.2178062200546265,3.220508337020874,1.4407562017440796,3.407148599624634,false,CNAIIR1,E3873,107.85704803466797

2026-06-20T21:47:59.550Z,-0.9827896356582642,-0.399335652589798,-2.221924304962158,-0.6450570225715637,-2.8310577869415283,-0.7934607863426208,-3.3315277099609375,-0.6342521905899048,-3.2241978645324707,-0.22625921666622162,-3.5678982734680176,0.02677629142999649,-3.1233015060424805,0.7274249792098999,-2.6180367469787598,1.274436593055725,-1.9764057397842407,1.7658597230911255,-1.4882315397262573,2.0458528995513916,-0.809657871723175,2.4157888889312744,0.13597214221954346,2.7912230491638184,1.2178062200546265,3.220508337020874,1.4407562017440796,3.407148599624634,false,CNAIIR1,E3873,107.85704803466797

2026-06-23T11:41:32.039Z,0,0,0,0,0,0,0,0,0,0,0,0,0,0,0,0,0,0,0,0,0,0,0,0,0,0,0,0,true,CNAII,E3874,107.85704803466797

2026-06-23T11:42:25.296Z,0,0,0,0,0,0,0,0,0,0,0,0,0,0,0,0,0,0,0,0,0,0,0,0,0,0,-0.7442640662193298,-5.037883758544922,true,CNAII,E3874,0

2026-06-23T11:44:09.102Z,0,0,0,0,0,0,0,0,0,0,0,0,0,0,0,0,0,0,0,0,0,0,0,0,-1.4509997367858887,-5.258737564086914,-0.7442640662193298,-5.037883758544922,true,CNAII,E3874,0

2026-06-23T11:45:18.665Z,0,0,0,0,0,0,0,0,0,0,0,0,0,0,0,0,0,0,0,0,0,0,-1.260318398475647,-4.570804595947266,-1.4509997367858887,-5.258737564086914,-0.7442640662193298,-5.037883758544922,true,CNAII,E3874,0

2026-06-23T11:46:28.267Z,0,0,0,0,0,0,0,0,0,0,0,0,0,0,0,0,0,0,0,0,-1.5836255550384521,-3.6682515144348145,-1.260318398475647,-4.570804595947266,-1.4509997367858887,-5.258737564086914,-0.7442640662193298,-5.037883758544922,true,CNAII,E3874,0

2026-06-23T11:47:38.875Z,0,0,0,0,0,0,0,0,0,0,0,0,0,0,0,0,0,0,-1.5313584804534912,-2.7611846923828125,-1.5836255550384521,-3.6682515144348145,-1.260318398475647,-4.570804595947266,-1.4509997367858887,-5.258737564086914,-0.7442640662193298,-5.037883758544922,true,CNAII,E3874,0

2026-06-23T11:48:48.369Z,0,0,0,0,0,0,0,0,0,0,0,0,0,0,0,0,-1.4565762281417847,-1.750154733657837,-1.5313584804534912,-2.7611846923828125,-1.5836255550384521,-3.6682515144348145,-1.260318398475647,-4.570804595947266,-1.4509997367858887,-5.258737564086914,-0.7442640662193298,-5.037883758544922,true,CNAII,E3874,0

2026-06-23T11:49:58.859Z,0,0,0,0,0,0,0,0,0,0,0,0,0,0,-1.237746000289917,-1.098046064376831,-1.4565762281417847,-1.750154733657837,-1.5313584804534912,-2.7611846923828125,-1.5836255550384521,-3.6682515144348145,-1.260318398475647,-4.570804595947266,-1.4509997367858887,-5.258737564086914,-0.7442640662193298,-5.037883758544922,true,CNAII,E3874,0

2026-06-23T11:51:09.441Z,0,0,0,0,0,0,0,0,0,0,0,0,-0.9073342680931091,-0.415508508682251,-1.237746000289917,-1.098046064376831,-1.4565762281417847,-1.750154733657837,-1.5313584804534912,-2.7611846923828125,-1.5836255550384521,-3.6682515144348145,-1.260318398475647,-4.570804595947266,-1.4509997367858887,-5.258737564086914,-0.7442640662193298,-5.037883758544922,true,CNAII,E3874,0

2026-06-23T11:52:20.013Z,0,0,0,0,0,0,0,0,0,0,-0.7460301518440247,-0.0618286058306694,-0.9073342680931091,-0.415508508682251,-1.237746000289917,-1.098046064376831,-1.4565762281417847,-1.750154733657837,-1.5313584804534912,-2.7611846923828125,-1.5836255550384521,-3.6682515144348145,-1.260318398475647,-4.570804595947266,-1.4509997367858887,-5.258737564086914,-0.7442640662193298,-5.037883758544922,true,CNAII,E3874,0

2026-06-23T11:53:30.522Z,0,0,0,0,0,0,0,0,-0.028458312153816223,0.663068413734436,-0.7460301518440247,-0.0618286058306694,-0.9073342680931091,-0.415508508682251,-1.237746000289917,-1.098046064376831,-1.4565762281417847,-1.750154733657837,-1.5313584804534912,-2.7611846923828125,-1.5836255550384521,-3.6682515144348145,-1.260318398475647,-4.570804595947266,-1.4509997367858887,-5.258737564086914,-0.7442640662193298,-5.037883758544922,true,CNAII,E3874,0

2026-06-23T11:54:41.121Z,0,0,0,0,0,0,0.5812448859214783,0.9760991334915161,-0.028458312153816223,0.663068413734436,-0.7460301518440247,-0.0618286058306694,-0.9073342680931091,-0.415508508682251,-1.237746000289917,-1.098046064376831,-1.4565762281417847,-1.750154733657837,-1.5313584804534912,-2.7611846923828125,-1.5836255550384521,-3.6682515144348145,-1.260318398475647,-4.570804595947266,-1.4509997367858887,-5.258737564086914,-0.7442640662193298,-5.037883758544922,true,CNAII,E3874,0

2026-06-23T11:55:51.611Z,0,0,0,0,0.9852481484413147,1.0235620737075806,0.5812448859214783,0.9760991334915161,-0.028458312153816223,0.663068413734436,-0.7460301518440247,-0.0618286058306694,-0.9073342680931091,-0.415508508682251,-1.237746000289917,-1.098046064376831,-1.4565762281417847,-1.750154733657837,-1.5313584804534912,-2.7611846923828125,-1.5836255550384521,-3.6682515144348145,-1.260318398475647,-4.570804595947266,-1.4509997367858887,-5.258737564086914,-0.7442640662193298,-5.037883758544922,true,CNAII,E3874,0

2026-06-23T11:57:02.160Z,0,0,1.083325982093811,0.9140427112579346,0.9852481484413147,1.0235620737075806,0.5812448859214783,0.9760991334915161,-0.028458312153816223,0.663068413734436,-0.7460301518440247,-0.0618286058306694,-0.9073342680931091,-0.415508508682251,-1.237746000289917,-1.098046064376831,-1.4565762281417847,-1.750154733657837,-1.5313584804534912,-2.7611846923828125,-1.5836255550384521,-3.6682515144348145,-1.260318398475647,-4.570804595947266,-1.4509997367858887,-5.258737564086914,-0.7442640662193298,-5.037883758544922,true,CNAII,E3874,0

2026-06-23T11:59:34.353Z,1.2371374368667603,0.7001839280128479,1.083325982093811,0.9140427112579346,0.9852481484413147,1.0235620737075806,0.5812448859214783,0.9760991334915161,-0.028458312153816223,0.663068413734436,-0.7460301518440247,-0.0618286058306694,-0.9073342680931091,-0.415508508682251,-1.237746000289917,-1.098046064376831,-1.4565762281417847,-1.750154733657837,-1.5313584804534912,-2.7611846923828125,-1.5836255550384521,-3.6682515144348145,-1.260318398475647,-4.570804595947266,-1.4509997367858887,-5.258737564086914,-0.7442640662193298,-5.037883758544922,true,CNAII,E3874,0

2026-06-23T11:59:38.356Z,1.2371374368667603,0.7001839280128479,1.083325982093811,0.9140427112579346,0.9852481484413147,1.0235620737075806,0.5812448859214783,0.9760991334915161,-0.028458312153816223,0.663068413734436,-0.7460301518440247,-0.0618286058306694,-0.9073342680931091,-0.415508508682251,-1.237746000289917,-1.098046064376831,-1.4565762281417847,-1.750154733657837,-1.5313584804534912,-2.7611846923828125,-1.5836255550384521,-3.6682515144348145,-1.260318398475647,-4.570804595947266,-1.4509997367858887,-5.258737564086914,-0.7442640662193298,-5.037883758544922,true,CNAII,E3874,107.864501953125

2026-06-23T12:02:15.543Z,1.2371374368667603,0.7001839280128479,1.083325982093811,0.9140427112579346,0.9852481484413147,1.0235620737075806,0.5812448859214783,0.9760991334915161,-0.028458312153816223,0.663068413734436,-0.7460301518440247,-0.0618286058306694,-0.9073342680931091,-0.415508508682251,-1.237746000289917,-1.098046064376831,-1.4565762281417847,-1.750154733657837,-1.5313584804534912,-2.7611846923828125,-1.5836255550384521,-3.6682515144348145,-1.260318398475647,-4.570804595947266,-1.4509997367858887,-5.258737564086914,-0.7442640662193298,-5.037883758544922,false,CNAII,E3874,107.864501953125

2026-06-23T12:20:29.724Z,0,0,0,0,0,0,0,0,0,0,0,0,0,0,0,0,0,0,0,0,0,0,0,0,0,0,0,0,true,CNAIIR1,E3874,107.864501953125

2026-06-23T12:21:21.982Z,0,0,0,0,0,0,0,0,0,0,0,0,0,0,0,0,0,0,0,0,0,0,0,0,0,0,-0.7688035368919373,-4.96188497543335,true,CNAIIR1,E3874,0

2026-06-23T12:23:05.853Z,0,0,0,0,0,0,0,0,0,0,0,0,0,0,0,0,0,0,0,0,0,0,0,0,-1.5681259632110596,-5.154982089996338,-0.7688035368919373,-4.96188497543335,true,CNAIIR1,E3874,0

2026-06-23T12:24:15.420Z,0,0,0,0,0,0,0,0,0,0,0,0,0,0,0,0,0,0,0,0,0,0,-1.308039903640747,-4.440637111663818,-1.5681259632110596,-5.154982089996338,-0.7688035368919373,-4.96188497543335,true,CNAIIR1,E3874,0

2026-06-23T12:25:24.890Z,0,0,0,0,0,0,0,0,0,0,0,0,0,0,0,0,0,0,0,0,-1.7474974393844604,-3.581502676010132,-1.308039903640747,-4.440637111663818,-1.5681259632110596,-5.154982089996338,-0.7688035368919373,-4.96188497543335,true,CNAIIR1,E3874,0

2026-06-23T12:26:34.444Z,0,0,0,0,0,0,0,0,0,0,0,0,0,0,0,0,0,0,-1.644201397895813,-2.6785476207733154,-1.7474974393844604,-3.581502676010132,-1.308039903640747,-4.440637111663818,-1.5681259632110596,-5.154982089996338,-0.7688035368919373,-4.96188497543335,true,CNAIIR1,E3874,0

2026-06-23T12:27:44.985Z,0,0,0,0,0,0,0,0,0,0,0,0,0,0,0,0,-1.4174877405166626,-1.802754282951355,-1.644201397895813,-2.6785476207733154,-1.7474974393844604,-3.581502676010132,-1.308039903640747,-4.440637111663818,-1.5681259632110596,-5.154982089996338,-0.7688035368919373,-4.96188497543335,true,CNAIIR1,E3874,0

2026-06-23T12:28:55.557Z,0,0,0,0,0,0,0,0,0,0,0,0,0,0,-1.2085005044937134,-1.1642721891403198,-1.4174877405166626,-1.802754282951355,-1.644201397895813,-2.6785476207733154,-1.7474974393844604,-3.581502676010132,-1.308039903640747,-4.440637111663818,-1.5681259632110596,-5.154982089996338,-0.7688035368919373,-4.96188497543335,true,CNAIIR1,E3874,0

2026-06-23T12:30:06.166Z,0,0,0,0,0,0,0,0,0,0,0,0,-0.8842747211456299,-0.4042811691761017,-1.2085005044937134,-1.1642721891403198,-1.4174877405166626,-1.802754282951355,-1.644201397895813,-2.6785476207733154,-1.7474974393844604,-3.581502676010132,-1.308039903640747,-4.440637111663818,-1.5681259632110596,-5.154982089996338,-0.7688035368919373,-4.96188497543335,true,CNAIIR1,E3874,0

2026-06-23T12:31:16.716Z,0,0,0,0,0,0,0,0,0,0,-0.9349400401115417,-0.1324349045753479,-0.8842747211456299,-0.4042811691761017,-1.2085005044937134,-1.1642721891403198,-1.4174877405166626,-1.802754282951355,-1.644201397895813,-2.6785476207733154,-1.7474974393844604,-3.581502676010132,-1.308039903640747,-4.440637111663818,-1.5681259632110596,-5.154982089996338,-0.7688035368919373,-4.96188497543335,true,CNAIIR1,E3874,0

2026-06-23T12:32:26.318Z,0,0,0,0,0,0,0,0,0.03697900474071503,0.7120342254638672,-0.9349400401115417,-0.1324349045753479,-0.8842747211456299,-0.4042811691761017,-1.2085005044937134,-1.1642721891403198,-1.4174877405166626,-1.802754282951355,-1.644201397895813,-2.6785476207733154,-1.7474974393844604,-3.581502676010132,-1.308039903640747,-4.440637111663818,-1.5681259632110596,-5.154982089996338,-0.7688035368919373,-4.96188497543335,true,CNAIIR1,E3874,0

2026-06-23T12:33:36.893Z,0,0,0,0,0,0,0.5058245658874512,1.0224659442901611,0.03697900474071503,0.7120342254638672,-0.9349400401115417,-0.1324349045753479,-0.8842747211456299,-0.4042811691761017,-1.2085005044937134,-1.1642721891403198,-1.4174877405166626,-1.802754282951355,-1.644201397895813,-2.6785476207733154,-1.7474974393844604,-3.581502676010132,-1.308039903640747,-4.440637111663818,-1.5681259632110596,-5.154982089996338,-0.7688035368919373,-4.96188497543335,true,CNAIIR1,E3874,0

2026-06-23T12:34:47.464Z,0,0,0,0,0.9113569259643555,1.0494204759597778,0.5058245658874512,1.0224659442901611,0.03697900474071503,0.7120342254638672,-0.9349400401115417,-0.1324349045753479,-0.8842747211456299,-0.4042811691761017,-1.2085005044937134,-1.1642721891403198,-1.4174877405166626,-1.802754282951355,-1.644201397895813,-2.6785476207733154,-1.7474974393844604,-3.581502676010132,-1.308039903640747,-4.440637111663818,-1.5681259632110596,-5.154982089996338,-0.7688035368919373,-4.96188497543335,true,CNAIIR1,E3874,0

2026-06-23T12:35:58.014Z,0,0,1.1816258430480957,0.9967127442359924,0.9113569259643555,1.0494204759597778,0.5058245658874512,1.0224659442901611,0.03697900474071503,0.7120342254638672,-0.9349400401115417,-0.1324349045753479,-0.8842747211456299,-0.4042811691761017,-1.2085005044937134,-1.1642721891403198,-1.4174877405166626,-1.802754282951355,-1.644201397895813,-2.6785476207733154,-1.7474974393844604,-3.581502676010132,-1.308039903640747,-4.440637111663818,-1.5681259632110596,-5.154982089996338,-0.7688035368919373,-4.96188497543335,true,CNAIIR1,E3874,0

2026-06-23T12:38:29.196Z,1.2415783405303955,0.7097684144973755,1.1816258430480957,0.9967127442359924,0.9113569259643555,1.0494204759597778,0.5058245658874512,1.0224659442901611,0.03697900474071503,0.7120342254638672,-0.9349400401115417,-0.1324349045753479,-0.8842747211456299,-0.4042811691761017,-1.2085005044937134,-1.1642721891403198,-1.4174877405166626,-1.802754282951355,-1.644201397895813,-2.6785476207733154,-1.7474974393844604,-3.581502676010132,-1.308039903640747,-4.440637111663818,-1.5681259632110596,-5.154982089996338,-0.7688035368919373,-4.96188497543335,true,CNAIIR1,E3874,0

2026-06-23T12:38:30.210Z,1.241583228111267,0.7097668647766113,1.1816258430480957,0.9967127442359924,0.9113569259643555,1.0494204759597778,0.5058245658874512,1.0224659442901611,0.03697900474071503,0.7120342254638672,-0.9349400401115417,-0.1324349045753479,-0.8842747211456299,-0.4042811691761017,-1.2085005044937134,-1.1642721891403198,-1.4174877405166626,-1.802754282951355,-1.644201397895813,-2.6785476207733154,-1.7474974393844604,-3.581502676010132,-1.308039903640747,-4.440637111663818,-1.5681259632110596,-5.154982089996338,-0.7688035368919373,-4.96188497543335,true,CNAIIR1,E3874,0

2026-06-23T12:38:34.244Z,1.241583228111267,0.7097668647766113,1.1816258430480957,0.9967127442359924,0.9113569259643555,1.0494204759597778,0.5058245658874512,1.0224659442901611,0.03697900474071503,0.7120342254638672,-0.9349400401115417,-0.1324349045753479,-0.8842747211456299,-0.4042811691761017,-1.2085005044937134,-1.1642721891403198,-1.4174877405166626,-1.802754282951355,-1.644201397895813,-2.6785476207733154,-1.7474974393844604,-3.581502676010132,-1.308039903640747,-4.440637111663818,-1.5681259632110596,-5.154982089996338,-0.7688035368919373,-4.96188497543335,true,CNAIIR1,E3874,107.86681365966797

2026-06-23T12:41:11.328Z,1.241583228111267,0.7097668647766113,1.1816258430480957,0.9967127442359924,0.9113569259643555,1.0494204759597778,0.5058245658874512,1.0224659442901611,0.03697900474071503,0.7120342254638672,-0.9349400401115417,-0.1324349045753479,-0.8842747211456299,-0.4042811691761017,-1.2085005044937134,-1.1642721891403198,-1.4174877405166626,-1.802754282951355,-1.644201397895813,-2.6785476207733154,-1.7474974393844604,-3.581502676010132,-1.308039903640747,-4.440637111663818,-1.5681259632110596,-5.154982089996338,-0.7688035368919373,-4.96188497543335,false,CNAIIR1,E3874,107.86681365966797

2026-06-23T15:54:12.870Z,1.241583228111267,0.7097668647766113,1.1816258430480957,0.9967127442359924,0.9113569259643555,1.0494204759597778,0.5058245658874512,1.0224659442901611,0.03697900474071503,0.7120342254638672,-0.9349400401115417,-0.1324349045753479,-0.8842747211456299,-0.4042811691761017,-1.2085005044937134,-1.1642721891403198,-1.4174877405166626,-1.802754282951355,-1.644201397895813,-2.6785476207733154,-1.7474974393844604,-3.581502676010132,-1.308039903640747,-4.440637111663818,-1.5681259632110596,-5.154982089996338,-0.7688035368919373,-4.96188497543335,true,CNAII,E3877,107.86681365966797

2026-06-23T15:54:13.842Z,0,0,0,0,0,0,0,0,0,0,0,0,0,0,0,0,0,0,0,0,0,0,0,0,0,0,0,0,true,CNAII,E3877,107.86681365966797

2026-06-23T15:55:06.140Z,0,0,0,0,0,0,0,0,0,0,0,0,0,0,0,0,0,0,0,0,0,0,0,0,0,0,-0.27084651589393616,-5.847265243530273,true,CNAII,E3877,0

2026-06-23T15:56:50.965Z,0,0,0,0,0,0,0,0,0,0,0,0,0,0,0,0,0,0,0,0,0,0,0,0,-0.769813597202301,-5.5934038162231445,-0.27084651589393616,-5.847265243530273,true,CNAII,E3877,0

2026-06-23T15:57:59.481Z,0,0,0,0,0,0,0,0,0,0,0,0,0,0,0,0,0,0,0,0,0,0,-0.5939204096794128,-6.098933696746826,-0.769813597202301,-5.5934038162231445,-0.27084651589393616,-5.847265243530273,true,CNAII,E3877,0

2026-06-23T15:59:09.022Z,0,0,0,0,0,0,0,0,0,0,0,0,0,0,0,0,0,0,0,0,-1.2218413352966309,-5.31975793838501,-0.5939204096794128,-6.098933696746826,-0.769813597202301,-5.5934038162231445,-0.27084651589393616,-5.847265243530273,true,CNAII,E3877,0

2026-06-23T16:00:19.546Z,0,0,0,0,0,0,0,0,0,0,0,0,0,0,0,0,0,0,-0.9265456199645996,-4.13917875289917,-1.2218413352966309,-5.31975793838501,-0.5939204096794128,-6.098933696746826,-0.769813597202301,-5.5934038162231445,-0.27084651589393616,-5.847265243530273,true,CNAII,E3877,0

2026-06-23T16:01:30.131Z,0,0,0,0,0,0,0,0,0,0,0,0,0,0,0,0,-0.6920552849769592,-3.248300313949585,-0.9265456199645996,-4.13917875289917,-1.2218413352966309,-5.31975793838501,-0.5939204096794128,-6.098933696746826,-0.769813597202301,-5.5934038162231445,-0.27084651589393616,-5.847265243530273,true,CNAII,E3877,0

2026-06-23T16:02:39.644Z,0,0,0,0,0,0,0,0,0,0,0,0,0,0,-0.5432415008544922,-2.4059815406799316,-0.6920552849769592,-3.248300313949585,-0.9265456199645996,-4.13917875289917,-1.2218413352966309,-5.31975793838501,-0.5939204096794128,-6.098933696746826,-0.769813597202301,-5.5934038162231445,-0.27084651589393616,-5.847265243530273,true,CNAII,E3877,0

2026-06-23T16:03:50.217Z,0,0,0,0,0,0,0,0,0,0,0,0,-0.18609604239463806,-1.9485595226287842,-0.5432415008544922,-2.4059815406799316,-0.6920552849769592,-3.248300313949585,-0.9265456199645996,-4.13917875289917,-1.2218413352966309,-5.31975793838501,-0.5939204096794128,-6.098933696746826,-0.769813597202301,-5.5934038162231445,-0.27084651589393616,-5.847265243530273,true,CNAII,E3877,0

2026-06-23T16:05:00.650Z,0,0,0,0,0,0,0,0,0,0,0.29632505774497986,-1.3004567623138428,-0.18609604239463806,-1.9485595226287842,-0.5432415008544922,-2.4059815406799316,-0.6920552849769592,-3.248300313949585,-0.9265456199645996,-4.13917875289917,-1.2218413352966309,-5.31975793838501,-0.5939204096794128,-6.098933696746826,-0.769813597202301,-5.5934038162231445,-0.27084651589393616,-5.847265243530273,true,CNAII,E3877,0

2026-06-23T16:06:11.120Z,0,0,0,0,0,0,0,0,0.7686596512794495,-0.8634130954742432,0.29632505774497986,-1.3004567623138428,-0.18609604239463806,-1.9485595226287842,-0.5432415008544922,-2.4059815406799316,-0.6920552849769592,-3.248300313949585,-0.9265456199645996,-4.13917875289917,-1.2218413352966309,-5.31975793838501,-0.5939204096794128,-6.098933696746826,-0.769813597202301,-5.5934038162231445,-0.27084651589393616,-5.847265243530273,true,CNAII,E3877,0

2026-06-23T16:07:21.652Z,0,0,0,0,0,0,1.2111573219299316,-0.7901332378387451,0.7686596512794495,-0.8634130954742432,0.29632505774497986,-1.3004567623138428,-0.18609604239463806,-1.9485595226287842,-0.5432415008544922,-2.4059815406799316,-0.6920552849769592,-3.248300313949585,-0.9265456199645996,-4.13917875289917,-1.2218413352966309,-5.31975793838501,-0.5939204096794128,-6.098933696746826,-0.769813597202301,-5.5934038162231445,-0.27084651589393616,-5.847265243530273,true,CNAII,E3877,0

2026-06-23T16:08:32.201Z,0,0,0,0,2.0137343406677246,-0.3834993243217468,1.2111573219299316,-0.7901332378387451,0.7686596512794495,-0.8634130954742432,0.29632505774497986,-1.3004567623138428,-0.18609604239463806,-1.9485595226287842,-0.5432415008544922,-2.4059815406799316,-0.6920552849769592,-3.248300313949585,-0.9265456199645996,-4.13917875289917,-1.2218413352966309,-5.31975793838501,-0.5939204096794128,-6.098933696746826,-0.769813597202301,-5.5934038162231445,-0.27084651589393616,-5.847265243530273,true,CNAII,E3877,0

2026-06-23T16:09:41.759Z,0,0,2.168701648712158,-0.016884198412299156,2.0137343406677246,-0.3834993243217468,1.2111573219299316,-0.7901332378387451,0.7686596512794495,-0.8634130954742432,0.29632505774497986,-1.3004567623138428,-0.18609604239463806,-1.9485595226287842,-0.5432415008544922,-2.4059815406799316,-0.6920552849769592,-3.248300313949585,-0.9265456199645996,-4.13917875289917,-1.2218413352966309,-5.31975793838501,-0.5939204096794128,-6.098933696746826,-0.769813597202301,-5.5934038162231445,-0.27084651589393616,-5.847265243530273,true,CNAII,E3877,0

2026-06-23T16:12:13.869Z,1.7258775234222412,-0.07436610013246536,2.168701648712158,-0.016884198412299156,2.0137343406677246,-0.3834993243217468,1.2111573219299316,-0.7901332378387451,0.7686596512794495,-0.8634130954742432,0.29632505774497986,-1.3004567623138428,-0.18609604239463806,-1.9485595226287842,-0.5432415008544922,-2.4059815406799316,-0.6920552849769592,-3.248300313949585,-0.9265456199645996,-4.13917875289917,-1.2218413352966309,-5.31975793838501,-0.5939204096794128,-6.098933696746826,-0.769813597202301,-5.5934038162231445,-0.27084651589393616,-5.847265243530273,true,CNAII,E3877,0

2026-06-23T16:12:17.887Z,1.7258775234222412,-0.07436610013246536,2.168701648712158,-0.016884198412299156,2.0137343406677246,-0.3834993243217468,1.2111573219299316,-0.7901332378387451,0.7686596512794495,-0.8634130954742432,0.29632505774497986,-1.3004567623138428,-0.18609604239463806,-1.9485595226287842,-0.5432415008544922,-2.4059815406799316,-0.6920552849769592,-3.248300313949585,-0.9265456199645996,-4.13917875289917,-1.2218413352966309,-5.31975793838501,-0.5939204096794128,-6.098933696746826,-0.769813597202301,-5.5934038162231445,-0.27084651589393616,-5.847265243530273,true,CNAII,E3877,107.83148193359375

2026-06-23T16:14:54.883Z,1.7258775234222412,-0.07436610013246536,2.168701648712158,-0.016884198412299156,2.0137343406677246,-0.3834993243217468,1.2111573219299316,-0.7901332378387451,0.7686596512794495,-0.8634130954742432,0.29632505774497986,-1.3004567623138428,-0.18609604239463806,-1.9485595226287842,-0.5432415008544922,-2.4059815406799316,-0.6920552849769592,-3.248300313949585,-0.9265456199645996,-4.13917875289917,-1.2218413352966309,-5.31975793838501,-0.5939204096794128,-6.098933696746826,-0.769813597202301,-5.5934038162231445,-0.27084651589393616,-5.847265243530273,false,CNAII,E3877,107.83148193359375

2026-06-23T17:18:58.118Z,0,0,0,0,0,0,0,0,0,0,0,0,0,0,0,0,0,0,0,0,0,0,0,0,0,0,0,0,true,CNAII,E3876,107.83148193359375

2026-06-23T17:19:50.468Z,0,0,0,0,0,0,0,0,0,0,0,0,0,0,0,0,0,0,0,0,0,0,0,0,0,0,-4.597688674926758,-1.139704704284668,true,CNAII,E3876,0

2026-06-23T17:21:35.321Z,0,0,0,0,0,0,0,0,0,0,0,0,0,0,0,0,0,0,0,0,0,0,0,0,-4.791025161743164,-1.5378398895263672,-4.597688674926758,-1.139704704284668,true,CNAII,E3876,0

2026-06-23T17:22:44.881Z,0,0,0,0,0,0,0,0,0,0,0,0,0,0,0,0,0,0,0,0,0,0,-4.693072319030762,-1.5810761451721191,-4.791025161743164,-1.5378398895263672,-4.597688674926758,-1.139704704284668,true,CNAII,E3876,0

2026-06-23T17:23:54.430Z,0,0,0,0,0,0,0,0,0,0,0,0,0,0,0,0,0,0,0,0,-4.842996120452881,-1.1847292184829712,-4.693072319030762,-1.5810761451721191,-4.791025161743164,-1.5378398895263672,-4.597688674926758,-1.139704704284668,true,CNAII,E3876,0

2026-06-23T17:25:05.114Z,0,0,0,0,0,0,0,0,0,0,0,0,0,0,0,0,0,0,-4.369095802307129,-0.8084734678268433,-4.842996120452881,-1.1847292184829712,-4.693072319030762,-1.5810761451721191,-4.791025161743164,-1.5378398895263672,-4.597688674926758,-1.139704704284668,true,CNAII,E3876,0

2026-06-23T17:26:15.645Z,0,0,0,0,0,0,0,0,0,0,0,0,0,0,0,0,-3.8394484519958496,-0.3621773421764374,-4.369095802307129,-0.8084734678268433,-4.842996120452881,-1.1847292184829712,-4.693072319030762,-1.5810761451721191,-4.791025161743164,-1.5378398895263672,-4.597688674926758,-1.139704704284668,true,CNAII,E3876,0

2026-06-23T17:27:26.264Z,0,0,0,0,0,0,0,0,0,0,0,0,0,0,-3.364612579345703,-0.05038971081376076,-3.8394484519958496,-0.3621773421764374,-4.369095802307129,-0.8084734678268433,-4.842996120452881,-1.1847292184829712,-4.693072319030762,-1.5810761451721191,-4.791025161743164,-1.5378398895263672,-4.597688674926758,-1.139704704284668,true,CNAII,E3876,0

2026-06-23T17:28:36.873Z,0,0,0,0,0,0,0,0,0,0,0,0,-2.8464834690093994,0.2893035411834717,-3.364612579345703,-0.05038971081376076,-3.8394484519958496,-0.3621773421764374,-4.369095802307129,-0.8084734678268433,-4.842996120452881,-1.1847292184829712,-4.693072319030762,-1.5810761451721191,-4.791025161743164,-1.5378398895263672,-4.597688674926758,-1.139704704284668,true,CNAII,E3876,0

2026-06-23T17:29:47.448Z,0,0,0,0,0,0,0,0,0,0,-2.265254259109497,0.5706465840339661,-2.8464834690093994,0.2893035411834717,-3.364612579345703,-0.05038971081376076,-3.8394484519958496,-0.3621773421764374,-4.369095802307129,-0.8084734678268433,-4.842996120452881,-1.1847292184829712,-4.693072319030762,-1.5810761451721191,-4.791025161743164,-1.5378398895263672,-4.597688674926758,-1.139704704284668,true,CNAII,E3876,0

2026-06-23T17:30:57.960Z,0,0,0,0,0,0,0,0,-1.2075351476669312,0.7922676205635071,-2.265254259109497,0.5706465840339661,-2.8464834690093994,0.2893035411834717,-3.364612579345703,-0.05038971081376076,-3.8394484519958496,-0.3621773421764374,-4.369095802307129,-0.8084734678268433,-4.842996120452881,-1.1847292184829712,-4.693072319030762,-1.5810761451721191,-4.791025161743164,-1.5378398895263672,-4.597688674926758,-1.139704704284668,true,CNAII,E3876,0

2026-06-23T17:32:08.534Z,0,0,0,0,0,0,-0.9014230966567993,0.6032451391220093,-1.2075351476669312,0.7922676205635071,-2.265254259109497,0.5706465840339661,-2.8464834690093994,0.2893035411834717,-3.364612579345703,-0.05038971081376076,-3.8394484519958496,-0.3621773421764374,-4.369095802307129,-0.8084734678268433,-4.842996120452881,-1.1847292184829712,-4.693072319030762,-1.5810761451721191,-4.791025161743164,-1.5378398895263672,-4.597688674926758,-1.139704704284668,true,CNAII,E3876,0

2026-06-23T17:33:19.140Z,0,0,0,0,-0.1503012329339981,0.6603625416755676,-0.9014230966567993,0.6032451391220093,-1.2075351476669312,0.7922676205635071,-2.265254259109497,0.5706465840339661,-2.8464834690093994,0.2893035411834717,-3.364612579345703,-0.05038971081376076,-3.8394484519958496,-0.3621773421764374,-4.369095802307129,-0.8084734678268433,-4.842996120452881,-1.1847292184829712,-4.693072319030762,-1.5810761451721191,-4.791025161743164,-1.5378398895263672,-4.597688674926758,-1.139704704284668,true,CNAII,E3876,0

2026-06-23T17:34:29.666Z,0,0,0.448835551738739,0.7476790547370911,-0.1503012329339981,0.6603625416755676,-0.9014230966567993,0.6032451391220093,-1.2075351476669312,0.7922676205635071,-2.265254259109497,0.5706465840339661,-2.8464834690093994,0.2893035411834717,-3.364612579345703,-0.05038971081376076,-3.8394484519958496,-0.3621773421764374,-4.369095802307129,-0.8084734678268433,-4.842996120452881,-1.1847292184829712,-4.693072319030762,-1.5810761451721191,-4.791025161743164,-1.5378398895263672,-4.597688674926758,-1.139704704284668,true,CNAII,E3876,0

2026-06-23T17:37:00.753Z,1.0575919151306152,1.1895607709884644,0.448835551738739,0.7476790547370911,-0.1503012329339981,0.6603625416755676,-0.9014230966567993,0.6032451391220093,-1.2075351476669312,0.7922676205635071,-2.265254259109497,0.5706465840339661,-2.8464834690093994,0.2893035411834717,-3.364612579345703,-0.05038971081376076,-3.8394484519958496,-0.3621773421764374,-4.369095802307129,-0.8084734678268433,-4.842996120452881,-1.1847292184829712,-4.693072319030762,-1.5810761451721191,-4.791025161743164,-1.5378398895263672,-4.597688674926758,-1.139704704284668,true,CNAII,E3876,0

2026-06-23T17:37:04.783Z,1.0575919151306152,1.1895607709884644,0.448835551738739,0.7476790547370911,-0.1503012329339981,0.6603625416755676,-0.9014230966567993,0.6032451391220093,-1.2075351476669312,0.7922676205635071,-2.265254259109497,0.5706465840339661,-2.8464834690093994,0.2893035411834717,-3.364612579345703,-0.05038971081376076,-3.8394484519958496,-0.3621773421764374,-4.369095802307129,-0.8084734678268433,-4.842996120452881,-1.1847292184829712,-4.693072319030762,-1.5810761451721191,-4.791025161743164,-1.5378398895263672,-4.597688674926758,-1.139704704284668,true,CNAII,E3876,107.85271453857422

2026-06-23T17:37:05.773Z,1.0575919151306152,1.1895607709884644,0.448835551738739,0.7476790547370911,-0.1503012329339981,0.6603625416755676,-0.9014230966567993,0.6032451391220093,-1.2075351476669312,0.7922676205635071,-2.265254259109497,0.5706465840339661,-2.8464834690093994,0.2893035411834717,-3.364612579345703,-0.05038971081376076,-3.8394484519958496,-0.3621773421764374,-4.369095802307129,-0.8084734678268433,-4.842996120452881,-1.1847292184829712,-4.693072319030762,-1.5810761451721191,-4.791025161743164,-1.5378398895263672,-4.597688674926758,-1.139704704284668,true,CNAII,E3876,107.85974884033203

2026-06-23T17:39:41.772Z,1.0575919151306152,1.1895607709884644,0.448835551738739,0.7476790547370911,-0.1503012329339981,0.6603625416755676,-0.9014230966567993,0.6032451391220093,-1.2075351476669312,0.7922676205635071,-2.265254259109497,0.5706465840339661,-2.8464834690093994,0.2893035411834717,-3.364612579345703,-0.05038971081376076,-3.8394484519958496,-0.3621773421764374,-4.369095802307129,-0.8084734678268433,-4.842996120452881,-1.1847292184829712,-4.693072319030762,-1.5810761451721191,-4.791025161743164,-1.5378398895263672,-4.597688674926758,-1.139704704284668,false,CNAII,E3876,107.85974884033203

2026-06-23T18:42:46.168Z,0,0,0,0,0,0,0,0,0,0,0,0,0,0,0,0,0,0,0,0,0,0,0,0,0,0,0,0,true,CNAII,E3879,107.85974884033203

2026-06-23T18:43:38.549Z,0,0,0,0,0,0,0,0,0,0,0,0,0,0,0,0,0,0,0,0,0,0,0,0,0,0,-1.8872617483139038,0.5396327972412109,true,CNAII,E3879,0

2026-06-23T18:45:22.408Z,0,0,0,0,0,0,0,0,0,0,0,0,0,0,0,0,0,0,0,0,0,0,0,0,-2.294517993927002,0.08400169759988785,-1.8872617483139038,0.5396327972412109,true,CNAII,E3879,0

2026-06-23T18:45:23.405Z,0,0,0,0,0,0,0,0,0,0,0,0,0,0,0,0,0,0,0,0,0,0,0,0,-2.372164249420166,0.11285178363323212,-1.8872617483139038,0.5396327972412109,true,CNAII,E3879,0

2026-06-23T18:46:32.011Z,0,0,0,0,0,0,0,0,0,0,0,0,0,0,0,0,0,0,0,0,0,0,-2.515362501144409,-0.16525720059871674,-2.372164249420166,0.11285178363323212,-1.8872617483139038,0.5396327972412109,true,CNAII,E3879,0

2026-06-23T18:47:42.626Z,0,0,0,0,0,0,0,0,0,0,0,0,0,0,0,0,0,0,0,0,-2.697539806365967,-0.4148111045360565,-2.515362501144409,-0.16525720059871674,-2.372164249420166,0.11285178363323212,-1.8872617483139038,0.5396327972412109,true,CNAII,E3879,0

2026-06-23T18:48:53.162Z,0,0,0,0,0,0,0,0,0,0,0,0,0,0,0,0,0,0,-2.366652250289917,-0.3816973865032196,-2.697539806365967,-0.4148111045360565,-2.515362501144409,-0.16525720059871674,-2.372164249420166,0.11285178363323212,-1.8872617483139038,0.5396327972412109,true,CNAII,E3879,0

2026-06-23T18:50:03.665Z,0,0,0,0,0,0,0,0,0,0,0,0,0,0,0,0,-1.9134366512298584,-0.5133969187736511,-2.366652250289917,-0.3816973865032196,-2.697539806365967,-0.4148111045360565,-2.515362501144409,-0.16525720059871674,-2.372164249420166,0.11285178363323212,-1.8872617483139038,0.5396327972412109,true,CNAII,E3879,0

2026-06-23T18:51:13.287Z,0,0,0,0,0,0,0,0,0,0,0,0,0,0,-1.5993791818618774,-1.0415760278701782,-1.9134366512298584,-0.5133969187736511,-2.366652250289917,-0.3816973865032196,-2.697539806365967,-0.4148111045360565,-2.515362501144409,-0.16525720059871674,-2.372164249420166,0.11285178363323212,-1.8872617483139038,0.5396327972412109,true,CNAII,E3879,0

2026-06-23T18:52:24.809Z,0,0,0,0,0,0,0,0,0,0,0,0,-1.100738525390625,-1.2825449705123901,-1.5993791818618774,-1.0415760278701782,-1.9134366512298584,-0.5133969187736511,-2.366652250289917,-0.3816973865032196,-2.697539806365967,-0.4148111045360565,-2.515362501144409,-0.16525720059871674,-2.372164249420166,0.11285178363323212,-1.8872617483139038,0.5396327972412109,true,CNAII,E3879,0

2026-06-23T18:53:35.401Z,0,0,0,0,0,0,0,0,0,0,-0.7115321755409241,-1.5641499757766724,-1.100738525390625,-1.2825449705123901,-1.5993791818618774,-1.0415760278701782,-1.9134366512298584,-0.5133969187736511,-2.366652250289917,-0.3816973865032196,-2.697539806365967,-0.4148111045360565,-2.515362501144409,-0.16525720059871674,-2.372164249420166,0.11285178363323212,-1.8872617483139038,0.5396327972412109,true,CNAII,E3879,0

2026-06-23T18:54:44.945Z,0,0,0,0,0,0,0,0,-0.16753065586090088,-1.8798598051071167,-0.7115321755409241,-1.5641499757766724,-1.100738525390625,-1.2825449705123901,-1.5993791818618774,-1.0415760278701782,-1.9134366512298584,-0.5133969187736511,-2.366652250289917,-0.3816973865032196,-2.697539806365967,-0.4148111045360565,-2.515362501144409,-0.16525720059871674,-2.372164249420166,0.11285178363323212,-1.8872617483139038,0.5396327972412109,true,CNAII,E3879,0

2026-06-23T18:55:55.464Z,0,0,0,0,0,0,0.3348160982131958,-1.802435278892517,-0.16753065586090088,-1.8798598051071167,-0.7115321755409241,-1.5641499757766724,-1.100738525390625,-1.2825449705123901,-1.5993791818618774,-1.0415760278701782,-1.9134366512298584,-0.5133969187736511,-2.366652250289917,-0.3816973865032196,-2.697539806365967,-0.4148111045360565,-2.515362501144409,-0.16525720059871674,-2.372164249420166,0.11285178363323212,-1.8872617483139038,0.5396327972412109,true,CNAII,E3879,0

2026-06-23T18:57:06.012Z,0,0,0,0,1.1319152116775513,-1.3956663608551025,0.3348160982131958,-1.802435278892517,-0.16753065586090088,-1.8798598051071167,-0.7115321755409241,-1.5641499757766724,-1.100738525390625,-1.2825449705123901,-1.5993791818618774,-1.0415760278701782,-1.9134366512298584,-0.5133969187736511,-2.366652250289917,-0.3816973865032196,-2.697539806365967,-0.4148111045360565,-2.515362501144409,-0.16525720059871674,-2.372164249420166,0.11285178363323212,-1.8872617483139038,0.5396327972412109,true,CNAII,E3879,0

2026-06-23T18:58:16.568Z,0,0,1.217189908027649,-1.0884883403778076,1.1319152116775513,-1.3956663608551025,0.3348160982131958,-1.802435278892517,-0.16753065586090088,-1.8798598051071167,-0.7115321755409241,-1.5641499757766724,-1.100738525390625,-1.2825449705123901,-1.5993791818618774,-1.0415760278701782,-1.9134366512298584,-0.5133969187736511,-2.366652250289917,-0.3816973865032196,-2.697539806365967,-0.4148111045360565,-2.515362501144409,-0.16525720059871674,-2.372164249420166,0.11285178363323212,-1.8872617483139038,0.5396327972412109,true,CNAII,E3879,0

2026-06-23T19:00:47.767Z,1.2547978162765503,-0.3004533350467682,1.217189908027649,-1.0884883403778076,1.1319152116775513,-1.3956663608551025,0.3348160982131958,-1.802435278892517,-0.16753065586090088,-1.8798598051071167,-0.7115321755409241,-1.5641499757766724,-1.100738525390625,-1.2825449705123901,-1.5993791818618774,-1.0415760278701782,-1.9134366512298584,-0.5133969187736511,-2.366652250289917,-0.3816973865032196,-2.697539806365967,-0.4148111045360565,-2.515362501144409,-0.16525720059871674,-2.372164249420166,0.11285178363323212,-1.8872617483139038,0.5396327972412109,true,CNAII,E3879,0

2026-06-23T19:00:52.800Z,1.2547978162765503,-0.3004533350467682,1.217189908027649,-1.0884883403778076,1.1319152116775513,-1.3956663608551025,0.3348160982131958,-1.802435278892517,-0.16753065586090088,-1.8798598051071167,-0.7115321755409241,-1.5641499757766724,-1.100738525390625,-1.2825449705123901,-1.5993791818618774,-1.0415760278701782,-1.9134366512298584,-0.5133969187736511,-2.366652250289917,-0.3816973865032196,-2.697539806365967,-0.4148111045360565,-2.515362501144409,-0.16525720059871674,-2.372164249420166,0.11285178363323212,-1.8872617483139038,0.5396327972412109,true,CNAII,E3879,107.8910140991211

2026-06-23T19:03:28.937Z,1.2547978162765503,-0.3004533350467682,1.217189908027649,-1.0884883403778076,1.1319152116775513,-1.3956663608551025,0.3348160982131958,-1.802435278892517,-0.16753065586090088,-1.8798598051071167,-0.7115321755409241,-1.5641499757766724,-1.100738525390625,-1.2825449705123901,-1.5993791818618774,-1.0415760278701782,-1.9134366512298584,-0.5133969187736511,-2.366652250289917,-0.3816973865032196,-2.697539806365967,-0.4148111045360565,-2.515362501144409,-0.16525720059871674,-2.372164249420166,0.11285178363323212,-1.8872617483139038,0.5396327972412109,false,CNAII,E3879,107.8910140991211

2026-06-23T21:08:07.414Z,0,0,0,0,0,0,0,0,0,0,0,0,0,0,0,0,0,0,0,0,0,0,0,0,0,0,0,0,true,CNAII,E3878,107.8910140991211

2026-06-23T21:09:00.648Z,0,0,0,0,0,0,0,0,0,0,0,0,0,0,0,0,0,0,0,0,0,0,0,0,0,0,2.1283044815063477,0.7336243987083435,true,CNAII,E3878,0

2026-06-23T21:10:45.485Z,0,0,0,0,0,0,0,0,0,0,0,0,0,0,0,0,0,0,0,0,0,0,0,0,2.4044623374938965,0.7378325462341309,2.1283044815063477,0.7336243987083435,true,CNAII,E3878,0

2026-06-23T21:11:55.063Z,0,0,0,0,0,0,0,0,0,0,0,0,0,0,0,0,0,0,0,0,0,0,1.3937487602233887,0.16702541708946228,2.4044623374938965,0.7378325462341309,2.1283044815063477,0.7336243987083435,true,CNAII,E3878,0

2026-06-23T21:13:04.615Z,0,0,0,0,0,0,0,0,0,0,0,0,0,0,0,0,0,0,0,0,0.6476784348487854,0.19493716955184937,1.3937487602233887,0.16702541708946228,2.4044623374938965,0.7378325462341309,2.1283044815063477,0.7336243987083435,true,CNAII,E3878,0

2026-06-23T21:14:15.181Z,0,0,0,0,0,0,0,0,0,0,0,0,0,0,0,0,0,0,0.6009767055511475,0.34678393602371216,0.6476784348487854,0.19493716955184937,1.3937487602233887,0.16702541708946228,2.4044623374938965,0.7378325462341309,2.1283044815063477,0.7336243987083435,true,CNAII,E3878,0

2026-06-23T21:15:25.748Z,0,0,0,0,0,0,0,0,0,0,0,0,0,0,0,0,0.23215173184871674,0.23016765713691711,0.6009767055511475,0.34678393602371216,0.6476784348487854,0.19493716955184937,1.3937487602233887,0.16702541708946228,2.4044623374938965,0.7378325462341309,2.1283044815063477,0.7336243987083435,true,CNAII,E3878,0

2026-06-23T21:16:36.390Z,0,0,0,0,0,0,0,0,0,0,0,0,0,0,0.24425926804542542,0.24557629227638245,0.23215173184871674,0.23016765713691711,0.6009767055511475,0.34678393602371216,0.6476784348487854,0.19493716955184937,1.3937487602233887,0.16702541708946228,2.4044623374938965,0.7378325462341309,2.1283044815063477,0.7336243987083435,true,CNAII,E3878,0

2026-06-23T21:17:46.934Z,0,0,0,0,0,0,0,0,0,0,0,0,0.0686013475060463,0.33748769760131836,0.24425926804542542,0.24557629227638245,0.23215173184871674,0.23016765713691711,0.6009767055511475,0.34678393602371216,0.6476784348487854,0.19493716955184937,1.3937487602233887,0.16702541708946228,2.4044623374938965,0.7378325462341309,2.1283044815063477,0.7336243987083435,true,CNAII,E3878,0

2026-06-23T21:18:57.537Z,0,0,0,0,0,0,0,0,0,0,-0.10552320629358292,-0.03558288514614105,0.0686013475060463,0.33748769760131836,0.24425926804542542,0.24557629227638245,0.23215173184871674,0.23016765713691711,0.6009767055511475,0.34678393602371216,0.6476784348487854,0.19493716955184937,1.3937487602233887,0.16702541708946228,2.4044623374938965,0.7378325462341309,2.1283044815063477,0.7336243987083435,true,CNAII,E3878,0

2026-06-23T21:20:08.155Z,0,0,0,0,0,0,0,0,-0.1989683210849762,-0.15992791950702667,-0.10552320629358292,-0.03558288514614105,0.0686013475060463,0.33748769760131836,0.24425926804542542,0.24557629227638245,0.23215173184871674,0.23016765713691711,0.6009767055511475,0.34678393602371216,0.6476784348487854,0.19493716955184937,1.3937487602233887,0.16702541708946228,2.4044623374938965,0.7378325462341309,2.1283044815063477,0.7336243987083435,true,CNAII,E3878,0

2026-06-23T21:21:18.738Z,0,0,0,0,0,0,-0.21886856853961945,-0.30707061290740967,-0.1989683210849762,-0.15992791950702667,-0.10552320629358292,-0.03558288514614105,0.0686013475060463,0.33748769760131836,0.24425926804542542,0.24557629227638245,0.23215173184871674,0.23016765713691711,0.6009767055511475,0.34678393602371216,0.6476784348487854,0.19493716955184937,1.3937487602233887,0.16702541708946228,2.4044623374938965,0.7378325462341309,2.1283044815063477,0.7336243987083435,true,CNAII,E3878,0

2026-06-23T21:22:29.297Z,0,0,0,0,0.08240131288766861,-0.25876879692077637,-0.21886856853961945,-0.30707061290740967,-0.1989683210849762,-0.15992791950702667,-0.10552320629358292,-0.03558288514614105,0.0686013475060463,0.33748769760131836,0.24425926804542542,0.24557629227638245,0.23215173184871674,0.23016765713691711,0.6009767055511475,0.34678393602371216,0.6476784348487854,0.19493716955184937,1.3937487602233887,0.16702541708946228,2.4044623374938965,0.7378325462341309,2.1283044815063477,0.7336243987083435,true,CNAII,E3878,0

2026-06-23T21:23:38.937Z,0,0,0.04287347197532654,-0.0808219164609909,0.08240131288766861,-0.25876879692077637,-0.21886856853961945,-0.30707061290740967,-0.1989683210849762,-0.15992791950702667,-0.10552320629358292,-0.03558288514614105,0.0686013475060463,0.33748769760131836,0.24425926804542542,0.24557629227638245,0.23215173184871674,0.23016765713691711,0.6009767055511475,0.34678393602371216,0.6476784348487854,0.19493716955184937,1.3937487602233887,0.16702541708946228,2.4044623374938965,0.7378325462341309,2.1283044815063477,0.7336243987083435,true,CNAII,E3878,0

2026-06-23T21:26:11.190Z,0.6420142650604248,-0.05524812638759613,0.04287347197532654,-0.0808219164609909,0.08240131288766861,-0.25876879692077637,-0.21886856853961945,-0.30707061290740967,-0.1989683210849762,-0.15992791950702667,-0.10552320629358292,-0.03558288514614105,0.0686013475060463,0.33748769760131836,0.24425926804542542,0.24557629227638245,0.23215173184871674,0.23016765713691711,0.6009767055511475,0.34678393602371216,0.6476784348487854,0.19493716955184937,1.3937487602233887,0.16702541708946228,2.4044623374938965,0.7378325462341309,2.1283044815063477,0.7336243987083435,true,CNAII,E3878,0

2026-06-23T21:26:15.183Z,0.6420142650604248,-0.05524812638759613,0.04287347197532654,-0.0808219164609909,0.08240131288766861,-0.25876879692077637,-0.21886856853961945,-0.30707061290740967,-0.1989683210849762,-0.15992791950702667,-0.10552320629358292,-0.03558288514614105,0.0686013475060463,0.33748769760131836,0.24425926804542542,0.24557629227638245,0.23215173184871674,0.23016765713691711,0.6009767055511475,0.34678393602371216,0.6476784348487854,0.19493716955184937,1.3937487602233887,0.16702541708946228,2.4044623374938965,0.7378325462341309,2.1283044815063477,0.7336243987083435,true,CNAII,E3878,107.84449005126953

2026-06-23T21:28:52.190Z,0.6420142650604248,-0.05524812638759613,0.04287347197532654,-0.0808219164609909,0.08240131288766861,-0.25876879692077637,-0.21886856853961945,-0.30707061290740967,-0.1989683210849762,-0.15992791950702667,-0.10552320629358292,-0.03558288514614105,0.0686013475060463,0.33748769760131836,0.24425926804542542,0.24557629227638245,0.23215173184871674,0.23016765713691711,0.6009767055511475,0.34678393602371216,0.6476784348487854,0.19493716955184937,1.3937487602233887,0.16702541708946228,2.4044623374938965,0.7378325462341309,2.1283044815063477,0.7336243987083435,false,CNAII,E3878,107.84449005126953

2026-06-24T12:51:29.455Z,0.6420142650604248,-0.05524812638759613,0.04287347197532654,-0.0808219164609909,0.08240131288766861,-0.25876879692077637,-0.21886856853961945,-0.30707061290740967,-0.1989683210849762,-0.15992791950702667,-0.10552320629358292,-0.03558288514614105,0.0686013475060463,0.33748769760131836,0.24425926804542542,0.24557629227638245,0.23215173184871674,0.23016765713691711,0.6009767055511475,0.34678393602371216,0.6476784348487854,0.19493716955184937,1.3937487602233887,0.16702541708946228,2.4044623374938965,0.7378325462341309,2.1283044815063477,0.7336243987083435,false,CNAII,E3878,107.84449005126953

2026-06-24T14:38:45.296Z,0,0,0,0,0,0,0,0,0,0,0,0,0,0,0,0,0,0,0,0,0,0,0,0,0,0,0,0,true,CNAII,E3880,107.84449005126953

2026-06-24T14:39:38.641Z,0,0,0,0,0,0,0,0,0,0,0,0,0,0,0,0,0,0,0,0,0,0,0,0,0,0,3.4146597385406494,-1.4316223859786987,true,CNAII,E3880,0

2026-06-24T14:41:22.382Z,0,0,0,0,0,0,0,0,0,0,0,0,0,0,0,0,0,0,0,0,0,0,0,0,2.758455276489258,-1.4606364965438843,3.4146597385406494,-1.4316223859786987,true,CNAII,E3880,0

2026-06-24T14:42:31.799Z,0,0,0,0,0,0,0,0,0,0,0,0,0,0,0,0,0,0,0,0,0,0,2.067256450653076,-1.169458270072937,2.758455276489258,-1.4606364965438843,3.4146597385406494,-1.4316223859786987,true,CNAII,E3880,0

2026-06-24T15:20:19.531Z,-0.266995370388031,0.8358700275421143,-1.239898443222046,1.264214277267456,-1.6413027048110962,1.1418875455856323,-1.8252090215682983,0.9334158897399902,-1.6774332523345947,0.9294126629829407,-1.6519415378570557,0.5168883204460144,-1.1377975940704346,-0.024910958483815193,-0.9426760673522949,-0.2594153881072998,-0.11357353627681732,-0.46320071816444397,0.3429705798625946,-0.7100046277046204,0.9739172458648682,-0.9959671497344971,2.067256450653076,-1.169458270072937,2.758455276489258,-1.4606364965438843,3.4146597385406494,-1.4316223859786987,false,CNAII,E3880,107.8805923461914

2026-06-24T15:25:39.761Z,-0.266995370388031,0.8358700275421143,-1.239898443222046,1.264214277267456,-1.6413027048110962,1.1418875455856323,-1.8252090215682983,0.9334158897399902,-1.6774332523345947,0.9294126629829407,-1.6519415378570557,0.5168883204460144,-1.1377975940704346,-0.024910958483815193,-0.9426760673522949,-0.2594153881072998,-0.11357353627681732,-0.46320071816444397,0.3429705798625946,-0.7100046277046204,0.9739172458648682,-0.9959671497344971,2.067256450653076,-1.169458270072937,2.758455276489258,-1.4606364965438843,3.4146597385406494,-1.4316223859786987,false,CNAII,E3880,107.8805923461914

2026-06-24T15:44:49.586Z,0,0,0,0,0,0,0,0,0,0,0,0,0,0,0,0,0,0,0,0,0,0,0,0,0,0,0,0,true,CNAIIR1,E3880,107.8805923461914

2026-06-24T15:45:42.963Z,0,0,0,0,0,0,0,0,0,0,0,0,0,0,0,0,0,0,0,0,0,0,0,0,0,0,3.2447879314422607,-1.4470733404159546,true,CNAIIR1,E3880,0

2026-06-24T15:47:26.608Z,0,0,0,0,0,0,0,0,0,0,0,0,0,0,0,0,0,0,0,0,0,0,0,0,2.8352301120758057,-1.0844435691833496,3.2447879314422607,-1.4470733404159546,true,CNAIIR1,E3880,0

2026-06-24T15:48:36.176Z,0,0,0,0,0,0,0,0,0,0,0,0,0,0,0,0,0,0,0,0,0,0,1.7370338439941406,-1.132473349571228,2.8352301120758057,-1.0844435691833496,3.2447879314422607,-1.4470733404159546,true,CNAIIR1,E3880,0

2026-06-24T15:49:45.610Z,0,0,0,0,0,0,0,0,0,0,0,0,0,0,0,0,0,0,0,0,0.9897938370704651,-0.91701340675354,1.7370338439941406,-1.132473349571228,2.8352301120758057,-1.0844435691833496,3.2447879314422607,-1.4470733404159546,true,CNAIIR1,E3880,0

2026-06-24T15:50:56.165Z,0,0,0,0,0,0,0,0,0,0,0,0,0,0,0,0,0,0,0.41007596254348755,-0.5193870067596436,0.9897938370704651,-0.91701340675354,1.7370338439941406,-1.132473349571228,2.8352301120758057,-1.0844435691833496,3.2447879314422607,-1.4470733404159546,true,CNAIIR1,E3880,0

2026-06-24T15:52:06.606Z,0,0,0,0,0,0,0,0,0,0,0,0,0,0,0,0,-0.18023575842380524,-0.323636919260025,0.41007596254348755,-0.5193870067596436,0.9897938370704651,-0.91701340675354,1.7370338439941406,-1.132473349571228,2.8352301120758057,-1.0844435691833496,3.2447879314422607,-1.4470733404159546,true,CNAIIR1,E3880,0

2026-06-24T15:53:17.113Z,0,0,0,0,0,0,0,0,0,0,0,0,0,0,-1.0608998537063599,-0.32490476965904236,-0.18023575842380524,-0.323636919260025,0.41007596254348755,-0.5193870067596436,0.9897938370704651,-0.91701340675354,1.7370338439941406,-1.132473349571228,2.8352301120758057,-1.0844435691833496,3.2447879314422607,-1.4470733404159546,true,CNAIIR1,E3880,0

2026-06-24T15:54:27.647Z,0,0,0,0,0,0,0,0,0,0,0,0,-1.2256886959075928,0.06213048845529556,-1.0608998537063599,-0.32490476965904236,-0.18023575842380524,-0.323636919260025,0.41007596254348755,-0.5193870067596436,0.9897938370704651,-0.91701340675354,1.7370338439941406,-1.132473349571228,2.8352301120758057,-1.0844435691833496,3.2447879314422607,-1.4470733404159546,true,CNAIIR1,E3880,0

2026-06-24T15:55:38.221Z,0,0,0,0,0,0,0,0,0,0,-1.6011245250701904,0.5504997372627258,-1.2256886959075928,0.06213048845529556,-1.0608998537063599,-0.32490476965904236,-0.18023575842380524,-0.323636919260025,0.41007596254348755,-0.5193870067596436,0.9897938370704651,-0.91701340675354,1.7370338439941406,-1.132473349571228,2.8352301120758057,-1.0844435691833496,3.2447879314422607,-1.4470733404159546,true,CNAIIR1,E3880,0

2026-06-24T15:56:48.764Z,0,0,0,0,0,0,0,0,-1.6376861333847046,0.9668965935707092,-1.6011245250701904,0.5504997372627258,-1.2256886959075928,0.06213048845529556,-1.0608998537063599,-0.32490476965904236,-0.18023575842380524,-0.323636919260025,0.41007596254348755,-0.5193870067596436,0.9897938370704651,-0.91701340675354,1.7370338439941406,-1.132473349571228,2.8352301120758057,-1.0844435691833496,3.2447879314422607,-1.4470733404159546,true,CNAIIR1,E3880,0

2026-06-24T15:57:59.128Z,0,0,0,0,0,0,-1.826900839805603,0.9534410238265991,-1.6376861333847046,0.9668965935707092,-1.6011245250701904,0.5504997372627258,-1.2256886959075928,0.06213048845529556,-1.0608998537063599,-0.32490476965904236,-0.18023575842380524,-0.323636919260025,0.41007596254348755,-0.5193870067596436,0.9897938370704651,-0.91701340675354,1.7370338439941406,-1.132473349571228,2.8352301120758057,-1.0844435691833496,3.2447879314422607,-1.4470733404159546,true,CNAIIR1,E3880,0

2026-06-24T15:59:09.466Z,0,0,0,0,-1.623297095298767,1.1482840776443481,-1.826900839805603,0.9534410238265991,-1.6376861333847046,0.9668965935707092,-1.6011245250701904,0.5504997372627258,-1.2256886959075928,0.06213048845529556,-1.0608998537063599,-0.32490476965904236,-0.18023575842380524,-0.323636919260025,0.41007596254348755,-0.5193870067596436,0.9897938370704651,-0.91701340675354,1.7370338439941406,-1.132473349571228,2.8352301120758057,-1.0844435691833496,3.2447879314422607,-1.4470733404159546,true,CNAIIR1,E3880,0

2026-06-24T16:00:21.002Z,0,0,-1.2594877481460571,1.232146143913269,-1.623297095298767,1.1482840776443481,-1.826900839805603,0.9534410238265991,-1.6376861333847046,0.9668965935707092,-1.6011245250701904,0.5504997372627258,-1.2256886959075928,0.06213048845529556,-1.0608998537063599,-0.32490476965904236,-0.18023575842380524,-0.323636919260025,0.41007596254348755,-0.5193870067596436,0.9897938370704651,-0.91701340675354,1.7370338439941406,-1.132473349571228,2.8352301120758057,-1.0844435691833496,3.2447879314422607,-1.4470733404159546,true,CNAIIR1,E3880,0

2026-06-24T16:02:52.148Z,-0.27940988540649414,0.8441205024719238,-1.2594877481460571,1.232146143913269,-1.623297095298767,1.1482840776443481,-1.826900839805603,0.9534410238265991,-1.6376861333847046,0.9668965935707092,-1.6011245250701904,0.5504997372627258,-1.2256886959075928,0.06213048845529556,-1.0608998537063599,-0.32490476965904236,-0.18023575842380524,-0.323636919260025,0.41007596254348755,-0.5193870067596436,0.9897938370704651,-0.91701340675354,1.7370338439941406,-1.132473349571228,2.8352301120758057,-1.0844435691833496,3.2447879314422607,-1.4470733404159546,true,CNAIIR1,E3880,0

2026-06-24T16:02:56.178Z,-0.27940988540649414,0.8441205024719238,-1.2594877481460571,1.232146143913269,-1.623297095298767,1.1482840776443481,-1.826900839805603,0.9534410238265991,-1.6376861333847046,0.9668965935707092,-1.6011245250701904,0.5504997372627258,-1.2256886959075928,0.06213048845529556,-1.0608998537063599,-0.32490476965904236,-0.18023575842380524,-0.323636919260025,0.41007596254348755,-0.5193870067596436,0.9897938370704651,-0.91701340675354,1.7370338439941406,-1.132473349571228,2.8352301120758057,-1.0844435691833496,3.2447879314422607,-1.4470733404159546,true,CNAIIR1,E3880,107.86126708984375

2026-06-24T16:02:57.181Z,-0.27940988540649414,0.8441205024719238,-1.2594877481460571,1.232146143913269,-1.623297095298767,1.1482840776443481,-1.826900839805603,0.9534410238265991,-1.6376861333847046,0.9668965935707092,-1.6011245250701904,0.5504997372627258,-1.2256886959075928,0.06213048845529556,-1.0608998537063599,-0.32490476965904236,-0.18023575842380524,-0.323636919260025,0.41007596254348755,-0.5193870067596436,0.9897938370704651,-0.91701340675354,1.7370338439941406,-1.132473349571228,2.8352301120758057,-1.0844435691833496,3.2447879314422607,-1.4470733404159546,true,CNAIIR1,E3880,107.86360931396484

2026-06-24T16:05:33.288Z,-0.27940988540649414,0.8441205024719238,-1.2594877481460571,1.232146143913269,-1.623297095298767,1.1482840776443481,-1.826900839805603,0.9534410238265991,-1.6376861333847046,0.9668965935707092,-1.6011245250701904,0.5504997372627258,-1.2256886959075928,0.06213048845529556,-1.0608998537063599,-0.32490476965904236,-0.18023575842380524,-0.323636919260025,0.41007596254348755,-0.5193870067596436,0.9897938370704651,-0.91701340675354,1.7370338439941406,-1.132473349571228,2.8352301120758057,-1.0844435691833496,3.2447879314422607,-1.4470733404159546,false,CNAIIR1,E3880,107.86360931396484

2026-06-24T17:35:38.319Z,0,0,0,0,0,0,0,0,0,0,0,0,0,0,0,0,0,0,0,0,0,0,0,0,0,0,0,0,true,CNAII,E3882,107.86360931396484

2026-06-24T17:36:31.674Z,0,0,0,0,0,0,0,0,0,0,0,0,0,0,0,0,0,0,0,0,0,0,0,0,0,0,-0.08740782737731934,2.1172196865081787,true,CNAII,E3882,0

2026-06-24T17:38:16.407Z,0,0,0,0,0,0,0,0,0,0,0,0,0,0,0,0,0,0,0,0,0,0,0,0,-0.3933906853199005,1.858416199684143,-0.08740782737731934,2.1172196865081787,true,CNAII,E3882,0

2026-06-24T17:39:25.950Z,0,0,0,0,0,0,0,0,0,0,0,0,0,0,0,0,0,0,0,0,0,0,-0.6945369243621826,2.0365853309631348,-0.3933906853199005,1.858416199684143,-0.08740782737731934,2.1172196865081787,true,CNAII,E3882,0

2026-06-24T17:40:35.481Z,0,0,0,0,0,0,0,0,0,0,0,0,0,0,0,0,0,0,0,0,-1.2669286727905273,1.8366442918777466,-0.6945369243621826,2.0365853309631348,-0.3933906853199005,1.858416199684143,-0.08740782737731934,2.1172196865081787,true,CNAII,E3882,0

2026-06-24T17:41:45.988Z,0,0,0,0,0,0,0,0,0,0,0,0,0,0,0,0,0,0,-1.288865327835083,1.9090344905853271,-1.2669286727905273,1.8366442918777466,-0.6945369243621826,2.0365853309631348,-0.3933906853199005,1.858416199684143,-0.08740782737731934,2.1172196865081787,true,CNAII,E3882,0

2026-06-24T17:42:56.557Z,0,0,0,0,0,0,0,0,0,0,0,0,0,0,0,0,-1.0480045080184937,2.1164393424987793,-1.288865327835083,1.9090344905853271,-1.2669286727905273,1.8366442918777466,-0.6945369243621826,2.0365853309631348,-0.3933906853199005,1.858416199684143,-0.08740782737731934,2.1172196865081787,true,CNAII,E3882,0

2026-06-24T17:44:08.011Z,0,0,0,0,0,0,0,0,0,0,0,0,0,0,-0.8569770455360413,1.8790075778961182,-1.0480045080184937,2.1164393424987793,-1.288865327835083,1.9090344905853271,-1.2669286727905273,1.8366442918777466,-0.6945369243621826,2.0365853309631348,-0.3933906853199005,1.858416199684143,-0.08740782737731934,2.1172196865081787,true,CNAII,E3882,0

2026-06-24T17:45:18.589Z,0,0,0,0,0,0,0,0,0,0,0,0,-0.5494276881217957,2.1232287883758545,-0.8569770455360413,1.8790075778961182,-1.0480045080184937,2.1164393424987793,-1.288865327835083,1.9090344905853271,-1.2669286727905273,1.8366442918777466,-0.6945369243621826,2.0365853309631348,-0.3933906853199005,1.858416199684143,-0.08740782737731934,2.1172196865081787,true,CNAII,E3882,0

2026-06-24T17:46:29.088Z,0,0,0,0,0,0,0,0,0,0,-0.05083506554365158,2.0398359298706055,-0.5494276881217957,2.1232287883758545,-0.8569770455360413,1.8790075778961182,-1.0480045080184937,2.1164393424987793,-1.288865327835083,1.9090344905853271,-1.2669286727905273,1.8366442918777466,-0.6945369243621826,2.0365853309631348,-0.3933906853199005,1.858416199684143,-0.08740782737731934,2.1172196865081787,true,CNAII,E3882,0

2026-06-24T17:47:39.572Z,0,0,0,0,0,0,0,0,0.4071686267852783,2.0984044075012207,-0.05083506554365158,2.0398359298706055,-0.5494276881217957,2.1232287883758545,-0.8569770455360413,1.8790075778961182,-1.0480045080184937,2.1164393424987793,-1.288865327835083,1.9090344905853271,-1.2669286727905273,1.8366442918777466,-0.6945369243621826,2.0365853309631348,-0.3933906853199005,1.858416199684143,-0.08740782737731934,2.1172196865081787,true,CNAII,E3882,0

2026-06-24T17:48:51.053Z,0,0,0,0,0,0,0.8421170115470886,1.689767599105835,0.4071686267852783,2.0984044075012207,-0.05083506554365158,2.0398359298706055,-0.5494276881217957,2.1232287883758545,-0.8569770455360413,1.8790075778961182,-1.0480045080184937,2.1164393424987793,-1.288865327835083,1.9090344905853271,-1.2669286727905273,1.8366442918777466,-0.6945369243621826,2.0365853309631348,-0.3933906853199005,1.858416199684143,-0.08740782737731934,2.1172196865081787,true,CNAII,E3882,0

2026-06-24T17:50:01.525Z,0,0,0,0,1.3149439096450806,1.771910309791565,0.8421170115470886,1.689767599105835,0.4071686267852783,2.0984044075012207,-0.05083506554365158,2.0398359298706055,-0.5494276881217957,2.1232287883758545,-0.8569770455360413,1.8790075778961182,-1.0480045080184937,2.1164393424987793,-1.288865327835083,1.9090344905853271,-1.2669286727905273,1.8366442918777466,-0.6945369243621826,2.0365853309631348,-0.3933906853199005,1.858416199684143,-0.08740782737731934,2.1172196865081787,true,CNAII,E3882,0

2026-06-24T17:51:12.098Z,0,0,1.670599102973938,1.5881919860839844,1.3149439096450806,1.771910309791565,0.8421170115470886,1.689767599105835,0.4071686267852783,2.0984044075012207,-0.05083506554365158,2.0398359298706055,-0.5494276881217957,2.1232287883758545,-0.8569770455360413,1.8790075778961182,-1.0480045080184937,2.1164393424987793,-1.288865327835083,1.9090344905853271,-1.2669286727905273,1.8366442918777466,-0.6945369243621826,2.0365853309631348,-0.3933906853199005,1.858416199684143,-0.08740782737731934,2.1172196865081787,true,CNAII,E3882,0

2026-06-24T17:53:43.127Z,2.045928478240967,0.9476596117019653,1.670599102973938,1.5881919860839844,1.3149439096450806,1.771910309791565,0.8421170115470886,1.689767599105835,0.4071686267852783,2.0984044075012207,-0.05083506554365158,2.0398359298706055,-0.5494276881217957,2.1232287883758545,-0.8569770455360413,1.8790075778961182,-1.0480045080184937,2.1164393424987793,-1.288865327835083,1.9090344905853271,-1.2669286727905273,1.8366442918777466,-0.6945369243621826,2.0365853309631348,-0.3933906853199005,1.858416199684143,-0.08740782737731934,2.1172196865081787,true,CNAII,E3882,0

2026-06-24T17:53:48.169Z,2.045928478240967,0.9476596117019653,1.670599102973938,1.5881919860839844,1.3149439096450806,1.771910309791565,0.8421170115470886,1.689767599105835,0.4071686267852783,2.0984044075012207,-0.05083506554365158,2.0398359298706055,-0.5494276881217957,2.1232287883758545,-0.8569770455360413,1.8790075778961182,-1.0480045080184937,2.1164393424987793,-1.288865327835083,1.9090344905853271,-1.2669286727905273,1.8366442918777466,-0.6945369243621826,2.0365853309631348,-0.3933906853199005,1.858416199684143,-0.08740782737731934,2.1172196865081787,true,CNAII,E3882,107.89701080322266

2026-06-24T17:56:24.389Z,2.045928478240967,0.9476596117019653,1.670599102973938,1.5881919860839844,1.3149439096450806,1.771910309791565,0.8421170115470886,1.689767599105835,0.4071686267852783,2.0984044075012207,-0.05083506554365158,2.0398359298706055,-0.5494276881217957,2.1232287883758545,-0.8569770455360413,1.8790075778961182,-1.0480045080184937,2.1164393424987793,-1.288865327835083,1.9090344905853271,-1.2669286727905273,1.8366442918777466,-0.6945369243621826,2.0365853309631348,-0.3933906853199005,1.858416199684143,-0.08740782737731934,2.1172196865081787,false,CNAII,E3882,107.89701080322266

2026-06-24T18:12:21.811Z,0,0,0,0,0,0,0,0,0,0,0,0,0,0,0,0,0,0,0,0,0,0,0,0,0,0,0,0,true,CNAIIR1,E3882,107.89701080322266

2026-06-24T18:13:14.113Z,0,0,0,0,0,0,0,0,0,0,0,0,0,0,0,0,0,0,0,0,0,0,0,0,0,0,0.06078631803393364,2.15120792388916,true,CNAIIR1,E3882,0

2026-06-24T18:14:58.725Z,0,0,0,0,0,0,0,0,0,0,0,0,0,0,0,0,0,0,0,0,0,0,0,0,-0.46382200717926025,2.063263416290283,0.06078631803393364,2.15120792388916,true,CNAIIR1,E3882,0

2026-06-24T18:16:08.152Z,0,0,0,0,0,0,0,0,0,0,0,0,0,0,0,0,0,0,0,0,0,0,-0.6096565127372742,2.0528030395507812,-0.46382200717926025,2.063263416290283,0.06078631803393364,2.15120792388916,true,CNAIIR1,E3882,0

2026-06-24T18:17:18.590Z,0,0,0,0,0,0,0,0,0,0,0,0,0,0,0,0,0,0,0,0,-1.2529735565185547,2.0281851291656494,-0.6096565127372742,2.0528030395507812,-0.46382200717926025,2.063263416290283,0.06078631803393364,2.15120792388916,true,CNAIIR1,E3882,0

2026-06-24T18:18:28.953Z,0,0,0,0,0,0,0,0,0,0,0,0,0,0,0,0,0,0,-1.2925398349761963,1.9987096786499023,-1.2529735565185547,2.0281851291656494,-0.6096565127372742,2.0528030395507812,-0.46382200717926025,2.063263416290283,0.06078631803393364,2.15120792388916,true,CNAIIR1,E3882,0

2026-06-24T18:19:39.290Z,0,0,0,0,0,0,0,0,0,0,0,0,0,0,0,0,-1.0251154899597168,2.108532428741455,-1.2925398349761963,1.9987096786499023,-1.2529735565185547,2.0281851291656494,-0.6096565127372742,2.0528030395507812,-0.46382200717926025,2.063263416290283,0.06078631803393364,2.15120792388916,true,CNAIIR1,E3882,0

2026-06-24T18:19:40.300Z,0,0,0,0,0,0,0,0,0,0,0,0,0,0,0,0,-1.02511465549469,2.108527421951294,-1.2925398349761963,1.9987096786499023,-1.2529735565185547,2.0281851291656494,-0.6096565127372742,2.0528030395507812,-0.46382200717926025,2.063263416290283,0.06078631803393364,2.15120792388916,true,CNAIIR1,E3882,0

2026-06-24T20:53:39.852Z,2.067995309829712,0.9651286602020264,1.6579093933105469,1.588110327720642,1.2943450212478638,1.76793372631073,0.935833752155304,1.701430320739746,0.40875115990638733,2.0517899990081787,-0.05563359707593918,2.0676255226135254,-0.46659165620803833,2.0792715549468994,-0.6678435206413269,1.9105333089828491,-1.02511465549469,2.108527421951294,-1.2925398349761963,1.9987096786499023,-1.2529735565185547,2.0281851291656494,-0.6096565127372742,2.0528030395507812,-0.46382200717926025,2.063263416290283,0.06078631803393364,2.15120792388916,false,CNAIIR1,E3882,107.91612243652344

2026-06-24T21:14:04.500Z,2.067995309829712,0.9651286602020264,1.6579093933105469,1.588110327720642,1.2943450212478638,1.76793372631073,0.935833752155304,1.701430320739746,0.40875115990638733,2.0517899990081787,-0.05563359707593918,2.0676255226135254,-0.46659165620803833,2.0792715549468994,-0.6678435206413269,1.9105333089828491,-1.02511465549469,2.108527421951294,-1.2925398349761963,1.9987096786499023,-1.2529735565185547,2.0281851291656494,-0.6096565127372742,2.0528030395507812,-0.46382200717926025,2.063263416290283,0.06078631803393364,2.15120792388916,false,CNAIIR1,E3882,107.91612243652344

2026-06-24T21:23:17.345Z,2.067995309829712,0.9651286602020264,1.6579093933105469,1.588110327720642,1.2943450212478638,1.76793372631073,0.935833752155304,1.701430320739746,0.40875115990638733,2.0517899990081787,-0.05563359707593918,2.0676255226135254,-0.46659165620803833,2.0792715549468994,-0.6678435206413269,1.9105333089828491,-1.02511465549469,2.108527421951294,-1.2925398349761963,1.9987096786499023,-1.2529735565185547,2.0281851291656494,-0.6096565127372742,2.0528030395507812,-0.46382200717926025,2.063263416290283,0.06078631803393364,2.15120792388916,false,CNAIIR1,E3882,107.91612243652344

2026-06-25T18:28:49.480Z,0,0,0,0,0,0,0,0,0,0,0,0,0,0,0,0,0,0,0,0,0,0,0,0,0,0,0,0,true,CNAII,E3881,107.91612243652344

2026-06-25T18:29:42.768Z,0,0,0,0,0,0,0,0,0,0,0,0,0,0,0,0,0,0,0,0,0,0,0,0,0,0,-2.450746774673462,-7.179677963256836,true,CNAII,E3881,0

2026-06-25T18:31:26.281Z,0,0,0,0,0,0,0,0,0,0,0,0,0,0,0,0,0,0,0,0,0,0,0,0,-3.1390790939331055,-7.2046589851379395,-2.450746774673462,-7.179677963256836,true,CNAII,E3881,0

2026-06-25T18:32:35.690Z,0,0,0,0,0,0,0,0,0,0,0,0,0,0,0,0,0,0,0,0,0,0,-3.030795097351074,-6.5479021072387695,-3.1390790939331055,-7.2046589851379395,-2.450746774673462,-7.179677963256836,true,CNAII,E3881,0

2026-06-25T18:33:45.174Z,0,0,0,0,0,0,0,0,0,0,0,0,0,0,0,0,0,0,0,0,-2.7336361408233643,-5.631959438323975,-3.030795097351074,-6.5479021072387695,-3.1390790939331055,-7.2046589851379395,-2.450746774673462,-7.179677963256836,true,CNAII,E3881,0

2026-06-25T18:34:54.568Z,0,0,0,0,0,0,0,0,0,0,0,0,0,0,0,0,0,0,-2.3951971530914307,-5.250510215759277,-2.7336361408233643,-5.631959438323975,-3.030795097351074,-6.5479021072387695,-3.1390790939331055,-7.2046589851379395,-2.450746774673462,-7.179677963256836,true,CNAII,E3881,0

2026-06-25T18:36:04.924Z,0,0,0,0,0,0,0,0,0,0,0,0,0,0,0,0,-1.8376214504241943,-4.590133190155029,-2.3951971530914307,-5.250510215759277,-2.7336361408233643,-5.631959438323975,-3.030795097351074,-6.5479021072387695,-3.1390790939331055,-7.2046589851379395,-2.450746774673462,-7.179677963256836,true,CNAII,E3881,0

2026-06-25T18:37:15.276Z,0,0,0,0,0,0,0,0,0,0,0,0,0,0,-1.271417498588562,-3.9728329181671143,-1.8376214504241943,-4.590133190155029,-2.3951971530914307,-5.250510215759277,-2.7336361408233643,-5.631959438323975,-3.030795097351074,-6.5479021072387695,-3.1390790939331055,-7.2046589851379395,-2.450746774673462,-7.179677963256836,true,CNAII,E3881,0

2026-06-25T18:38:25.691Z,0,0,0,0,0,0,0,0,0,0,0,0,-0.7050324082374573,-3.1894326210021973,-1.271417498588562,-3.9728329181671143,-1.8376214504241943,-4.590133190155029,-2.3951971530914307,-5.250510215759277,-2.7336361408233643,-5.631959438323975,-3.030795097351074,-6.5479021072387695,-3.1390790939331055,-7.2046589851379395,-2.450746774673462,-7.179677963256836,true,CNAII,E3881,0

2026-06-25T18:39:36.087Z,0,0,0,0,0,0,0,0,0,0,-0.19577646255493164,-2.5531537532806396,-0.7050324082374573,-3.1894326210021973,-1.271417498588562,-3.9728329181671143,-1.8376214504241943,-4.590133190155029,-2.3951971530914307,-5.250510215759277,-2.7336361408233643,-5.631959438323975,-3.030795097351074,-6.5479021072387695,-3.1390790939331055,-7.2046589851379395,-2.450746774673462,-7.179677963256836,true,CNAII,E3881,0

2026-06-25T18:40:46.468Z,0,0,0,0,0,0,0,0,0.33422836661338806,-1.5873740911483765,-0.19577646255493164,-2.5531537532806396,-0.7050324082374573,-3.1894326210021973,-1.271417498588562,-3.9728329181671143,-1.8376214504241943,-4.590133190155029,-2.3951971530914307,-5.250510215759277,-2.7336361408233643,-5.631959438323975,-3.030795097351074,-6.5479021072387695,-3.1390790939331055,-7.2046589851379395,-2.450746774673462,-7.179677963256836,true,CNAII,E3881,0

2026-06-25T18:41:56.800Z,0,0,0,0,0,0,0.8111812472343445,-0.758671760559082,0.33422836661338806,-1.5873740911483765,-0.19577646255493164,-2.5531537532806396,-0.7050324082374573,-3.1894326210021973,-1.271417498588562,-3.9728329181671143,-1.8376214504241943,-4.590133190155029,-2.3951971530914307,-5.250510215759277,-2.7336361408233643,-5.631959438323975,-3.030795097351074,-6.5479021072387695,-3.1390790939331055,-7.2046589851379395,-2.450746774673462,-7.179677963256836,true,CNAII,E3881,0

2026-06-25T18:43:07.154Z,0,0,0,0,1.4263371229171753,-0.19807037711143494,0.8111812472343445,-0.758671760559082,0.33422836661338806,-1.5873740911483765,-0.19577646255493164,-2.5531537532806396,-0.7050324082374573,-3.1894326210021973,-1.271417498588562,-3.9728329181671143,-1.8376214504241943,-4.590133190155029,-2.3951971530914307,-5.250510215759277,-2.7336361408233643,-5.631959438323975,-3.030795097351074,-6.5479021072387695,-3.1390790939331055,-7.2046589851379395,-2.450746774673462,-7.179677963256836,true,CNAII,E3881,0

2026-06-25T18:44:17.517Z,0,0,1.6976200342178345,0.19164589047431946,1.4263371229171753,-0.19807037711143494,0.8111812472343445,-0.758671760559082,0.33422836661338806,-1.5873740911483765,-0.19577646255493164,-2.5531537532806396,-0.7050324082374573,-3.1894326210021973,-1.271417498588562,-3.9728329181671143,-1.8376214504241943,-4.590133190155029,-2.3951971530914307,-5.250510215759277,-2.7336361408233643,-5.631959438323975,-3.030795097351074,-6.5479021072387695,-3.1390790939331055,-7.2046589851379395,-2.450746774673462,-7.179677963256836,true,CNAII,E3881,0

2026-06-25T18:46:48.493Z,1.779771089553833,0.5825920701026917,1.6976200342178345,0.19164589047431946,1.4263371229171753,-0.19807037711143494,0.8111812472343445,-0.758671760559082,0.33422836661338806,-1.5873740911483765,-0.19577646255493164,-2.5531537532806396,-0.7050324082374573,-3.1894326210021973,-1.271417498588562,-3.9728329181671143,-1.8376214504241943,-4.590133190155029,-2.3951971530914307,-5.250510215759277,-2.7336361408233643,-5.631959438323975,-3.030795097351074,-6.5479021072387695,-3.1390790939331055,-7.2046589851379395,-2.450746774673462,-7.179677963256836,true,CNAII,E3881,0

2026-06-25T18:46:53.506Z,1.779771089553833,0.5825920701026917,1.6976200342178345,0.19164589047431946,1.4263371229171753,-0.19807037711143494,0.8111812472343445,-0.758671760559082,0.33422836661338806,-1.5873740911483765,-0.19577646255493164,-2.5531537532806396,-0.7050324082374573,-3.1894326210021973,-1.271417498588562,-3.9728329181671143,-1.8376214504241943,-4.590133190155029,-2.3951971530914307,-5.250510215759277,-2.7336361408233643,-5.631959438323975,-3.030795097351074,-6.5479021072387695,-3.1390790939331055,-7.2046589851379395,-2.450746774673462,-7.179677963256836,true,CNAII,E3881,107.9495620727539

2026-06-25T18:49:30.329Z,1.779771089553833,0.5825920701026917,1.6976200342178345,0.19164589047431946,1.4263371229171753,-0.19807037711143494,0.8111812472343445,-0.758671760559082,0.33422836661338806,-1.5873740911483765,-0.19577646255493164,-2.5531537532806396,-0.7050324082374573,-3.1894326210021973,-1.271417498588562,-3.9728329181671143,-1.8376214504241943,-4.590133190155029,-2.3951971530914307,-5.250510215759277,-2.7336361408233643,-5.631959438323975,-3.030795097351074,-6.5479021072387695,-3.1390790939331055,-7.2046589851379395,-2.450746774673462,-7.179677963256836,false,CNAII,E3881,107.9495620727539

2026-06-26T11:02:11.996Z,0,0,0,0,0,0,0,0,0,0,0,0,0,0,0,0,0,0,0,0,0,0,0,0,0,0,0,0,true,CNAII,E3883,107.9495620727539

2026-06-26T11:03:06.240Z,0,0,0,0,0,0,0,0,0,0,0,0,0,0,0,0,0,0,0,0,0,0,0,0,0,0,-1.406874179840088,7.124707221984863,true,CNAII,E3883,0

2026-06-26T11:04:50.829Z,0,0,0,0,0,0,0,0,0,0,0,0,0,0,0,0,0,0,0,0,0,0,0,0,-2.1630313396453857,6.6112446784973145,-1.406874179840088,7.124707221984863,true,CNAII,E3883,0

2026-06-26T11:06:01.253Z,0,0,0,0,0,0,0,0,0,0,0,0,0,0,0,0,0,0,0,0,0,0,-2.46209979057312,5.26865291595459,-2.1630313396453857,6.6112446784973145,-1.406874179840088,7.124707221984863,true,CNAII,E3883,0

2026-06-26T11:07:10.696Z,0,0,0,0,0,0,0,0,0,0,0,0,0,0,0,0,0,0,0,0,-2.2186408042907715,4.4561991691589355,-2.46209979057312,5.26865291595459,-2.1630313396453857,6.6112446784973145,-1.406874179840088,7.124707221984863,true,CNAII,E3883,0

2026-06-26T11:08:22.104Z,0,0,0,0,0,0,0,0,0,0,0,0,0,0,0,0,0,0,-1.7205535173416138,3.534329891204834,-2.2186408042907715,4.4561991691589355,-2.46209979057312,5.26865291595459,-2.1630313396453857,6.6112446784973145,-1.406874179840088,7.124707221984863,true,CNAII,E3883,0

2026-06-26T11:09:32.464Z,0,0,0,0,0,0,0,0,0,0,0,0,0,0,0,0,-1.115753412246704,2.6072487831115723,-1.7205535173416138,3.534329891204834,-2.2186408042907715,4.4561991691589355,-2.46209979057312,5.26865291595459,-2.1630313396453857,6.6112446784973145,-1.406874179840088,7.124707221984863,true,CNAII,E3883,0

2026-06-26T11:10:42.813Z,0,0,0,0,0,0,0,0,0,0,0,0,0,0,-1.0334687232971191,1.5207916498184204,-1.115753412246704,2.6072487831115723,-1.7205535173416138,3.534329891204834,-2.2186408042907715,4.4561991691589355,-2.46209979057312,5.26865291595459,-2.1630313396453857,6.6112446784973145,-1.406874179840088,7.124707221984863,true,CNAII,E3883,0

2026-06-26T11:11:53.291Z,0,0,0,0,0,0,0,0,0,0,0,0,-0.48296409845352173,0.6529548764228821,-1.0334687232971191,1.5207916498184204,-1.115753412246704,2.6072487831115723,-1.7205535173416138,3.534329891204834,-2.2186408042907715,4.4561991691589355,-2.46209979057312,5.26865291595459,-2.1630313396453857,6.6112446784973145,-1.406874179840088,7.124707221984863,true,CNAII,E3883,0

2026-06-26T11:11:54.297Z,0,0,0,0,0,0,0,0,0,0,0,0,-0.46489837765693665,0.6464662551879883,-1.0334687232971191,1.5207916498184204,-1.115753412246704,2.6072487831115723,-1.7205535173416138,3.534329891204834,-2.2186408042907715,4.4561991691589355,-2.46209979057312,5.26865291595459,-2.1630313396453857,6.6112446784973145,-1.406874179840088,7.124707221984863,true,CNAII,E3883,0

2026-06-26T11:13:04.837Z,0,0,0,0,0,0,0,0,0,0,0.02233956567943096,-0.1065991148352623,-0.46489837765693665,0.6464662551879883,-1.0334687232971191,1.5207916498184204,-1.115753412246704,2.6072487831115723,-1.7205535173416138,3.534329891204834,-2.2186408042907715,4.4561991691589355,-2.46209979057312,5.26865291595459,-2.1630313396453857,6.6112446784973145,-1.406874179840088,7.124707221984863,true,CNAII,E3883,0

2026-06-26T11:14:15.146Z,0,0,0,0,0,0,0,0,0.7630936503410339,-0.46056097745895386,0.02233956567943096,-0.1065991148352623,-0.46489837765693665,0.6464662551879883,-1.0334687232971191,1.5207916498184204,-1.115753412246704,2.6072487831115723,-1.7205535173416138,3.534329891204834,-2.2186408042907715,4.4561991691589355,-2.46209979057312,5.26865291595459,-2.1630313396453857,6.6112446784973145,-1.406874179840088,7.124707221984863,true,CNAII,E3883,0

2026-06-26T11:15:25.549Z,0,0,0,0,0,0,0.9471156597137451,-1.084105134010315,0.7630936503410339,-0.46056097745895386,0.02233956567943096,-0.1065991148352623,-0.46489837765693665,0.6464662551879883,-1.0334687232971191,1.5207916498184204,-1.115753412246704,2.6072487831115723,-1.7205535173416138,3.534329891204834,-2.2186408042907715,4.4561991691589355,-2.46209979057312,5.26865291595459,-2.1630313396453857,6.6112446784973145,-1.406874179840088,7.124707221984863,true,CNAII,E3883,0

2026-06-26T11:16:35.930Z,0,0,0,0,1.3278093338012695,-1.482362985610962,0.9471156597137451,-1.084105134010315,0.7630936503410339,-0.46056097745895386,0.02233956567943096,-0.1065991148352623,-0.46489837765693665,0.6464662551879883,-1.0334687232971191,1.5207916498184204,-1.115753412246704,2.6072487831115723,-1.7205535173416138,3.534329891204834,-2.2186408042907715,4.4561991691589355,-2.46209979057312,5.26865291595459,-2.1630313396453857,6.6112446784973145,-1.406874179840088,7.124707221984863,true,CNAII,E3883,0

2026-06-26T11:17:46.337Z,0,0,1.6727538108825684,-1.20615816116333,1.3278093338012695,-1.482362985610962,0.9471156597137451,-1.084105134010315,0.7630936503410339,-0.46056097745895386,0.02233956567943096,-0.1065991148352623,-0.46489837765693665,0.6464662551879883,-1.0334687232971191,1.5207916498184204,-1.115753412246704,2.6072487831115723,-1.7205535173416138,3.534329891204834,-2.2186408042907715,4.4561991691589355,-2.46209979057312,5.26865291595459,-2.1630313396453857,6.6112446784973145,-1.406874179840088,7.124707221984863,true,CNAII,E3883,0

2026-06-26T11:20:18.178Z,1.7437362670898438,-1.3052113056182861,1.6727538108825684,-1.20615816116333,1.3278093338012695,-1.482362985610962,0.9471156597137451,-1.084105134010315,0.7630936503410339,-0.46056097745895386,0.02233956567943096,-0.1065991148352623,-0.46489837765693665,0.6464662551879883,-1.0334687232971191,1.5207916498184204,-1.115753412246704,2.6072487831115723,-1.7205535173416138,3.534329891204834,-2.2186408042907715,4.4561991691589355,-2.46209979057312,5.26865291595459,-2.1630313396453857,6.6112446784973145,-1.406874179840088,7.124707221984863,true,CNAII,E3883,0

2026-06-26T11:20:22.202Z,1.7437362670898438,-1.3052113056182861,1.6727538108825684,-1.20615816116333,1.3278093338012695,-1.482362985610962,0.9471156597137451,-1.084105134010315,0.7630936503410339,-0.46056097745895386,0.02233956567943096,-0.1065991148352623,-0.46489837765693665,0.6464662551879883,-1.0334687232971191,1.5207916498184204,-1.115753412246704,2.6072487831115723,-1.7205535173416138,3.534329891204834,-2.2186408042907715,4.4561991691589355,-2.46209979057312,5.26865291595459,-2.1630313396453857,6.6112446784973145,-1.406874179840088,7.124707221984863,true,CNAII,E3883,107.81636047363281

2026-06-26T11:22:59.086Z,1.7437362670898438,-1.3052113056182861,1.6727538108825684,-1.20615816116333,1.3278093338012695,-1.482362985610962,0.9471156597137451,-1.084105134010315,0.7630936503410339,-0.46056097745895386,0.02233956567943096,-0.1065991148352623,-0.46489837765693665,0.6464662551879883,-1.0334687232971191,1.5207916498184204,-1.115753412246704,2.6072487831115723,-1.7205535173416138,3.534329891204834,-2.2186408042907715,4.4561991691589355,-2.46209979057312,5.26865291595459,-2.1630313396453857,6.6112446784973145,-1.406874179840088,7.124707221984863,false,CNAII,E3883,107.81636047363281

2026-06-26T12:18:05.681Z,1.7437362670898438,-1.3052113056182861,1.6727538108825684,-1.20615816116333,1.3278093338012695,-1.482362985610962,0.9471156597137451,-1.084105134010315,0.7630936503410339,-0.46056097745895386,0.02233956567943096,-0.1065991148352623,-0.46489837765693665,0.6464662551879883,-1.0334687232971191,1.5207916498184204,-1.115753412246704,2.6072487831115723,-1.7205535173416138,3.534329891204834,-2.2186408042907715,4.4561991691589355,-2.46209979057312,5.26865291595459,-2.1630313396453857,6.6112446784973145,-1.406874179840088,7.124707221984863,false,CNAII,E3883,107.81636047363281

2026-06-26T14:17:25.434Z,0,0,0,0,0,0,0,0,0,0,0,0,0,0,0,0,0,0,0,0,0,0,0,0,0,0,0,0,true,CNAII,E3885,107.81636047363281

2026-06-26T14:18:18.672Z,0,0,0,0,0,0,0,0,0,0,0,0,0,0,0,0,0,0,0,0,0,0,0,0,0,0,-4.601990222930908,0.23143653571605682,true,CNAII,E3885,0

2026-06-26T14:20:03.315Z,0,0,0,0,0,0,0,0,0,0,0,0,0,0,0,0,0,0,0,0,0,0,0,0,-4.474874019622803,-0.10443897545337677,-4.601990222930908,0.23143653571605682,true,CNAII,E3885,0

2026-06-26T14:21:12.649Z,0,0,0,0,0,0,0,0,0,0,0,0,0,0,0,0,0,0,0,0,0,0,-4.243781089782715,0.06583977490663528,-4.474874019622803,-0.10443897545337677,-4.601990222930908,0.23143653571605682,true,CNAII,E3885,0

2026-06-26T14:22:23.032Z,0,0,0,0,0,0,0,0,0,0,0,0,0,0,0,0,0,0,0,0,-4.211125373840332,0.5356104969978333,-4.243781089782715,0.06583977490663528,-4.474874019622803,-0.10443897545337677,-4.601990222930908,0.23143653571605682,true,CNAII,E3885,0

2026-06-26T14:23:33.423Z,0,0,0,0,0,0,0,0,0,0,0,0,0,0,0,0,0,0,-3.5710833072662354,1.1846238374710083,-4.211125373840332,0.5356104969978333,-4.243781089782715,0.06583977490663528,-4.474874019622803,-0.10443897545337677,-4.601990222930908,0.23143653571605682,true,CNAII,E3885,0

2026-06-26T14:24:43.875Z,0,0,0,0,0,0,0,0,0,0,0,0,0,0,0,0,-2.761760711669922,1.7154126167297363,-3.5710833072662354,1.1846238374710083,-4.211125373840332,0.5356104969978333,-4.243781089782715,0.06583977490663528,-4.474874019622803,-0.10443897545337677,-4.601990222930908,0.23143653571605682,true,CNAII,E3885,0

2026-06-26T14:25:54.290Z,0,0,0,0,0,0,0,0,0,0,0,0,0,0,-2.0073812007904053,2.1738879680633545,-2.761760711669922,1.7154126167297363,-3.5710833072662354,1.1846238374710083,-4.211125373840332,0.5356104969978333,-4.243781089782715,0.06583977490663528,-4.474874019622803,-0.10443897545337677,-4.601990222930908,0.23143653571605682,true,CNAII,E3885,0

2026-06-26T14:27:04.664Z,0,0,0,0,0,0,0,0,0,0,0,0,-1.673437237739563,2.0934064388275146,-2.0073812007904053,2.1738879680633545,-2.761760711669922,1.7154126167297363,-3.5710833072662354,1.1846238374710083,-4.211125373840332,0.5356104969978333,-4.243781089782715,0.06583977490663528,-4.474874019622803,-0.10443897545337677,-4.601990222930908,0.23143653571605682,true,CNAII,E3885,0

2026-06-26T14:28:16.031Z,0,0,0,0,0,0,0,0,0,0,-0.8166085481643677,2.381833553314209,-1.673437237739563,2.0934064388275146,-2.0073812007904053,2.1738879680633545,-2.761760711669922,1.7154126167297363,-3.5710833072662354,1.1846238374710083,-4.211125373840332,0.5356104969978333,-4.243781089782715,0.06583977490663528,-4.474874019622803,-0.10443897545337677,-4.601990222930908,0.23143653571605682,true,CNAII,E3885,0

2026-06-26T14:29:26.424Z,0,0,0,0,0,0,0,0,0.06562934070825577,2.471947431564331,-0.8166085481643677,2.381833553314209,-1.673437237739563,2.0934064388275146,-2.0073812007904053,2.1738879680633545,-2.761760711669922,1.7154126167297363,-3.5710833072662354,1.1846238374710083,-4.211125373840332,0.5356104969978333,-4.243781089782715,0.06583977490663528,-4.474874019622803,-0.10443897545337677,-4.601990222930908,0.23143653571605682,true,CNAII,E3885,0

2026-06-26T14:30:36.815Z,0,0,0,0,0,0,0.597862720489502,2.083115577697754,0.06562934070825577,2.471947431564331,-0.8166085481643677,2.381833553314209,-1.673437237739563,2.0934064388275146,-2.0073812007904053,2.1738879680633545,-2.761760711669922,1.7154126167297363,-3.5710833072662354,1.1846238374710083,-4.211125373840332,0.5356104969978333,-4.243781089782715,0.06583977490663528,-4.474874019622803,-0.10443897545337677,-4.601990222930908,0.23143653571605682,true,CNAII,E3885,0

2026-06-26T14:31:47.187Z,0,0,0,0,1.2740464210510254,1.6823737621307373,0.597862720489502,2.083115577697754,0.06562934070825577,2.471947431564331,-0.8166085481643677,2.381833553314209,-1.673437237739563,2.0934064388275146,-2.0073812007904053,2.1738879680633545,-2.761760711669922,1.7154126167297363,-3.5710833072662354,1.1846238374710083,-4.211125373840332,0.5356104969978333,-4.243781089782715,0.06583977490663528,-4.474874019622803,-0.10443897545337677,-4.601990222930908,0.23143653571605682,true,CNAII,E3885,0

2026-06-26T14:32:57.648Z,0,0,1.9887871742248535,1.4745306968688965,1.2740464210510254,1.6823737621307373,0.597862720489502,2.083115577697754,0.06562934070825577,2.471947431564331,-0.8166085481643677,2.381833553314209,-1.673437237739563,2.0934064388275146,-2.0073812007904053,2.1738879680633545,-2.761760711669922,1.7154126167297363,-3.5710833072662354,1.1846238374710083,-4.211125373840332,0.5356104969978333,-4.243781089782715,0.06583977490663528,-4.474874019622803,-0.10443897545337677,-4.601990222930908,0.23143653571605682,true,CNAII,E3885,0

2026-06-26T14:35:29.486Z,2.168478012084961,1.0268701314926147,1.9887871742248535,1.4745306968688965,1.2740464210510254,1.6823737621307373,0.597862720489502,2.083115577697754,0.06562934070825577,2.471947431564331,-0.8166085481643677,2.381833553314209,-1.673437237739563,2.0934064388275146,-2.0073812007904053,2.1738879680633545,-2.761760711669922,1.7154126167297363,-3.5710833072662354,1.1846238374710083,-4.211125373840332,0.5356104969978333,-4.243781089782715,0.06583977490663528,-4.474874019622803,-0.10443897545337677,-4.601990222930908,0.23143653571605682,true,CNAII,E3885,0

2026-06-26T14:35:34.515Z,2.168478012084961,1.0268701314926147,1.9887871742248535,1.4745306968688965,1.2740464210510254,1.6823737621307373,0.597862720489502,2.083115577697754,0.06562934070825577,2.471947431564331,-0.8166085481643677,2.381833553314209,-1.673437237739563,2.0934064388275146,-2.0073812007904053,2.1738879680633545,-2.761760711669922,1.7154126167297363,-3.5710833072662354,1.1846238374710083,-4.211125373840332,0.5356104969978333,-4.243781089782715,0.06583977490663528,-4.474874019622803,-0.10443897545337677,-4.601990222930908,0.23143653571605682,true,CNAII,E3885,107.9449234008789

2026-06-26T14:38:11.475Z,2.168478012084961,1.0268701314926147,1.9887871742248535,1.4745306968688965,1.2740464210510254,1.6823737621307373,0.597862720489502,2.083115577697754,0.06562934070825577,2.471947431564331,-0.8166085481643677,2.381833553314209,-1.673437237739563,2.0934064388275146,-2.0073812007904053,2.1738879680633545,-2.761760711669922,1.7154126167297363,-3.5710833072662354,1.1846238374710083,-4.211125373840332,0.5356104969978333,-4.243781089782715,0.06583977490663528,-4.474874019622803,-0.10443897545337677,-4.601990222930908,0.23143653571605682,false,CNAII,E3885,107.9449234008789

